mese,giorno_settimana,fascia_oraria,comune,nome_strada,tipo_luogo,fondo,segnaletica,meteo,lon,lat,incidente
9,Mercoledì,Mattino,SANTORSO,SP 349 Costo,Curva,Bagnato,Temporanea di cantiere,Altro,11.384109143618119,45.73164873553197,0
4,Domenica,Notte,VILLAVERLA,SP 349 Costo,Galleria illuminata,Asciutto,Assente,Sereno,11.49160082799895,45.63707174265497,0
1,Giovedì,Mattino,LASTEBASSE,SP 350 Val d'Astico,Dosso,Bagnato,Assente,Neve,11.309673550654956,45.90713399815781,0
4,Domenica,Mattino,VALLI DEL PASUBIO,SP 046 Pasubio,Intersezione segnalata,Sdrucciolevole,Temporanea di cantiere,Sereno,11.214644309087035,45.75533919159643,0
1,Lunedì,Sera,VICENZA,SP 046 Pasubio,Dosso,Bagnato,Assente,Sereno,11.499053828701635,45.57496813977198,0
9,Giovedì,Mattino,VALDASTICO,SP 350 Val d'Astico,Rotatoria,Ghiacciato,Verticale,Sereno,11.361718489387645,45.85729326269719,0
11,Martedì,Notte,SANTORSO,SP 349 Costo,Incrocio,Asciutto,Verticale,Sereno,11.41693026200878,45.742290650677546,0
12,Lunedì,Sera,MALO,SP 046 Pasubio,Intersezione segnalata,Sdrucciolevole,Orizzontale,Altro,11.41399764325761,45.65875868556915,0
10,Giovedì,Pomeriggio,ASIAGO,SP 349 Costo,Pendenza,Bagnato,Orizzontale,Vento forte,11.499641847172434,45.87603665210886,0
10,Domenica,Sera,CALTRANO,SP 349 Costo,Rotatoria,Sdrucciolevole,Orizzontale,Vento forte,11.455387890093442,45.77073545006201,0
11,Giovedì,Mattino,VICENZA,SP 046 Pasubio,Curva,Asciutto,Orizzontale,Sereno,11.504370184932762,45.5471871636396,0
10,Sabato,Mattino,LASTEBASSE,SP 350 Val d'Astico,Galleria illuminata,Sdrucciolevole,Verticale,Vento forte,11.28404582422612,45.91333355087019,0
8,Giovedì,Notte,ZANE',SP 349 Costo,Incrocio,Ghiacciato,Verticale,Neve,11.44452694393473,45.73263535001079,0
12,Lunedì,Notte,ASIAGO,SP 349 Costo,Incrocio,Innevato,Assente,Neve,11.489352994548256,45.87968727961823,0
4,Lunedì,Mattino,TORREBELVICINO,SP 046 var Torrebelvicino,Pendenza,Bagnato,Assente,Nebbia,11.30833214619785,45.71628472033271,0
5,Venerdì,Sera,MARANO VICENTINO,SP 349 var Costo Variante,Intersezione non segnalata,Sdrucciolevole,Temporanea di cantiere,Altro,11.431007680596233,45.71615294921578,0
4,Domenica,Pomeriggio,ZANE',SP 349 Costo,Pendenza,Sdrucciolevole,Temporanea di cantiere,Neve,11.448803274717902,45.72665466621004,0
4,Mercoledì,Sera,LASTEBASSE,SP 350 Val d'Astico,Intersezione segnalata,Sdrucciolevole,Orizzontale,Nebbia,11.27798992690128,45.91387403363575,0
2,Lunedì,Notte,LASTEBASSE,SP 350 Val d'Astico,Dosso,Bagnato,Orizzontale,Nebbia,11.323807794242647,45.90178410187748,0
4,Martedì,Sera,PIOVENE ROCCHETTE,SP 349 Costo,Rettilineo,Innevato,Assente,Pioggia,11.438122813787306,45.75741953455118,0
8,Sabato,Sera,VICENZA,SP 046 Pasubio,Dosso,Ghiacciato,Orizzontale,Vento forte,11.504218867063189,45.54743037202491,0
11,Venerdì,Notte,VILLAVERLA,SP 349 Costo,Intersezione con semaforo o vigile,Innevato,Temporanea di cantiere,Pioggia,11.493629703257064,45.64967907985379,0
2,Mercoledì,Mattino,SANTORSO,SP 349 Costo,Incrocio,Ghiacciato,Orizzontale,Nebbia,11.389172302833911,45.73293822948,0
9,Venerdì,Pomeriggio,ISOLA VICENTINA,SP 046 Pasubio,Intersezione non segnalata,Bagnato,Orizzontale,Pioggia,11.478049834233747,45.608974162675345,0
10,Sabato,Mattino,ASIAGO,SP 349 Costo,Incrocio,Bagnato,Orizzontale,Sereno,11.501986123591037,45.875653735818446,0
11,Giovedì,Mattino,TORREBELVICINO,SP 046 Pasubio,Curva,Asciutto,Verticale,Vento forte,11.290794413084518,45.71909318756725,0
10,Domenica,Notte,MALO,SP 046 Pasubio,Pendenza,Ghiacciato,Temporanea di cantiere,Neve,11.42841537977576,45.64268672868189,0
2,Lunedì,Notte,LASTEBASSE,SP 350 Val d'Astico,Pendenza,Ghiacciato,Verticale,Pioggia,11.313731047098061,45.90501215770255,0
6,Domenica,Mattino,LASTEBASSE,SP 350 Val d'Astico,Curva,Bagnato,Assente,Sereno,11.319132097729248,45.903377912366345,0
12,Sabato,Pomeriggio,VICENZA,SP 046 Pasubio,Rettilineo,Asciutto,Verticale,Sereno,11.509759662195417,45.57977385476918,0
11,Sabato,Pomeriggio,COGOLLO DEL CENGIO,SP 349 Costo,Incrocio,Innevato,Assente,Pioggia,11.42846797036313,45.79528776664223,0
8,Giovedì,Sera,CALTRANO,SP 349 Costo,Dosso,Bagnato,Orizzontale,Vento forte,11.455224359297134,45.77075722771889,0
12,Martedì,Pomeriggio,ASIAGO,SP 349 Costo,Intersezione segnalata,Sdrucciolevole,Orizzontale,Pioggia,11.386134629644694,45.951707789006136,0
9,Mercoledì,Sera,ISOLA VICENTINA,SP 046 Pasubio,Galleria illuminata,Asciutto,Assente,Sereno,11.474683380169765,45.609373109785686,0
11,Venerdì,Mattino,ROANA,SP 349 Costo,Dosso,Innevato,Verticale,Vento forte,11.473825807437247,45.884349524289846,0
3,Venerdì,Notte,TORREBELVICINO,SP 046 var Torrebelvicino,Dosso,Ghiacciato,Temporanea di cantiere,Pioggia,11.321777228087466,45.71365499638269,0
5,Domenica,Mattino,VALDASTICO,SP 350 Val d'Astico,Rotatoria,Asciutto,Orizzontale,Neve,11.362591550430775,45.85510829723643,0
3,Mercoledì,Pomeriggio,ROANA,SP 349 Costo,Intersezione con semaforo o vigile,Asciutto,Verticale,Neve,11.458850732732897,45.907138165745785,0
9,Venerdì,Sera,ZANE',SP 349 Costo,Rotatoria,Sdrucciolevole,Temporanea di cantiere,Neve,11.45638623092997,45.71714443965249,0
1,Mercoledì,Pomeriggio,LASTEBASSE,SP 350 Val d'Astico,Pendenza,Ghiacciato,Orizzontale,Pioggia,11.31997021123653,45.9031297576843,0
8,Venerdì,Notte,CALTRANO,SP 349 Costo,Dosso,Sdrucciolevole,Verticale,Nebbia,11.449727123122651,45.77523687551731,0
11,Mercoledì,Notte,ZANE',SP 349 Costo,Galleria illuminata,Innevato,Assente,Vento forte,11.459436465836824,45.71550231411382,0
10,Giovedì,Mattino,PIOVENE ROCCHETTE,SP 349 Costo,Intersezione non segnalata,Ghiacciato,Orizzontale,Nebbia,11.436876220307933,45.74256173982151,0
4,Mercoledì,Mattino,ROANA,SP 349 Costo,Intersezione segnalata,Ghiacciato,Assente,Vento forte,11.435373278993278,45.84269013747651,0
11,Martedì,Pomeriggio,ROANA,SP 349 Costo,Intersezione segnalata,Bagnato,Assente,Sereno,11.432998957047488,45.834634788429156,0
5,Giovedì,Mattino,PIOVENE ROCCHETTE,SP 350 Val d'Astico,Pendenza,Ghiacciato,Assente,Neve,11.42594533095991,45.7715674577645,0
9,Sabato,Sera,MALO,SP 046 Pasubio,Curva,Innevato,Temporanea di cantiere,Vento forte,11.420491583383885,45.65115907068934,0
7,Domenica,Sera,COSTABISSARA,SP 046 Pasubio,Galleria illuminata,Asciutto,Verticale,Neve,11.489371388623262,45.60553469734145,0
1,Domenica,Mattino,VALLI DEL PASUBIO,SP 046 Pasubio,Dosso,Ghiacciato,Temporanea di cantiere,Vento forte,11.19449930327283,45.760511945442765,0
1,Sabato,Pomeriggio,SANTORSO,SP 349 Costo,Intersezione con semaforo o vigile,Innevato,Orizzontale,Altro,11.417538714001497,45.7426055850041,0
3,Domenica,Notte,ARSIERO,SP 350 Val d'Astico,Intersezione segnalata,Sdrucciolevole,Orizzontale,Vento forte,11.369404659801413,45.80334637291397,0
12,Lunedì,Notte,VALDASTICO,SP 350 Val d'Astico,Intersezione segnalata,Ghiacciato,Assente,Vento forte,11.366228319484508,45.84694885036748,0
12,Lunedì,Sera,SANTORSO,SP 349 Costo,Intersezione con semaforo o vigile,Bagnato,Temporanea di cantiere,Neve,11.37431742545398,45.72912639007464,0
5,Lunedì,Sera,ROANA,SP 349 Costo,Galleria illuminata,Asciutto,Assente,Nebbia,11.469825028599807,45.88930965164895,0
12,Lunedì,Mattino,THIENE,SP 349 var Costo Variante,Pendenza,Innevato,Verticale,Neve,11.455526971683943,45.70229683331442,0
1,Mercoledì,Notte,ASIAGO,SP 349 Costo,Incrocio,Bagnato,Assente,Sereno,11.505078971898241,45.874616971618146,0
10,Giovedì,Notte,MARANO VICENTINO,SP 349 var Costo Variante,Rettilineo,Ghiacciato,Assente,Pioggia,11.426328627558659,45.71899878808866,0
5,Venerdì,Sera,SANTORSO,SP 349 Costo,Dosso,Bagnato,Temporanea di cantiere,Altro,11.393907350620308,45.734181676025244,0
4,Sabato,Sera,LASTEBASSE,SP 350 Val d'Astico,Intersezione non segnalata,Innevato,Orizzontale,Altro,11.29657666491202,45.91162629918483,0
10,Martedì,Sera,ZANE',SP 349 var Costo Variante,Rettilineo,Asciutto,Verticale,Neve,11.444909030023315,45.70902794144688,0
4,Sabato,Pomeriggio,ZANE',SP 349 var Costo Variante,Dosso,Asciutto,Temporanea di cantiere,Altro,11.449065165431003,45.70689885504492,0
10,Sabato,Notte,COGOLLO DEL CENGIO,SP 349 Costo,Rettilineo,Asciutto,Verticale,Neve,11.43419468513965,45.79410359565264,0
3,Mercoledì,Sera,VALLI DEL PASUBIO,SP 046 Pasubio,Intersezione non segnalata,Bagnato,Verticale,Sereno,11.211509539595351,45.757557075661055,0
2,Domenica,Notte,ASIAGO,SP 349 Costo,Rettilineo,Asciutto,Assente,Pioggia,11.434771894030822,45.94833016843015,0
4,Domenica,Pomeriggio,COSTABISSARA,SP 046 Pasubio,Curva,Bagnato,Assente,Nebbia,11.502745109444811,45.58619428737345,0
8,Sabato,Sera,ROANA,SP 349 Costo,Intersezione con semaforo o vigile,Asciutto,Verticale,Altro,11.460163341811898,45.86084000227537,0
3,Lunedì,Pomeriggio,THIENE,SP 349 Costo,Curva,Ghiacciato,Orizzontale,Nebbia,11.488794002545115,45.671098988215824,0
2,Mercoledì,Sera,SCHIO,SP 046 var Torrebelvicino,Curva,Asciutto,Verticale,Neve,11.331136378843242,45.713554578293994,0
9,Martedì,Mattino,VALLI DEL PASUBIO,SP 046 Pasubio,Rotatoria,Innevato,Temporanea di cantiere,Pioggia,11.25517221830065,45.74353583072468,0
6,Sabato,Sera,COGOLLO DEL CENGIO,SP 349 Costo,Intersezione non segnalata,Innevato,Temporanea di cantiere,Altro,11.432639390276732,45.79686246167155,0
6,Sabato,Pomeriggio,COGOLLO DEL CENGIO,SP 349 Costo,Pendenza,Ghiacciato,Orizzontale,Vento forte,11.422195224363783,45.80205010050259,0
3,Mercoledì,Notte,LASTEBASSE,SP 350 Val d'Astico,Intersezione segnalata,Ghiacciato,Orizzontale,Vento forte,11.30398802325397,45.90836507760278,0
1,Venerdì,Pomeriggio,MARANO VICENTINO,SP 349 var Costo Variante,Pendenza,Ghiacciato,Temporanea di cantiere,Sereno,11.429726890145504,45.71686672322754,0
1,Martedì,Sera,SANTORSO,SP 349 Costo,Curva,Innevato,Assente,Nebbia,11.40469984414086,45.73658870896891,0
9,Sabato,Notte,PIOVENE ROCCHETTE,SP 350 Val d'Astico,Intersezione con semaforo o vigile,Sdrucciolevole,Orizzontale,Altro,11.438484217578504,45.76077099922776,0
1,Venerdì,Pomeriggio,ROANA,SP 349 Costo,Dosso,Ghiacciato,Temporanea di cantiere,Sereno,11.459159638939548,45.860623508088075,0
3,Venerdì,Notte,ZANE',SP 349 Costo,Galleria illuminata,Sdrucciolevole,Assente,Neve,11.45262156121571,45.72035308952736,0
5,Martedì,Notte,VALLI DEL PASUBIO,SP 046 Pasubio,Rotatoria,Bagnato,Verticale,Pioggia,11.203601222263854,45.75982603127774,0
9,Venerdì,Notte,VALLI DEL PASUBIO,SP 046 Pasubio,Curva,Asciutto,Orizzontale,Nebbia,11.214798240329285,45.755463394951555,0
5,Domenica,Sera,VALDASTICO,SP 350 Val d'Astico,Intersezione con semaforo o vigile,Innevato,Verticale,Nebbia,11.359465736142463,45.87712080316152,0
12,Venerdì,Sera,ASIAGO,SP 349 Costo,Intersezione segnalata,Ghiacciato,Verticale,Altro,11.417546401830071,45.95109996504987,0
6,Giovedì,Mattino,ASIAGO,SP 349 Costo,Intersezione segnalata,Bagnato,Assente,Vento forte,11.405198653452835,45.94513276930051,0
9,Sabato,Pomeriggio,MALO,SP 046 Pasubio,Pendenza,Ghiacciato,Assente,Altro,11.429474514519525,45.64194375588154,0
5,Lunedì,Notte,COGOLLO DEL CENGIO,SP 350 Val d'Astico,Intersezione segnalata,Sdrucciolevole,Verticale,Pioggia,11.39866162100163,45.79257457496309,0
12,Martedì,Pomeriggio,ROANA,SP 349 Costo,Dosso,Asciutto,Assente,Neve,11.483810374429849,45.8803942553864,0
5,Domenica,Mattino,ROANA,SP 349 Costo,Rettilineo,Innevato,Temporanea di cantiere,Sereno,11.43866513188907,45.84297906661358,0
11,Sabato,Sera,COGOLLO DEL CENGIO,SP 349 Costo,Intersezione segnalata,Innevato,Temporanea di cantiere,Vento forte,11.431372575102884,45.79626569899443,0
8,Lunedì,Pomeriggio,VALDASTICO,SP 350 Val d'Astico,Intersezione non segnalata,Innevato,Verticale,Altro,11.360086086250657,45.87434007682747,0
8,Mercoledì,Mattino,PIOVENE ROCCHETTE,SP 349 Costo,Intersezione non segnalata,Sdrucciolevole,Verticale,Nebbia,11.441387236698695,45.759094263489445,0
5,Martedì,Mattino,VALLI DEL PASUBIO,SP 046 Pasubio,Pendenza,Bagnato,Orizzontale,Nebbia,11.180563195248327,45.75766026359394,0
9,Martedì,Pomeriggio,VICENZA,SP 046 Pasubio,Intersezione non segnalata,Ghiacciato,Temporanea di cantiere,Vento forte,11.502527262301355,45.57689888293261,0
10,Domenica,Notte,VICENZA,SP 046 rac Pasubio Raccordo del Sole,Incrocio,Innevato,Verticale,Nebbia,11.508187207205303,45.533568748538194,0
10,Sabato,Sera,PIOVENE ROCCHETTE,SP 350 Val d'Astico,Rettilineo,Asciutto,Temporanea di cantiere,Vento forte,11.434473264645478,45.76341398000689,0
2,Sabato,Mattino,ROANA,SP 349 Costo,Rettilineo,Ghiacciato,Assente,Sereno,11.436089030882748,45.8290028754444,0
11,Sabato,Sera,VICENZA,SP 046 Pasubio,Galleria illuminata,Asciutto,Verticale,Altro,11.501795842721345,45.55091857451512,0
11,Lunedì,Mattino,SANTORSO,SP 349 Costo,Rotatoria,Ghiacciato,Temporanea di cantiere,Vento forte,11.378171428407532,45.73012294177975,0
3,Domenica,Notte,ARSIERO,SP 350 Val d'Astico,Rotatoria,Asciutto,Assente,Nebbia,11.368797093793132,45.82733904723935,0
12,Venerdì,Pomeriggio,ROANA,SP 349 Costo,Intersezione non segnalata,Innevato,Assente,Altro,11.465629607635597,45.8991916684631,0
7,Lunedì,Sera,COGOLLO DEL CENGIO,SP 349 Costo,Rettilineo,Asciutto,Assente,Sereno,11.424054665395607,45.80722765784266,0
4,Lunedì,Mattino,VALLI DEL PASUBIO,SP 046 Pasubio,Rettilineo,Sdrucciolevole,Temporanea di cantiere,Pioggia,11.238098573734254,45.74530156272563,0
3,Martedì,Notte,VICENZA,SP 046 rac Pasubio Raccordo del Sole,Pendenza,Ghiacciato,Verticale,Neve,11.5080427071188,45.539299755136696,0
5,Lunedì,Notte,ROANA,SP 349 Costo,Dosso,Innevato,Orizzontale,Neve,11.453644408670728,45.91848317761401,0
1,Sabato,Mattino,COSTABISSARA,SP 046 Pasubio,Galleria illuminata,Bagnato,Assente,Vento forte,11.49395727708623,45.602736922706846,0
9,Martedì,Sera,ROANA,SP 349 Costo,Rotatoria,Innevato,Verticale,Sereno,11.437022797970236,45.82516296613329,0
9,Venerdì,Mattino,LASTEBASSE,SP 350 Val d'Astico,Intersezione con semaforo o vigile,Asciutto,Temporanea di cantiere,Altro,11.276536315899376,45.91504385557555,0
9,Domenica,Sera,ISOLA VICENTINA,SP 046 Pasubio,Rotatoria,Sdrucciolevole,Temporanea di cantiere,Pioggia,11.461897877291438,45.61910836377467,0
7,Domenica,Mattino,VILLAVERLA,SP 349 Costo,Pendenza,Innevato,Assente,Vento forte,11.491756009429329,45.633083036396656,0
5,Lunedì,Notte,ARSIERO,SP 350 Val d'Astico,Intersezione con semaforo o vigile,Bagnato,Verticale,Sereno,11.362907545556526,45.80367949704789,0
9,Mercoledì,Sera,COGOLLO DEL CENGIO,SP 350 Val d'Astico,Intersezione con semaforo o vigile,Sdrucciolevole,Assente,Pioggia,11.380350903144782,45.80005024881677,0
11,Sabato,Notte,ROANA,SP 349 Costo,Intersezione segnalata,Sdrucciolevole,Temporanea di cantiere,Pioggia,11.487826922429502,45.86901345052698,0
2,Martedì,Notte,COGOLLO DEL CENGIO,SP 350 Val d'Astico,Curva,Bagnato,Temporanea di cantiere,Sereno,11.42835507520374,45.782288982229225,0
5,Martedì,Notte,LASTEBASSE,SP 350 Val d'Astico,Dosso,Ghiacciato,Temporanea di cantiere,Neve,11.272211663161439,45.915195724855614,0
12,Venerdì,Mattino,VALDASTICO,SP 350 Val d'Astico,Intersezione con semaforo o vigile,Sdrucciolevole,Temporanea di cantiere,Neve,11.353631216937718,45.88697648110623,0
11,Lunedì,Sera,VALLI DEL PASUBIO,SP 046 Pasubio,Pendenza,Ghiacciato,Orizzontale,Neve,11.191374237131061,45.75862946438185,0
12,Giovedì,Pomeriggio,ROANA,SP 349 Costo,Intersezione con semaforo o vigile,Sdrucciolevole,Temporanea di cantiere,Vento forte,11.475652521673835,45.865982605569336,0
3,Lunedì,Notte,VALLI DEL PASUBIO,SP 046 Pasubio,Incrocio,Innevato,Orizzontale,Altro,11.186353251380236,45.75624006620882,0
6,Martedì,Notte,ROANA,SP 349 Costo,Pendenza,Sdrucciolevole,Orizzontale,Pioggia,11.470323606816004,45.88905837256935,0
2,Lunedì,Notte,ROANA,SP 349 Costo,Intersezione segnalata,Ghiacciato,Temporanea di cantiere,Altro,11.433195562500854,45.834214845367306,0
11,Martedì,Mattino,MALO,SP 046 Pasubio,Rotatoria,Ghiacciato,Temporanea di cantiere,Nebbia,11.420222292204103,45.65141469741254,0
7,Venerdì,Notte,SCHIO,SP 046 Pasubio,Curva,Innevato,Assente,Neve,11.387158900296848,45.69493843402457,0
3,Giovedì,Mattino,LASTEBASSE,SP 350 Val d'Astico,Incrocio,Innevato,Verticale,Pioggia,11.272169196831097,45.915245696024776,0
9,Domenica,Mattino,VICENZA,SP 046 Pasubio,Galleria illuminata,Bagnato,Orizzontale,Nebbia,11.49452113095247,45.5708246147128,0
10,Lunedì,Sera,LASTEBASSE,SP 350 Val d'Astico,Rettilineo,Bagnato,Orizzontale,Pioggia,11.265195391135016,45.916801929888294,0
12,Lunedì,Notte,ARSIERO,SP 350 Val d'Astico,Intersezione con semaforo o vigile,Sdrucciolevole,Orizzontale,Neve,11.366242521005598,45.822965149230235,0
10,Giovedì,Notte,VALLI DEL PASUBIO,SP 046 Pasubio,Pendenza,Asciutto,Orizzontale,Pioggia,11.224259489741568,45.753568293134116,0
10,Lunedì,Mattino,VICENZA,SP 046 Pasubio,Pendenza,Innevato,Orizzontale,Sereno,11.498225133388278,45.55609734744847,0
10,Mercoledì,Mattino,ROANA,SP 349 Costo,Pendenza,Innevato,Verticale,Nebbia,11.472705983107561,45.88483830255736,0
12,Mercoledì,Notte,SANTORSO,SP 349 Costo,Dosso,Ghiacciato,Verticale,Neve,11.40424731787545,45.73668428280913,0
6,Mercoledì,Sera,VALLI DEL PASUBIO,SP 046 Pasubio,Pendenza,Bagnato,Orizzontale,Nebbia,11.191191614320942,45.758484837187865,0
10,Mercoledì,Mattino,ASIAGO,SP 349 Costo,Intersezione non segnalata,Innevato,Orizzontale,Altro,11.41274161857563,45.9493303357049,0
10,Mercoledì,Mattino,ROANA,SP 349 Costo,Dosso,Bagnato,Temporanea di cantiere,Neve,11.442798311045449,45.93466072055983,0
2,Venerdì,Sera,VICENZA,SP 046 Pasubio,Intersezione non segnalata,Bagnato,Assente,Vento forte,11.494392830489344,45.565161127625025,0
9,Mercoledì,Pomeriggio,THIENE,SP 349 var Costo Variante,Intersezione segnalata,Innevato,Orizzontale,Pioggia,11.451770711548878,45.70549136273353,0
5,Mercoledì,Pomeriggio,ASIAGO,SP 349 Costo,Intersezione non segnalata,Innevato,Assente,Neve,11.492307973751846,45.88093554728834,0
2,Venerdì,Pomeriggio,COGOLLO DEL CENGIO,SP 349 Costo,Pendenza,Sdrucciolevole,Temporanea di cantiere,Sereno,11.434638319873244,45.787204045040966,0
3,Giovedì,Mattino,COGOLLO DEL CENGIO,SP 349 Costo,Dosso,Asciutto,Assente,Sereno,11.433875866280745,45.79423925900369,0
2,Domenica,Notte,ASIAGO,SP 349 Costo,Intersezione con semaforo o vigile,Asciutto,Verticale,Vento forte,11.48988482206481,45.87857173272156,0
11,Venerdì,Notte,ASIAGO,SP 349 Costo,Incrocio,Innevato,Orizzontale,Sereno,11.49304198095867,45.88038014448043,0
10,Martedì,Mattino,VALLI DEL PASUBIO,SP 046 Pasubio,Intersezione con semaforo o vigile,Bagnato,Temporanea di cantiere,Neve,11.267081185791767,45.737139064455796,0
2,Martedì,Mattino,ZANE',SP 349 Costo,Rotatoria,Ghiacciato,Temporanea di cantiere,Neve,11.44514245114078,45.73168954030808,0
8,Domenica,Notte,VILLAVERLA,SP 349 Costo,Curva,Bagnato,Orizzontale,Nebbia,11.492406710584792,45.65969498577931,0
8,Giovedì,Notte,MALO,SP 046 Pasubio,Intersezione non segnalata,Sdrucciolevole,Orizzontale,Neve,11.423213457421427,45.64851364724233,0
7,Domenica,Notte,THIENE,SP 349 var Costo Variante,Incrocio,Innevato,Orizzontale,Nebbia,11.449690769060707,45.70657779509783,0
8,Mercoledì,Sera,SAN VITO DI LEGUZZANO,SP 046 Pasubio,Intersezione con semaforo o vigile,Sdrucciolevole,Verticale,Vento forte,11.398314678174986,45.6860608124753,0
11,Sabato,Mattino,COGOLLO DEL CENGIO,SP 350 Val d'Astico,Dosso,Sdrucciolevole,Temporanea di cantiere,Nebbia,11.38005865852868,45.80019550863991,0
7,Giovedì,Notte,CALTRANO,SP 349 Costo,Intersezione con semaforo o vigile,Sdrucciolevole,Assente,Nebbia,11.446724612343504,45.780236911611915,0
8,Mercoledì,Sera,LASTEBASSE,SP 350 Val d'Astico,Pendenza,Bagnato,Orizzontale,Sereno,11.305484696758468,45.907516358086205,0
7,Giovedì,Pomeriggio,VALDASTICO,SP 350 Val d'Astico,Rettilineo,Sdrucciolevole,Orizzontale,Pioggia,11.359512431733766,45.87670502319812,0
5,Lunedì,Mattino,SANTORSO,SP 349 Costo,Curva,Sdrucciolevole,Verticale,Altro,11.377325970174889,45.72989902343685,0
11,Lunedì,Mattino,MALO,SP 046 Pasubio,Pendenza,Asciutto,Verticale,Neve,11.399416539518235,45.68455208923348,0
5,Sabato,Mattino,VICENZA,SP 046 rac Pasubio Raccordo del Sole,Rotatoria,Sdrucciolevole,Orizzontale,Nebbia,11.507911800748252,45.53741714976297,0
10,Domenica,Mattino,TORREBELVICINO,SP 046 var Torrebelvicino,Intersezione non segnalata,Ghiacciato,Orizzontale,Nebbia,11.316454276619897,45.713500780715734,0
8,Mercoledì,Mattino,VALLI DEL PASUBIO,SP 046 Pasubio,Curva,Asciutto,Assente,Sereno,11.237779708218424,45.74566078157942,0
9,Giovedì,Pomeriggio,MARANO VICENTINO,SP 349 var Costo Variante,Galleria illuminata,Innevato,Temporanea di cantiere,Pioggia,11.432695803326277,45.71520494800506,0
10,Mercoledì,Pomeriggio,CALTRANO,SP 349 Costo,Galleria illuminata,Innevato,Assente,Sereno,11.450746281930272,45.77375895246339,0
9,Martedì,Mattino,ZANE',SP 349 Costo,Rotatoria,Ghiacciato,Verticale,Neve,11.444776382756006,45.73225727158568,0
7,Sabato,Pomeriggio,CARRE',SP 349 Costo,Intersezione con semaforo o vigile,Asciutto,Temporanea di cantiere,Neve,11.439014262954174,45.73952739235122,0
8,Giovedì,Pomeriggio,COGOLLO DEL CENGIO,SP 349 Costo,Pendenza,Sdrucciolevole,Assente,Sereno,11.431517643209395,45.79486927033715,0
7,Martedì,Notte,VICENZA,SP 046 Pasubio,Rettilineo,Innevato,Verticale,Vento forte,11.49978241597301,45.55372117521175,0
5,Martedì,Mattino,COGOLLO DEL CENGIO,SP 349 Costo,Intersezione segnalata,Asciutto,Verticale,Pioggia,11.436564431100042,45.788227825747285,0
9,Giovedì,Sera,ASIAGO,SP 349 Costo,Dosso,Ghiacciato,Orizzontale,Neve,11.495268870437528,45.87888529615385,0
9,Sabato,Mattino,VICENZA,SP 046 Pasubio,Rotatoria,Asciutto,Orizzontale,Sereno,11.494215025237809,45.566504151081126,0
10,Venerdì,Mattino,MALO,SP 046 Pasubio,Curva,Bagnato,Orizzontale,Vento forte,11.43476733201378,45.638037578923196,0
10,Martedì,Sera,VALLI DEL PASUBIO,SP 046 Pasubio,Curva,Ghiacciato,Orizzontale,Vento forte,11.260714205781165,45.740677109264695,0
5,Giovedì,Mattino,ASIAGO,SP 349 Costo,Pendenza,Innevato,Verticale,Vento forte,11.4904063457039,45.869303938017346,0
1,Venerdì,Sera,VICENZA,SP 046 Pasubio,Intersezione segnalata,Ghiacciato,Verticale,Sereno,11.507289824968792,45.54292581335324,0
5,Sabato,Notte,VILLAVERLA,SP 349 Costo,Intersezione non segnalata,Sdrucciolevole,Temporanea di cantiere,Altro,11.493306914116156,45.647007293455644,0
10,Giovedì,Pomeriggio,ARSIERO,SP 350 Val d'Astico,Rettilineo,Ghiacciato,Verticale,Pioggia,11.359433964050815,45.8067277641419,0
10,Lunedì,Notte,VILLAVERLA,SP 349 Costo,Dosso,Sdrucciolevole,Assente,Altro,11.493938407200574,45.65059070789703,0
7,Venerdì,Notte,VILLAVERLA,SP 349 Costo,Dosso,Sdrucciolevole,Assente,Vento forte,11.492144599163064,45.660316392744896,0
10,Domenica,Notte,ASIAGO,SP 349 Costo,Dosso,Ghiacciato,Verticale,Nebbia,11.422624575990465,45.95040653455952,0
1,Sabato,Mattino,COGOLLO DEL CENGIO,SP 349 Costo,Curva,Asciutto,Temporanea di cantiere,Nebbia,11.429614422260654,45.797997456695185,0
8,Venerdì,Sera,SANTORSO,SP 349 Costo,Dosso,Bagnato,Assente,Altro,11.396767129609366,45.73488469213696,0
9,Martedì,Pomeriggio,PIOVENE ROCCHETTE,SP 350 Val d'Astico,Curva,Asciutto,Verticale,Vento forte,11.436064634815292,45.762686965266155,0
7,Martedì,Mattino,CALTRANO,SP 349 Costo,Rotatoria,Ghiacciato,Assente,Vento forte,11.453114615506015,45.770928482523644,0
9,Giovedì,Notte,VALLI DEL PASUBIO,SP 046 Pasubio,Intersezione non segnalata,Ghiacciato,Verticale,Nebbia,11.25058552716157,45.743804648879916,0
6,Domenica,Mattino,COGOLLO DEL CENGIO,SP 350 Val d'Astico,Dosso,Asciutto,Verticale,Nebbia,11.426377489329903,45.77251739007273,0
7,Venerdì,Notte,COGOLLO DEL CENGIO,SP 349 Costo,Galleria illuminata,Asciutto,Orizzontale,Neve,11.426791880446245,45.81166409220949,0
8,Martedì,Mattino,COSTABISSARA,SP 046 Pasubio,Pendenza,Bagnato,Temporanea di cantiere,Sereno,11.499756136018178,45.57531251408398,0
10,Lunedì,Sera,SCHIO,SP 046 var Torrebelvicino,Incrocio,Bagnato,Temporanea di cantiere,Pioggia,11.33327056178387,45.71485683172229,0
3,Domenica,Notte,MALO,SP 046 Pasubio,Rotatoria,Sdrucciolevole,Verticale,Nebbia,11.405888145624552,45.66919693378598,0
4,Lunedì,Pomeriggio,ZANE',SP 349 Costo,Dosso,Sdrucciolevole,Temporanea di cantiere,Pioggia,11.45566786569601,45.717559826514034,0
6,Domenica,Notte,ISOLA VICENTINA,SP 046 Pasubio,Dosso,Bagnato,Orizzontale,Pioggia,11.438873578019486,45.63361877183085,0
3,Mercoledì,Sera,ISOLA VICENTINA,SP 046 Pasubio,Intersezione con semaforo o vigile,Asciutto,Assente,Vento forte,11.461646581603617,45.61932795365113,0
5,Giovedì,Pomeriggio,ARSIERO,SP 350 Val d'Astico,Galleria illuminata,Ghiacciato,Orizzontale,Altro,11.361635459409053,45.81076208460892,0
5,Giovedì,Pomeriggio,CALDOGNO,SP 349 Costo,Intersezione con semaforo o vigile,Ghiacciato,Assente,Vento forte,11.491436300001634,45.62749170436156,0
4,Lunedì,Sera,ISOLA VICENTINA,SP 046 Pasubio,Curva,Ghiacciato,Temporanea di cantiere,Pioggia,11.477894389699543,45.60900137784966,0
5,Martedì,Sera,COGOLLO DEL CENGIO,SP 349 Costo,Galleria illuminata,Innevato,Orizzontale,Altro,11.425014090479221,45.80898639912228,0
7,Martedì,Notte,SANTORSO,SP 349 Costo,Incrocio,Innevato,Temporanea di cantiere,Altro,11.391033871014677,45.733422568326624,0
9,Venerdì,Notte,VICENZA,SP 046 Pasubio,Intersezione con semaforo o vigile,Innevato,Assente,Altro,11.503338435833975,45.54843845072058,0
4,Venerdì,Mattino,ROANA,SP 349 Costo,Dosso,Ghiacciato,Orizzontale,Altro,11.469763195445012,45.88934246328104,0
11,Venerdì,Sera,MALO,SP 046 Pasubio,Incrocio,Asciutto,Orizzontale,Pioggia,11.424766259493147,45.64680353180054,0
6,Sabato,Sera,VALLI DEL PASUBIO,SP 046 Pasubio,Intersezione non segnalata,Bagnato,Assente,Nebbia,11.212191206185876,45.75648835980797,0
9,Giovedì,Pomeriggio,TORREBELVICINO,SP 046 var Torrebelvicino,Intersezione non segnalata,Sdrucciolevole,Verticale,Pioggia,11.315441055237647,45.71357214297575,0
2,Sabato,Mattino,MALO,SP 046 Pasubio,Intersezione segnalata,Ghiacciato,Temporanea di cantiere,Altro,11.410198088165755,45.6625751482089,0
3,Martedì,Pomeriggio,LASTEBASSE,SP 350 Val d'Astico,Galleria illuminata,Innevato,Verticale,Vento forte,11.329411594838122,45.89909390474416,0
6,Martedì,Mattino,MALO,SP 046 Pasubio,Incrocio,Ghiacciato,Verticale,Altro,11.406179588721823,45.66815563862886,0
5,Venerdì,Notte,ROANA,SP 349 Costo,Pendenza,Bagnato,Assente,Sereno,11.455383348863826,45.91575103017748,0
6,Martedì,Sera,LASTEBASSE,SP 350 Val d'Astico,Incrocio,Ghiacciato,Verticale,Sereno,11.282728358753051,45.913563675520905,0
2,Domenica,Notte,LASTEBASSE,SP 350 Val d'Astico,Intersezione non segnalata,Ghiacciato,Assente,Altro,11.277165685145153,45.914671028542465,0
6,Sabato,Mattino,COSTABISSARA,SP 046 Pasubio,Galleria illuminata,Ghiacciato,Verticale,Neve,11.491878544305179,45.60458524737234,0
9,Venerdì,Pomeriggio,PIOVENE ROCCHETTE,SP 349 Costo,Intersezione segnalata,Sdrucciolevole,Temporanea di cantiere,Vento forte,11.437644429706205,45.74148932027473,0
9,Sabato,Pomeriggio,COGOLLO DEL CENGIO,SP 350 Val d'Astico,Intersezione non segnalata,Ghiacciato,Verticale,Sereno,11.426608774262624,45.78301224325383,0
3,Lunedì,Mattino,COGOLLO DEL CENGIO,SP 350 Val d'Astico,Dosso,Bagnato,Orizzontale,Neve,11.4276898421075,45.775177677892074,0
5,Lunedì,Notte,MALO,SP 046 Pasubio,Dosso,Bagnato,Assente,Pioggia,11.409671547400078,45.66310416156243,0
7,Martedì,Notte,MALO,SP 046 Pasubio,Intersezione segnalata,Bagnato,Assente,Altro,11.405751891390478,45.6696655706525,0
7,Sabato,Notte,VICENZA,SP 046 Pasubio,Incrocio,Bagnato,Assente,Altro,11.500869178042747,45.55229261926772,0
10,Domenica,Pomeriggio,ROANA,SP 349 Costo,Dosso,Ghiacciato,Verticale,Pioggia,11.457146588994602,45.859186432181616,0
5,Giovedì,Pomeriggio,COGOLLO DEL CENGIO,SP 349 Costo,Rettilineo,Bagnato,Temporanea di cantiere,Sereno,11.429442502212117,45.814988069583244,0
9,Lunedì,Sera,ASIAGO,SP 349 Costo,Intersezione segnalata,Asciutto,Assente,Sereno,11.489667764421657,45.87902703237104,0
11,Venerdì,Sera,ARSIERO,SP 350 Val d'Astico,Intersezione con semaforo o vigile,Asciutto,Assente,Neve,11.364594682838204,45.803220269097686,0
4,Giovedì,Mattino,VICENZA,SP 046 Pasubio,Rettilineo,Innevato,Assente,Pioggia,11.494211493855172,45.56711909678338,0
10,Lunedì,Notte,COGOLLO DEL CENGIO,SP 349 Costo,Rettilineo,Sdrucciolevole,Orizzontale,Pioggia,11.43243031575876,45.78828029695189,0
4,Venerdì,Notte,VICENZA,SP 046 Pasubio,Rettilineo,Sdrucciolevole,Temporanea di cantiere,Sereno,11.496363902017007,45.55882714071433,0
5,Mercoledì,Sera,VALLI DEL PASUBIO,SP 046 Pasubio,Pendenza,Innevato,Verticale,Sereno,11.197073520822517,45.76305028300621,0
8,Domenica,Notte,MARANO VICENTINO,SP 349 var Costo Variante,Galleria illuminata,Asciutto,Temporanea di cantiere,Sereno,11.438875647260057,45.71208057668512,0
8,Giovedì,Notte,ARSIERO,SP 350 Val d'Astico,Pendenza,Innevato,Verticale,Altro,11.368568574145934,45.82644125237619,0
7,Venerdì,Pomeriggio,MALO,SP 046 Pasubio,Rettilineo,Ghiacciato,Orizzontale,Sereno,11.40279664358875,45.67718214239486,0
2,Domenica,Mattino,ROANA,SP 349 Costo,Rotatoria,Sdrucciolevole,Temporanea di cantiere,Pioggia,11.472750606877346,45.863530948293864,0
11,Lunedì,Notte,COSTABISSARA,SP 046 Pasubio,Galleria illuminata,Ghiacciato,Assente,Pioggia,11.496258692751665,45.57309421878894,0
11,Sabato,Notte,PIOVENE ROCCHETTE,SP 350 Val d'Astico,Intersezione non segnalata,Bagnato,Verticale,Sereno,11.432975910970447,45.76407167091235,0
11,Sabato,Mattino,VICENZA,SP 046 Pasubio,Incrocio,Bagnato,Verticale,Sereno,11.504940060292643,45.546601006601875,0
7,Martedì,Mattino,PIOVENE ROCCHETTE,SP 349 Costo,Galleria illuminata,Innevato,Assente,Vento forte,11.429488589533037,45.75063832684186,0
11,Sabato,Sera,ASIAGO,SP 349 Costo,Dosso,Bagnato,Assente,Nebbia,11.492448128301959,45.880835914299084,0
6,Lunedì,Notte,PIOVENE ROCCHETTE,SP 349 Costo,Curva,Ghiacciato,Temporanea di cantiere,Sereno,11.421216360656494,45.74453846899039,0
1,Martedì,Notte,VALLI DEL PASUBIO,SP 046 Pasubio,Curva,Innevato,Temporanea di cantiere,Pioggia,11.199076898541882,45.76104892491138,0
3,Sabato,Notte,SCHIO,SP 046 Pasubio,Incrocio,Sdrucciolevole,Assente,Altro,11.396835618674578,45.687294570620345,0
4,Mercoledì,Mattino,ZANE',SP 349 Costo,Intersezione con semaforo o vigile,Bagnato,Temporanea di cantiere,Vento forte,11.454962777055911,45.71763317345262,0
5,Lunedì,Mattino,PIOVENE ROCCHETTE,SP 349 Costo,Pendenza,Innevato,Orizzontale,Vento forte,11.425173469533188,45.74792266026432,0
12,Martedì,Notte,SCHIO,SP 046 var Torrebelvicino,Galleria illuminata,Innevato,Temporanea di cantiere,Nebbia,11.333190841743946,45.71383596298939,0
4,Lunedì,Sera,ASIAGO,SP 349 Costo,Rotatoria,Sdrucciolevole,Orizzontale,Sereno,11.423373329640055,45.95013078991993,0
8,Sabato,Mattino,ARSIERO,SP 350 Val d'Astico,Dosso,Asciutto,Orizzontale,Altro,11.359433672998117,45.80547690065901,0
4,Domenica,Notte,CALDOGNO,SP 349 Costo,Curva,Sdrucciolevole,Orizzontale,Altro,11.490392972452614,45.613150536302555,0
8,Lunedì,Sera,VALDASTICO,SP 350 Val d'Astico,Incrocio,Sdrucciolevole,Assente,Neve,11.359663547375021,45.875448584578244,0
7,Mercoledì,Mattino,ROANA,SP 349 Costo,Pendenza,Asciutto,Assente,Vento forte,11.475302431103605,45.8656456123021,0
2,Giovedì,Mattino,CALTRANO,SP 349 Costo,Pendenza,Sdrucciolevole,Assente,Pioggia,11.451185659046335,45.77339781069582,0
6,Martedì,Mattino,ROANA,SP 349 Costo,Incrocio,Asciutto,Verticale,Neve,11.482045111253182,45.86868842136332,0
2,Mercoledì,Notte,VALDASTICO,SP 350 Val d'Astico,Intersezione non segnalata,Ghiacciato,Orizzontale,Pioggia,11.356310051011103,45.88189795899984,0
11,Giovedì,Mattino,CALDOGNO,SP 349 Costo,Curva,Sdrucciolevole,Orizzontale,Pioggia,11.491382561387402,45.62462976911493,0
9,Domenica,Sera,ASIAGO,SP 349 Costo,Galleria illuminata,Ghiacciato,Verticale,Pioggia,11.432702090669837,45.94967079787037,0
12,Sabato,Notte,COGOLLO DEL CENGIO,SP 349 Costo,Intersezione con semaforo o vigile,Sdrucciolevole,Verticale,Nebbia,11.429631131433748,45.79415314465762,0
11,Sabato,Sera,TORREBELVICINO,SP 046 var Torrebelvicino,Curva,Ghiacciato,Assente,Altro,11.315628506976365,45.713546663664246,0
3,Martedì,Notte,ARSIERO,SP 350 Val d'Astico,Intersezione con semaforo o vigile,Ghiacciato,Orizzontale,Nebbia,11.359788602903716,45.80741927171969,0
9,Venerdì,Sera,ZANE',SP 349 Costo,Intersezione non segnalata,Asciutto,Orizzontale,Nebbia,11.443066413422253,45.73453314065863,0
2,Martedì,Notte,SCHIO,SP 046 Pasubio,Intersezione segnalata,Sdrucciolevole,Verticale,Altro,11.391913636138385,45.69116589098575,0
12,Venerdì,Notte,VALLI DEL PASUBIO,SP 046 Pasubio,Incrocio,Ghiacciato,Temporanea di cantiere,Vento forte,11.201264535523602,45.76035040174425,0
10,Giovedì,Mattino,VALDASTICO,SP 350 Val d'Astico,Dosso,Sdrucciolevole,Temporanea di cantiere,Sereno,11.353080970979002,45.888183861884315,0
9,Mercoledì,Sera,MALO,SP 046 Pasubio,Pendenza,Bagnato,Assente,Vento forte,11.426813415620149,45.64490409737773,0
12,Giovedì,Sera,ZANE',SP 349 Costo,Intersezione segnalata,Innevato,Orizzontale,Sereno,11.44571267790283,45.73083321413196,0
11,Domenica,Notte,MALO,SP 046 Pasubio,Dosso,Innevato,Temporanea di cantiere,Nebbia,11.41903688924953,45.65276718694276,0
2,Giovedì,Mattino,VICENZA,SP 046 Pasubio,Curva,Ghiacciato,Verticale,Nebbia,11.494187808044465,45.57011629047654,0
1,Mercoledì,Pomeriggio,MALO,SP 046 Pasubio,Intersezione non segnalata,Bagnato,Verticale,Pioggia,11.435522689309037,45.63751964378095,0
12,Giovedì,Notte,COGOLLO DEL CENGIO,SP 349 Costo,Intersezione con semaforo o vigile,Asciutto,Orizzontale,Vento forte,11.428413733599493,45.79670366947998,0
4,Domenica,Sera,MALO,SP 046 Pasubio,Intersezione non segnalata,Innevato,Orizzontale,Sereno,11.428902367721427,45.64235318391248,0
6,Mercoledì,Mattino,MALO,SP 046 Pasubio,Curva,Sdrucciolevole,Verticale,Nebbia,11.401354453959325,45.68038331207019,0
1,Lunedì,Notte,TORREBELVICINO,SP 046 Pasubio,Rettilineo,Innevato,Orizzontale,Neve,11.291204069493663,45.718895960005455,0
8,Mercoledì,Sera,VALLI DEL PASUBIO,SP 046 Pasubio,Pendenza,Innevato,Verticale,Pioggia,11.216381794671337,45.755139465137404,0
10,Lunedì,Notte,ISOLA VICENTINA,SP 046 Pasubio,Galleria illuminata,Asciutto,Temporanea di cantiere,Vento forte,11.470884066846512,45.610196187724576,0
11,Sabato,Mattino,VALLI DEL PASUBIO,SP 046 Pasubio,Intersezione non segnalata,Ghiacciato,Orizzontale,Nebbia,11.19121566398422,45.75851215971699,0
7,Giovedì,Notte,LASTEBASSE,SP 350 Val d'Astico,Intersezione con semaforo o vigile,Bagnato,Temporanea di cantiere,Sereno,11.291552278866591,45.91332310482851,0
8,Lunedì,Sera,COGOLLO DEL CENGIO,SP 350 Val d'Astico,Galleria illuminata,Innevato,Assente,Sereno,11.383497332562175,45.79848903136232,0
7,Domenica,Notte,ROANA,SP 349 Costo,Dosso,Bagnato,Orizzontale,Sereno,11.444350642765846,45.84605020452653,0
6,Sabato,Notte,COGOLLO DEL CENGIO,SP 349 Costo,Pendenza,Asciutto,Orizzontale,Altro,11.44402359174395,45.782879933428774,0
7,Martedì,Sera,ASIAGO,SP 349 Costo,Intersezione segnalata,Ghiacciato,Verticale,Altro,11.496716289822938,45.8784064338293,0
12,Lunedì,Pomeriggio,CALDOGNO,SP 349 Costo,Pendenza,Sdrucciolevole,Temporanea di cantiere,Nebbia,11.490596583218474,45.61037684982298,0
4,Mercoledì,Notte,THIENE,SP 349 Costo,Galleria illuminata,Sdrucciolevole,Orizzontale,Nebbia,11.487420794543734,45.67540769520992,0
6,Mercoledì,Mattino,VALLI DEL PASUBIO,SP 046 Pasubio,Incrocio,Bagnato,Verticale,Sereno,11.206520300247671,45.75811382697677,0
8,Sabato,Pomeriggio,ISOLA VICENTINA,SP 046 Pasubio,Incrocio,Sdrucciolevole,Orizzontale,Altro,11.451118300358544,45.62422125766288,0
7,Mercoledì,Mattino,SCHIO,SP 046 var Torrebelvicino,Pendenza,Innevato,Verticale,Nebbia,11.332163202399233,45.71345093917377,0
1,Mercoledì,Mattino,ROANA,SP 349 Costo,Dosso,Ghiacciato,Temporanea di cantiere,Vento forte,11.433523695605222,45.83386316797141,0
4,Domenica,Pomeriggio,THIENE,SP 349 var Costo Variante,Intersezione con semaforo o vigile,Innevato,Verticale,Pioggia,11.454720004912273,45.70317975876269,0
8,Giovedì,Sera,ROANA,SP 349 Costo,Intersezione con semaforo o vigile,Bagnato,Verticale,Sereno,11.475362995934722,45.86570368425768,0
9,Giovedì,Mattino,VALLI DEL PASUBIO,SP 046 Pasubio,Intersezione non segnalata,Innevato,Orizzontale,Sereno,11.265580700035509,45.738850759097595,0
9,Mercoledì,Pomeriggio,CHIUPPANO,SP 349 Costo,Intersezione con semaforo o vigile,Bagnato,Orizzontale,Altro,11.456476886357459,45.770191932817504,0
12,Venerdì,Sera,ASIAGO,SP 349 Costo,Incrocio,Innevato,Verticale,Altro,11.408591643542195,45.946072907170795,0
9,Martedì,Sera,SCHIO,SP 046 Pasubio,Dosso,Innevato,Assente,Altro,11.387374782638831,45.694765014664206,0
7,Martedì,Mattino,ZANE',SP 349 Costo,Intersezione non segnalata,Asciutto,Verticale,Sereno,11.461603215038405,45.71452950918624,0
4,Lunedì,Pomeriggio,VALLI DEL PASUBIO,SP 046 Pasubio,Intersezione segnalata,Innevato,Assente,Altro,11.242264257028275,45.74392861064704,0
5,Martedì,Pomeriggio,VICENZA,SP 046 Pasubio,Dosso,Ghiacciato,Verticale,Pioggia,11.498425534331053,45.555710909742785,0
10,Martedì,Pomeriggio,SCHIO,SP 046 Pasubio,Galleria illuminata,Ghiacciato,Temporanea di cantiere,Altro,11.386822465074133,45.69520869121327,0
6,Domenica,Sera,THIENE,SP 349 Costo,Dosso,Sdrucciolevole,Temporanea di cantiere,Sereno,11.48605000957471,45.67980907044902,0
9,Domenica,Mattino,VICENZA,SP 046 rac Pasubio Raccordo del Sole,Dosso,Bagnato,Orizzontale,Nebbia,11.507918221649112,45.53831775391843,0
2,Martedì,Notte,VICENZA,SP 046 Pasubio,Incrocio,Innevato,Temporanea di cantiere,Altro,11.504490128880125,45.5780444723784,0
2,Lunedì,Notte,PIOVENE ROCCHETTE,SP 349 Costo,Dosso,Asciutto,Orizzontale,Pioggia,11.429570205998631,45.75049832927867,0
3,Sabato,Pomeriggio,SANTORSO,SP 349 Costo,Rettilineo,Innevato,Orizzontale,Vento forte,11.403061363607533,45.736458175339905,0
3,Martedì,Mattino,VALDASTICO,SP 350 Val d'Astico,Galleria illuminata,Bagnato,Assente,Nebbia,11.358309797108937,45.87991466509863,0
8,Mercoledì,Notte,SANTORSO,SP 349 Costo,Galleria illuminata,Ghiacciato,Assente,Sereno,11.404164320825984,45.73662452892703,0
8,Venerdì,Notte,MALO,SP 046 Pasubio,Galleria illuminata,Sdrucciolevole,Verticale,Sereno,11.42600881647194,45.645778909024514,0
7,Giovedì,Notte,ROANA,SP 349 Costo,Rettilineo,Bagnato,Temporanea di cantiere,Sereno,11.48493786538532,45.880176297796616,0
4,Martedì,Sera,ASIAGO,SP 349 Costo,Pendenza,Bagnato,Orizzontale,Neve,11.432095915845494,45.95004482029918,0
7,Domenica,Sera,CALDOGNO,SP 349 Costo,Curva,Bagnato,Verticale,Altro,11.491786184689873,45.63224742707479,0
2,Lunedì,Mattino,ASIAGO,SP 349 Costo,Rettilineo,Innevato,Temporanea di cantiere,Altro,11.43466800492416,45.947411250851374,0
6,Lunedì,Sera,ROANA,SP 349 Costo,Rotatoria,Ghiacciato,Temporanea di cantiere,Neve,11.466040863348574,45.86273976735602,0
2,Venerdì,Mattino,LASTEBASSE,SP 350 Val d'Astico,Rotatoria,Ghiacciato,Assente,Neve,11.331160045859374,45.898106137602866,0
1,Sabato,Pomeriggio,ROANA,SP 349 Costo,Curva,Ghiacciato,Temporanea di cantiere,Sereno,11.435041815875335,45.83235667159549,0
2,Giovedì,Notte,ASIAGO,SP 349 Costo,Rotatoria,Innevato,Temporanea di cantiere,Nebbia,11.386156595650244,45.95171330408341,0
6,Venerdì,Mattino,ROANA,SP 349 Costo,Incrocio,Bagnato,Assente,Vento forte,11.475079801061188,45.86543119837671,0
7,Domenica,Pomeriggio,TORREBELVICINO,SP 046 var Torrebelvicino,Dosso,Innevato,Temporanea di cantiere,Vento forte,11.324951809407898,45.713752665093786,0
8,Domenica,Sera,CHIUPPANO,SP 349 Costo,Incrocio,Bagnato,Orizzontale,Vento forte,11.45695291416989,45.76779879846978,0
6,Giovedì,Pomeriggio,CHIUPPANO,SP 349 Costo,Intersezione con semaforo o vigile,Bagnato,Assente,Altro,11.451272707249064,45.76458036785001,0
3,Giovedì,Mattino,ROANA,SP 349 Costo,Incrocio,Sdrucciolevole,Orizzontale,Nebbia,11.432369681589563,45.83705655051622,0
1,Giovedì,Notte,ROANA,SP 349 Costo,Pendenza,Ghiacciato,Assente,Vento forte,11.441174165760096,45.84306068873412,0
9,Domenica,Pomeriggio,VALDASTICO,SP 350 Val d'Astico,Rotatoria,Ghiacciato,Assente,Vento forte,11.36147042720579,45.868134355145166,0
12,Mercoledì,Pomeriggio,ROANA,SP 349 Costo,Intersezione segnalata,Ghiacciato,Verticale,Sereno,11.433921166857607,45.84099523794952,0
4,Sabato,Sera,VICENZA,SP 046 Pasubio,Intersezione segnalata,Asciutto,Orizzontale,Sereno,11.50718060536483,45.54416548982141,0
4,Sabato,Notte,ROANA,SP 349 Costo,Dosso,Innevato,Assente,Neve,11.469989501493558,45.891019469511946,0
3,Venerdì,Sera,COGOLLO DEL CENGIO,SP 349 Costo,Galleria illuminata,Innevato,Orizzontale,Vento forte,11.436116746357762,45.79552516902871,0
3,Mercoledì,Sera,ROANA,SP 349 Costo,Dosso,Asciutto,Orizzontale,Pioggia,11.479232440299047,45.88241733577689,0
6,Domenica,Sera,THIENE,SP 349 Costo,Pendenza,Innevato,Temporanea di cantiere,Nebbia,11.485123857056386,45.682778086696175,0
10,Sabato,Notte,LASTEBASSE,SP 350 Val d'Astico,Dosso,Bagnato,Assente,Vento forte,11.302519256438504,45.90910877517747,0
9,Giovedì,Sera,PIOVENE ROCCHETTE,SP 349 Costo,Curva,Innevato,Verticale,Vento forte,11.437679093661666,45.74143954816509,0
12,Martedì,Sera,ASIAGO,SP 349 Costo,Incrocio,Innevato,Assente,Pioggia,11.407513767680108,45.945670813911086,0
5,Sabato,Pomeriggio,LASTEBASSE,SP 350 Val d'Astico,Rettilineo,Ghiacciato,Temporanea di cantiere,Pioggia,11.318067830255368,45.90327927571612,0
6,Sabato,Sera,COGOLLO DEL CENGIO,SP 349 Costo,Galleria illuminata,Asciutto,Assente,Pioggia,11.423899937215456,45.80654787106996,0
5,Martedì,Sera,VALDASTICO,SP 350 Val d'Astico,Pendenza,Ghiacciato,Verticale,Nebbia,11.333037192186191,45.89730920495932,0
1,Mercoledì,Mattino,COSTABISSARA,SP 046 Pasubio,Dosso,Asciutto,Temporanea di cantiere,Nebbia,11.493290011281601,45.60342784468405,0
5,Giovedì,Sera,ARSIERO,SP 350 Val d'Astico,Curva,Bagnato,Verticale,Altro,11.367726478658314,45.82498504626627,0
4,Lunedì,Sera,VILLAVERLA,SP 349 Costo,Intersezione con semaforo o vigile,Ghiacciato,Verticale,Sereno,11.492561098094349,45.641741729089006,0
6,Domenica,Pomeriggio,MALO,SP 046 Pasubio,Dosso,Asciutto,Verticale,Neve,11.411937329088566,45.6608316209642,0
2,Lunedì,Pomeriggio,VALDASTICO,SP 350 Val d'Astico,Incrocio,Bagnato,Temporanea di cantiere,Nebbia,11.361247079954817,45.86259644446262,0
9,Domenica,Notte,VALLI DEL PASUBIO,SP 046 Pasubio,Dosso,Ghiacciato,Verticale,Altro,11.236902348192269,45.74763625663979,0
11,Venerdì,Pomeriggio,LASTEBASSE,SP 350 Val d'Astico,Intersezione segnalata,Asciutto,Assente,Pioggia,11.306253194262213,45.907247356623515,0
2,Sabato,Sera,VICENZA,SP 046 Pasubio,Pendenza,Asciutto,Verticale,Neve,11.504348446007027,45.57790166819397,0
12,Domenica,Sera,VICENZA,SP 046 Pasubio,Intersezione segnalata,Asciutto,Verticale,Vento forte,11.50341758613962,45.57739348874974,0
11,Giovedì,Mattino,CARRE',SP 349 Costo,Pendenza,Bagnato,Temporanea di cantiere,Pioggia,11.439597246721934,45.73870908679254,0
8,Domenica,Mattino,ARSIERO,SP 350 Val d'Astico,Rettilineo,Sdrucciolevole,Orizzontale,Neve,11.36159401719103,45.80422950078408,0
4,Venerdì,Pomeriggio,SANTORSO,SP 349 Costo,Rotatoria,Bagnato,Orizzontale,Vento forte,11.403519409987778,45.73634067047575,0
7,Sabato,Pomeriggio,PIOVENE ROCCHETTE,SP 349 Costo,Intersezione con semaforo o vigile,Bagnato,Assente,Pioggia,11.420535610211576,45.744183305484604,0
7,Lunedì,Notte,VICENZA,SP 046 Pasubio,Curva,Innevato,Verticale,Pioggia,11.507707935562495,45.58190584250035,0
11,Lunedì,Pomeriggio,ROANA,SP 349 Costo,Rettilineo,Ghiacciato,Temporanea di cantiere,Sereno,11.433383595278722,45.83398432292044,0
7,Giovedì,Mattino,LASTEBASSE,SP 350 Val d'Astico,Intersezione con semaforo o vigile,Asciutto,Orizzontale,Altro,11.311449336084415,45.90722366252747,0
1,Giovedì,Notte,VALLI DEL PASUBIO,SP 046 Pasubio,Curva,Innevato,Verticale,Sereno,11.190947879210423,45.75815893943294,0
9,Venerdì,Pomeriggio,VALDASTICO,SP 350 Val d'Astico,Rettilineo,Sdrucciolevole,Assente,Nebbia,11.362073511284832,45.87118054149429,0
10,Sabato,Notte,ISOLA VICENTINA,SP 046 Pasubio,Galleria illuminata,Asciutto,Verticale,Sereno,11.466416191416563,45.61473100418711,0
4,Mercoledì,Notte,THIENE,SP 349 var Costo Variante,Rotatoria,Innevato,Orizzontale,Nebbia,11.453534454104293,45.7042964081131,0
2,Lunedì,Mattino,ZANE',SP 349 var Costo Variante,Curva,Bagnato,Temporanea di cantiere,Neve,11.444927714811582,45.70901838561765,0
2,Sabato,Mattino,ROANA,SP 349 Costo,Curva,Bagnato,Assente,Vento forte,11.484127016185537,45.88033242226745,0
11,Venerdì,Notte,ASIAGO,SP 349 Costo,Intersezione non segnalata,Asciutto,Temporanea di cantiere,Altro,11.425897657339004,45.95060122063629,0
6,Domenica,Notte,SANTORSO,SP 349 Costo,Intersezione non segnalata,Innevato,Temporanea di cantiere,Altro,11.381858212270672,45.73107000377501,0
7,Mercoledì,Mattino,PIOVENE ROCCHETTE,SP 349 Costo,Rettilineo,Bagnato,Verticale,Pioggia,11.428716350064748,45.75118383942645,0
12,Martedì,Notte,ROANA,SP 349 Costo,Dosso,Sdrucciolevole,Orizzontale,Neve,11.469141084103047,45.89426191891094,0
1,Sabato,Notte,VALDASTICO,SP 350 Val d'Astico,Curva,Bagnato,Assente,Pioggia,11.359638689303484,45.875655268253205,0
3,Martedì,Pomeriggio,VICENZA,SP 046 Pasubio,Galleria illuminata,Innevato,Assente,Sereno,11.494786506723237,45.562488132244354,0
10,Mercoledì,Sera,MALO,SP 046 Pasubio,Galleria illuminata,Ghiacciato,Assente,Vento forte,11.406459149838152,45.66715087236562,0
7,Domenica,Notte,MALO,SP 046 Pasubio,Galleria illuminata,Sdrucciolevole,Orizzontale,Nebbia,11.406278182723744,45.66780128734903,0
1,Lunedì,Notte,VALLI DEL PASUBIO,SP 046 Pasubio,Dosso,Bagnato,Verticale,Sereno,11.259567596739334,45.74182477488624,0
9,Venerdì,Pomeriggio,LASTEBASSE,SP 350 Val d'Astico,Incrocio,Ghiacciato,Assente,Neve,11.31663432950482,45.90312999032894,0
2,Sabato,Mattino,ROANA,SP 349 Costo,Intersezione non segnalata,Sdrucciolevole,Assente,Pioggia,11.473854348990512,45.8643138445332,0
10,Sabato,Notte,SANTORSO,SP 349 Costo,Galleria illuminata,Innevato,Assente,Pioggia,11.394021428257526,45.7342118107943,0
10,Martedì,Sera,VALDASTICO,SP 350 Val d'Astico,Incrocio,Ghiacciato,Orizzontale,Altro,11.332985020137562,45.89733650910841,0
6,Sabato,Mattino,VILLAVERLA,SP 349 Costo,Rotatoria,Innevato,Orizzontale,Sereno,11.494703917191126,45.65236374172493,0
4,Lunedì,Sera,SCHIO,SP 349 Costo,Intersezione segnalata,Asciutto,Orizzontale,Altro,11.368582917384238,45.72669233229151,0
11,Lunedì,Mattino,ROANA,SP 349 Costo,Dosso,Bagnato,Assente,Vento forte,11.436574166269143,45.82741913415349,0
7,Mercoledì,Notte,CHIUPPANO,SP 349 Costo,Curva,Sdrucciolevole,Verticale,Altro,11.448208706659699,45.76292763609786,0
8,Martedì,Pomeriggio,ROANA,SP 349 Costo,Intersezione con semaforo o vigile,Bagnato,Assente,Sereno,11.436051340376919,45.82911823859967,0
2,Lunedì,Pomeriggio,MALO,SP 046 Pasubio,Intersezione segnalata,Innevato,Assente,Altro,11.429716130290899,45.64176302255337,0
8,Venerdì,Pomeriggio,MALO,SP 046 Pasubio,Intersezione non segnalata,Innevato,Temporanea di cantiere,Nebbia,11.428989569565724,45.64229391806953,0
7,Domenica,Notte,VICENZA,SP 046 Pasubio,Intersezione non segnalata,Asciutto,Verticale,Vento forte,11.506647361669948,45.579149146071586,0
10,Martedì,Sera,ROANA,SP 349 Costo,Galleria illuminata,Bagnato,Assente,Sereno,11.45654214009832,45.85521921864891,0
2,Lunedì,Notte,VALDASTICO,SP 350 Val d'Astico,Rettilineo,Ghiacciato,Temporanea di cantiere,Nebbia,11.359369542507599,45.877668245072314,0
9,Domenica,Pomeriggio,THIENE,SP 349 var Costo Variante,Pendenza,Sdrucciolevole,Orizzontale,Nebbia,11.456805523878817,45.70087652236002,0
12,Venerdì,Notte,VICENZA,SP 046 Pasubio,Galleria illuminata,Ghiacciato,Orizzontale,Neve,11.503368719802738,45.54848713923359,0
7,Venerdì,Mattino,SANTORSO,SP 349 Costo,Rettilineo,Asciutto,Verticale,Vento forte,11.403184599081992,45.736441015890136,0
2,Mercoledì,Pomeriggio,ROANA,SP 349 Costo,Galleria illuminata,Sdrucciolevole,Verticale,Nebbia,11.468031026553682,45.89697196540819,0
7,Martedì,Sera,CHIUPPANO,SP 349 Costo,Curva,Bagnato,Orizzontale,Pioggia,11.457481801803016,45.76777658176744,0
7,Lunedì,Sera,VICENZA,SP 046 Pasubio,Intersezione non segnalata,Bagnato,Temporanea di cantiere,Altro,11.508028412031866,45.543635653443616,0
7,Mercoledì,Mattino,VALDASTICO,SP 350 Val d'Astico,Incrocio,Ghiacciato,Temporanea di cantiere,Neve,11.361983058936143,45.87263365632342,0
4,Domenica,Pomeriggio,VICENZA,SP 046 Pasubio,Intersezione non segnalata,Asciutto,Verticale,Altro,11.49405172983434,45.56903361515867,0
8,Sabato,Notte,MALO,SP 046 Pasubio,Intersezione non segnalata,Asciutto,Verticale,Neve,11.406610684698423,45.666303265988184,0
7,Giovedì,Notte,PIOVENE ROCCHETTE,SP 350 Val d'Astico,Curva,Ghiacciato,Assente,Sereno,11.434924906005405,45.7632186970224,0
8,Venerdì,Notte,MALO,SP 046 Pasubio,Dosso,Sdrucciolevole,Assente,Neve,11.405536509250473,45.6703892257168,0
8,Domenica,Sera,LASTEBASSE,SP 350 Val d'Astico,Incrocio,Asciutto,Assente,Sereno,11.264359829018135,45.917191552403374,0
10,Sabato,Mattino,VALDASTICO,SP 350 Val d'Astico,Pendenza,Ghiacciato,Verticale,Neve,11.370091922603763,45.83985316098816,0
11,Giovedì,Notte,VALLI DEL PASUBIO,SP 046 Pasubio,Intersezione con semaforo o vigile,Bagnato,Temporanea di cantiere,Altro,11.185338192342002,45.75833294056749,0
10,Venerdì,Pomeriggio,ASIAGO,SP 349 Costo,Incrocio,Ghiacciato,Verticale,Pioggia,11.416711394847264,45.951700144707445,0
11,Mercoledì,Pomeriggio,COGOLLO DEL CENGIO,SP 349 Costo,Curva,Innevato,Assente,Pioggia,11.422821866402623,45.803822042541114,0
3,Sabato,Notte,ROANA,SP 349 Costo,Rettilineo,Bagnato,Assente,Sereno,11.445134090446505,45.930692939813,0
4,Domenica,Notte,ASIAGO,SP 349 Costo,Pendenza,Innevato,Temporanea di cantiere,Altro,11.49866672368719,45.876803573156096,0
7,Domenica,Mattino,ROANA,SP 349 Costo,Incrocio,Bagnato,Assente,Nebbia,11.435207516763178,45.831993147560716,0
6,Domenica,Sera,VICENZA,SP 046 Pasubio,Intersezione con semaforo o vigile,Ghiacciato,Temporanea di cantiere,Sereno,11.506087454917425,45.58226892665575,0
9,Martedì,Mattino,SCHIO,SP 349 Costo,Rotatoria,Sdrucciolevole,Verticale,Altro,11.371174771257897,45.72832299194809,0
1,Mercoledì,Notte,MALO,SP 046 Pasubio,Pendenza,Asciutto,Assente,Altro,11.399966112792058,45.683369993285424,0
2,Martedì,Sera,VICENZA,SP 046 Pasubio,Rettilineo,Asciutto,Temporanea di cantiere,Vento forte,11.508354639767536,45.541455342221454,0
9,Lunedì,Pomeriggio,CALDOGNO,SP 349 Costo,Curva,Sdrucciolevole,Temporanea di cantiere,Sereno,11.491388727786397,45.62537926228282,0
10,Martedì,Notte,COGOLLO DEL CENGIO,SP 349 Costo,Pendenza,Asciutto,Verticale,Sereno,11.43515371880103,45.81742248642642,0
4,Martedì,Mattino,ZANE',SP 349 Costo,Intersezione non segnalata,Ghiacciato,Assente,Neve,11.462588123294418,45.71371667342885,0
7,Venerdì,Sera,VICENZA,SP 046 Pasubio,Dosso,Sdrucciolevole,Assente,Nebbia,11.508251632813776,45.5424069139488,0
6,Lunedì,Notte,PIOVENE ROCCHETTE,SP 350 Val d'Astico,Intersezione non segnalata,Bagnato,Temporanea di cantiere,Pioggia,11.431694543591874,45.76477467472771,0
3,Sabato,Notte,ARSIERO,SP 350 Val d'Astico,Dosso,Asciutto,Verticale,Neve,11.363079076836685,45.815864747059905,0
7,Giovedì,Notte,VALLI DEL PASUBIO,SP 046 Pasubio,Dosso,Bagnato,Assente,Sereno,11.250426992217797,45.74384256316675,0
10,Martedì,Sera,VILLAVERLA,SP 349 Costo,Galleria illuminata,Sdrucciolevole,Orizzontale,Nebbia,11.493677830662495,45.65649426003147,0
9,Mercoledì,Notte,VALLI DEL PASUBIO,SP 046 Pasubio,Curva,Bagnato,Temporanea di cantiere,Neve,11.260408117365714,45.74083937121442,0
10,Domenica,Sera,SCHIO,SP 046 var Torrebelvicino,Rettilineo,Bagnato,Verticale,Sereno,11.33308920854472,45.71416692423498,0
8,Domenica,Mattino,MALO,SP 046 Pasubio,Dosso,Bagnato,Verticale,Pioggia,11.419363356911735,45.6523321269695,0
11,Mercoledì,Mattino,SANTORSO,SP 349 Costo,Dosso,Bagnato,Temporanea di cantiere,Sereno,11.388603327676947,45.732794593535786,0
2,Martedì,Pomeriggio,ARSIERO,SP 350 Val d'Astico,Intersezione segnalata,Sdrucciolevole,Verticale,Altro,11.366398106274573,45.80322497475023,0
12,Venerdì,Pomeriggio,VALLI DEL PASUBIO,SP 046 Pasubio,Pendenza,Sdrucciolevole,Orizzontale,Nebbia,11.184657312875856,45.75822913854016,0
8,Giovedì,Notte,VALLI DEL PASUBIO,SP 046 Pasubio,Rettilineo,Ghiacciato,Orizzontale,Pioggia,11.202231728958191,45.76029681880824,0
3,Giovedì,Pomeriggio,VALLI DEL PASUBIO,SP 046 Pasubio,Pendenza,Sdrucciolevole,Orizzontale,Nebbia,11.190801116235773,45.75804618364759,0
11,Martedì,Notte,VALDASTICO,SP 350 Val d'Astico,Intersezione con semaforo o vigile,Innevato,Verticale,Neve,11.331783087455161,45.89783228729112,0
4,Lunedì,Mattino,PIOVENE ROCCHETTE,SP 349 Costo,Dosso,Sdrucciolevole,Orizzontale,Neve,11.436769560501212,45.742704529706586,0
8,Sabato,Sera,TORREBELVICINO,SP 046 var Torrebelvicino,Dosso,Bagnato,Verticale,Nebbia,11.321972838096713,45.713662891551365,0
3,Giovedì,Sera,THIENE,SP 349 Costo,Dosso,Sdrucciolevole,Temporanea di cantiere,Nebbia,11.487739814653649,45.67437842733081,0
3,Mercoledì,Mattino,VICENZA,SP 046 Pasubio,Intersezione con semaforo o vigile,Bagnato,Assente,Altro,11.498363745667502,45.555803032779465,0
7,Domenica,Sera,SANTORSO,SP 349 Costo,Dosso,Sdrucciolevole,Temporanea di cantiere,Nebbia,11.395660995761853,45.73462083610393,0
1,Lunedì,Mattino,ARSIERO,SP 350 Val d'Astico,Incrocio,Innevato,Orizzontale,Vento forte,11.364160649870666,45.81945504360659,0
3,Mercoledì,Mattino,THIENE,SP 349 Costo,Dosso,Bagnato,Orizzontale,Nebbia,11.488252696795264,45.67274927836855,0
7,Giovedì,Sera,VALLI DEL PASUBIO,SP 046 Pasubio,Intersezione segnalata,Sdrucciolevole,Assente,Neve,11.22620722930804,45.752234500190696,0
5,Giovedì,Sera,COSTABISSARA,SP 046 Pasubio,Rettilineo,Ghiacciato,Assente,Sereno,11.493464441664624,45.60351081640783,0
8,Venerdì,Mattino,MALO,SP 046 Pasubio,Dosso,Ghiacciato,Verticale,Altro,11.406265528421855,45.667846767716576,0
8,Lunedì,Notte,ROANA,SP 349 Costo,Rettilineo,Asciutto,Verticale,Sereno,11.452884954487022,45.922626540572914,0
12,Lunedì,Mattino,VALDASTICO,SP 350 Val d'Astico,Intersezione segnalata,Bagnato,Orizzontale,Sereno,11.368202443282199,45.841749812343025,0
11,Lunedì,Mattino,LASTEBASSE,SP 350 Val d'Astico,Dosso,Innevato,Verticale,Altro,11.286140029440254,45.913346839694796,0
3,Venerdì,Notte,VILLAVERLA,SP 349 Costo,Intersezione non segnalata,Innevato,Temporanea di cantiere,Altro,11.491332862596108,45.66230966631595,0
9,Sabato,Notte,MALO,SP 046 Pasubio,Intersezione segnalata,Ghiacciato,Orizzontale,Neve,11.43317350024443,45.63911860877756,0
8,Domenica,Pomeriggio,VALDASTICO,SP 350 Val d'Astico,Incrocio,Asciutto,Orizzontale,Vento forte,11.350248768147816,45.89156497840151,0
8,Giovedì,Mattino,COSTABISSARA,SP 046 Pasubio,Intersezione segnalata,Sdrucciolevole,Temporanea di cantiere,Nebbia,11.492538875576296,45.60425779899984,0
10,Lunedì,Sera,COGOLLO DEL CENGIO,SP 349 Costo,Rotatoria,Asciutto,Verticale,Altro,11.428577809333792,45.79295861173914,0
2,Venerdì,Notte,LASTEBASSE,SP 350 Val d'Astico,Intersezione con semaforo o vigile,Bagnato,Orizzontale,Altro,11.293034901607141,45.91325404220189,0
5,Domenica,Pomeriggio,VICENZA,SP 046 Pasubio,Rotatoria,Innevato,Orizzontale,Nebbia,11.505349101022116,45.5785121776541,0
10,Giovedì,Notte,LASTEBASSE,SP 350 Val d'Astico,Intersezione non segnalata,Bagnato,Verticale,Pioggia,11.285811439283469,45.91336492800304,0
11,Sabato,Mattino,VALLI DEL PASUBIO,SP 046 Pasubio,Rettilineo,Asciutto,Temporanea di cantiere,Vento forte,11.242461939854948,45.74387676127443,0
1,Venerdì,Pomeriggio,LASTEBASSE,SP 350 Val d'Astico,Pendenza,Ghiacciato,Orizzontale,Nebbia,11.300095034790228,45.910397597967325,0
6,Martedì,Notte,TORREBELVICINO,SP 046 Pasubio,Rotatoria,Ghiacciato,Orizzontale,Nebbia,11.289727659763429,45.71987568790518,0
3,Domenica,Pomeriggio,ARSIERO,SP 350 Val d'Astico,Dosso,Innevato,Assente,Neve,11.368659945593183,45.82660981700012,0
1,Domenica,Notte,ISOLA VICENTINA,SP 046 Pasubio,Pendenza,Ghiacciato,Assente,Nebbia,11.464434922314918,45.61661229668893,0
7,Lunedì,Notte,VALLI DEL PASUBIO,SP 046 Pasubio,Dosso,Ghiacciato,Temporanea di cantiere,Sereno,11.204730066632782,45.75902556562686,0
9,Lunedì,Pomeriggio,ISOLA VICENTINA,SP 046 Pasubio,Intersezione non segnalata,Innevato,Assente,Pioggia,11.44773583791599,45.62603049303837,0
7,Sabato,Mattino,VICENZA,SP 046 Pasubio,Incrocio,Bagnato,Temporanea di cantiere,Neve,11.494738912596658,45.56316280074813,0
5,Sabato,Pomeriggio,ASIAGO,SP 349 Costo,Incrocio,Sdrucciolevole,Verticale,Altro,11.490645578621915,45.87927980425766,0
10,Sabato,Pomeriggio,SANTORSO,SP 349 Costo,Dosso,Sdrucciolevole,Assente,Nebbia,11.40469348946605,45.736665886798306,0
8,Sabato,Pomeriggio,VALDASTICO,SP 350 Val d'Astico,Intersezione con semaforo o vigile,Ghiacciato,Orizzontale,Altro,11.358168431099624,45.88009776591963,0
11,Venerdì,Pomeriggio,SCHIO,SP 349 var Costo Variante,Intersezione con semaforo o vigile,Sdrucciolevole,Verticale,Vento forte,11.422302665554952,45.72391717529494,0
5,Sabato,Pomeriggio,MALO,SP 046 Pasubio,Incrocio,Sdrucciolevole,Assente,Pioggia,11.418832928474622,45.65307377001057,0
3,Martedì,Mattino,VICENZA,SP 046 Pasubio,Incrocio,Asciutto,Verticale,Altro,11.495481200103221,45.56049733191202,0
6,Sabato,Pomeriggio,COGOLLO DEL CENGIO,SP 349 Costo,Rettilineo,Ghiacciato,Assente,Sereno,11.438325101187182,45.787157913879945,0
7,Martedì,Mattino,LASTEBASSE,SP 350 Val d'Astico,Galleria illuminata,Asciutto,Verticale,Pioggia,11.272092886118163,45.91534283287852,0
6,Lunedì,Sera,COGOLLO DEL CENGIO,SP 350 Val d'Astico,Rotatoria,Sdrucciolevole,Orizzontale,Pioggia,11.41992525645052,45.78545053000177,0
10,Mercoledì,Notte,VALDASTICO,SP 350 Val d'Astico,Incrocio,Sdrucciolevole,Assente,Nebbia,11.36165242705347,45.85822721197862,0
1,Domenica,Pomeriggio,COSTABISSARA,SP 046 Pasubio,Incrocio,Ghiacciato,Temporanea di cantiere,Altro,11.496138330427053,45.57298734137548,0
7,Venerdì,Sera,ISOLA VICENTINA,SP 046 Pasubio,Pendenza,Sdrucciolevole,Assente,Pioggia,11.437054436625438,45.635780216497885,0
6,Domenica,Pomeriggio,ROANA,SP 349 Costo,Pendenza,Asciutto,Orizzontale,Pioggia,11.472022929933557,45.88667395631688,0
3,Mercoledì,Mattino,ROANA,SP 349 Costo,Intersezione con semaforo o vigile,Sdrucciolevole,Temporanea di cantiere,Neve,11.436574770746214,45.843401313552526,0
8,Giovedì,Mattino,ROANA,SP 349 Costo,Dosso,Bagnato,Temporanea di cantiere,Nebbia,11.469910213959391,45.893640030843265,0
10,Sabato,Sera,MALO,SP 046 Pasubio,Intersezione segnalata,Bagnato,Orizzontale,Vento forte,11.403004191746962,45.676860781790495,0
7,Venerdì,Pomeriggio,MALO,SP 046 Pasubio,Intersezione segnalata,Bagnato,Verticale,Sereno,11.416772700925666,45.65594209544246,0
2,Giovedì,Sera,COGOLLO DEL CENGIO,SP 349 Costo,Rotatoria,Asciutto,Orizzontale,Vento forte,11.42925911771383,45.7992331412475,0
1,Domenica,Pomeriggio,COGOLLO DEL CENGIO,SP 349 Costo,Pendenza,Innevato,Orizzontale,Altro,11.426527423434264,45.80005909062586,0
6,Venerdì,Notte,ASIAGO,SP 349 Costo,Rotatoria,Bagnato,Orizzontale,Nebbia,11.492791756155958,45.86820417463158,0
9,Domenica,Pomeriggio,COGOLLO DEL CENGIO,SP 350 Val d'Astico,Pendenza,Sdrucciolevole,Verticale,Sereno,11.429467197300493,45.780632121388756,0
4,Venerdì,Sera,VALDASTICO,SP 350 Val d'Astico,Intersezione non segnalata,Innevato,Temporanea di cantiere,Neve,11.355714424300377,45.88408368019277,0
4,Mercoledì,Pomeriggio,ROANA,SP 349 Costo,Galleria illuminata,Bagnato,Assente,Vento forte,11.453422154725455,45.8486297089611,0
11,Lunedì,Notte,ROANA,SP 349 Costo,Galleria illuminata,Innevato,Verticale,Sereno,11.456416423652998,45.855958660586865,0
1,Mercoledì,Mattino,VICENZA,SP 046 Pasubio,Galleria illuminata,Sdrucciolevole,Orizzontale,Nebbia,11.504548347819423,45.58408350606665,0
1,Mercoledì,Notte,LASTEBASSE,SP 350 Val d'Astico,Incrocio,Innevato,Orizzontale,Sereno,11.261983335874532,45.918366979140174,0
2,Domenica,Mattino,ROANA,SP 349 Costo,Pendenza,Sdrucciolevole,Assente,Vento forte,11.436210962569351,45.82862022723782,0
12,Domenica,Pomeriggio,VALLI DEL PASUBIO,SP 046 Pasubio,Pendenza,Asciutto,Verticale,Nebbia,11.228577614230097,45.75084705803354,0
6,Mercoledì,Sera,ROANA,SP 349 Costo,Dosso,Innevato,Assente,Vento forte,11.475080645045074,45.865432012034866,0
2,Mercoledì,Pomeriggio,ASIAGO,SP 349 Costo,Galleria illuminata,Innevato,Verticale,Vento forte,11.418154648448633,45.95106841895843,0
4,Giovedì,Sera,TORREBELVICINO,SP 046 var Torrebelvicino,Intersezione non segnalata,Innevato,Assente,Pioggia,11.320565824035848,45.71362019824917,0
12,Lunedì,Pomeriggio,THIENE,SP 349 var Costo Variante,Intersezione con semaforo o vigile,Asciutto,Temporanea di cantiere,Altro,11.452906243497528,45.704765432233096,0
9,Giovedì,Pomeriggio,ZANE',SP 349 var Costo Variante,Rettilineo,Innevato,Assente,Nebbia,11.436165908605709,45.71343497910779,0
3,Lunedì,Sera,LASTEBASSE,SP 350 Val d'Astico,Pendenza,Bagnato,Orizzontale,Pioggia,11.28819972208727,45.91287532071069,0
3,Lunedì,Pomeriggio,LASTEBASSE,SP 350 Val d'Astico,Rotatoria,Innevato,Verticale,Pioggia,11.313681041084116,45.90736478855039,0
1,Venerdì,Notte,LASTEBASSE,SP 350 Val d'Astico,Galleria illuminata,Innevato,Temporanea di cantiere,Sereno,11.290158876061174,45.913075883621175,0
10,Sabato,Sera,COGOLLO DEL CENGIO,SP 349 Costo,Rotatoria,Asciutto,Temporanea di cantiere,Vento forte,11.422977092787042,45.801297066110656,0
2,Martedì,Sera,PIOVENE ROCCHETTE,SP 349 Costo,Rotatoria,Bagnato,Assente,Pioggia,11.418517988717147,45.74311244240274,0
4,Sabato,Pomeriggio,ZANE',SP 349 var Costo Variante,Rettilineo,Bagnato,Verticale,Altro,11.434546716977332,45.71424430224119,0
5,Martedì,Sera,ASIAGO,SP 349 Costo,Incrocio,Bagnato,Orizzontale,Altro,11.491846648855699,45.86859701357472,0
8,Lunedì,Notte,VALDASTICO,SP 350 Val d'Astico,Rettilineo,Sdrucciolevole,Temporanea di cantiere,Altro,11.368458271893632,45.84147348639487,0
8,Mercoledì,Sera,CHIUPPANO,SP 349 Costo,Curva,Sdrucciolevole,Verticale,Nebbia,11.451271412292323,45.76457963419047,0
10,Giovedì,Pomeriggio,ROANA,SP 349 Costo,Rettilineo,Ghiacciato,Temporanea di cantiere,Vento forte,11.436310370047535,45.944149351801755,0
4,Lunedì,Notte,VALDASTICO,SP 350 Val d'Astico,Intersezione non segnalata,Ghiacciato,Temporanea di cantiere,Neve,11.358993209659225,45.87858443932975,0
5,Venerdì,Notte,CALDOGNO,SP 349 Costo,Incrocio,Bagnato,Assente,Vento forte,11.491415995822951,45.622112713136715,0
5,Sabato,Sera,VICENZA,SP 046 Pasubio,Galleria illuminata,Asciutto,Orizzontale,Sereno,11.502187631805258,45.55033761369452,0
1,Mercoledì,Sera,ROANA,SP 349 Costo,Rettilineo,Ghiacciato,Temporanea di cantiere,Vento forte,11.442568478435188,45.93497756236768,0
9,Mercoledì,Sera,ROANA,SP 349 Costo,Rettilineo,Asciutto,Assente,Sereno,11.465965036862768,45.8983495082619,0
7,Sabato,Notte,PIOVENE ROCCHETTE,SP 349 Costo,Curva,Asciutto,Orizzontale,Sereno,11.422516391379421,45.74552473261334,0
6,Giovedì,Sera,COGOLLO DEL CENGIO,SP 349 Costo,Galleria illuminata,Ghiacciato,Verticale,Sereno,11.424817403604079,45.79516327186015,0
12,Venerdì,Sera,ZANE',SP 349 Costo,Intersezione non segnalata,Bagnato,Verticale,Pioggia,11.462815788278771,45.71358284662571,0
3,Mercoledì,Pomeriggio,ROANA,SP 349 Costo,Rotatoria,Asciutto,Verticale,Vento forte,11.4865532921975,45.88005361383707,0
12,Venerdì,Mattino,MALO,SP 046 Pasubio,Dosso,Bagnato,Verticale,Pioggia,11.39972985481796,45.68387819702372,0
9,Giovedì,Mattino,TORREBELVICINO,SP 046 Pasubio,Dosso,Sdrucciolevole,Verticale,Nebbia,11.28299807022232,45.722540643497844,0
3,Domenica,Notte,THIENE,SP 349 Costo,Dosso,Innevato,Assente,Altro,11.484968317025677,45.68327224061779,0
9,Domenica,Sera,TORREBELVICINO,SP 046 Pasubio,Galleria illuminata,Innevato,Verticale,Sereno,11.279914702223305,45.726846037077024,0
10,Lunedì,Sera,ROANA,SP 349 Costo,Rettilineo,Ghiacciato,Temporanea di cantiere,Altro,11.437716172202963,45.82058523512704,0
5,Giovedì,Mattino,COGOLLO DEL CENGIO,SP 349 Costo,Curva,Innevato,Verticale,Pioggia,11.433498347855638,45.7961281649376,0
5,Martedì,Sera,ISOLA VICENTINA,SP 046 Pasubio,Intersezione non segnalata,Sdrucciolevole,Temporanea di cantiere,Pioggia,11.459513827677954,45.62060379746819,0
11,Lunedì,Pomeriggio,ROANA,SP 349 Costo,Curva,Sdrucciolevole,Assente,Neve,11.43370677627134,45.841079068646344,0
2,Martedì,Notte,COGOLLO DEL CENGIO,SP 350 Val d'Astico,Intersezione con semaforo o vigile,Innevato,Temporanea di cantiere,Nebbia,11.42673052683543,45.77325264702869,0
1,Venerdì,Sera,VALLI DEL PASUBIO,SP 046 Pasubio,Dosso,Bagnato,Verticale,Neve,11.221174832142145,45.75463429391823,0
8,Mercoledì,Sera,ZANE',SP 349 Costo,Intersezione segnalata,Innevato,Assente,Pioggia,11.454984481959437,45.71761269944239,0
11,Giovedì,Notte,CALDOGNO,SP 349 Costo,Rotatoria,Innevato,Temporanea di cantiere,Nebbia,11.4916746259109,45.63199568484378,0
7,Giovedì,Notte,CHIUPPANO,SP 349 Costo,Rotatoria,Bagnato,Temporanea di cantiere,Nebbia,11.4576260479359,45.7689355201661,0
2,Sabato,Mattino,ISOLA VICENTINA,SP 046 Pasubio,Dosso,Ghiacciato,Orizzontale,Pioggia,11.444623241667486,45.62804694461556,0
7,Giovedì,Notte,ARSIERO,SP 350 Val d'Astico,Pendenza,Ghiacciato,Verticale,Vento forte,11.367260482167703,45.82424637202809,0
4,Giovedì,Mattino,MALO,SP 046 Pasubio,Dosso,Ghiacciato,Assente,Vento forte,11.40397814653589,45.674715406170996,0
10,Domenica,Notte,CHIUPPANO,SP 349 Costo,Pendenza,Bagnato,Orizzontale,Neve,11.451408995937676,45.7646575822019,0
8,Mercoledì,Pomeriggio,VICENZA,SP 046 Pasubio,Rettilineo,Innevato,Verticale,Pioggia,11.5042671169081,45.54737658711949,0
5,Martedì,Sera,VICENZA,SP 046 Pasubio,Galleria illuminata,Sdrucciolevole,Temporanea di cantiere,Altro,11.507895615269735,45.54251278663992,0
8,Martedì,Mattino,SANTORSO,SP 349 Costo,Curva,Asciutto,Assente,Altro,11.385046805017035,45.73189039382885,0
9,Martedì,Pomeriggio,COGOLLO DEL CENGIO,SP 349 Costo,Galleria illuminata,Asciutto,Assente,Pioggia,11.425104408490059,45.8091721404311,0
9,Sabato,Notte,LASTEBASSE,SP 350 Val d'Astico,Rettilineo,Ghiacciato,Temporanea di cantiere,Pioggia,11.316393799974067,45.90315368988358,0
5,Giovedì,Sera,ARSIERO,SP 350 Val d'Astico,Rotatoria,Sdrucciolevole,Verticale,Sereno,11.37722216146645,45.80162857841206,0
7,Venerdì,Sera,ROANA,SP 349 Costo,Rettilineo,Asciutto,Assente,Sereno,11.435118705302177,45.84244033670199,0
1,Mercoledì,Pomeriggio,LASTEBASSE,SP 350 Val d'Astico,Dosso,Sdrucciolevole,Assente,Nebbia,11.28673899597467,45.91320324963131,0
5,Domenica,Notte,VALLI DEL PASUBIO,SP 046 Pasubio,Incrocio,Sdrucciolevole,Orizzontale,Sereno,11.265767059662396,45.73815191075764,0
5,Lunedì,Sera,COSTABISSARA,SP 046 Pasubio,Intersezione con semaforo o vigile,Asciutto,Assente,Altro,11.496878389913526,45.59506736458371,0
7,Martedì,Pomeriggio,ASIAGO,SP 349 Costo,Rettilineo,Bagnato,Assente,Altro,11.493618572849478,45.87978602284198,0
12,Mercoledì,Notte,ISOLA VICENTINA,SP 046 Pasubio,Pendenza,Ghiacciato,Temporanea di cantiere,Nebbia,11.435821120247304,45.637347576796984,0
6,Domenica,Pomeriggio,ZANE',SP 349 Costo,Pendenza,Ghiacciato,Verticale,Vento forte,11.462814703829089,45.71358348409316,0
8,Mercoledì,Mattino,VICENZA,SP 046 Pasubio,Rettilineo,Asciutto,Orizzontale,Neve,11.506618512242822,45.545449001265354,0
2,Domenica,Mattino,THIENE,SP 349 var Costo Variante,Pendenza,Ghiacciato,Temporanea di cantiere,Nebbia,11.454941395231161,45.702942051093295,0
6,Venerdì,Notte,THIENE,SP 349 Costo,Rotatoria,Innevato,Verticale,Pioggia,11.48848973697184,45.67201403185329,0
9,Mercoledì,Notte,VICENZA,SP 046 Pasubio,Intersezione segnalata,Asciutto,Assente,Vento forte,11.506370838767985,45.545021391830076,0
9,Domenica,Mattino,MALO,SP 046 Pasubio,Pendenza,Innevato,Verticale,Nebbia,11.424705162848598,45.64687218103862,0
12,Mercoledì,Notte,ASIAGO,SP 349 Costo,Incrocio,Asciutto,Assente,Altro,11.415249264859359,45.95117285973227,0
6,Martedì,Sera,ROANA,SP 349 Costo,Intersezione con semaforo o vigile,Ghiacciato,Temporanea di cantiere,Nebbia,11.453386592014748,45.84886794364159,0
11,Venerdì,Sera,VALLI DEL PASUBIO,SP 046 Pasubio,Incrocio,Bagnato,Verticale,Vento forte,11.198801362347824,45.760697565871006,0
12,Mercoledì,Mattino,VALDASTICO,SP 350 Val d'Astico,Intersezione con semaforo o vigile,Ghiacciato,Verticale,Neve,11.369757661200884,45.83593569744092,0
7,Giovedì,Sera,ASIAGO,SP 349 Costo,Curva,Innevato,Orizzontale,Pioggia,11.50344021308298,45.87298393970199,0
2,Venerdì,Sera,ROANA,SP 349 Costo,Intersezione con semaforo o vigile,Innevato,Temporanea di cantiere,Pioggia,11.436100973602402,45.94294447589284,0
5,Mercoledì,Notte,MALO,SP 046 Pasubio,Incrocio,Innevato,Assente,Pioggia,11.429023578953057,45.64227080388557,0
7,Lunedì,Pomeriggio,VICENZA,SP 046 rac Pasubio Raccordo del Sole,Dosso,Bagnato,Verticale,Vento forte,11.507778641547889,45.537273709104426,0
12,Venerdì,Notte,VALLI DEL PASUBIO,SP 046 Pasubio,Intersezione non segnalata,Sdrucciolevole,Assente,Pioggia,11.205946104850618,45.7584379369875,0
10,Mercoledì,Pomeriggio,TORREBELVICINO,SP 046 var Torrebelvicino,Rettilineo,Ghiacciato,Assente,Vento forte,11.308710837357534,45.71600127933337,0
1,Sabato,Pomeriggio,COGOLLO DEL CENGIO,SP 349 Costo,Dosso,Asciutto,Temporanea di cantiere,Pioggia,11.428026735574736,45.79542003082725,0
11,Martedì,Mattino,ASIAGO,SP 349 Costo,Intersezione con semaforo o vigile,Sdrucciolevole,Temporanea di cantiere,Altro,11.419669791003704,45.95184847692035,0
5,Lunedì,Mattino,LASTEBASSE,SP 350 Val d'Astico,Pendenza,Sdrucciolevole,Orizzontale,Neve,11.259854530103482,45.91936655077173,0
10,Lunedì,Notte,ASIAGO,SP 349 Costo,Incrocio,Innevato,Assente,Sereno,11.409375044677033,45.947162082640844,0
7,Lunedì,Sera,TORREBELVICINO,SP 046 Pasubio,Intersezione non segnalata,Asciutto,Assente,Pioggia,11.280038619949735,45.72609075893269,0
6,Giovedì,Notte,COGOLLO DEL CENGIO,SP 349 Costo,Galleria illuminata,Asciutto,Temporanea di cantiere,Pioggia,11.42531276066782,45.80081474058796,0
1,Martedì,Pomeriggio,THIENE,SP 349 Costo,Intersezione segnalata,Asciutto,Orizzontale,Sereno,11.489497083734559,45.66888484803993,0
2,Martedì,Mattino,VALDASTICO,SP 350 Val d'Astico,Intersezione segnalata,Sdrucciolevole,Verticale,Nebbia,11.36158242507323,45.85914911186254,0
8,Giovedì,Pomeriggio,LASTEBASSE,SP 350 Val d'Astico,Intersezione segnalata,Sdrucciolevole,Orizzontale,Neve,11.321502823186405,45.902636661505476,0
7,Giovedì,Pomeriggio,ARSIERO,SP 350 Val d'Astico,Curva,Sdrucciolevole,Orizzontale,Vento forte,11.368919348418942,45.83070039576393,0
7,Martedì,Mattino,SCHIO,SP 349 Costo,Curva,Bagnato,Assente,Vento forte,11.371727473091749,45.72846022969568,0
2,Domenica,Sera,TORREBELVICINO,SP 046 Pasubio,Dosso,Bagnato,Temporanea di cantiere,Altro,11.281220877785906,45.72385344372152,0
7,Lunedì,Notte,CHIUPPANO,SP 349 Costo,Curva,Sdrucciolevole,Orizzontale,Nebbia,11.455966933523646,45.76715955708188,0
1,Domenica,Notte,ASIAGO,SP 349 Costo,Galleria illuminata,Asciutto,Verticale,Sereno,11.413883090090872,45.95016906845617,0
2,Sabato,Sera,COGOLLO DEL CENGIO,SP 349 Costo,Curva,Ghiacciato,Orizzontale,Altro,11.432216670479233,45.79547698618585,0
6,Venerdì,Mattino,THIENE,SP 349 Costo,Intersezione segnalata,Asciutto,Verticale,Neve,11.488753394663835,45.67122686738452,0
8,Lunedì,Mattino,ASIAGO,SP 349 Costo,Intersezione segnalata,Ghiacciato,Orizzontale,Altro,11.386582003407517,45.95175599625366,0
8,Domenica,Notte,SANTORSO,SP 349 Costo,Galleria illuminata,Sdrucciolevole,Orizzontale,Nebbia,11.377822173171472,45.730033379527256,0
12,Venerdì,Pomeriggio,THIENE,SP 349 Costo,Intersezione con semaforo o vigile,Innevato,Orizzontale,Vento forte,11.485256439321041,45.682356254280734,0
11,Sabato,Mattino,ROANA,SP 349 Costo,Incrocio,Ghiacciato,Orizzontale,Altro,11.445491023856981,45.93024434902081,0
5,Domenica,Mattino,VICENZA,SP 046 rac Pasubio Raccordo del Sole,Intersezione segnalata,Sdrucciolevole,Orizzontale,Pioggia,11.508680908042495,45.5374211852712,0
10,Mercoledì,Mattino,LASTEBASSE,SP 350 Val d'Astico,Dosso,Ghiacciato,Verticale,Neve,11.265481212664241,45.916682859587105,0
2,Sabato,Mattino,THIENE,SP 349 Costo,Intersezione con semaforo o vigile,Asciutto,Temporanea di cantiere,Vento forte,11.484743898236413,45.683945484490486,0
11,Lunedì,Sera,COGOLLO DEL CENGIO,SP 349 Costo,Curva,Asciutto,Assente,Vento forte,11.43272127952538,45.79461770095456,0
5,Sabato,Pomeriggio,ROANA,SP 349 Costo,Dosso,Sdrucciolevole,Assente,Nebbia,11.47002653116958,45.89202764995593,0
10,Lunedì,Sera,ROANA,SP 349 Costo,Pendenza,Innevato,Assente,Pioggia,11.477185537602466,45.8837344790993,0
12,Giovedì,Notte,SCHIO,SP 046 Pasubio,Curva,Innevato,Temporanea di cantiere,Pioggia,11.386038913213445,45.69581458404575,0
9,Giovedì,Pomeriggio,ROANA,SP 349 Costo,Pendenza,Bagnato,Assente,Neve,11.456714327373028,45.85478326101939,0
12,Giovedì,Mattino,VICENZA,SP 046 rac Pasubio Raccordo del Sole,Dosso,Bagnato,Orizzontale,Altro,11.508137604727048,45.538289602692075,0
1,Martedì,Notte,VALDASTICO,SP 350 Val d'Astico,Galleria illuminata,Innevato,Verticale,Neve,11.360149900791225,45.8742877059476,0
3,Giovedì,Notte,ISOLA VICENTINA,SP 046 Pasubio,Incrocio,Sdrucciolevole,Assente,Vento forte,11.465889327565257,45.615220673088935,0
8,Mercoledì,Pomeriggio,COGOLLO DEL CENGIO,SP 349 Costo,Pendenza,Asciutto,Assente,Neve,11.43232158301752,45.78889090998954,0
7,Giovedì,Mattino,ISOLA VICENTINA,SP 046 Pasubio,Incrocio,Bagnato,Assente,Altro,11.480641559325198,45.60839275128255,0
2,Domenica,Notte,TORREBELVICINO,SP 046 Pasubio,Intersezione con semaforo o vigile,Innevato,Orizzontale,Vento forte,11.27691423987789,45.730620491385544,0
9,Giovedì,Pomeriggio,VICENZA,SP 046 Pasubio,Rettilineo,Innevato,Assente,Altro,11.496239767085441,45.55915562547587,0
1,Martedì,Mattino,ROANA,SP 349 Costo,Dosso,Innevato,Temporanea di cantiere,Neve,11.445869328190835,45.929935349717965,0
12,Giovedì,Pomeriggio,ROANA,SP 349 Costo,Dosso,Asciutto,Temporanea di cantiere,Sereno,11.433601919599608,45.840667692720224,0
2,Martedì,Pomeriggio,LASTEBASSE,SP 350 Val d'Astico,Intersezione con semaforo o vigile,Innevato,Assente,Neve,11.288951520129602,45.912906717644645,0
6,Sabato,Notte,TORREBELVICINO,SP 046 Pasubio,Intersezione non segnalata,Asciutto,Temporanea di cantiere,Altro,11.300188722401613,45.71906362191402,0
10,Sabato,Sera,COGOLLO DEL CENGIO,SP 349 Costo,Incrocio,Innevato,Orizzontale,Sereno,11.435573352510241,45.7878777997643,0
7,Martedì,Sera,PIOVENE ROCCHETTE,SP 350 Val d'Astico,Dosso,Innevato,Assente,Pioggia,11.4275120606089,45.76878560426388,0
9,Venerdì,Notte,COGOLLO DEL CENGIO,SP 350 Val d'Astico,Rotatoria,Bagnato,Orizzontale,Nebbia,11.428155281706552,45.7761960028543,0
9,Sabato,Mattino,VICENZA,SP 046 Pasubio,Rotatoria,Asciutto,Temporanea di cantiere,Pioggia,11.509246394397227,45.580833564491776,0
12,Venerdì,Mattino,COGOLLO DEL CENGIO,SP 350 Val d'Astico,Galleria illuminata,Ghiacciato,Assente,Sereno,11.403605348981026,45.79158645435809,0
6,Venerdì,Notte,ROANA,SP 349 Costo,Pendenza,Asciutto,Verticale,Sereno,11.455354644262032,45.91615419192473,0
12,Mercoledì,Sera,COGOLLO DEL CENGIO,SP 350 Val d'Astico,Galleria illuminata,Sdrucciolevole,Verticale,Sereno,11.402857697722977,45.79173376722355,0
7,Martedì,Mattino,VICENZA,SP 046 rac Pasubio Raccordo del Sole,Pendenza,Bagnato,Assente,Altro,11.508171213086511,45.54046932398339,0
11,Sabato,Pomeriggio,VALDASTICO,SP 350 Val d'Astico,Intersezione non segnalata,Sdrucciolevole,Assente,Altro,11.355598192800391,45.885058034934474,0
9,Mercoledì,Pomeriggio,VICENZA,SP 046 Pasubio,Intersezione segnalata,Innevato,Orizzontale,Neve,11.494562603564017,45.56442431625688,0
2,Sabato,Sera,SANTORSO,SP 349 Costo,Rotatoria,Innevato,Verticale,Neve,11.398413752742197,45.73529860881648,0
8,Domenica,Notte,CALDOGNO,SP 349 Costo,Intersezione con semaforo o vigile,Sdrucciolevole,Assente,Neve,11.490406208643906,45.61470758885879,0
11,Martedì,Notte,SAN VITO DI LEGUZZANO,SP 046 Pasubio,Pendenza,Bagnato,Orizzontale,Vento forte,11.398574459109781,45.685778792213455,0
2,Giovedì,Notte,VALDASTICO,SP 350 Val d'Astico,Pendenza,Innevato,Temporanea di cantiere,Pioggia,11.358002959885084,45.880266193943235,0
11,Lunedì,Mattino,ASIAGO,SP 349 Costo,Intersezione non segnalata,Sdrucciolevole,Assente,Nebbia,11.390398162193344,45.95144499243991,0
2,Mercoledì,Pomeriggio,MARANO VICENTINO,SP 349 var Costo Variante,Galleria illuminata,Asciutto,Assente,Sereno,11.438234883700108,45.71240085440866,0
11,Venerdì,Notte,VALDASTICO,SP 350 Val d'Astico,Intersezione non segnalata,Innevato,Assente,Vento forte,11.365643433827683,45.849067891008126,0
10,Venerdì,Sera,VICENZA,SP 046 Pasubio,Galleria illuminata,Innevato,Assente,Altro,11.504034331158941,45.54763607616148,0
2,Giovedì,Notte,VICENZA,SP 046 Pasubio,Incrocio,Bagnato,Temporanea di cantiere,Altro,11.50155256518291,45.55112197219378,0
9,Martedì,Mattino,COGOLLO DEL CENGIO,SP 349 Costo,Incrocio,Asciutto,Verticale,Sereno,11.430407853786853,45.79603636153081,0
2,Giovedì,Sera,VALDASTICO,SP 350 Val d'Astico,Rotatoria,Asciutto,Orizzontale,Neve,11.363782759893684,45.85232517047677,0
7,Giovedì,Pomeriggio,COGOLLO DEL CENGIO,SP 350 Val d'Astico,Curva,Sdrucciolevole,Orizzontale,Altro,11.413862822467793,45.78766510705026,0
3,Sabato,Sera,MALO,SP 046 Pasubio,Galleria illuminata,Ghiacciato,Verticale,Pioggia,11.406918480531964,45.66584974230371,0
3,Martedì,Notte,VALLI DEL PASUBIO,SP 046 Pasubio,Pendenza,Ghiacciato,Verticale,Altro,11.237145028031536,45.74641082658209,0
6,Venerdì,Mattino,SANTORSO,SP 349 Costo,Galleria illuminata,Asciutto,Temporanea di cantiere,Vento forte,11.38515536666797,45.73191837218519,0
5,Venerdì,Pomeriggio,ASIAGO,SP 349 Costo,Rettilineo,Innevato,Orizzontale,Nebbia,11.43332909205492,45.94889052677778,0
1,Mercoledì,Notte,VICENZA,SP 046 Pasubio,Intersezione segnalata,Asciutto,Assente,Nebbia,11.495362805721172,45.572204847892564,0
6,Martedì,Sera,ROANA,SP 349 Costo,Intersezione segnalata,Asciutto,Verticale,Neve,11.44537812788184,45.93038163813272,0
4,Giovedì,Sera,VICENZA,SP 046 Pasubio,Dosso,Ghiacciato,Assente,Vento forte,11.495815048065845,45.55983363422139,0
2,Domenica,Pomeriggio,ROANA,SP 349 Costo,Intersezione segnalata,Ghiacciato,Assente,Pioggia,11.445027608207491,45.846323742672986,0
4,Martedì,Notte,SANTORSO,SP 349 Costo,Pendenza,Innevato,Temporanea di cantiere,Nebbia,11.413843318215191,45.74069292021931,0
1,Lunedì,Notte,VALLI DEL PASUBIO,SP 046 Pasubio,Incrocio,Sdrucciolevole,Assente,Neve,11.266372342500052,45.73754081215118,0
11,Martedì,Notte,MARANO VICENTINO,SP 349 var Costo Variante,Curva,Sdrucciolevole,Assente,Altro,11.428211151377093,45.71774421917274,0
12,Lunedì,Mattino,PIOVENE ROCCHETTE,SP 349 Costo,Intersezione non segnalata,Ghiacciato,Temporanea di cantiere,Pioggia,11.435267298400563,45.744695551904265,0
5,Sabato,Sera,VICENZA,SP 046 Pasubio,Intersezione segnalata,Ghiacciato,Assente,Neve,11.50201373394477,45.55059547812316,0
11,Domenica,Notte,CARRE',SP 349 Costo,Rettilineo,Ghiacciato,Orizzontale,Sereno,11.440345061114819,45.73777510830982,0
6,Martedì,Sera,TORREBELVICINO,SP 046 Pasubio,Intersezione segnalata,Bagnato,Temporanea di cantiere,Nebbia,11.279923238652287,45.72673776750989,0
11,Mercoledì,Notte,CALTRANO,SP 349 Costo,Intersezione segnalata,Innevato,Assente,Pioggia,11.455220438277848,45.77075762731149,0
3,Domenica,Sera,VALLI DEL PASUBIO,SP 046 Pasubio,Dosso,Bagnato,Verticale,Altro,11.193513225264129,45.7615406936427,0
4,Mercoledì,Mattino,MALO,SP 046 Pasubio,Galleria illuminata,Bagnato,Assente,Pioggia,11.402195337278581,45.67858727908226,0
9,Lunedì,Pomeriggio,COGOLLO DEL CENGIO,SP 350 Val d'Astico,Rotatoria,Bagnato,Temporanea di cantiere,Altro,11.382312309733539,45.79908938135411,0
3,Giovedì,Mattino,COGOLLO DEL CENGIO,SP 350 Val d'Astico,Curva,Bagnato,Assente,Altro,11.392804294008466,45.7935898308971,0
10,Mercoledì,Pomeriggio,SANTORSO,SP 349 Costo,Rotatoria,Bagnato,Temporanea di cantiere,Pioggia,11.383264330501499,45.731430998041986,0
6,Martedì,Notte,VILLAVERLA,SP 349 Costo,Intersezione con semaforo o vigile,Sdrucciolevole,Verticale,Vento forte,11.49291789511215,45.64359773074898,0
5,Sabato,Notte,VALDASTICO,SP 350 Val d'Astico,Intersezione con semaforo o vigile,Ghiacciato,Verticale,Nebbia,11.361954266571097,45.85647231242007,0
6,Mercoledì,Notte,PIOVENE ROCCHETTE,SP 349 Costo,Dosso,Sdrucciolevole,Orizzontale,Altro,11.436045064003807,45.74367439206885,0
10,Lunedì,Mattino,VALLI DEL PASUBIO,SP 046 Pasubio,Intersezione non segnalata,Innevato,Assente,Sereno,11.178446066849167,45.75781242219084,0
1,Giovedì,Pomeriggio,TORREBELVICINO,SP 046 var Torrebelvicino,Rotatoria,Sdrucciolevole,Verticale,Vento forte,11.322565656368532,45.713693332977144,0
10,Sabato,Notte,COGOLLO DEL CENGIO,SP 350 Val d'Astico,Rettilineo,Sdrucciolevole,Temporanea di cantiere,Nebbia,11.382623314628916,45.7989370244985,0
10,Giovedì,Sera,VALLI DEL PASUBIO,SP 046 Pasubio,Intersezione segnalata,Innevato,Assente,Neve,11.227540950567167,45.7513293855573,0
12,Venerdì,Mattino,ASIAGO,SP 349 Costo,Galleria illuminata,Asciutto,Orizzontale,Sereno,11.415635072477615,45.951456320544736,0
10,Sabato,Mattino,ARSIERO,SP 350 Val d'Astico,Intersezione non segnalata,Asciutto,Temporanea di cantiere,Altro,11.372065943683422,45.80345396117362,0
7,Sabato,Pomeriggio,VALLI DEL PASUBIO,SP 046 Pasubio,Pendenza,Innevato,Orizzontale,Pioggia,11.202684146294407,45.760199828859534,0
6,Venerdì,Sera,ROANA,SP 349 Costo,Intersezione con semaforo o vigile,Sdrucciolevole,Verticale,Neve,11.43573581567086,45.843045872098266,0
5,Venerdì,Notte,VILLAVERLA,SP 349 Costo,Intersezione con semaforo o vigile,Asciutto,Temporanea di cantiere,Vento forte,11.493691940282964,45.656445999384204,0
5,Venerdì,Mattino,SCHIO,SP 046 var Torrebelvicino,Galleria illuminata,Sdrucciolevole,Verticale,Neve,11.332800005479807,45.71378035489514,0
7,Venerdì,Notte,VILLAVERLA,SP 349 Costo,Intersezione non segnalata,Asciutto,Orizzontale,Nebbia,11.491242071803201,45.66286423532438,0
2,Mercoledì,Pomeriggio,PIOVENE ROCCHETTE,SP 349 Costo,Rotatoria,Ghiacciato,Verticale,Vento forte,11.42952467258544,45.751616162466135,0
4,Sabato,Pomeriggio,THIENE,SP 349 Costo,Intersezione con semaforo o vigile,Ghiacciato,Orizzontale,Sereno,11.48913351601128,45.670029805002564,0
4,Sabato,Mattino,ROANA,SP 349 Costo,Galleria illuminata,Asciutto,Assente,Pioggia,11.436671536143336,45.819531124274114,0
6,Sabato,Sera,ARSIERO,SP 350 Val d'Astico,Dosso,Ghiacciato,Orizzontale,Pioggia,11.368788342900368,45.82724198377963,0
7,Lunedì,Notte,ROANA,SP 349 Costo,Curva,Bagnato,Orizzontale,Nebbia,11.444220822108777,45.84585587271852,0
9,Venerdì,Pomeriggio,COGOLLO DEL CENGIO,SP 349 Costo,Dosso,Ghiacciato,Verticale,Altro,11.430806471705871,45.796413007107624,0
6,Venerdì,Mattino,CALDOGNO,SP 349 Costo,Incrocio,Bagnato,Verticale,Nebbia,11.491667338742367,45.60796989066664,0
2,Mercoledì,Mattino,ISOLA VICENTINA,SP 046 Pasubio,Intersezione non segnalata,Bagnato,Assente,Altro,11.475222924936176,45.60932634760497,0
7,Lunedì,Sera,VALLI DEL PASUBIO,SP 046 Pasubio,Rettilineo,Sdrucciolevole,Assente,Vento forte,11.213031929345453,45.755739835028116,0
1,Domenica,Mattino,COGOLLO DEL CENGIO,SP 349 Costo,Intersezione non segnalata,Sdrucciolevole,Temporanea di cantiere,Nebbia,11.433747093704387,45.796070970664125,0
11,Venerdì,Sera,VALDASTICO,SP 350 Val d'Astico,Intersezione non segnalata,Bagnato,Temporanea di cantiere,Sereno,11.363781588517254,45.85232743071014,0
10,Mercoledì,Sera,PIOVENE ROCCHETTE,SP 349 Costo,Dosso,Innevato,Temporanea di cantiere,Vento forte,11.430310952323875,45.74986077195185,0
3,Giovedì,Mattino,VICENZA,SP 046 Pasubio,Intersezione non segnalata,Ghiacciato,Orizzontale,Vento forte,11.508264774301399,45.542343356386,0
4,Sabato,Pomeriggio,COGOLLO DEL CENGIO,SP 349 Costo,Pendenza,Sdrucciolevole,Verticale,Sereno,11.443156310035501,45.783363192761975,0
5,Domenica,Pomeriggio,MALO,SP 046 Pasubio,Rotatoria,Sdrucciolevole,Orizzontale,Vento forte,11.41443476166088,45.65838462111681,0
1,Giovedì,Mattino,THIENE,SP 349 var Costo Variante,Dosso,Asciutto,Orizzontale,Vento forte,11.459621646007522,45.698100703838165,0
12,Sabato,Sera,VICENZA,SP 046 Pasubio,Pendenza,Innevato,Verticale,Altro,11.508344372373294,45.54080688476196,0
2,Mercoledì,Sera,LASTEBASSE,SP 350 Val d'Astico,Galleria illuminata,Asciutto,Orizzontale,Neve,11.324548824025833,45.90148887600217,0
8,Giovedì,Pomeriggio,COGOLLO DEL CENGIO,SP 350 Val d'Astico,Rotatoria,Ghiacciato,Temporanea di cantiere,Sereno,11.379005760866795,45.800723986948135,0
7,Domenica,Notte,ROANA,SP 349 Costo,Rotatoria,Bagnato,Verticale,Neve,11.44301678174258,45.844965518943255,0
3,Venerdì,Notte,VICENZA,SP 046 rac Pasubio Raccordo del Sole,Intersezione con semaforo o vigile,Ghiacciato,Assente,Neve,11.508083816311464,45.53407391572917,0
10,Mercoledì,Pomeriggio,ROANA,SP 349 Costo,Intersezione segnalata,Bagnato,Temporanea di cantiere,Altro,11.442985193914781,45.934399776904186,0
2,Domenica,Pomeriggio,MALO,SP 046 Pasubio,Curva,Asciutto,Temporanea di cantiere,Pioggia,11.415596601941667,45.65717269852818,0
11,Domenica,Sera,PIOVENE ROCCHETTE,SP 349 Costo,Intersezione non segnalata,Innevato,Verticale,Nebbia,11.444088883970155,45.76070565263758,0
9,Mercoledì,Mattino,TORREBELVICINO,SP 046 Pasubio,Intersezione non segnalata,Ghiacciato,Assente,Altro,11.282517478955866,45.72294867610883,0
8,Lunedì,Mattino,COSTABISSARA,SP 046 Pasubio,Dosso,Asciutto,Temporanea di cantiere,Pioggia,11.494043395762427,45.602454935284186,0
11,Venerdì,Sera,TORREBELVICINO,SP 046 Pasubio,Intersezione con semaforo o vigile,Asciutto,Verticale,Altro,11.28206396956051,45.72313798254151,0
5,Lunedì,Sera,ROANA,SP 349 Costo,Galleria illuminata,Sdrucciolevole,Orizzontale,Altro,11.471858728829735,45.8869899766685,0
4,Mercoledì,Mattino,VALDASTICO,SP 350 Val d'Astico,Curva,Innevato,Temporanea di cantiere,Pioggia,11.35962229646195,45.87579156664556,0
2,Giovedì,Notte,COGOLLO DEL CENGIO,SP 349 Costo,Dosso,Sdrucciolevole,Orizzontale,Neve,11.432471091432989,45.79688412138728,0
12,Domenica,Notte,ASIAGO,SP 349 Costo,Curva,Asciutto,Temporanea di cantiere,Vento forte,11.494137207019216,45.86817328261144,0
5,Domenica,Mattino,VICENZA,SP 046 Pasubio,Galleria illuminata,Ghiacciato,Orizzontale,Nebbia,11.509378115589698,45.58075509938017,0
10,Domenica,Sera,LASTEBASSE,SP 350 Val d'Astico,Incrocio,Sdrucciolevole,Assente,Pioggia,11.313124003334293,45.907359268195336,0
4,Lunedì,Mattino,ASIAGO,SP 349 Costo,Intersezione con semaforo o vigile,Ghiacciato,Verticale,Altro,11.409169127073772,45.946953280487214,0
12,Martedì,Sera,COGOLLO DEL CENGIO,SP 349 Costo,Incrocio,Bagnato,Assente,Neve,11.442964549243568,45.78305582959218,0
11,Giovedì,Mattino,VILLAVERLA,SP 349 Costo,Pendenza,Asciutto,Assente,Nebbia,11.494416864800707,45.653638836625824,0
4,Lunedì,Mattino,TORREBELVICINO,SP 046 var Torrebelvicino,Rettilineo,Asciutto,Verticale,Nebbia,11.311988284484775,45.71447877249303,0
6,Sabato,Sera,COGOLLO DEL CENGIO,SP 349 Costo,Incrocio,Ghiacciato,Verticale,Altro,11.43110755673043,45.796315486173796,0
10,Giovedì,Sera,VICENZA,SP 046 rac Pasubio Raccordo del Sole,Intersezione segnalata,Ghiacciato,Temporanea di cantiere,Pioggia,11.507738820221958,45.53607906389039,0
3,Venerdì,Pomeriggio,ASIAGO,SP 349 Costo,Intersezione non segnalata,Bagnato,Temporanea di cantiere,Neve,11.417389241572089,45.9511347637139,0
1,Venerdì,Pomeriggio,VALDASTICO,SP 350 Val d'Astico,Intersezione segnalata,Asciutto,Orizzontale,Sereno,11.370408339581612,45.837705109884844,0
8,Venerdì,Sera,ARSIERO,SP 350 Val d'Astico,Pendenza,Asciutto,Temporanea di cantiere,Vento forte,11.360980635047898,45.809579011678544,0
2,Domenica,Mattino,COGOLLO DEL CENGIO,SP 349 Costo,Dosso,Asciutto,Temporanea di cantiere,Nebbia,11.432095067062562,45.79625451547789,0
5,Domenica,Pomeriggio,SCHIO,SP 046 var Torrebelvicino,Intersezione segnalata,Sdrucciolevole,Temporanea di cantiere,Altro,11.33319565175916,45.714764364469495,0
12,Venerdì,Sera,COGOLLO DEL CENGIO,SP 349 Costo,Rotatoria,Ghiacciato,Temporanea di cantiere,Nebbia,11.43414160840003,45.795982765995205,0
1,Giovedì,Mattino,CALDOGNO,SP 349 Costo,Intersezione con semaforo o vigile,Ghiacciato,Temporanea di cantiere,Neve,11.491385742526292,45.626585797750266,0
6,Martedì,Notte,CALTRANO,SP 349 Costo,Intersezione non segnalata,Innevato,Orizzontale,Vento forte,11.45019429016383,45.77768118053156,0
1,Mercoledì,Notte,THIENE,SP 349 var Costo Variante,Curva,Ghiacciato,Temporanea di cantiere,Pioggia,11.45425326030867,45.70364331716827,0
1,Sabato,Sera,SANTORSO,SP 349 Costo,Intersezione non segnalata,Innevato,Assente,Nebbia,11.409083477502026,45.7382241586078,0
3,Venerdì,Pomeriggio,SANTORSO,SP 349 Costo,Dosso,Asciutto,Assente,Nebbia,11.404932391631213,45.73702341168392,0
2,Lunedì,Sera,ASIAGO,SP 349 Costo,Intersezione non segnalata,Asciutto,Verticale,Neve,11.41143280039269,45.948534236720256,0
10,Venerdì,Pomeriggio,ROANA,SP 349 Costo,Rettilineo,Ghiacciato,Temporanea di cantiere,Sereno,11.467138373130213,45.8975521566938,0
2,Martedì,Mattino,VICENZA,SP 046 Pasubio,Rettilineo,Innevato,Assente,Nebbia,11.508170167314397,45.54121007717965,0
7,Giovedì,Pomeriggio,LASTEBASSE,SP 350 Val d'Astico,Intersezione con semaforo o vigile,Ghiacciato,Orizzontale,Pioggia,11.317125243835317,45.90313931360456,0
9,Sabato,Pomeriggio,ZANE',SP 349 Costo,Intersezione non segnalata,Bagnato,Verticale,Vento forte,11.445344046557349,45.73138225781394,0
8,Lunedì,Notte,VICENZA,SP 046 rac Pasubio Raccordo del Sole,Pendenza,Sdrucciolevole,Temporanea di cantiere,Nebbia,11.507813747671452,45.53756420938256,0
8,Martedì,Pomeriggio,PIOVENE ROCCHETTE,SP 349 Costo,Pendenza,Asciutto,Verticale,Altro,11.422674842154807,45.745666429509285,0
5,Giovedì,Notte,ISOLA VICENTINA,SP 046 Pasubio,Intersezione segnalata,Bagnato,Temporanea di cantiere,Altro,11.458378018390878,45.621258769396064,0
11,Giovedì,Sera,THIENE,SP 349 var Costo Variante,Incrocio,Ghiacciato,Assente,Sereno,11.454503448550541,45.70339618442705,0
1,Martedì,Mattino,SCHIO,SP 046 Pasubio,Intersezione segnalata,Asciutto,Assente,Altro,11.388045634862419,45.69422610644499,0
2,Domenica,Mattino,COGOLLO DEL CENGIO,SP 350 Val d'Astico,Intersezione non segnalata,Sdrucciolevole,Assente,Sereno,11.390920021601419,45.796320665655585,0
11,Martedì,Pomeriggio,VICENZA,SP 046 Pasubio,Incrocio,Bagnato,Temporanea di cantiere,Vento forte,11.504133400171462,45.57784848766702,0
1,Domenica,Sera,ASIAGO,SP 349 Costo,Rotatoria,Sdrucciolevole,Verticale,Neve,11.422428995003951,45.95047856021932,0
3,Martedì,Notte,ROANA,SP 349 Costo,Dosso,Ghiacciato,Orizzontale,Pioggia,11.485829495729174,45.8682414343102,0
3,Martedì,Notte,VALLI DEL PASUBIO,SP 046 Pasubio,Intersezione segnalata,Innevato,Temporanea di cantiere,Nebbia,11.216242305170722,45.75442133965095,0
1,Venerdì,Notte,VICENZA,SP 046 Pasubio,Curva,Sdrucciolevole,Temporanea di cantiere,Sereno,11.495002590347388,45.56180597318809,0
2,Sabato,Mattino,SCHIO,SP 046 Pasubio,Dosso,Innevato,Temporanea di cantiere,Neve,11.394189881845657,45.689409710500364,0
7,Domenica,Notte,TORREBELVICINO,SP 046 Pasubio,Galleria illuminata,Ghiacciato,Temporanea di cantiere,Sereno,11.274048701299442,45.73259508898416,0
8,Martedì,Mattino,COGOLLO DEL CENGIO,SP 349 Costo,Intersezione con semaforo o vigile,Innevato,Orizzontale,Sereno,11.433582991583897,45.797825745312466,0
1,Martedì,Pomeriggio,VALLI DEL PASUBIO,SP 046 Pasubio,Rotatoria,Ghiacciato,Temporanea di cantiere,Pioggia,11.22582640280624,45.752499545381305,0
12,Venerdì,Pomeriggio,ASIAGO,SP 349 Costo,Intersezione con semaforo o vigile,Sdrucciolevole,Orizzontale,Pioggia,11.420759316449534,45.95126557551693,0
2,Giovedì,Pomeriggio,ROANA,SP 349 Costo,Rettilineo,Ghiacciato,Temporanea di cantiere,Nebbia,11.468464280399253,45.89590934895069,0
9,Giovedì,Mattino,COGOLLO DEL CENGIO,SP 349 Costo,Dosso,Bagnato,Verticale,Vento forte,11.438693740958701,45.786905400184565,0
7,Domenica,Pomeriggio,MALO,SP 046 Pasubio,Incrocio,Ghiacciato,Temporanea di cantiere,Nebbia,11.402125977472998,45.67873312805066,0
6,Lunedì,Notte,ROANA,SP 349 Costo,Rettilineo,Ghiacciato,Assente,Neve,11.466648361254231,45.86292745078416,0
2,Venerdì,Pomeriggio,VALLI DEL PASUBIO,SP 046 Pasubio,Pendenza,Asciutto,Orizzontale,Altro,11.186259549449174,45.75766108415866,0
11,Lunedì,Mattino,COSTABISSARA,SP 046 Pasubio,Pendenza,Ghiacciato,Orizzontale,Vento forte,11.496586085656146,45.59564766732655,0
5,Sabato,Mattino,COGOLLO DEL CENGIO,SP 349 Costo,Intersezione con semaforo o vigile,Asciutto,Assente,Neve,11.439545614517733,45.78437081541869,0
1,Martedì,Mattino,ROANA,SP 349 Costo,Rettilineo,Ghiacciato,Orizzontale,Neve,11.436098259131251,45.84333375873466,0
9,Domenica,Notte,ROANA,SP 349 Costo,Incrocio,Innevato,Assente,Sereno,11.477126770873829,45.86738569852988,0
9,Lunedì,Notte,VALLI DEL PASUBIO,SP 046 Pasubio,Intersezione con semaforo o vigile,Sdrucciolevole,Temporanea di cantiere,Altro,11.204036116370272,45.75951001415224,0
1,Domenica,Mattino,SCHIO,SP 046 Pasubio,Curva,Innevato,Assente,Nebbia,11.396273996644556,45.687736706176075,0
1,Venerdì,Notte,VILLAVERLA,SP 349 Costo,Dosso,Innevato,Orizzontale,Altro,11.492042464976231,45.639315635141116,0
1,Domenica,Mattino,ASIAGO,SP 349 Costo,Intersezione segnalata,Innevato,Verticale,Nebbia,11.395070089324507,45.94850200978968,0
8,Venerdì,Mattino,ASIAGO,SP 349 Costo,Rotatoria,Innevato,Verticale,Sereno,11.505380747510427,45.87413199896409,0
2,Lunedì,Notte,ROANA,SP 349 Costo,Intersezione segnalata,Asciutto,Assente,Vento forte,11.438320474682051,45.823230421637206,0
8,Mercoledì,Pomeriggio,ASIAGO,SP 349 Costo,Curva,Innevato,Assente,Nebbia,11.499880570630388,45.871112918703545,0
3,Sabato,Sera,SANTORSO,SP 349 Costo,Rotatoria,Asciutto,Temporanea di cantiere,Altro,11.375979750517537,45.72954856403676,0
12,Mercoledì,Mattino,THIENE,SP 349 Costo,Pendenza,Sdrucciolevole,Orizzontale,Nebbia,11.486335469989971,45.67889275001883,0
9,Domenica,Sera,COGOLLO DEL CENGIO,SP 349 Costo,Intersezione segnalata,Innevato,Temporanea di cantiere,Sereno,11.429561006557815,45.79418255576009,0
5,Mercoledì,Mattino,COGOLLO DEL CENGIO,SP 349 Costo,Rettilineo,Ghiacciato,Verticale,Pioggia,11.422693660100833,45.80132247846675,0
6,Martedì,Notte,COGOLLO DEL CENGIO,SP 349 Costo,Intersezione non segnalata,Bagnato,Assente,Sereno,11.42899487843032,45.79521404954299,0
1,Giovedì,Sera,ASIAGO,SP 349 Costo,Rotatoria,Ghiacciato,Verticale,Neve,11.402352482899213,45.9442383059102,0
1,Martedì,Pomeriggio,ARSIERO,SP 350 Val d'Astico,Curva,Bagnato,Assente,Vento forte,11.363412370169767,45.81404379333917,0
7,Giovedì,Sera,TORREBELVICINO,SP 046 var Torrebelvicino,Galleria illuminata,Bagnato,Assente,Neve,11.32436400836365,45.71373522513419,0
1,Giovedì,Sera,COGOLLO DEL CENGIO,SP 349 Costo,Pendenza,Innevato,Temporanea di cantiere,Nebbia,11.429038208877898,45.799301122862346,0
8,Sabato,Notte,VICENZA,SP 046 Pasubio,Intersezione con semaforo o vigile,Asciutto,Verticale,Sereno,11.49573514985004,45.57268011815164,0
5,Lunedì,Sera,VALLI DEL PASUBIO,SP 046 Pasubio,Intersezione non segnalata,Innevato,Temporanea di cantiere,Vento forte,11.204605973207183,45.759877363246034,0
2,Mercoledì,Sera,ASIAGO,SP 349 Costo,Dosso,Sdrucciolevole,Assente,Pioggia,11.39084548888575,45.95123555319866,0
7,Martedì,Mattino,ARSIERO,SP 350 Val d'Astico,Rotatoria,Asciutto,Assente,Neve,11.36108845359478,45.80977381160158,0
7,Domenica,Notte,MALO,SP 046 Pasubio,Intersezione non segnalata,Ghiacciato,Verticale,Nebbia,11.432154252224395,45.63976990815101,0
9,Giovedì,Pomeriggio,VALLI DEL PASUBIO,SP 046 Pasubio,Intersezione segnalata,Asciutto,Temporanea di cantiere,Vento forte,11.220643363056414,45.75503114340253,0
3,Domenica,Mattino,MALO,SP 046 Pasubio,Galleria illuminata,Bagnato,Assente,Vento forte,11.42416725496404,45.64747767763195,0
7,Mercoledì,Mattino,VICENZA,SP 046 Pasubio,Rotatoria,Bagnato,Temporanea di cantiere,Neve,11.5067115918705,45.58178140585135,0
11,Sabato,Sera,VALLI DEL PASUBIO,SP 046 Pasubio,Pendenza,Ghiacciato,Orizzontale,Neve,11.236913053928273,45.74687722253097,0
4,Martedì,Mattino,COSTABISSARA,SP 046 Pasubio,Curva,Bagnato,Assente,Altro,11.492838008042874,45.603615604694006,0
11,Domenica,Sera,VALLI DEL PASUBIO,SP 046 Pasubio,Galleria illuminata,Ghiacciato,Assente,Neve,11.256205364487794,45.74361020459796,0
9,Mercoledì,Sera,MALO,SP 046 Pasubio,Curva,Asciutto,Verticale,Nebbia,11.401048438529028,45.681033521119325,0
6,Sabato,Mattino,LASTEBASSE,SP 350 Val d'Astico,Intersezione segnalata,Ghiacciato,Temporanea di cantiere,Neve,11.33150444706821,45.897950501967685,0
11,Giovedì,Notte,ROANA,SP 349 Costo,Intersezione segnalata,Ghiacciato,Assente,Neve,11.433693419877192,45.840626412211236,0
12,Lunedì,Notte,THIENE,SP 349 var Costo Variante,Pendenza,Bagnato,Assente,Altro,11.458844548295426,45.698753008753975,0
3,Martedì,Pomeriggio,ARSIERO,SP 350 Val d'Astico,Intersezione non segnalata,Innevato,Orizzontale,Pioggia,11.363365690863388,45.814914175863855,0
12,Venerdì,Sera,THIENE,SP 349 Costo,Incrocio,Sdrucciolevole,Orizzontale,Sereno,11.487700889230943,45.674502558456034,0
1,Sabato,Mattino,VALLI DEL PASUBIO,SP 046 Pasubio,Intersezione non segnalata,Ghiacciato,Orizzontale,Altro,11.240502027219716,45.74430785647434,0
2,Giovedì,Mattino,THIENE,SP 349 Costo,Rotatoria,Asciutto,Temporanea di cantiere,Altro,11.485153814892017,45.682682909068994,0
1,Domenica,Sera,COGOLLO DEL CENGIO,SP 350 Val d'Astico,Intersezione con semaforo o vigile,Innevato,Assente,Neve,11.412592586508623,45.788291871777744,0
5,Domenica,Pomeriggio,MALO,SP 046 Pasubio,Galleria illuminata,Bagnato,Assente,Vento forte,11.430828653494318,45.64083048197375,0
12,Mercoledì,Pomeriggio,SANTORSO,SP 349 Costo,Intersezione con semaforo o vigile,Ghiacciato,Temporanea di cantiere,Nebbia,11.398847807675935,45.73541248584333,0
8,Mercoledì,Sera,CALDOGNO,SP 349 Costo,Intersezione non segnalata,Asciutto,Verticale,Nebbia,11.491876702370138,45.632213098771864,0
8,Venerdì,Mattino,COGOLLO DEL CENGIO,SP 349 Costo,Curva,Asciutto,Assente,Neve,11.424706285475617,45.80807997509538,0
2,Lunedì,Pomeriggio,VICENZA,SP 046 Pasubio,Pendenza,Asciutto,Orizzontale,Vento forte,11.50695912038497,45.581975266434476,0
7,Martedì,Pomeriggio,ASIAGO,SP 349 Costo,Curva,Innevato,Temporanea di cantiere,Vento forte,11.414750286205921,45.95080624346252,0
5,Sabato,Mattino,LASTEBASSE,SP 350 Val d'Astico,Rettilineo,Bagnato,Assente,Sereno,11.327987633525042,45.89993382528232,0
6,Mercoledì,Pomeriggio,VICENZA,SP 046 Pasubio,Galleria illuminata,Innevato,Verticale,Neve,11.506391002473796,45.579072689583484,0
4,Martedì,Pomeriggio,CHIUPPANO,SP 349 Costo,Galleria illuminata,Sdrucciolevole,Assente,Neve,11.452747879480354,45.765403753440424,0
3,Mercoledì,Pomeriggio,CARRE',SP 349 Costo,Intersezione segnalata,Asciutto,Temporanea di cantiere,Vento forte,11.44022509895358,45.73788891327931,0
12,Lunedì,Notte,COGOLLO DEL CENGIO,SP 349 Costo,Incrocio,Sdrucciolevole,Orizzontale,Neve,11.433362927224726,45.797864226633074,0
7,Venerdì,Notte,PIOVENE ROCCHETTE,SP 349 Costo,Intersezione non segnalata,Sdrucciolevole,Temporanea di cantiere,Sereno,11.42415159842217,45.74700716250184,0
5,Venerdì,Mattino,COGOLLO DEL CENGIO,SP 350 Val d'Astico,Galleria illuminata,Bagnato,Assente,Pioggia,11.423638006454027,45.78411522033603,0
1,Lunedì,Pomeriggio,COSTABISSARA,SP 046 Pasubio,Incrocio,Ghiacciato,Assente,Sereno,11.500362117364343,45.588937856801074,0
10,Sabato,Notte,ROANA,SP 349 Costo,Galleria illuminata,Innevato,Temporanea di cantiere,Pioggia,11.479134063977313,45.86928926392565,0
6,Venerdì,Notte,COGOLLO DEL CENGIO,SP 349 Costo,Incrocio,Innevato,Verticale,Sereno,11.42280053836182,45.80375212877202,0
5,Venerdì,Notte,VALLI DEL PASUBIO,SP 046 Pasubio,Intersezione con semaforo o vigile,Sdrucciolevole,Temporanea di cantiere,Nebbia,11.196681157638723,45.763129051477094,0
9,Mercoledì,Notte,VALLI DEL PASUBIO,SP 046 Pasubio,Dosso,Innevato,Verticale,Altro,11.204961746212645,45.75956819515189,0
2,Domenica,Pomeriggio,PIOVENE ROCCHETTE,SP 349 Costo,Intersezione non segnalata,Innevato,Orizzontale,Nebbia,11.430230563761775,45.75281489475109,0
7,Mercoledì,Sera,VALLI DEL PASUBIO,SP 046 Pasubio,Pendenza,Asciutto,Assente,Vento forte,11.195069428603924,45.76166808317513,0
11,Domenica,Sera,MALO,SP 046 Pasubio,Curva,Ghiacciato,Orizzontale,Neve,11.435625978040107,45.63756723756841,0
6,Martedì,Mattino,COGOLLO DEL CENGIO,SP 350 Val d'Astico,Intersezione con semaforo o vigile,Ghiacciato,Verticale,Altro,11.429249002040358,45.78148060547387,0
1,Domenica,Sera,LASTEBASSE,SP 350 Val d'Astico,Rotatoria,Asciutto,Verticale,Pioggia,11.29578017513052,45.91194062050088,0
3,Sabato,Pomeriggio,VALDASTICO,SP 350 Val d'Astico,Dosso,Ghiacciato,Temporanea di cantiere,Nebbia,11.337176361472975,45.8948860827237,0
1,Lunedì,Sera,COGOLLO DEL CENGIO,SP 349 Costo,Pendenza,Innevato,Orizzontale,Neve,11.440330814911551,45.783334578693605,0
7,Venerdì,Pomeriggio,VILLAVERLA,SP 349 Costo,Intersezione con semaforo o vigile,Bagnato,Temporanea di cantiere,Nebbia,11.492401369102348,45.65970764936392,0
5,Martedì,Sera,ARSIERO,SP 350 Val d'Astico,Dosso,Innevato,Temporanea di cantiere,Sereno,11.371415370125057,45.803438837648976,0
9,Sabato,Sera,MALO,SP 046 Pasubio,Rotatoria,Ghiacciato,Verticale,Sereno,11.418688892207529,45.65329027555233,0
3,Martedì,Pomeriggio,VALDASTICO,SP 350 Val d'Astico,Rettilineo,Ghiacciato,Temporanea di cantiere,Nebbia,11.33668702051666,45.894934376710594,0
5,Mercoledì,Pomeriggio,ISOLA VICENTINA,SP 046 Pasubio,Rettilineo,Sdrucciolevole,Assente,Neve,11.449598329991158,45.62482544862793,0
12,Martedì,Mattino,ROANA,SP 349 Costo,Dosso,Sdrucciolevole,Assente,Pioggia,11.458933494243292,45.90654123340008,0
1,Martedì,Sera,VICENZA,SP 046 Pasubio,Intersezione con semaforo o vigile,Sdrucciolevole,Temporanea di cantiere,Pioggia,11.508093557796997,45.5411595940758,0
3,Lunedì,Pomeriggio,VALLI DEL PASUBIO,SP 046 Pasubio,Dosso,Sdrucciolevole,Verticale,Neve,11.210997596477599,45.75817185848335,0
4,Lunedì,Sera,VALLI DEL PASUBIO,SP 046 Pasubio,Rettilineo,Sdrucciolevole,Verticale,Vento forte,11.244572192066833,45.74388713836851,0
7,Domenica,Sera,VICENZA,SP 046 Pasubio,Intersezione non segnalata,Innevato,Temporanea di cantiere,Vento forte,11.507505535007002,45.542883427225625,0
3,Sabato,Mattino,LASTEBASSE,SP 350 Val d'Astico,Intersezione segnalata,Ghiacciato,Temporanea di cantiere,Altro,11.266019755618766,45.91647998129903,0
1,Sabato,Pomeriggio,VILLAVERLA,SP 349 Costo,Intersezione segnalata,Sdrucciolevole,Verticale,Sereno,11.492489041357219,45.65949979529627,0
12,Martedì,Notte,CALDOGNO,SP 349 Costo,Curva,Bagnato,Assente,Vento forte,11.4914012255429,45.6227813666844,0
7,Giovedì,Notte,ROANA,SP 349 Costo,Rotatoria,Asciutto,Orizzontale,Sereno,11.444485982950988,45.93151966677437,0
1,Mercoledì,Notte,VALDASTICO,SP 350 Val d'Astico,Dosso,Bagnato,Orizzontale,Altro,11.353621354285583,45.88698753523043,0
2,Lunedì,Mattino,ROANA,SP 349 Costo,Dosso,Asciutto,Temporanea di cantiere,Nebbia,11.432947298743827,45.83524105794899,0
2,Lunedì,Notte,VALLI DEL PASUBIO,SP 046 Pasubio,Pendenza,Innevato,Orizzontale,Vento forte,11.265760748354895,45.73850305171485,0
4,Lunedì,Pomeriggio,LASTEBASSE,SP 350 Val d'Astico,Intersezione con semaforo o vigile,Asciutto,Orizzontale,Pioggia,11.326497059487105,45.900699811499145,0
4,Domenica,Pomeriggio,COGOLLO DEL CENGIO,SP 349 Costo,Intersezione non segnalata,Bagnato,Assente,Neve,11.433836601008034,45.79727348901163,0
8,Sabato,Notte,VALDASTICO,SP 350 Val d'Astico,Dosso,Bagnato,Assente,Pioggia,11.369757108902977,45.84024693750608,0
4,Domenica,Pomeriggio,ZANE',SP 349 Costo,Intersezione segnalata,Bagnato,Orizzontale,Sereno,11.463770663446518,45.71309097049573,0
9,Domenica,Notte,VALLI DEL PASUBIO,SP 046 Pasubio,Pendenza,Bagnato,Verticale,Altro,11.190844143563575,45.75807853072237,0
4,Domenica,Pomeriggio,VALDASTICO,SP 350 Val d'Astico,Galleria illuminata,Ghiacciato,Orizzontale,Neve,11.362109570814313,45.87205499995451,0
4,Venerdì,Mattino,SCHIO,SP 046 var Torrebelvicino,Intersezione con semaforo o vigile,Innevato,Assente,Pioggia,11.33335750922145,45.71370540522513,0
4,Domenica,Notte,CALDOGNO,SP 349 Costo,Intersezione con semaforo o vigile,Asciutto,Orizzontale,Vento forte,11.490408348781575,45.61483421756247,0
4,Sabato,Mattino,COGOLLO DEL CENGIO,SP 349 Costo,Dosso,Bagnato,Verticale,Neve,11.43193183185222,45.7983634928789,0
11,Lunedì,Pomeriggio,LASTEBASSE,SP 350 Val d'Astico,Galleria illuminata,Sdrucciolevole,Temporanea di cantiere,Altro,11.290220040794894,45.91308905461119,0
3,Lunedì,Pomeriggio,ZANE',SP 349 var Costo Variante,Rettilineo,Bagnato,Temporanea di cantiere,Altro,11.445371779361192,45.70879127898849,0
4,Lunedì,Notte,ROANA,SP 349 Costo,Dosso,Ghiacciato,Assente,Altro,11.466293070922065,45.86282169399603,0
12,Domenica,Pomeriggio,ARSIERO,SP 350 Val d'Astico,Rotatoria,Bagnato,Verticale,Sereno,11.36880558677447,45.82743324959087,0
8,Martedì,Mattino,COGOLLO DEL CENGIO,SP 350 Val d'Astico,Pendenza,Sdrucciolevole,Assente,Neve,11.391667880947233,45.79484480772394,0
3,Martedì,Mattino,MARANO VICENTINO,SP 349 var Costo Variante,Galleria illuminata,Sdrucciolevole,Verticale,Nebbia,11.437539617423454,45.712748366537106,0
11,Domenica,Notte,VALDASTICO,SP 350 Val d'Astico,Pendenza,Bagnato,Verticale,Altro,11.356017868685965,45.882425111176865,0
3,Lunedì,Pomeriggio,VICENZA,SP 046 Pasubio,Rettilineo,Ghiacciato,Temporanea di cantiere,Altro,11.506859708382638,45.57930677534091,0
6,Lunedì,Sera,ROANA,SP 349 Costo,Intersezione segnalata,Sdrucciolevole,Verticale,Neve,11.456950326655456,45.91325597703528,0
9,Domenica,Sera,TORREBELVICINO,SP 046 Pasubio,Rotatoria,Sdrucciolevole,Temporanea di cantiere,Pioggia,11.281619975052074,45.723255189669814,0
10,Domenica,Notte,ROANA,SP 349 Costo,Intersezione non segnalata,Innevato,Temporanea di cantiere,Nebbia,11.444218275144333,45.93185751568414,0
2,Lunedì,Notte,ROANA,SP 349 Costo,Incrocio,Innevato,Temporanea di cantiere,Neve,11.447292764366818,45.84842938529412,0
10,Martedì,Notte,VALLI DEL PASUBIO,SP 046 Pasubio,Incrocio,Asciutto,Orizzontale,Neve,11.186075009751686,45.75672620817099,0
2,Domenica,Mattino,VILLAVERLA,SP 349 Costo,Galleria illuminata,Innevato,Temporanea di cantiere,Pioggia,11.493233813291843,45.64643137648155,0
6,Mercoledì,Mattino,ROANA,SP 349 Costo,Intersezione non segnalata,Innevato,Orizzontale,Pioggia,11.45672586976337,45.85628818030988,0
8,Sabato,Notte,ARSIERO,SP 350 Val d'Astico,Dosso,Innevato,Assente,Altro,11.368246235553093,45.80329308524768,0
4,Domenica,Sera,MALO,SP 046 Pasubio,Rettilineo,Ghiacciato,Orizzontale,Nebbia,11.435873845864462,45.63709871396159,0
8,Domenica,Notte,VICENZA,SP 046 Pasubio,Intersezione con semaforo o vigile,Bagnato,Assente,Pioggia,11.494786951107784,45.562866142577654,0
9,Lunedì,Pomeriggio,ISOLA VICENTINA,SP 046 Pasubio,Galleria illuminata,Ghiacciato,Verticale,Neve,11.470120645765478,45.61095166184254,0
8,Lunedì,Sera,COSTABISSARA,SP 046 Pasubio,Galleria illuminata,Sdrucciolevole,Orizzontale,Vento forte,11.490610955862307,45.60510437202191,0
5,Venerdì,Pomeriggio,VILLAVERLA,SP 349 Costo,Intersezione non segnalata,Innevato,Verticale,Pioggia,11.492704974394176,45.64275552494694,0
10,Lunedì,Notte,VICENZA,SP 046 rac Pasubio Raccordo del Sole,Rotatoria,Bagnato,Orizzontale,Pioggia,11.50825773106729,45.53936226020024,0
9,Martedì,Pomeriggio,COSTABISSARA,SP 046 Pasubio,Curva,Ghiacciato,Orizzontale,Pioggia,11.497978640346563,45.5920822513736,0
4,Domenica,Sera,ASIAGO,SP 349 Costo,Intersezione con semaforo o vigile,Ghiacciato,Assente,Vento forte,11.412248005630143,45.94899990255634,0
9,Giovedì,Pomeriggio,COGOLLO DEL CENGIO,SP 350 Val d'Astico,Galleria illuminata,Innevato,Verticale,Neve,11.386262005550485,45.79767588448264,0
12,Domenica,Sera,COSTABISSARA,SP 349 Costo,Pendenza,Asciutto,Temporanea di cantiere,Vento forte,11.490857464193802,45.60971573592867,0
10,Giovedì,Sera,ROANA,SP 349 Costo,Rettilineo,Innevato,Orizzontale,Vento forte,11.437216882964695,45.843270041755154,0
9,Sabato,Notte,ROANA,SP 349 Costo,Curva,Bagnato,Temporanea di cantiere,Altro,11.453327795746342,45.9193681565015,0
10,Domenica,Sera,ARSIERO,SP 350 Val d'Astico,Intersezione segnalata,Innevato,Verticale,Sereno,11.359258525067183,45.80609026717077,0
10,Mercoledì,Mattino,ARSIERO,SP 350 Val d'Astico,Galleria illuminata,Asciutto,Temporanea di cantiere,Pioggia,11.36949976402638,45.83384070303608,0
4,Martedì,Pomeriggio,SANTORSO,SP 349 Costo,Galleria illuminata,Bagnato,Orizzontale,Neve,11.400599522055288,45.7358703597687,0
9,Giovedì,Sera,MARANO VICENTINO,SP 349 var Costo Variante,Incrocio,Ghiacciato,Verticale,Altro,11.437885509311018,45.712575481849306,0
3,Venerdì,Notte,SCHIO,SP 046 Pasubio,Pendenza,Sdrucciolevole,Verticale,Sereno,11.393291548623981,45.69010245827745,0
5,Mercoledì,Pomeriggio,VICENZA,SP 046 rac Pasubio Raccordo del Sole,Intersezione con semaforo o vigile,Ghiacciato,Verticale,Vento forte,11.507777550499876,45.535249634725936,0
12,Lunedì,Notte,VILLAVERLA,SP 349 Costo,Galleria illuminata,Sdrucciolevole,Assente,Pioggia,11.492520125144088,45.64309124158303,0
4,Giovedì,Mattino,PIOVENE ROCCHETTE,SP 349 Costo,Galleria illuminata,Asciutto,Verticale,Neve,11.424115444897897,45.74697402971679,0
11,Sabato,Notte,SCHIO,SP 046 Pasubio,Intersezione con semaforo o vigile,Ghiacciato,Assente,Vento forte,11.392254037134819,45.690901541205136,0
6,Venerdì,Pomeriggio,COSTABISSARA,SP 046 Pasubio,Dosso,Sdrucciolevole,Temporanea di cantiere,Neve,11.49482280919089,45.59994416325624,0
3,Lunedì,Notte,PIOVENE ROCCHETTE,SP 350 Val d'Astico,Incrocio,Sdrucciolevole,Temporanea di cantiere,Nebbia,11.427154896113608,45.76896105052987,0
2,Sabato,Pomeriggio,TORREBELVICINO,SP 046 Pasubio,Incrocio,Bagnato,Assente,Sereno,11.285592115430358,45.72194075900112,0
7,Domenica,Notte,VICENZA,SP 046 Pasubio,Rettilineo,Innevato,Assente,Nebbia,11.502808262186047,45.549368632033406,0
6,Mercoledì,Sera,ROANA,SP 349 Costo,Galleria illuminata,Ghiacciato,Verticale,Vento forte,11.450385052087805,45.847429969903054,0
7,Martedì,Notte,LASTEBASSE,SP 350 Val d'Astico,Intersezione non segnalata,Asciutto,Verticale,Vento forte,11.325408892485564,45.901146215331046,0
1,Lunedì,Mattino,VILLAVERLA,SP 349 Costo,Rotatoria,Asciutto,Assente,Sereno,11.491780260472508,45.661219846915984,0
4,Giovedì,Sera,ROANA,SP 349 Costo,Galleria illuminata,Asciutto,Temporanea di cantiere,Pioggia,11.457245932933464,45.85976795868995,0
1,Martedì,Sera,COGOLLO DEL CENGIO,SP 349 Costo,Intersezione segnalata,Asciutto,Assente,Sereno,11.429765825323383,45.79273490962017,0
4,Sabato,Pomeriggio,COGOLLO DEL CENGIO,SP 350 Val d'Astico,Rotatoria,Ghiacciato,Temporanea di cantiere,Vento forte,11.404883831339788,45.79130805035237,0
12,Venerdì,Pomeriggio,LASTEBASSE,SP 350 Val d'Astico,Galleria illuminata,Ghiacciato,Orizzontale,Pioggia,11.268458877154767,45.91623986014266,0
2,Domenica,Sera,ROANA,SP 349 Costo,Curva,Sdrucciolevole,Verticale,Neve,11.459922247402456,45.860789541846,0
9,Sabato,Mattino,LASTEBASSE,SP 350 Val d'Astico,Dosso,Sdrucciolevole,Temporanea di cantiere,Altro,11.33126975595344,45.89805007002335,0
1,Martedì,Mattino,COSTABISSARA,SP 046 Pasubio,Intersezione con semaforo o vigile,Innevato,Orizzontale,Nebbia,11.496781822535297,45.57352941313954,0
7,Lunedì,Pomeriggio,ROANA,SP 349 Costo,Rotatoria,Innevato,Temporanea di cantiere,Vento forte,11.451754333549731,45.92454941158674,0
12,Lunedì,Sera,ISOLA VICENTINA,SP 046 Pasubio,Intersezione non segnalata,Sdrucciolevole,Orizzontale,Pioggia,11.47472656520923,45.60936936704788,0
5,Giovedì,Pomeriggio,ROANA,SP 349 Costo,Galleria illuminata,Sdrucciolevole,Assente,Nebbia,11.446110494776473,45.84764958757963,0
3,Domenica,Mattino,ROANA,SP 349 Costo,Intersezione segnalata,Sdrucciolevole,Temporanea di cantiere,Pioggia,11.457506505753978,45.859921932779194,0
7,Giovedì,Mattino,MALO,SP 046 Pasubio,Rotatoria,Innevato,Verticale,Pioggia,11.413603145438508,45.659157349255196,0
4,Mercoledì,Pomeriggio,MALO,SP 046 Pasubio,Dosso,Ghiacciato,Orizzontale,Sereno,11.43293859948589,45.63926872211101,0
11,Martedì,Sera,VALDASTICO,SP 350 Val d'Astico,Pendenza,Bagnato,Assente,Altro,11.333888441793661,45.896240753710316,0
11,Lunedì,Notte,ROANA,SP 349 Costo,Intersezione non segnalata,Innevato,Assente,Neve,11.435510857165035,45.83123186200819,0
8,Lunedì,Sera,VICENZA,SP 046 Pasubio,Intersezione non segnalata,Bagnato,Orizzontale,Nebbia,11.506944034679854,45.54452145933593,0
8,Martedì,Notte,COGOLLO DEL CENGIO,SP 349 Costo,Galleria illuminata,Ghiacciato,Verticale,Vento forte,11.428984961997092,45.798062769111695,0
8,Sabato,Pomeriggio,SCHIO,SP 046 Pasubio,Intersezione segnalata,Innevato,Orizzontale,Neve,11.392646899231915,45.6905989657308,0
9,Venerdì,Notte,VALDASTICO,SP 350 Val d'Astico,Intersezione segnalata,Innevato,Verticale,Altro,11.366815135329178,45.84501599602909,0
6,Martedì,Pomeriggio,CALDOGNO,SP 349 Costo,Curva,Asciutto,Orizzontale,Pioggia,11.491414530738,45.622179037857215,0
12,Venerdì,Pomeriggio,COGOLLO DEL CENGIO,SP 349 Costo,Curva,Bagnato,Orizzontale,Vento forte,11.426009015369546,45.809911051254296,0
5,Sabato,Notte,COSTABISSARA,SP 046 Pasubio,Pendenza,Ghiacciato,Verticale,Altro,11.493815695650824,45.60287489792706,0
9,Martedì,Notte,ROANA,SP 349 Costo,Intersezione non segnalata,Asciutto,Assente,Neve,11.48059955560754,45.8816579784925,0
8,Domenica,Mattino,ASIAGO,SP 349 Costo,Dosso,Bagnato,Assente,Vento forte,11.385844595020746,45.95161047896263,0
12,Lunedì,Mattino,COGOLLO DEL CENGIO,SP 349 Costo,Intersezione con semaforo o vigile,Sdrucciolevole,Assente,Vento forte,11.42258995875266,45.80136480675569,0
5,Domenica,Sera,VALLI DEL PASUBIO,SP 046 Pasubio,Intersezione con semaforo o vigile,Asciutto,Verticale,Nebbia,11.18982196181229,45.75769058268723,0
6,Lunedì,Pomeriggio,ROANA,SP 349 Costo,Incrocio,Asciutto,Assente,Neve,11.469359109867321,45.88984624172375,0
7,Domenica,Mattino,VICENZA,SP 046 Pasubio,Dosso,Bagnato,Assente,Sereno,11.505706270253924,45.57870664992641,0
5,Venerdì,Mattino,COGOLLO DEL CENGIO,SP 350 Val d'Astico,Intersezione segnalata,Sdrucciolevole,Verticale,Sereno,11.403011718625802,45.791703420299385,0
10,Sabato,Notte,ROANA,SP 349 Costo,Dosso,Sdrucciolevole,Temporanea di cantiere,Neve,11.45164031577099,45.92481053072664,0
6,Martedì,Pomeriggio,SAN VITO DI LEGUZZANO,SP 046 Pasubio,Intersezione non segnalata,Ghiacciato,Verticale,Nebbia,11.398935340446624,45.68531434037477,0
10,Venerdì,Mattino,COGOLLO DEL CENGIO,SP 349 Costo,Intersezione segnalata,Innevato,Assente,Nebbia,11.430610670480837,45.793870066801404,0
6,Lunedì,Mattino,COGOLLO DEL CENGIO,SP 349 Costo,Pendenza,Asciutto,Temporanea di cantiere,Pioggia,11.42617814412035,45.796164129387016,0
3,Domenica,Notte,SANTORSO,SP 349 Costo,Rotatoria,Ghiacciato,Assente,Neve,11.403966145079478,45.736247682262714,0
7,Martedì,Sera,VICENZA,SP 046 rac Pasubio Raccordo del Sole,Rettilineo,Bagnato,Assente,Sereno,11.50754957720562,45.5360190114425,0
9,Giovedì,Pomeriggio,VICENZA,SP 046 Pasubio,Incrocio,Bagnato,Verticale,Altro,11.49436699160534,45.570469520463774,0
8,Domenica,Mattino,VICENZA,SP 046 Pasubio,Pendenza,Ghiacciato,Orizzontale,Vento forte,11.494082366648753,45.56816722397074,0
5,Domenica,Sera,VICENZA,SP 046 Pasubio,Intersezione non segnalata,Bagnato,Orizzontale,Pioggia,11.50677581582201,45.54462906468022,0
12,Sabato,Pomeriggio,VALLI DEL PASUBIO,SP 046 Pasubio,Rotatoria,Innevato,Verticale,Pioggia,11.260460655695734,45.74081161098212,0
5,Sabato,Mattino,MALO,SP 046 Pasubio,Rettilineo,Bagnato,Assente,Altro,11.414467061542165,45.658155044292926,0
12,Giovedì,Mattino,COGOLLO DEL CENGIO,SP 349 Costo,Rettilineo,Innevato,Verticale,Nebbia,11.432300027186018,45.78868121027086,0
6,Lunedì,Notte,THIENE,SP 349 var Costo Variante,Curva,Innevato,Temporanea di cantiere,Pioggia,11.45873336627544,45.69885292634671,0
1,Sabato,Pomeriggio,VALLI DEL PASUBIO,SP 046 Pasubio,Intersezione non segnalata,Sdrucciolevole,Temporanea di cantiere,Nebbia,11.189218367741773,45.75751976399645,0
1,Giovedì,Notte,THIENE,SP 349 Costo,Intersezione segnalata,Asciutto,Orizzontale,Pioggia,11.49082585818632,45.664799180738044,0
7,Giovedì,Notte,ROANA,SP 349 Costo,Rotatoria,Sdrucciolevole,Orizzontale,Neve,11.471788640095308,45.88712439489456,0
5,Domenica,Sera,MALO,SP 046 Pasubio,Intersezione con semaforo o vigile,Bagnato,Orizzontale,Sereno,11.435654173342307,45.637604600296534,0
10,Martedì,Mattino,COGOLLO DEL CENGIO,SP 349 Costo,Rotatoria,Sdrucciolevole,Orizzontale,Nebbia,11.44291526044188,45.78129994953716,0
8,Sabato,Sera,ISOLA VICENTINA,SP 046 Pasubio,Intersezione segnalata,Bagnato,Orizzontale,Nebbia,11.445678601177807,45.627614955066406,0
8,Sabato,Sera,THIENE,SP 349 Costo,Incrocio,Bagnato,Orizzontale,Vento forte,11.485630467487262,45.68115573751172,0
9,Mercoledì,Notte,LASTEBASSE,SP 350 Val d'Astico,Dosso,Innevato,Assente,Pioggia,11.266097535773909,45.916463380774644,0
3,Sabato,Mattino,ARSIERO,SP 350 Val d'Astico,Incrocio,Bagnato,Orizzontale,Altro,11.377086991659082,45.80169589762433,0
2,Lunedì,Notte,COGOLLO DEL CENGIO,SP 349 Costo,Pendenza,Sdrucciolevole,Orizzontale,Vento forte,11.429499785586211,45.81502742910063,0
9,Giovedì,Notte,CALTRANO,SP 349 Costo,Intersezione non segnalata,Ghiacciato,Orizzontale,Sereno,11.45240557135672,45.77224679034708,0
9,Sabato,Mattino,LASTEBASSE,SP 350 Val d'Astico,Rettilineo,Ghiacciato,Assente,Altro,11.321296176797505,45.9027031487465,0
2,Venerdì,Notte,SANTORSO,SP 349 Costo,Pendenza,Innevato,Verticale,Altro,11.389699402749002,45.73307125127672,0
4,Martedì,Mattino,COSTABISSARA,SP 046 Pasubio,Curva,Innevato,Verticale,Altro,11.496198985334958,45.59667910647752,0
9,Mercoledì,Mattino,VICENZA,SP 046 Pasubio,Galleria illuminata,Asciutto,Assente,Nebbia,11.498583150818305,45.55558908780316,0
8,Giovedì,Pomeriggio,MALO,SP 046 Pasubio,Intersezione con semaforo o vigile,Sdrucciolevole,Temporanea di cantiere,Pioggia,11.406342405731326,45.66757046468977,0
10,Lunedì,Sera,VILLAVERLA,SP 349 Costo,Galleria illuminata,Asciutto,Assente,Vento forte,11.494179615539341,45.65122560204348,0
8,Giovedì,Mattino,SCHIO,SP 046 Pasubio,Intersezione segnalata,Ghiacciato,Assente,Vento forte,11.38820040349072,45.69410177589752,0
1,Venerdì,Mattino,ROANA,SP 349 Costo,Galleria illuminata,Bagnato,Verticale,Pioggia,11.433297985680571,45.84036338277772,0
11,Sabato,Notte,THIENE,SP 349 Costo,Incrocio,Innevato,Assente,Vento forte,11.486197574659027,45.67933539398506,0
3,Sabato,Mattino,ISOLA VICENTINA,SP 046 Pasubio,Pendenza,Asciutto,Orizzontale,Pioggia,11.455888932246257,45.6223497586942,0
2,Giovedì,Sera,ROANA,SP 349 Costo,Galleria illuminata,Innevato,Assente,Sereno,11.479433698208178,45.869543667806326,0
11,Venerdì,Notte,ASIAGO,SP 349 Costo,Curva,Bagnato,Assente,Altro,11.502853585743757,45.87566541145426,0
3,Domenica,Pomeriggio,ROANA,SP 349 Costo,Curva,Innevato,Assente,Nebbia,11.438340383796048,45.821276000098926,0
7,Martedì,Sera,ARSIERO,SP 350 Val d'Astico,Rettilineo,Asciutto,Verticale,Vento forte,11.366892839149243,45.80324162639741,0
6,Domenica,Pomeriggio,THIENE,SP 349 Costo,Incrocio,Bagnato,Assente,Neve,11.489281336814276,45.66956428927943,0
1,Sabato,Pomeriggio,COGOLLO DEL CENGIO,SP 349 Costo,Intersezione non segnalata,Innevato,Assente,Pioggia,11.437831005193745,45.787451560869805,0
2,Sabato,Mattino,ROANA,SP 349 Costo,Pendenza,Ghiacciato,Verticale,Vento forte,11.444879045337299,45.93101827904944,0
5,Domenica,Pomeriggio,ROANA,SP 349 Costo,Rettilineo,Innevato,Verticale,Neve,11.437926655873934,45.823986250209536,0
6,Mercoledì,Sera,COGOLLO DEL CENGIO,SP 349 Costo,Incrocio,Sdrucciolevole,Temporanea di cantiere,Sereno,11.432497124639907,45.795377725003135,0
8,Venerdì,Notte,VICENZA,SP 046 Pasubio,Intersezione segnalata,Ghiacciato,Orizzontale,Pioggia,11.502733617905134,45.549351688227866,0
12,Lunedì,Notte,SANTORSO,SP 349 Costo,Incrocio,Innevato,Assente,Pioggia,11.384614360835794,45.73177894360555,0
6,Domenica,Notte,ROANA,SP 349 Costo,Pendenza,Innevato,Temporanea di cantiere,Vento forte,11.469254423652279,45.89417966259178,0
12,Sabato,Mattino,ASIAGO,SP 349 Costo,Intersezione non segnalata,Sdrucciolevole,Verticale,Pioggia,11.43508148858928,45.946797640813394,0
12,Giovedì,Pomeriggio,ASIAGO,SP 349 Costo,Rettilineo,Sdrucciolevole,Temporanea di cantiere,Neve,11.410801759903007,45.94817376090778,0
7,Venerdì,Pomeriggio,ASIAGO,SP 349 Costo,Rotatoria,Ghiacciato,Temporanea di cantiere,Pioggia,11.49015571352554,45.86942751612678,0
6,Venerdì,Sera,MALO,SP 046 Pasubio,Intersezione non segnalata,Innevato,Verticale,Nebbia,11.41113653356621,45.661632973817305,0
6,Martedì,Pomeriggio,MALO,SP 046 Pasubio,Dosso,Ghiacciato,Verticale,Altro,11.403031640405041,45.67680153691038,0
4,Lunedì,Mattino,VICENZA,SP 046 Pasubio,Dosso,Innevato,Temporanea di cantiere,Pioggia,11.494992527903216,45.5618470805215,0
7,Lunedì,Mattino,ROANA,SP 349 Costo,Rotatoria,Ghiacciato,Temporanea di cantiere,Vento forte,11.448637834434358,45.92908749888126,0
6,Martedì,Notte,VICENZA,SP 046 Pasubio,Galleria illuminata,Innevato,Verticale,Neve,11.49473199198507,45.56280626996139,0
4,Sabato,Mattino,THIENE,SP 349 var Costo Variante,Rotatoria,Innevato,Assente,Nebbia,11.45790918847446,45.69967335378041,0
2,Domenica,Notte,COSTABISSARA,SP 046 Pasubio,Intersezione con semaforo o vigile,Asciutto,Verticale,Vento forte,11.496147823459332,45.596816123919496,0
9,Domenica,Sera,VALLI DEL PASUBIO,SP 046 Pasubio,Curva,Bagnato,Temporanea di cantiere,Vento forte,11.246527919482464,45.74395484288198,0
5,Martedì,Mattino,MALO,SP 046 Pasubio,Curva,Ghiacciato,Orizzontale,Pioggia,11.405015753137885,45.672128064029096,0
5,Venerdì,Mattino,VICENZA,SP 046 rac Pasubio Raccordo del Sole,Intersezione non segnalata,Bagnato,Assente,Altro,11.507901336951456,45.535646539316055,0
1,Giovedì,Mattino,COGOLLO DEL CENGIO,SP 349 Costo,Rettilineo,Sdrucciolevole,Orizzontale,Pioggia,11.423705315707291,45.80629966412833,0
4,Lunedì,Sera,VALDASTICO,SP 350 Val d'Astico,Intersezione non segnalata,Ghiacciato,Assente,Nebbia,11.364760649043992,45.850678020216975,0
12,Venerdì,Sera,ASIAGO,SP 349 Costo,Rettilineo,Sdrucciolevole,Orizzontale,Nebbia,11.435117669122858,45.94677167550507,0
1,Martedì,Sera,ROANA,SP 349 Costo,Curva,Ghiacciato,Orizzontale,Neve,11.469891516845848,45.86289813625602,0
2,Venerdì,Notte,ASIAGO,SP 349 Costo,Curva,Asciutto,Orizzontale,Neve,11.418258875120996,45.951089401291064,0
7,Domenica,Sera,VICENZA,SP 046 Pasubio,Rettilineo,Sdrucciolevole,Temporanea di cantiere,Pioggia,11.508122279453579,45.54311107651918,0
6,Giovedì,Notte,ARSIERO,SP 350 Val d'Astico,Intersezione con semaforo o vigile,Bagnato,Verticale,Nebbia,11.362535875869641,45.803835427672055,0
9,Lunedì,Mattino,ROANA,SP 349 Costo,Galleria illuminata,Sdrucciolevole,Assente,Sereno,11.441225098282107,45.9364340561909,0
5,Domenica,Sera,ISOLA VICENTINA,SP 046 Pasubio,Rotatoria,Sdrucciolevole,Assente,Vento forte,11.44564145405666,45.62761593198374,0
5,Sabato,Sera,VICENZA,SP 046 Pasubio,Intersezione non segnalata,Asciutto,Orizzontale,Pioggia,11.50712068651595,45.54425783638845,0
8,Martedì,Notte,COGOLLO DEL CENGIO,SP 349 Costo,Pendenza,Sdrucciolevole,Orizzontale,Nebbia,11.430275968453108,45.791898896421834,0
8,Martedì,Sera,VALLI DEL PASUBIO,SP 046 Pasubio,Intersezione non segnalata,Ghiacciato,Verticale,Neve,11.260613914480848,45.74073040911961,0
11,Giovedì,Notte,COGOLLO DEL CENGIO,SP 349 Costo,Curva,Innevato,Temporanea di cantiere,Vento forte,11.428000316335176,45.813218340001626,0
3,Martedì,Sera,PIOVENE ROCCHETTE,SP 349 Costo,Curva,Innevato,Orizzontale,Nebbia,11.423438125086673,45.74636277290085,0
4,Domenica,Sera,VALDASTICO,SP 350 Val d'Astico,Dosso,Bagnato,Verticale,Neve,11.362922029866011,45.85420357587187,0
2,Mercoledì,Notte,VALDASTICO,SP 350 Val d'Astico,Dosso,Ghiacciato,Assente,Nebbia,11.353538852567088,45.88708144223599,0
8,Venerdì,Mattino,PIOVENE ROCCHETTE,SP 349 Costo,Galleria illuminata,Asciutto,Verticale,Altro,11.421787698537532,45.74488369398987,0
7,Domenica,Pomeriggio,COSTABISSARA,SP 046 Pasubio,Curva,Innevato,Orizzontale,Neve,11.497114944518328,45.59323049814654,0
5,Sabato,Mattino,VICENZA,SP 046 Pasubio,Curva,Innevato,Orizzontale,Vento forte,11.50114464812825,45.551884163823985,0
9,Sabato,Sera,ROANA,SP 349 Costo,Intersezione con semaforo o vigile,Innevato,Orizzontale,Sereno,11.472133399903305,45.88620334775914,0
5,Lunedì,Sera,COGOLLO DEL CENGIO,SP 350 Val d'Astico,Intersezione con semaforo o vigile,Sdrucciolevole,Assente,Altro,11.40757470501601,45.79058574965365,0
3,Sabato,Notte,VALLI DEL PASUBIO,SP 046 Pasubio,Intersezione non segnalata,Bagnato,Temporanea di cantiere,Sereno,11.218447150309888,45.75504971110313,0
7,Lunedì,Pomeriggio,VICENZA,SP 046 Pasubio,Pendenza,Ghiacciato,Temporanea di cantiere,Neve,11.508183532057046,45.54080781898358,0
6,Martedì,Mattino,ROANA,SP 349 Costo,Dosso,Ghiacciato,Temporanea di cantiere,Nebbia,11.435327409211467,45.831701811667095,0
5,Martedì,Pomeriggio,VALLI DEL PASUBIO,SP 046 Pasubio,Intersezione segnalata,Bagnato,Temporanea di cantiere,Sereno,11.223740686536173,45.7537157646864,0
6,Giovedì,Mattino,ASIAGO,SP 349 Costo,Rettilineo,Sdrucciolevole,Assente,Neve,11.501138615030495,45.875524299938625,0
3,Mercoledì,Mattino,MALO,SP 046 Pasubio,Dosso,Sdrucciolevole,Temporanea di cantiere,Nebbia,11.433773727627438,45.638735027708535,0
7,Venerdì,Notte,ROANA,SP 349 Costo,Incrocio,Bagnato,Assente,Sereno,11.457187834372435,45.856432300418504,0
1,Lunedì,Pomeriggio,VICENZA,SP 046 Pasubio,Intersezione con semaforo o vigile,Sdrucciolevole,Verticale,Sereno,11.503319991734104,45.5485558904851,0
2,Domenica,Notte,COGOLLO DEL CENGIO,SP 349 Costo,Rettilineo,Bagnato,Temporanea di cantiere,Altro,11.42621766139734,45.81049994261104,0
7,Venerdì,Pomeriggio,ARSIERO,SP 350 Val d'Astico,Dosso,Bagnato,Orizzontale,Altro,11.361296598624715,45.810149870937224,0
7,Mercoledì,Notte,ROANA,SP 349 Costo,Dosso,Asciutto,Verticale,Vento forte,11.453821561313438,45.918190349639985,0
8,Mercoledì,Notte,VALDASTICO,SP 350 Val d'Astico,Intersezione segnalata,Bagnato,Temporanea di cantiere,Altro,11.36132435761743,45.866725666242026,0
2,Giovedì,Notte,VALDASTICO,SP 350 Val d'Astico,Galleria illuminata,Ghiacciato,Verticale,Pioggia,11.334360596483886,45.89550431342023,0
11,Mercoledì,Sera,ASIAGO,SP 349 Costo,Intersezione non segnalata,Bagnato,Verticale,Nebbia,11.489831809910518,45.87868293159782,0
6,Giovedì,Mattino,VICENZA,SP 046 Pasubio,Rotatoria,Asciutto,Assente,Sereno,11.499454467481547,45.575198610696354,0
2,Lunedì,Sera,CALTRANO,SP 349 Costo,Incrocio,Innevato,Verticale,Altro,11.449693558614,45.7754919167713,0
4,Giovedì,Pomeriggio,ISOLA VICENTINA,SP 046 Pasubio,Rettilineo,Sdrucciolevole,Temporanea di cantiere,Neve,11.459149281781862,45.6208161007024,0
3,Mercoledì,Notte,LASTEBASSE,SP 350 Val d'Astico,Galleria illuminata,Sdrucciolevole,Assente,Pioggia,11.27830188988477,45.913845500049185,0
6,Domenica,Sera,VILLAVERLA,SP 349 Costo,Rotatoria,Sdrucciolevole,Verticale,Neve,11.491234721095477,45.662078147465735,0
6,Venerdì,Sera,VALLI DEL PASUBIO,SP 046 Pasubio,Intersezione segnalata,Sdrucciolevole,Orizzontale,Altro,11.182146384608387,45.75768897354158,0
6,Venerdì,Mattino,ROANA,SP 349 Costo,Rettilineo,Sdrucciolevole,Verticale,Vento forte,11.457953207773707,45.91168276101013,0
6,Giovedì,Pomeriggio,VILLAVERLA,SP 349 Costo,Intersezione non segnalata,Ghiacciato,Assente,Pioggia,11.493636049479171,45.65663103680744,0
11,Sabato,Sera,COGOLLO DEL CENGIO,SP 350 Val d'Astico,Pendenza,Innevato,Orizzontale,Vento forte,11.426817078310775,45.77343205043282,0
12,Mercoledì,Notte,VICENZA,SP 046 Pasubio,Curva,Innevato,Orizzontale,Neve,11.508184745140342,45.540855809130015,0
6,Lunedì,Sera,ROANA,SP 349 Costo,Incrocio,Sdrucciolevole,Orizzontale,Nebbia,11.454107232865216,45.917710863178314,0
12,Lunedì,Mattino,PIOVENE ROCCHETTE,SP 350 Val d'Astico,Dosso,Bagnato,Temporanea di cantiere,Pioggia,11.435809963135878,45.7628293857745,0
10,Martedì,Notte,ROANA,SP 349 Costo,Intersezione non segnalata,Asciutto,Assente,Sereno,11.432313808102222,45.83717314043386,0
10,Martedì,Pomeriggio,VICENZA,SP 046 Pasubio,Rotatoria,Sdrucciolevole,Temporanea di cantiere,Nebbia,11.510241484875586,45.58011715872387,0
3,Lunedì,Notte,CHIUPPANO,SP 349 Costo,Rettilineo,Innevato,Assente,Altro,11.454535322039067,45.7663786804687,0
6,Venerdì,Notte,PIOVENE ROCCHETTE,SP 350 Val d'Astico,Intersezione con semaforo o vigile,Bagnato,Orizzontale,Pioggia,11.425481760791651,45.77018014983503,0
5,Mercoledì,Notte,ROANA,SP 349 Costo,Rettilineo,Innevato,Temporanea di cantiere,Vento forte,11.457257038495182,45.85977726306893,0
2,Martedì,Pomeriggio,MARANO VICENTINO,SP 349 var Costo Variante,Curva,Ghiacciato,Orizzontale,Pioggia,11.425674697526851,45.71954212729883,0
1,Venerdì,Sera,ARSIERO,SP 350 Val d'Astico,Curva,Ghiacciato,Orizzontale,Altro,11.365948953323464,45.80320985535763,0
8,Giovedì,Pomeriggio,ROANA,SP 349 Costo,Rotatoria,Sdrucciolevole,Temporanea di cantiere,Nebbia,11.451283489608722,45.92524534034566,0
6,Giovedì,Mattino,VICENZA,SP 046 rac Pasubio Raccordo del Sole,Galleria illuminata,Ghiacciato,Assente,Vento forte,11.507879600990673,45.534922831967826,0
10,Venerdì,Notte,ROANA,SP 349 Costo,Intersezione con semaforo o vigile,Asciutto,Verticale,Vento forte,11.472698030185581,45.863450181753365,0
9,Sabato,Mattino,ARSIERO,SP 350 Val d'Astico,Pendenza,Asciutto,Verticale,Neve,11.36130048551987,45.81015689340597,0
2,Sabato,Notte,COGOLLO DEL CENGIO,SP 349 Costo,Incrocio,Asciutto,Verticale,Sereno,11.42272334716605,45.803499092792634,0
11,Martedì,Sera,ROANA,SP 349 Costo,Rotatoria,Ghiacciato,Orizzontale,Sereno,11.456067247374389,45.853143112852926,0
6,Martedì,Mattino,ROANA,SP 349 Costo,Incrocio,Sdrucciolevole,Orizzontale,Nebbia,11.486873722276425,45.8801267068028,0
7,Venerdì,Pomeriggio,MALO,SP 046 Pasubio,Intersezione segnalata,Bagnato,Verticale,Neve,11.403921108458851,45.67484143091151,0
12,Venerdì,Mattino,VALLI DEL PASUBIO,SP 046 Pasubio,Intersezione non segnalata,Asciutto,Temporanea di cantiere,Sereno,11.193773804331844,45.76082443631153,0
8,Lunedì,Mattino,COGOLLO DEL CENGIO,SP 350 Val d'Astico,Rettilineo,Sdrucciolevole,Verticale,Nebbia,11.409451096846144,45.79003582685417,0
1,Mercoledì,Pomeriggio,COGOLLO DEL CENGIO,SP 350 Val d'Astico,Curva,Bagnato,Assente,Vento forte,11.378936143174226,45.80075892774675,0
3,Mercoledì,Sera,ARSIERO,SP 350 Val d'Astico,Rotatoria,Asciutto,Verticale,Sereno,11.368794595498619,45.830310799265284,0
6,Giovedì,Notte,VALLI DEL PASUBIO,SP 046 Pasubio,Rotatoria,Asciutto,Temporanea di cantiere,Nebbia,11.212245469705168,45.756441191482814,0
1,Lunedì,Mattino,COGOLLO DEL CENGIO,SP 349 Costo,Intersezione segnalata,Ghiacciato,Verticale,Altro,11.429463387383048,45.793925914813926,0
3,Martedì,Mattino,COSTABISSARA,SP 046 Pasubio,Intersezione segnalata,Ghiacciato,Verticale,Altro,11.491820512444423,45.60461659833996,0
10,Sabato,Sera,SANTORSO,SP 349 Costo,Pendenza,Bagnato,Assente,Nebbia,11.401737457752832,45.73616741964425,0
3,Venerdì,Sera,COGOLLO DEL CENGIO,SP 349 Costo,Curva,Bagnato,Assente,Sereno,11.440355344133222,45.78495325151833,0
7,Domenica,Pomeriggio,ARSIERO,SP 350 Val d'Astico,Intersezione segnalata,Sdrucciolevole,Temporanea di cantiere,Vento forte,11.369459716504872,45.83468834440606,0
4,Mercoledì,Mattino,COGOLLO DEL CENGIO,SP 349 Costo,Intersezione non segnalata,Innevato,Assente,Pioggia,11.442658927100934,45.783183944844026,0
12,Mercoledì,Notte,MALO,SP 046 Pasubio,Intersezione non segnalata,Ghiacciato,Assente,Nebbia,11.418350324276132,45.653799180816826,0
8,Venerdì,Sera,COGOLLO DEL CENGIO,SP 349 Costo,Rettilineo,Innevato,Orizzontale,Pioggia,11.434627303133269,45.79755567512538,0
12,Lunedì,Mattino,VALDASTICO,SP 350 Val d'Astico,Rettilineo,Bagnato,Orizzontale,Nebbia,11.356783512479275,45.881238839571985,0
5,Mercoledì,Mattino,VICENZA,SP 046 rac Pasubio Raccordo del Sole,Intersezione segnalata,Innevato,Assente,Sereno,11.509081953395032,45.53832174209229,0
8,Lunedì,Pomeriggio,COSTABISSARA,SP 046 Pasubio,Curva,Sdrucciolevole,Temporanea di cantiere,Neve,11.494042882471899,45.602456937842284,0
5,Lunedì,Mattino,VALDASTICO,SP 350 Val d'Astico,Intersezione non segnalata,Bagnato,Assente,Vento forte,11.36357072260365,45.85273430468793,0
3,Sabato,Sera,VICENZA,SP 046 Pasubio,Intersezione non segnalata,Innevato,Assente,Neve,11.494067175798133,45.567620866823184,0
10,Lunedì,Pomeriggio,COGOLLO DEL CENGIO,SP 350 Val d'Astico,Curva,Ghiacciato,Assente,Vento forte,11.425934903613062,45.783263060845954,0
3,Martedì,Notte,COGOLLO DEL CENGIO,SP 349 Costo,Galleria illuminata,Ghiacciato,Assente,Pioggia,11.425916875469767,45.80056632566588,0
6,Venerdì,Sera,COGOLLO DEL CENGIO,SP 349 Costo,Dosso,Ghiacciato,Assente,Nebbia,11.432121849448514,45.81586217888206,0
6,Venerdì,Mattino,VICENZA,SP 046 Pasubio,Intersezione non segnalata,Innevato,Orizzontale,Sereno,11.503537438752456,45.54824908941613,0
4,Venerdì,Pomeriggio,ROANA,SP 349 Costo,Rettilineo,Asciutto,Assente,Vento forte,11.452556411244325,45.848700080650346,0
5,Giovedì,Mattino,COGOLLO DEL CENGIO,SP 350 Val d'Astico,Incrocio,Bagnato,Temporanea di cantiere,Nebbia,11.414433152372977,45.78743900361035,0
4,Giovedì,Notte,VALLI DEL PASUBIO,SP 046 Pasubio,Curva,Asciutto,Orizzontale,Nebbia,11.193900438228216,45.76142626982904,0
11,Domenica,Mattino,ROANA,SP 349 Costo,Intersezione non segnalata,Asciutto,Assente,Pioggia,11.43889974221574,45.842933153063335,0
7,Martedì,Mattino,CALDOGNO,SP 349 Costo,Rotatoria,Innevato,Assente,Nebbia,11.490442521020864,45.61714909742548,0
12,Giovedì,Notte,ROANA,SP 349 Costo,Rettilineo,Asciutto,Temporanea di cantiere,Pioggia,11.45178879744994,45.92446298148684,0
8,Venerdì,Notte,VICENZA,SP 046 Pasubio,Rotatoria,Asciutto,Assente,Neve,11.50814017649762,45.579825430613035,0
10,Sabato,Notte,THIENE,SP 349 Costo,Incrocio,Innevato,Orizzontale,Sereno,11.488293717101014,45.67262175619603,0
2,Martedì,Sera,COGOLLO DEL CENGIO,SP 349 Costo,Intersezione segnalata,Sdrucciolevole,Temporanea di cantiere,Altro,11.425782608714615,45.80969538899345,0
12,Martedì,Pomeriggio,ROANA,SP 349 Costo,Pendenza,Ghiacciato,Orizzontale,Sereno,11.463271426955727,45.901945409085315,0
6,Sabato,Sera,ROANA,SP 349 Costo,Rotatoria,Bagnato,Assente,Neve,11.436217401526662,45.94153897447707,0
9,Sabato,Pomeriggio,VALDASTICO,SP 350 Val d'Astico,Intersezione con semaforo o vigile,Ghiacciato,Orizzontale,Neve,11.370457548317876,45.83783891991737,0
3,Sabato,Pomeriggio,ROANA,SP 349 Costo,Rettilineo,Innevato,Assente,Neve,11.435800276465539,45.830058763046345,0
2,Domenica,Sera,ROANA,SP 349 Costo,Intersezione segnalata,Ghiacciato,Verticale,Nebbia,11.434700897093949,45.832809889136875,0
11,Domenica,Sera,VICENZA,SP 046 rac Pasubio Raccordo del Sole,Rettilineo,Sdrucciolevole,Verticale,Vento forte,11.508200619354948,45.536758715953084,0
6,Domenica,Notte,VICENZA,SP 046 Pasubio,Curva,Bagnato,Orizzontale,Pioggia,11.494178519790283,45.570074217093364,0
2,Sabato,Pomeriggio,THIENE,SP 349 Costo,Curva,Bagnato,Assente,Pioggia,11.489125238910967,45.670055870941034,0
8,Venerdì,Pomeriggio,VICENZA,SP 046 Pasubio,Intersezione non segnalata,Sdrucciolevole,Assente,Pioggia,11.49465157954744,45.57122067394555,0
6,Lunedì,Pomeriggio,SANTORSO,SP 349 Costo,Incrocio,Asciutto,Verticale,Sereno,11.376387620872332,45.729653392880586,0
9,Mercoledì,Mattino,SCHIO,SP 349 Costo,Dosso,Asciutto,Orizzontale,Sereno,11.36912570881925,45.72684068275433,0
9,Sabato,Notte,ASIAGO,SP 349 Costo,Dosso,Sdrucciolevole,Temporanea di cantiere,Sereno,11.405115991142456,45.945095544161745,0
6,Mercoledì,Pomeriggio,ROANA,SP 349 Costo,Rettilineo,Asciutto,Assente,Nebbia,11.468257439201182,45.896296266648,0
5,Sabato,Mattino,SCHIO,SP 046 var Torrebelvicino,Rettilineo,Sdrucciolevole,Verticale,Neve,11.332949576303863,45.714913622297246,0
3,Sabato,Sera,CALTRANO,SP 349 Costo,Galleria illuminata,Bagnato,Assente,Pioggia,11.445986120700185,45.780389523720636,0
1,Sabato,Mattino,COGOLLO DEL CENGIO,SP 349 Costo,Incrocio,Asciutto,Verticale,Altro,11.427972858126987,45.793288599959375,0
2,Martedì,Mattino,LASTEBASSE,SP 350 Val d'Astico,Pendenza,Sdrucciolevole,Verticale,Neve,11.26006220832877,45.919212674048275,0
10,Giovedì,Sera,ROANA,SP 349 Costo,Curva,Asciutto,Orizzontale,Sereno,11.449999127932726,45.84678316111171,0
6,Mercoledì,Mattino,VICENZA,SP 046 Pasubio,Pendenza,Ghiacciato,Verticale,Vento forte,11.505901467620888,45.58254231329038,0
3,Mercoledì,Notte,VILLAVERLA,SP 349 Costo,Curva,Innevato,Orizzontale,Sereno,11.49157669800694,45.634466635686245,0
1,Martedì,Sera,ISOLA VICENTINA,SP 046 Pasubio,Intersezione con semaforo o vigile,Ghiacciato,Temporanea di cantiere,Vento forte,11.458652443381053,45.621103426581485,0
10,Lunedì,Notte,VALLI DEL PASUBIO,SP 046 Pasubio,Intersezione non segnalata,Innevato,Temporanea di cantiere,Altro,11.205228901523418,45.759349599272966,0
6,Mercoledì,Notte,ROANA,SP 349 Costo,Rotatoria,Innevato,Orizzontale,Altro,11.437172146914813,45.82496875978217,0
1,Domenica,Notte,SANTORSO,SP 349 Costo,Rettilineo,Ghiacciato,Verticale,Vento forte,11.413368001262397,45.740446517425355,0
3,Venerdì,Sera,THIENE,SP 349 Costo,Galleria illuminata,Bagnato,Verticale,Neve,11.486680144451428,45.67778132662505,0
8,Lunedì,Notte,MALO,SP 046 Pasubio,Intersezione non segnalata,Sdrucciolevole,Assente,Pioggia,11.417922092475003,45.65442829673929,0
8,Venerdì,Mattino,SCHIO,SP 349 Costo,Dosso,Innevato,Verticale,Nebbia,11.371879049344672,45.72849786600455,0
10,Lunedì,Notte,MALO,SP 046 Pasubio,Intersezione non segnalata,Ghiacciato,Assente,Nebbia,11.400103012440898,45.68307550326089,0
1,Martedì,Sera,ROANA,SP 349 Costo,Incrocio,Bagnato,Temporanea di cantiere,Pioggia,11.463252412646572,45.86055428099672,0
1,Domenica,Notte,VICENZA,SP 046 Pasubio,Curva,Asciutto,Orizzontale,Nebbia,11.508347524982293,45.541005997724476,0
1,Sabato,Notte,ISOLA VICENTINA,SP 046 Pasubio,Intersezione non segnalata,Asciutto,Orizzontale,Neve,11.47607955519458,45.60925209834069,0
5,Giovedì,Mattino,ISOLA VICENTINA,SP 046 Pasubio,Dosso,Bagnato,Assente,Pioggia,11.445510541412192,45.62768827196987,0
9,Venerdì,Sera,ASIAGO,SP 349 Costo,Dosso,Innevato,Orizzontale,Altro,11.502264468357952,45.872508328484265,0
8,Mercoledì,Notte,ARSIERO,SP 350 Val d'Astico,Galleria illuminata,Sdrucciolevole,Assente,Vento forte,11.369576815820079,45.83223707331793,0
3,Mercoledì,Mattino,VICENZA,SP 046 Pasubio,Dosso,Asciutto,Verticale,Pioggia,11.49405807901047,45.56952342762256,0
8,Martedì,Pomeriggio,VICENZA,SP 046 Pasubio,Intersezione con semaforo o vigile,Innevato,Assente,Nebbia,11.503864013698635,45.57769712464655,0
8,Venerdì,Sera,VALLI DEL PASUBIO,SP 046 Pasubio,Incrocio,Sdrucciolevole,Orizzontale,Nebbia,11.196527582670678,45.76316760298815,0
9,Sabato,Mattino,PIOVENE ROCCHETTE,SP 349 Costo,Incrocio,Innevato,Assente,Pioggia,11.426280525462541,45.74891666124348,0
6,Sabato,Pomeriggio,COGOLLO DEL CENGIO,SP 349 Costo,Dosso,Bagnato,Orizzontale,Pioggia,11.435943316913814,45.795316102927096,0
1,Martedì,Notte,CALDOGNO,SP 349 Costo,Curva,Ghiacciato,Verticale,Vento forte,11.490391128162221,45.61381986549422,0
5,Domenica,Sera,LASTEBASSE,SP 350 Val d'Astico,Dosso,Innevato,Orizzontale,Altro,11.304364135833893,45.90814118613666,0
10,Venerdì,Mattino,MALO,SP 046 Pasubio,Incrocio,Sdrucciolevole,Verticale,Neve,11.399729702358476,45.6838785249442,0
9,Sabato,Notte,ZANE',SP 349 Costo,Intersezione segnalata,Ghiacciato,Verticale,Neve,11.458344212543091,45.71612533761786,0
4,Giovedì,Pomeriggio,ISOLA VICENTINA,SP 046 Pasubio,Dosso,Bagnato,Orizzontale,Neve,11.453308104105151,45.62352831299941,0
10,Giovedì,Sera,ASIAGO,SP 349 Costo,Intersezione con semaforo o vigile,Innevato,Verticale,Neve,11.497018261963772,45.869297292732426,0
5,Sabato,Notte,SCHIO,SP 349 var Costo Variante,Intersezione segnalata,Asciutto,Orizzontale,Altro,11.423759597027635,45.72188600522286,0
6,Mercoledì,Notte,ROANA,SP 349 Costo,Pendenza,Bagnato,Temporanea di cantiere,Altro,11.472127160272539,45.88623972732444,0
2,Mercoledì,Sera,VALDASTICO,SP 350 Val d'Astico,Intersezione con semaforo o vigile,Innevato,Temporanea di cantiere,Altro,11.366904824396007,45.844509419771356,0
11,Mercoledì,Notte,VICENZA,SP 046 Pasubio,Intersezione con semaforo o vigile,Asciutto,Verticale,Nebbia,11.507751679314678,45.54287263575186,0
3,Giovedì,Pomeriggio,VICENZA,SP 046 Pasubio,Galleria illuminata,Sdrucciolevole,Assente,Neve,11.507828050207863,45.54287034008544,0
7,Domenica,Sera,ROANA,SP 349 Costo,Intersezione con semaforo o vigile,Bagnato,Orizzontale,Nebbia,11.457630718083673,45.912320342151084,0
10,Domenica,Mattino,VALLI DEL PASUBIO,SP 046 Pasubio,Rotatoria,Sdrucciolevole,Temporanea di cantiere,Altro,11.18849955393596,45.757225015262925,0
7,Venerdì,Notte,VALDASTICO,SP 350 Val d'Astico,Curva,Bagnato,Orizzontale,Nebbia,11.359444666131258,45.87731778958586,0
3,Mercoledì,Mattino,VICENZA,SP 046 Pasubio,Dosso,Bagnato,Verticale,Altro,11.494306766396758,45.56581120571931,0
12,Giovedì,Mattino,ROANA,SP 349 Costo,Rettilineo,Innevato,Orizzontale,Altro,11.433402925749386,45.840557320889076,0
4,Giovedì,Notte,ASIAGO,SP 349 Costo,Rotatoria,Asciutto,Orizzontale,Sereno,11.49085037087724,45.88019568512206,0
5,Giovedì,Mattino,ASIAGO,SP 349 Costo,Rotatoria,Ghiacciato,Orizzontale,Pioggia,11.49490489913062,45.86838753579312,0
5,Venerdì,Notte,VALLI DEL PASUBIO,SP 046 Pasubio,Incrocio,Asciutto,Temporanea di cantiere,Nebbia,11.207721630288283,45.75933543240049,0
11,Venerdì,Notte,LASTEBASSE,SP 350 Val d'Astico,Incrocio,Sdrucciolevole,Assente,Sereno,11.328998853690935,45.899337363603564,0
7,Sabato,Notte,PIOVENE ROCCHETTE,SP 349 Costo,Galleria illuminata,Ghiacciato,Assente,Pioggia,11.433047692737718,45.75445911904319,0
9,Mercoledì,Mattino,PIOVENE ROCCHETTE,SP 349 Costo,Rotatoria,Innevato,Verticale,Nebbia,11.421985510928632,45.74504997808602,0
11,Venerdì,Mattino,ZANE',SP 349 Costo,Rotatoria,Bagnato,Assente,Vento forte,11.45683324803856,45.716916115165375,0
12,Lunedì,Mattino,ZANE',SP 349 Costo,Pendenza,Asciutto,Assente,Altro,11.444401523315719,45.732820949859914,0
11,Mercoledì,Sera,ROANA,SP 349 Costo,Curva,Ghiacciato,Orizzontale,Altro,11.476248199662232,45.866549561329016,0
11,Domenica,Sera,COGOLLO DEL CENGIO,SP 349 Costo,Intersezione non segnalata,Innevato,Orizzontale,Neve,11.435592823090317,45.81800582536896,0
12,Venerdì,Notte,VALDASTICO,SP 350 Val d'Astico,Pendenza,Sdrucciolevole,Assente,Nebbia,11.370532695384687,45.83840398520416,0
12,Sabato,Pomeriggio,PIOVENE ROCCHETTE,SP 349 Costo,Rotatoria,Asciutto,Verticale,Altro,11.431035515288992,45.74937410822822,0
8,Giovedì,Sera,ROANA,SP 349 Costo,Incrocio,Sdrucciolevole,Assente,Pioggia,11.481148516986249,45.88128955042649,0
2,Lunedì,Notte,MALO,SP 046 Pasubio,Rettilineo,Sdrucciolevole,Assente,Pioggia,11.417035570228252,45.65563925749405,0
4,Lunedì,Sera,TORREBELVICINO,SP 046 Pasubio,Incrocio,Bagnato,Assente,Sereno,11.289261185321992,45.720242936181116,0
10,Domenica,Mattino,MALO,SP 046 Pasubio,Pendenza,Innevato,Verticale,Neve,11.427189655832093,45.643928610451425,0
12,Sabato,Notte,ROANA,SP 349 Costo,Dosso,Asciutto,Verticale,Sereno,11.445151699322594,45.930670477518156,0
8,Mercoledì,Notte,VALLI DEL PASUBIO,SP 046 Pasubio,Curva,Innevato,Assente,Vento forte,11.236410855301967,45.74847182239019,0
10,Lunedì,Mattino,VALLI DEL PASUBIO,SP 046 Pasubio,Intersezione con semaforo o vigile,Sdrucciolevole,Assente,Neve,11.19894102760714,45.76058432190448,0
4,Martedì,Notte,VALLI DEL PASUBIO,SP 046 Pasubio,Rettilineo,Sdrucciolevole,Verticale,Sereno,11.220893311173455,45.75485030359943,0
6,Sabato,Notte,ASIAGO,SP 349 Costo,Dosso,Innevato,Orizzontale,Vento forte,11.491642781790235,45.881035322661845,0
12,Mercoledì,Mattino,SANTORSO,SP 349 Costo,Galleria illuminata,Bagnato,Assente,Neve,11.395691869534469,45.734628200882845,0
10,Giovedì,Notte,VALLI DEL PASUBIO,SP 046 Pasubio,Incrocio,Innevato,Assente,Neve,11.19681534471928,45.76200820606465,0
3,Martedì,Mattino,VALDASTICO,SP 350 Val d'Astico,Rettilineo,Bagnato,Orizzontale,Sereno,11.332568052864486,45.8975197655977,0
12,Giovedì,Pomeriggio,ZANE',SP 349 Costo,Intersezione segnalata,Bagnato,Temporanea di cantiere,Pioggia,11.445457969965757,45.73121258024363,0
6,Venerdì,Pomeriggio,ISOLA VICENTINA,SP 046 Pasubio,Galleria illuminata,Sdrucciolevole,Temporanea di cantiere,Nebbia,11.470911834350414,45.61016716627337,0
11,Mercoledì,Notte,MALO,SP 046 Pasubio,Rotatoria,Ghiacciato,Assente,Altro,11.42711055404133,45.64553654088816,0
7,Sabato,Sera,VILLAVERLA,SP 349 Costo,Rettilineo,Bagnato,Orizzontale,Neve,11.492301260886615,45.643193815193044,0
8,Martedì,Pomeriggio,ZANE',SP 349 Costo,Intersezione con semaforo o vigile,Ghiacciato,Orizzontale,Vento forte,11.450416832100936,45.72393532549512,0
2,Mercoledì,Sera,ROANA,SP 349 Costo,Intersezione con semaforo o vigile,Asciutto,Temporanea di cantiere,Altro,11.436284407113114,45.94353540547673,0
5,Domenica,Mattino,ZANE',SP 349 Costo,Galleria illuminata,Ghiacciato,Orizzontale,Altro,11.448138863614107,45.727731865409794,0
9,Giovedì,Mattino,TORREBELVICINO,SP 046 Pasubio,Galleria illuminata,Ghiacciato,Assente,Nebbia,11.285269499927342,45.7219961083655,0
11,Venerdì,Notte,ROANA,SP 349 Costo,Curva,Sdrucciolevole,Verticale,Sereno,11.453314457263053,45.84911105901921,0
1,Venerdì,Pomeriggio,COGOLLO DEL CENGIO,SP 349 Costo,Rettilineo,Ghiacciato,Orizzontale,Vento forte,11.427043774862149,45.795499669538195,0
9,Giovedì,Sera,ARSIERO,SP 350 Val d'Astico,Rotatoria,Innevato,Assente,Pioggia,11.368649666892384,45.82659085461973,0
6,Domenica,Mattino,ASIAGO,SP 349 Costo,Incrocio,Bagnato,Assente,Pioggia,11.488814963725329,45.88041359012108,0
11,Venerdì,Notte,VALDASTICO,SP 350 Val d'Astico,Intersezione non segnalata,Sdrucciolevole,Verticale,Altro,11.36140306344301,45.86149284918149,0
1,Mercoledì,Pomeriggio,ROANA,SP 349 Costo,Curva,Sdrucciolevole,Verticale,Sereno,11.466066246906681,45.8981529973544,0
5,Domenica,Notte,CHIUPPANO,SP 349 Costo,Intersezione non segnalata,Bagnato,Temporanea di cantiere,Sereno,11.457674706317798,45.76913515965475,0
1,Domenica,Sera,COSTABISSARA,SP 046 Pasubio,Rotatoria,Innevato,Assente,Pioggia,11.501011244367524,45.58818263690704,0
9,Venerdì,Mattino,COSTABISSARA,SP 046 Pasubio,Curva,Sdrucciolevole,Orizzontale,Vento forte,11.496495450458763,45.59587496660853,0
11,Venerdì,Mattino,VALDASTICO,SP 350 Val d'Astico,Pendenza,Sdrucciolevole,Orizzontale,Pioggia,11.365115773282083,45.850129489912014,0
2,Venerdì,Notte,MALO,SP 046 Pasubio,Pendenza,Asciutto,Assente,Nebbia,11.406255795456513,45.667881748566884,0
4,Giovedì,Mattino,VALLI DEL PASUBIO,SP 046 Pasubio,Curva,Sdrucciolevole,Assente,Altro,11.194040643965444,45.761900929167744,0
11,Venerdì,Sera,ISOLA VICENTINA,SP 046 Pasubio,Intersezione segnalata,Ghiacciato,Orizzontale,Nebbia,11.47153923423266,45.60974793280275,0
1,Martedì,Mattino,ISOLA VICENTINA,SP 046 Pasubio,Dosso,Sdrucciolevole,Orizzontale,Pioggia,11.461221994941571,45.61961518213062,0
12,Giovedì,Notte,ZANE',SP 349 Costo,Intersezione con semaforo o vigile,Ghiacciato,Temporanea di cantiere,Vento forte,11.44467591873396,45.73241306265152,0
11,Martedì,Mattino,ROANA,SP 349 Costo,Intersezione segnalata,Asciutto,Temporanea di cantiere,Altro,11.45798223055502,45.86019351947351,0
2,Lunedì,Notte,VICENZA,SP 046 Pasubio,Intersezione non segnalata,Asciutto,Orizzontale,Nebbia,11.506851909031322,45.54401176859744,0
2,Mercoledì,Mattino,MALO,SP 046 Pasubio,Intersezione non segnalata,Bagnato,Orizzontale,Nebbia,11.418149007748395,45.65409746708338,0
9,Giovedì,Pomeriggio,COGOLLO DEL CENGIO,SP 350 Val d'Astico,Curva,Bagnato,Temporanea di cantiere,Altro,11.382440891511472,45.7990263911788,0
1,Martedì,Pomeriggio,ASIAGO,SP 349 Costo,Intersezione segnalata,Innevato,Assente,Nebbia,11.393555567120353,45.950268390007444,0
7,Martedì,Pomeriggio,ROANA,SP 349 Costo,Intersezione non segnalata,Innevato,Assente,Sereno,11.447019004017417,45.84771813415048,0
1,Domenica,Notte,CALDOGNO,SP 349 Costo,Incrocio,Sdrucciolevole,Verticale,Altro,11.490437648692556,45.61671385651547,0
7,Venerdì,Mattino,VICENZA,SP 046 Pasubio,Rettilineo,Sdrucciolevole,Assente,Altro,11.503742555404195,45.54789623461864,0
5,Lunedì,Notte,CALDOGNO,SP 349 Costo,Rettilineo,Bagnato,Assente,Vento forte,11.491178331318345,45.60902184004921,0
9,Martedì,Mattino,COSTABISSARA,SP 046 Pasubio,Intersezione con semaforo o vigile,Sdrucciolevole,Temporanea di cantiere,Vento forte,11.492555335660574,45.60422250629203,0
6,Sabato,Pomeriggio,PIOVENE ROCCHETTE,SP 350 Val d'Astico,Rettilineo,Ghiacciato,Assente,Vento forte,11.43127477655155,45.76623052812395,0
8,Venerdì,Mattino,COGOLLO DEL CENGIO,SP 349 Costo,Intersezione segnalata,Innevato,Verticale,Vento forte,11.434477140534913,45.79759924607349,0
8,Giovedì,Notte,COGOLLO DEL CENGIO,SP 350 Val d'Astico,Dosso,Sdrucciolevole,Assente,Nebbia,11.406248244441572,45.79095841459644,0
12,Venerdì,Mattino,THIENE,SP 349 var Costo Variante,Dosso,Bagnato,Temporanea di cantiere,Neve,11.45890091885124,45.69870234921766,0
3,Giovedì,Mattino,THIENE,SP 349 var Costo Variante,Intersezione non segnalata,Asciutto,Temporanea di cantiere,Pioggia,11.449931829611513,45.70645408088837,0
3,Giovedì,Sera,ZANE',SP 349 Costo,Pendenza,Ghiacciato,Verticale,Nebbia,11.443102371648544,45.73449076267578,0
5,Mercoledì,Notte,ARSIERO,SP 350 Val d'Astico,Curva,Innevato,Temporanea di cantiere,Pioggia,11.363339020560261,45.817892468106024,0
9,Mercoledì,Sera,VALLI DEL PASUBIO,SP 046 Pasubio,Incrocio,Sdrucciolevole,Temporanea di cantiere,Pioggia,11.193009196744113,45.76022584067072,0
11,Lunedì,Mattino,TORREBELVICINO,SP 046 Pasubio,Rettilineo,Innevato,Assente,Vento forte,11.272213442750383,45.73344180575285,0
4,Martedì,Sera,VALDASTICO,SP 350 Val d'Astico,Intersezione non segnalata,Bagnato,Verticale,Sereno,11.35421109272602,45.88636370274343,0
2,Giovedì,Pomeriggio,ASIAGO,SP 349 Costo,Intersezione segnalata,Asciutto,Assente,Sereno,11.434980301185686,45.9480554788214,0
8,Lunedì,Notte,COGOLLO DEL CENGIO,SP 349 Costo,Intersezione non segnalata,Ghiacciato,Orizzontale,Neve,11.440615323506943,45.783185532065765,0
8,Sabato,Pomeriggio,ROANA,SP 349 Costo,Intersezione segnalata,Asciutto,Orizzontale,Neve,11.479402761746952,45.869524253596225,0
5,Domenica,Notte,VALDASTICO,SP 350 Val d'Astico,Galleria illuminata,Asciutto,Orizzontale,Sereno,11.361405466160175,45.861461459572176,0
3,Lunedì,Pomeriggio,ZANE',SP 349 Costo,Dosso,Ghiacciato,Temporanea di cantiere,Altro,11.450353644220149,45.724042589381,0
11,Martedì,Mattino,MARANO VICENTINO,SP 349 var Costo Variante,Galleria illuminata,Sdrucciolevole,Assente,Pioggia,11.437364907523598,45.71283568975329,0
11,Domenica,Sera,ROANA,SP 349 Costo,Dosso,Ghiacciato,Orizzontale,Pioggia,11.46231625145677,45.860397248113934,0
9,Venerdì,Pomeriggio,ROANA,SP 349 Costo,Intersezione segnalata,Ghiacciato,Orizzontale,Pioggia,11.432239907567373,45.83861003012644,0
7,Domenica,Sera,ROANA,SP 349 Costo,Intersezione con semaforo o vigile,Bagnato,Temporanea di cantiere,Nebbia,11.456944777099759,45.910090994899136,0
4,Sabato,Mattino,COGOLLO DEL CENGIO,SP 349 Costo,Rettilineo,Ghiacciato,Temporanea di cantiere,Altro,11.428360232941015,45.7946778227122,0
5,Sabato,Pomeriggio,ZANE',SP 349 var Costo Variante,Curva,Sdrucciolevole,Verticale,Vento forte,11.444211330619696,45.70938475646119,0
1,Venerdì,Mattino,LASTEBASSE,SP 350 Val d'Astico,Intersezione non segnalata,Sdrucciolevole,Assente,Sereno,11.322135961390398,45.90243294978496,0
3,Venerdì,Sera,VALLI DEL PASUBIO,SP 046 Pasubio,Dosso,Ghiacciato,Verticale,Nebbia,11.220609157628015,45.75504941783374,0
6,Giovedì,Sera,VALLI DEL PASUBIO,SP 046 Pasubio,Dosso,Bagnato,Orizzontale,Vento forte,11.211753549486948,45.75700143437779,0
6,Sabato,Mattino,COSTABISSARA,SP 046 Pasubio,Incrocio,Sdrucciolevole,Orizzontale,Altro,11.497025546570024,45.59367952717664,0
12,Lunedì,Mattino,VALDASTICO,SP 350 Val d'Astico,Curva,Asciutto,Assente,Altro,11.35785412408225,45.880398560415045,0
4,Giovedì,Pomeriggio,ISOLA VICENTINA,SP 046 Pasubio,Intersezione con semaforo o vigile,Bagnato,Verticale,Neve,11.462682432677715,45.618332505716594,0
7,Mercoledì,Sera,VILLAVERLA,SP 349 Costo,Dosso,Asciutto,Orizzontale,Vento forte,11.492152518731269,45.66029761743815,0
6,Martedì,Sera,ROANA,SP 349 Costo,Intersezione segnalata,Asciutto,Verticale,Neve,11.449344274998484,45.92837769465944,0
6,Mercoledì,Mattino,ROANA,SP 349 Costo,Curva,Sdrucciolevole,Assente,Neve,11.440276069610151,45.937601604057626,0
11,Venerdì,Sera,VICENZA,SP 046 Pasubio,Rotatoria,Innevato,Verticale,Vento forte,11.504180784858988,45.577875112048545,0
9,Martedì,Mattino,VALLI DEL PASUBIO,SP 046 Pasubio,Rettilineo,Innevato,Orizzontale,Altro,11.194675592339923,45.76378093360554,0
11,Sabato,Notte,COSTABISSARA,SP 046 Pasubio,Pendenza,Ghiacciato,Temporanea di cantiere,Pioggia,11.498807296431517,45.59076106725325,0
5,Domenica,Notte,LASTEBASSE,SP 350 Val d'Astico,Incrocio,Sdrucciolevole,Verticale,Nebbia,11.273486790099488,45.91568910992603,0
4,Giovedì,Mattino,COSTABISSARA,SP 046 Pasubio,Dosso,Bagnato,Assente,Nebbia,11.492288633408993,45.604369147603016,0
6,Giovedì,Sera,LASTEBASSE,SP 350 Val d'Astico,Galleria illuminata,Bagnato,Orizzontale,Pioggia,11.330592718360283,45.89841064375116,0
7,Domenica,Mattino,COSTABISSARA,SP 046 Pasubio,Intersezione con semaforo o vigile,Ghiacciato,Verticale,Nebbia,11.499732952893371,45.58965783841359,0
5,Sabato,Notte,SCHIO,SP 046 Pasubio,Incrocio,Innevato,Assente,Sereno,11.388658005577,45.69373416525419,0
6,Mercoledì,Mattino,COSTABISSARA,SP 046 Pasubio,Curva,Innevato,Assente,Pioggia,11.496088545991885,45.59697487504217,0
2,Lunedì,Mattino,ASIAGO,SP 349 Costo,Intersezione non segnalata,Bagnato,Temporanea di cantiere,Vento forte,11.490305494597273,45.869353664360666,0
8,Lunedì,Sera,ISOLA VICENTINA,SP 046 Pasubio,Dosso,Sdrucciolevole,Assente,Neve,11.466071616980631,45.615051253954476,0
9,Martedì,Mattino,MALO,SP 046 Pasubio,Curva,Sdrucciolevole,Verticale,Neve,11.425050788347562,45.64648494454334,0
7,Venerdì,Mattino,VILLAVERLA,SP 349 Costo,Intersezione non segnalata,Asciutto,Verticale,Neve,11.491555110966424,45.63679353545947,0
11,Domenica,Notte,COGOLLO DEL CENGIO,SP 349 Costo,Curva,Asciutto,Assente,Sereno,11.430062349708075,45.79402575318906,0
12,Mercoledì,Sera,CHIUPPANO,SP 349 Costo,Intersezione non segnalata,Asciutto,Assente,Vento forte,11.448990399729247,45.76336793775005,0
11,Domenica,Pomeriggio,VALLI DEL PASUBIO,SP 046 Pasubio,Galleria illuminata,Ghiacciato,Verticale,Pioggia,11.206457682254635,45.75835215109047,0
2,Giovedì,Sera,CHIUPPANO,SP 349 Costo,Intersezione con semaforo o vigile,Bagnato,Temporanea di cantiere,Nebbia,11.455644387865648,45.76698362715846,0
11,Domenica,Mattino,ROANA,SP 349 Costo,Intersezione segnalata,Ghiacciato,Verticale,Vento forte,11.43586520949164,45.829738939632364,0
5,Martedì,Mattino,COGOLLO DEL CENGIO,SP 350 Val d'Astico,Rettilineo,Bagnato,Verticale,Pioggia,11.380906879272457,45.79977787986495,0
6,Lunedì,Mattino,COSTABISSARA,SP 046 Pasubio,Incrocio,Ghiacciato,Orizzontale,Neve,11.496332167723201,45.596322425520185,0
5,Sabato,Notte,VILLAVERLA,SP 349 Costo,Rettilineo,Asciutto,Orizzontale,Sereno,11.492211695355326,45.66015732413307,0
4,Martedì,Notte,VICENZA,SP 046 Pasubio,Intersezione con semaforo o vigile,Bagnato,Temporanea di cantiere,Neve,11.506496066285644,45.54508341583855,0
11,Lunedì,Pomeriggio,SCHIO,SP 046 Pasubio,Rettilineo,Bagnato,Temporanea di cantiere,Altro,11.388643417435148,45.69374588461158,0
8,Sabato,Pomeriggio,MALO,SP 046 Pasubio,Dosso,Sdrucciolevole,Orizzontale,Sereno,11.40227150191454,45.678427120113525,0
12,Mercoledì,Sera,VALDASTICO,SP 350 Val d'Astico,Curva,Asciutto,Orizzontale,Vento forte,11.370236165627025,45.83723692320409,0
6,Sabato,Pomeriggio,MALO,SP 046 Pasubio,Galleria illuminata,Ghiacciato,Temporanea di cantiere,Sereno,11.406305813750645,45.667701979434476,0
9,Lunedì,Mattino,THIENE,SP 349 Costo,Intersezione non segnalata,Innevato,Orizzontale,Vento forte,11.486637350836565,45.67791942762758,0
7,Martedì,Mattino,ARSIERO,SP 350 Val d'Astico,Rotatoria,Asciutto,Orizzontale,Vento forte,11.363182970367935,45.81710031404446,0
6,Mercoledì,Notte,ZANE',SP 349 Costo,Curva,Asciutto,Assente,Neve,11.453652097976816,45.71938885265465,0
9,Venerdì,Notte,ROANA,SP 349 Costo,Dosso,Innevato,Verticale,Vento forte,11.465754273021503,45.89882638204046,0
9,Martedì,Sera,VICENZA,SP 046 Pasubio,Curva,Ghiacciato,Temporanea di cantiere,Pioggia,11.508343604923711,45.54075841356115,0
11,Domenica,Notte,TORREBELVICINO,SP 046 Pasubio,Curva,Innevato,Verticale,Nebbia,11.292552361023219,45.71872118134294,0
10,Giovedì,Pomeriggio,ROANA,SP 349 Costo,Incrocio,Ghiacciato,Verticale,Nebbia,11.443118468881062,45.84484164859351,0
8,Mercoledì,Pomeriggio,COGOLLO DEL CENGIO,SP 349 Costo,Intersezione con semaforo o vigile,Ghiacciato,Temporanea di cantiere,Neve,11.43872202905925,45.784507916773926,0
12,Sabato,Mattino,VICENZA,SP 046 Pasubio,Intersezione con semaforo o vigile,Asciutto,Orizzontale,Vento forte,11.500195272595015,45.55312424119812,0
2,Sabato,Sera,LASTEBASSE,SP 350 Val d'Astico,Dosso,Sdrucciolevole,Temporanea di cantiere,Vento forte,11.27757560961932,45.91415473210738,0
10,Venerdì,Notte,PIOVENE ROCCHETTE,SP 349 Costo,Intersezione non segnalata,Bagnato,Temporanea di cantiere,Nebbia,11.431037005680123,45.749372908693104,0
5,Lunedì,Mattino,ISOLA VICENTINA,SP 046 Pasubio,Curva,Innevato,Verticale,Neve,11.462196677428489,45.61881501884285,0
6,Mercoledì,Notte,VICENZA,SP 046 Pasubio,Rettilineo,Asciutto,Assente,Vento forte,11.505977158081315,45.54557390132866,0
10,Mercoledì,Notte,ASIAGO,SP 349 Costo,Dosso,Asciutto,Assente,Neve,11.41752949886514,45.951103707742526,0
4,Sabato,Notte,ASIAGO,SP 349 Costo,Pendenza,Sdrucciolevole,Assente,Neve,11.398829302429416,45.94547463299578,0
11,Lunedì,Pomeriggio,VICENZA,SP 046 Pasubio,Rotatoria,Innevato,Assente,Pioggia,11.494831904434713,45.5625885342431,0
6,Lunedì,Sera,ROANA,SP 349 Costo,Rettilineo,Innevato,Temporanea di cantiere,Pioggia,11.448519778688992,45.846240281407105,0
5,Venerdì,Pomeriggio,ROANA,SP 349 Costo,Rettilineo,Sdrucciolevole,Assente,Vento forte,11.456594765650634,45.851844538088855,0
4,Martedì,Pomeriggio,LASTEBASSE,SP 350 Val d'Astico,Rotatoria,Sdrucciolevole,Assente,Altro,11.270231438859685,45.91615045862858,0
6,Lunedì,Pomeriggio,MALO,SP 046 Pasubio,Intersezione non segnalata,Bagnato,Orizzontale,Neve,11.4109243359928,45.6618455001924,0
12,Giovedì,Pomeriggio,ROANA,SP 349 Costo,Rettilineo,Innevato,Verticale,Nebbia,11.432815578459145,45.839769875134145,0
2,Martedì,Notte,COSTABISSARA,SP 046 Pasubio,Galleria illuminata,Asciutto,Orizzontale,Pioggia,11.484733165351914,45.607119666091684,0
7,Venerdì,Pomeriggio,SCHIO,SP 046 Pasubio,Galleria illuminata,Asciutto,Orizzontale,Pioggia,11.393633060034574,45.68983942203577,0
11,Lunedì,Sera,VILLAVERLA,SP 349 Costo,Rettilineo,Sdrucciolevole,Orizzontale,Sereno,11.492580148438575,45.64185641721492,0
6,Mercoledì,Notte,LASTEBASSE,SP 350 Val d'Astico,Incrocio,Bagnato,Verticale,Pioggia,11.273961031648959,45.91591750508136,0
7,Sabato,Notte,PIOVENE ROCCHETTE,SP 349 Costo,Rettilineo,Sdrucciolevole,Orizzontale,Neve,11.445730815660651,45.76162839858404,0
5,Martedì,Pomeriggio,ROANA,SP 349 Costo,Rotatoria,Innevato,Orizzontale,Nebbia,11.45302757137617,45.84853533487945,0
2,Domenica,Pomeriggio,ASIAGO,SP 349 Costo,Intersezione con semaforo o vigile,Bagnato,Verticale,Pioggia,11.505361087972263,45.87352506511991,0
8,Venerdì,Mattino,VALDASTICO,SP 350 Val d'Astico,Pendenza,Innevato,Orizzontale,Altro,11.361124591258646,45.86379277392212,0
12,Giovedì,Notte,VICENZA,SP 046 Pasubio,Rettilineo,Bagnato,Orizzontale,Pioggia,11.505608012366839,45.54593442091867,0
7,Mercoledì,Mattino,VICENZA,SP 046 Pasubio,Dosso,Bagnato,Verticale,Nebbia,11.494525225312252,45.56421897198899,0
6,Giovedì,Notte,ROANA,SP 349 Costo,Galleria illuminata,Asciutto,Orizzontale,Neve,11.470496045775127,45.86281640486925,0
2,Sabato,Sera,COGOLLO DEL CENGIO,SP 349 Costo,Intersezione con semaforo o vigile,Ghiacciato,Temporanea di cantiere,Sereno,11.425436762644718,45.795124675932776,0
12,Lunedì,Mattino,ROANA,SP 349 Costo,Incrocio,Innevato,Temporanea di cantiere,Neve,11.456546124067424,45.913945797235755,0
11,Martedì,Notte,ZANE',SP 349 var Costo Variante,Galleria illuminata,Innevato,Assente,Altro,11.43718781031455,45.71292420564701,0
5,Giovedì,Pomeriggio,ARSIERO,SP 350 Val d'Astico,Curva,Ghiacciato,Verticale,Pioggia,11.368853025833651,45.828551639798434,0
8,Domenica,Pomeriggio,MARANO VICENTINO,SP 349 var Costo Variante,Incrocio,Asciutto,Orizzontale,Vento forte,11.438182143482992,45.71242721563346,0
6,Mercoledì,Pomeriggio,COGOLLO DEL CENGIO,SP 349 Costo,Rettilineo,Ghiacciato,Orizzontale,Nebbia,11.43306175429346,45.796766980859516,0
3,Lunedì,Notte,PIOVENE ROCCHETTE,SP 349 Costo,Curva,Ghiacciato,Temporanea di cantiere,Sereno,11.428891862161871,45.75169480775969,0
3,Lunedì,Pomeriggio,ROANA,SP 349 Costo,Curva,Asciutto,Assente,Nebbia,11.472170135741134,45.86274361710427,0
5,Domenica,Pomeriggio,TORREBELVICINO,SP 046 Pasubio,Intersezione segnalata,Asciutto,Assente,Nebbia,11.285739460171227,45.72190981320441,0
7,Sabato,Pomeriggio,ISOLA VICENTINA,SP 046 Pasubio,Intersezione non segnalata,Asciutto,Orizzontale,Altro,11.436181560940812,45.63691074476653,0
2,Domenica,Mattino,VALDASTICO,SP 350 Val d'Astico,Rettilineo,Ghiacciato,Verticale,Sereno,11.36598004442564,45.84819962322517,0
9,Mercoledì,Mattino,ROANA,SP 349 Costo,Curva,Ghiacciato,Temporanea di cantiere,Altro,11.460181258216926,45.8608437521079,0
6,Lunedì,Pomeriggio,COSTABISSARA,SP 046 Pasubio,Intersezione con semaforo o vigile,Asciutto,Temporanea di cantiere,Neve,11.502182029878655,45.58684689259905,0
11,Mercoledì,Notte,MARANO VICENTINO,SP 349 var Costo Variante,Galleria illuminata,Sdrucciolevole,Temporanea di cantiere,Sereno,11.431249833481008,45.71601808312554,0
4,Martedì,Sera,COGOLLO DEL CENGIO,SP 350 Val d'Astico,Rotatoria,Ghiacciato,Verticale,Altro,11.423888096830682,45.78402569167073,0
1,Giovedì,Pomeriggio,COGOLLO DEL CENGIO,SP 349 Costo,Galleria illuminata,Bagnato,Verticale,Nebbia,11.434711518017652,45.797531239349205,0
4,Lunedì,Pomeriggio,ZANE',SP 349 Costo,Intersezione con semaforo o vigile,Ghiacciato,Assente,Neve,11.450244538969542,45.72422779877452,0
12,Sabato,Sera,VICENZA,SP 046 Pasubio,Curva,Bagnato,Temporanea di cantiere,Vento forte,11.494443659124892,45.56479483934601,0
4,Martedì,Pomeriggio,LASTEBASSE,SP 350 Val d'Astico,Rettilineo,Bagnato,Temporanea di cantiere,Pioggia,11.283769644316672,45.91339701345677,0
9,Venerdì,Pomeriggio,VALDASTICO,SP 350 Val d'Astico,Intersezione segnalata,Bagnato,Assente,Nebbia,11.361610385305232,45.858783717314076,0
11,Domenica,Pomeriggio,VALLI DEL PASUBIO,SP 046 Pasubio,Pendenza,Bagnato,Verticale,Altro,11.234692527552937,45.749452882918945,0
4,Mercoledì,Notte,VICENZA,SP 046 Pasubio,Galleria illuminata,Sdrucciolevole,Orizzontale,Pioggia,11.504498610423644,45.54704821606794,0
8,Giovedì,Notte,ROANA,SP 349 Costo,Rettilineo,Bagnato,Verticale,Vento forte,11.435615110723903,45.84292743251446,0
3,Martedì,Mattino,VICENZA,SP 046 Pasubio,Intersezione segnalata,Bagnato,Assente,Neve,11.495515300627817,45.56042419015672,0
5,Venerdì,Mattino,LASTEBASSE,SP 350 Val d'Astico,Intersezione non segnalata,Ghiacciato,Temporanea di cantiere,Neve,11.277565069279639,45.91416800771196,0
4,Giovedì,Mattino,VALLI DEL PASUBIO,SP 046 Pasubio,Intersezione con semaforo o vigile,Bagnato,Temporanea di cantiere,Pioggia,11.205233193290521,45.75877920309588,0
9,Martedì,Notte,TORREBELVICINO,SP 046 Pasubio,Galleria illuminata,Ghiacciato,Temporanea di cantiere,Vento forte,11.272202798024818,45.73345127651954,0
4,Sabato,Notte,ZANE',SP 349 var Costo Variante,Curva,Asciutto,Assente,Sereno,11.445878832408129,45.708531954032,0
4,Lunedì,Pomeriggio,TORREBELVICINO,SP 046 Pasubio,Intersezione non segnalata,Innevato,Temporanea di cantiere,Pioggia,11.299218398586284,45.719040751197035,0
10,Lunedì,Sera,ARSIERO,SP 350 Val d'Astico,Dosso,Sdrucciolevole,Verticale,Neve,11.362931583055596,45.80366979565813,0
6,Domenica,Pomeriggio,VILLAVERLA,SP 349 Costo,Incrocio,Ghiacciato,Temporanea di cantiere,Sereno,11.491166514186437,45.66333662264712,0
7,Giovedì,Notte,ASIAGO,SP 349 Costo,Rettilineo,Ghiacciato,Assente,Nebbia,11.430222795040404,45.94942768987057,0
9,Domenica,Mattino,ASIAGO,SP 349 Costo,Incrocio,Asciutto,Verticale,Pioggia,11.488141480746842,45.880364961923,0
2,Lunedì,Pomeriggio,VALLI DEL PASUBIO,SP 046 Pasubio,Curva,Innevato,Orizzontale,Nebbia,11.25988356674075,45.74134789263561,0
11,Martedì,Mattino,PIOVENE ROCCHETTE,SP 349 Costo,Intersezione con semaforo o vigile,Sdrucciolevole,Assente,Nebbia,11.418804884493,45.743263695645496,0
5,Martedì,Sera,COGOLLO DEL CENGIO,SP 349 Costo,Intersezione non segnalata,Innevato,Orizzontale,Vento forte,11.441746944508447,45.78225765565506,0
8,Martedì,Notte,COSTABISSARA,SP 349 Costo,Rettilineo,Sdrucciolevole,Assente,Pioggia,11.490916914219536,45.60958295436819,0
6,Martedì,Pomeriggio,CALTRANO,SP 349 Costo,Rotatoria,Sdrucciolevole,Verticale,Sereno,11.450386721629126,45.77405448492951,0
10,Mercoledì,Mattino,SCHIO,SP 349 var Costo Variante,Pendenza,Ghiacciato,Verticale,Nebbia,11.425406827757156,45.71981003714083,0
8,Giovedì,Pomeriggio,ROANA,SP 349 Costo,Intersezione segnalata,Asciutto,Assente,Altro,11.434289376201104,45.83320513245592,0
3,Venerdì,Mattino,ISOLA VICENTINA,SP 046 Pasubio,Rotatoria,Ghiacciato,Temporanea di cantiere,Vento forte,11.436834784548987,45.63604583896907,0
3,Venerdì,Notte,SCHIO,SP 349 Costo,Rettilineo,Innevato,Assente,Pioggia,11.371515682363912,45.728407641736354,0
11,Sabato,Sera,ASIAGO,SP 349 Costo,Galleria illuminata,Ghiacciato,Orizzontale,Neve,11.430659605753954,45.94945303042474,0
7,Domenica,Mattino,ROANA,SP 349 Costo,Pendenza,Asciutto,Assente,Sereno,11.447249886390098,45.9295801685616,0
4,Venerdì,Mattino,VICENZA,SP 046 Pasubio,Galleria illuminata,Ghiacciato,Temporanea di cantiere,Altro,11.495221692867739,45.57200511253729,0
2,Sabato,Pomeriggio,VICENZA,SP 046 Pasubio,Intersezione con semaforo o vigile,Asciutto,Assente,Sereno,11.49489759647598,45.561986886921055,0
2,Martedì,Mattino,CALDOGNO,SP 349 Costo,Intersezione segnalata,Asciutto,Verticale,Nebbia,11.49183080382577,45.63217042370586,0
12,Sabato,Mattino,ISOLA VICENTINA,SP 046 Pasubio,Galleria illuminata,Bagnato,Assente,Neve,11.475421881054205,45.60930910347777,0
5,Martedì,Notte,CALDOGNO,SP 349 Costo,Curva,Asciutto,Verticale,Altro,11.491397623379012,45.62684676463555,0
3,Venerdì,Pomeriggio,CALTRANO,SP 349 Costo,Pendenza,Asciutto,Verticale,Altro,11.450369440453043,45.774068505495215,0
6,Martedì,Notte,SCHIO,SP 046 Pasubio,Incrocio,Ghiacciato,Assente,Nebbia,11.387570456075125,45.69460782796115,0
2,Martedì,Notte,CARRE',SP 349 Costo,Galleria illuminata,Sdrucciolevole,Assente,Altro,11.43847471814548,45.740297177566916,0
7,Martedì,Notte,ASIAGO,SP 349 Costo,Curva,Asciutto,Verticale,Altro,11.490230636435951,45.87878775379184,0
8,Martedì,Mattino,ZANE',SP 349 var Costo Variante,Galleria illuminata,Sdrucciolevole,Verticale,Nebbia,11.445996562474773,45.7084717420334,0
12,Lunedì,Sera,VICENZA,SP 046 Pasubio,Rotatoria,Ghiacciato,Orizzontale,Neve,11.49462666826749,45.56395627020506,0
4,Sabato,Sera,COGOLLO DEL CENGIO,SP 350 Val d'Astico,Curva,Ghiacciato,Assente,Nebbia,11.39159180933019,45.79504419136023,0
3,Venerdì,Pomeriggio,ASIAGO,SP 349 Costo,Intersezione non segnalata,Bagnato,Assente,Vento forte,11.501152803352152,45.871938519164864,0
2,Mercoledì,Pomeriggio,CALTRANO,SP 349 Costo,Intersezione non segnalata,Asciutto,Orizzontale,Vento forte,11.449968965433813,45.774388779092774,0
5,Venerdì,Mattino,ROANA,SP 349 Costo,Intersezione non segnalata,Innevato,Temporanea di cantiere,Vento forte,11.477034673274508,45.86729805749446,0
8,Lunedì,Pomeriggio,MALO,SP 046 Pasubio,Rettilineo,Ghiacciato,Assente,Nebbia,11.403977087408016,45.67471774630268,0
1,Martedì,Notte,SANTORSO,SP 349 Costo,Curva,Innevato,Temporanea di cantiere,Neve,11.413252516213658,45.74038661835868,0
10,Mercoledì,Notte,THIENE,SP 349 Costo,Galleria illuminata,Bagnato,Verticale,Neve,11.487276119926923,45.67586618654424,0
6,Lunedì,Mattino,COGOLLO DEL CENGIO,SP 349 Costo,Intersezione non segnalata,Asciutto,Assente,Pioggia,11.429249195354156,45.798111999282575,0
10,Giovedì,Sera,ROANA,SP 349 Costo,Intersezione segnalata,Bagnato,Verticale,Nebbia,11.436597933966256,45.82722563003895,0
6,Venerdì,Notte,CALDOGNO,SP 349 Costo,Galleria illuminata,Bagnato,Verticale,Nebbia,11.490431338368595,45.61615013160958,0
2,Mercoledì,Pomeriggio,VALLI DEL PASUBIO,SP 046 Pasubio,Rotatoria,Ghiacciato,Orizzontale,Vento forte,11.195965509883925,45.763759179337235,0
7,Giovedì,Mattino,ASIAGO,SP 349 Costo,Intersezione non segnalata,Asciutto,Orizzontale,Altro,11.494040662982046,45.8793227581614,0
7,Martedì,Sera,PIOVENE ROCCHETTE,SP 350 Val d'Astico,Curva,Sdrucciolevole,Orizzontale,Pioggia,11.436189387277047,45.762610028065644,0
11,Mercoledì,Mattino,LASTEBASSE,SP 350 Val d'Astico,Incrocio,Ghiacciato,Verticale,Nebbia,11.329356176018871,45.899126594211424,0
2,Lunedì,Pomeriggio,ROANA,SP 349 Costo,Rettilineo,Bagnato,Assente,Vento forte,11.471687649902432,45.862656469362136,0
4,Venerdì,Mattino,VALDASTICO,SP 350 Val d'Astico,Curva,Sdrucciolevole,Orizzontale,Neve,11.359798703802714,45.87474586733124,0
3,Martedì,Notte,VALLI DEL PASUBIO,SP 046 Pasubio,Galleria illuminata,Ghiacciato,Verticale,Neve,11.194910849487204,45.76090733821164,0
2,Sabato,Sera,ROANA,SP 349 Costo,Intersezione segnalata,Bagnato,Assente,Sereno,11.47217167844602,45.88598016748444,0
1,Domenica,Sera,ASIAGO,SP 349 Costo,Pendenza,Asciutto,Assente,Sereno,11.40570801840634,45.94528158741716,0
1,Sabato,Notte,COSTABISSARA,SP 046 Pasubio,Galleria illuminata,Ghiacciato,Orizzontale,Nebbia,11.502817886819157,45.586112516742226,0
7,Martedì,Pomeriggio,MALO,SP 046 Pasubio,Dosso,Innevato,Verticale,Pioggia,11.415900658957076,45.6568706965206,0
2,Sabato,Mattino,COSTABISSARA,SP 046 Pasubio,Intersezione non segnalata,Sdrucciolevole,Verticale,Sereno,11.485964937530637,45.60669305184501,0
3,Martedì,Notte,COGOLLO DEL CENGIO,SP 349 Costo,Intersezione non segnalata,Innevato,Verticale,Nebbia,11.42626720158179,45.81072649044905,0
2,Venerdì,Notte,TORREBELVICINO,SP 046 Pasubio,Galleria illuminata,Asciutto,Verticale,Neve,11.297357588406907,45.71894153503153,0
9,Sabato,Sera,VICENZA,SP 046 Pasubio,Intersezione non segnalata,Innevato,Assente,Sereno,11.50851398493676,45.57996812731769,0
8,Mercoledì,Notte,ROANA,SP 349 Costo,Galleria illuminata,Innevato,Orizzontale,Altro,11.445541884809375,45.847049834232735,0
12,Mercoledì,Mattino,CARRE',SP 349 Costo,Intersezione non segnalata,Bagnato,Temporanea di cantiere,Altro,11.438140915293666,45.7407764137169,0
2,Mercoledì,Sera,VICENZA,SP 046 Pasubio,Intersezione con semaforo o vigile,Asciutto,Assente,Sereno,11.50480608307242,45.57821650926398,0
3,Giovedì,Pomeriggio,VALLI DEL PASUBIO,SP 046 Pasubio,Intersezione segnalata,Ghiacciato,Verticale,Neve,11.194065703198994,45.76315868143394,0
6,Sabato,Mattino,VALDASTICO,SP 350 Val d'Astico,Intersezione non segnalata,Innevato,Temporanea di cantiere,Altro,11.361143719320761,45.86348292633519,0
8,Giovedì,Pomeriggio,CALDOGNO,SP 349 Costo,Curva,Asciutto,Verticale,Vento forte,11.491666338278199,45.60797211387119,0
3,Sabato,Pomeriggio,ASIAGO,SP 349 Costo,Intersezione non segnalata,Innevato,Temporanea di cantiere,Vento forte,11.489418180390281,45.8696921248894,0
6,Lunedì,Mattino,ROANA,SP 349 Costo,Dosso,Asciutto,Assente,Sereno,11.486100324209858,45.8682370657183,0
1,Lunedì,Notte,TORREBELVICINO,SP 046 Pasubio,Pendenza,Sdrucciolevole,Assente,Nebbia,11.277773471788647,45.72997981048036,0
5,Sabato,Sera,ROANA,SP 349 Costo,Rettilineo,Asciutto,Temporanea di cantiere,Nebbia,11.453312202487888,45.91953153219405,0
10,Mercoledì,Pomeriggio,VICENZA,SP 046 Pasubio,Intersezione con semaforo o vigile,Asciutto,Assente,Altro,11.507992372348609,45.5416370369762,0
7,Giovedì,Pomeriggio,VICENZA,SP 046 Pasubio,Rotatoria,Sdrucciolevole,Orizzontale,Pioggia,11.495115038029281,45.56140483443481,0
6,Domenica,Pomeriggio,VALLI DEL PASUBIO,SP 046 Pasubio,Intersezione con semaforo o vigile,Bagnato,Verticale,Sereno,11.199919915637519,45.760597858694254,0
6,Venerdì,Notte,COGOLLO DEL CENGIO,SP 350 Val d'Astico,Rotatoria,Asciutto,Orizzontale,Altro,11.422221416256528,45.78462161121576,0
12,Martedì,Sera,ROANA,SP 349 Costo,Intersezione segnalata,Innevato,Orizzontale,Nebbia,11.432773064665513,45.839718135591475,0
7,Martedì,Sera,VICENZA,SP 046 rac Pasubio Raccordo del Sole,Incrocio,Bagnato,Orizzontale,Nebbia,11.508033645525341,45.539217280827955,0
7,Domenica,Sera,TORREBELVICINO,SP 046 Pasubio,Galleria illuminata,Innevato,Temporanea di cantiere,Pioggia,11.273983392288983,45.73264763579789,0
12,Domenica,Notte,VICENZA,SP 046 Pasubio,Rettilineo,Asciutto,Verticale,Sereno,11.49767059654318,45.55683570342032,0
2,Mercoledì,Notte,THIENE,SP 349 Costo,Intersezione non segnalata,Sdrucciolevole,Temporanea di cantiere,Neve,11.485788549184685,45.680648326283396,0
6,Venerdì,Pomeriggio,VALLI DEL PASUBIO,SP 046 Pasubio,Rotatoria,Sdrucciolevole,Orizzontale,Vento forte,11.233700635682263,45.749783248033836,0
4,Lunedì,Notte,ZANE',SP 349 Costo,Pendenza,Sdrucciolevole,Assente,Nebbia,11.456865076747624,45.716899572673384,0
3,Sabato,Notte,MALO,SP 046 Pasubio,Intersezione con semaforo o vigile,Ghiacciato,Assente,Neve,11.427658959238762,45.64337775490317,0
2,Venerdì,Mattino,ASIAGO,SP 349 Costo,Pendenza,Asciutto,Orizzontale,Neve,11.500649067216905,45.87554049873491,0
11,Mercoledì,Mattino,VICENZA,SP 046 rac Pasubio Raccordo del Sole,Intersezione segnalata,Innevato,Orizzontale,Neve,11.507904842511506,45.535613921644405,0
8,Domenica,Pomeriggio,THIENE,SP 349 var Costo Variante,Galleria illuminata,Ghiacciato,Verticale,Altro,11.45854368041749,45.69902339309511,0
9,Martedì,Pomeriggio,ROANA,SP 349 Costo,Intersezione non segnalata,Ghiacciato,Verticale,Nebbia,11.457196685618163,45.858610041788545,0
2,Mercoledì,Sera,ASIAGO,SP 349 Costo,Incrocio,Sdrucciolevole,Assente,Pioggia,11.391667947750742,45.95071220667463,0
5,Venerdì,Pomeriggio,TORREBELVICINO,SP 046 Pasubio,Intersezione segnalata,Bagnato,Orizzontale,Nebbia,11.282379112625346,45.72306469637786,0
8,Martedì,Notte,VICENZA,SP 046 Pasubio,Intersezione non segnalata,Sdrucciolevole,Assente,Vento forte,11.494974533396254,45.56168637878418,0
7,Giovedì,Pomeriggio,COGOLLO DEL CENGIO,SP 349 Costo,Intersezione con semaforo o vigile,Ghiacciato,Assente,Altro,11.439984553213966,45.785281935581786,0
9,Mercoledì,Mattino,COSTABISSARA,SP 046 Pasubio,Intersezione con semaforo o vigile,Innevato,Orizzontale,Altro,11.488945830157668,45.60568240354157,0
9,Martedì,Mattino,COGOLLO DEL CENGIO,SP 349 Costo,Intersezione segnalata,Innevato,Verticale,Altro,11.43260073982646,45.79629068138923,0
5,Lunedì,Notte,VICENZA,SP 046 Pasubio,Dosso,Asciutto,Assente,Nebbia,11.502296099786802,45.55001229360293,0
10,Venerdì,Notte,TORREBELVICINO,SP 046 Pasubio,Intersezione non segnalata,Asciutto,Temporanea di cantiere,Pioggia,11.276030646048776,45.73117478952736,0
4,Domenica,Notte,COSTABISSARA,SP 349 Costo,Rotatoria,Innevato,Orizzontale,Altro,11.490754242880252,45.60994582770836,0
1,Mercoledì,Mattino,COGOLLO DEL CENGIO,SP 350 Val d'Astico,Curva,Bagnato,Temporanea di cantiere,Neve,11.39247333298302,45.79381591152299,0
11,Giovedì,Notte,ZANE',SP 349 Costo,Intersezione non segnalata,Sdrucciolevole,Verticale,Nebbia,11.454988115399336,45.7182098381344,0
1,Giovedì,Notte,VICENZA,SP 046 Pasubio,Intersezione con semaforo o vigile,Asciutto,Verticale,Pioggia,11.505919330235827,45.545630378239736,0
3,Sabato,Notte,MALO,SP 046 Pasubio,Incrocio,Ghiacciato,Assente,Neve,11.408757547613316,45.66402831763521,0
5,Mercoledì,Sera,PIOVENE ROCCHETTE,SP 349 Costo,Pendenza,Ghiacciato,Verticale,Nebbia,11.428212741717855,45.750638744739604,0
2,Giovedì,Pomeriggio,ROANA,SP 349 Costo,Dosso,Innevato,Verticale,Sereno,11.45707306345965,45.909826274892595,0
6,Giovedì,Mattino,ASIAGO,SP 349 Costo,Curva,Asciutto,Verticale,Sereno,11.408822768959462,45.946269801661984,0
12,Domenica,Notte,VILLAVERLA,SP 349 Costo,Intersezione segnalata,Bagnato,Orizzontale,Altro,11.493538247891662,45.64894165169147,0
2,Giovedì,Notte,VICENZA,SP 046 Pasubio,Curva,Sdrucciolevole,Orizzontale,Neve,11.495813520771575,45.559836072317054,0
12,Giovedì,Pomeriggio,LASTEBASSE,SP 350 Val d'Astico,Galleria illuminata,Sdrucciolevole,Assente,Sereno,11.280058878008747,45.914166973441546,0
5,Martedì,Mattino,ROANA,SP 349 Costo,Intersezione con semaforo o vigile,Asciutto,Orizzontale,Pioggia,11.461418114764214,45.90336616445508,0
8,Lunedì,Notte,ROANA,SP 349 Costo,Intersezione con semaforo o vigile,Sdrucciolevole,Orizzontale,Altro,11.440460578917577,45.9374122713443,0
6,Domenica,Pomeriggio,ROANA,SP 349 Costo,Intersezione segnalata,Innevato,Orizzontale,Pioggia,11.46422912956341,45.86174017773764,0
4,Martedì,Pomeriggio,CHIUPPANO,SP 349 Costo,Curva,Asciutto,Verticale,Nebbia,11.455437796317003,45.7668709423867,0
2,Domenica,Sera,ROANA,SP 349 Costo,Intersezione non segnalata,Innevato,Temporanea di cantiere,Sereno,11.463288375090452,45.860644481892244,0
8,Lunedì,Notte,TORREBELVICINO,SP 046 Pasubio,Incrocio,Sdrucciolevole,Assente,Vento forte,11.28610510970346,45.721788371301805,0
11,Venerdì,Notte,VALLI DEL PASUBIO,SP 046 Pasubio,Galleria illuminata,Sdrucciolevole,Temporanea di cantiere,Pioggia,11.196335598101813,45.7626434370809,0
7,Domenica,Notte,SANTORSO,SP 349 Costo,Pendenza,Ghiacciato,Temporanea di cantiere,Altro,11.403950470977259,45.73633610364046,0
8,Giovedì,Notte,ROANA,SP 349 Costo,Curva,Ghiacciato,Temporanea di cantiere,Vento forte,11.441440326112126,45.93594269651253,0
8,Giovedì,Sera,VICENZA,SP 046 Pasubio,Pendenza,Ghiacciato,Verticale,Neve,11.503052417752045,45.57724109572858,0
5,Venerdì,Mattino,LASTEBASSE,SP 350 Val d'Astico,Intersezione non segnalata,Asciutto,Verticale,Vento forte,11.298208398290793,45.91109978502269,0
2,Sabato,Pomeriggio,VALLI DEL PASUBIO,SP 046 Pasubio,Galleria illuminata,Bagnato,Orizzontale,Sereno,11.187629533472467,45.75675085959622,0
7,Domenica,Notte,ISOLA VICENTINA,SP 046 Pasubio,Intersezione segnalata,Innevato,Orizzontale,Nebbia,11.438452699070314,45.634110646674955,0
11,Lunedì,Sera,COSTABISSARA,SP 046 Pasubio,Intersezione segnalata,Asciutto,Assente,Sereno,11.496474827967146,45.5959322138655,0
11,Giovedì,Notte,COSTABISSARA,SP 046 Pasubio,Curva,Sdrucciolevole,Verticale,Pioggia,11.501536441878002,45.58757106814534,0
11,Martedì,Sera,ROANA,SP 349 Costo,Rettilineo,Asciutto,Temporanea di cantiere,Nebbia,11.443263555301522,45.934005873861175,0
3,Martedì,Sera,VICENZA,SP 046 Pasubio,Galleria illuminata,Asciutto,Assente,Sereno,11.505468510828175,45.5461902721481,0
7,Martedì,Notte,VICENZA,SP 046 Pasubio,Intersezione segnalata,Innevato,Temporanea di cantiere,Vento forte,11.496440160356178,45.558836174088654,0
9,Lunedì,Mattino,TORREBELVICINO,SP 046 var Torrebelvicino,Pendenza,Asciutto,Verticale,Altro,11.316365211989067,45.71350118969612,0
6,Domenica,Pomeriggio,VALLI DEL PASUBIO,SP 046 Pasubio,Intersezione non segnalata,Asciutto,Assente,Neve,11.261964841520733,45.7400950128506,0
9,Lunedì,Pomeriggio,ISOLA VICENTINA,SP 046 Pasubio,Intersezione con semaforo o vigile,Asciutto,Temporanea di cantiere,Neve,11.444992567477193,45.62792674180186,0
8,Lunedì,Notte,ISOLA VICENTINA,SP 046 Pasubio,Pendenza,Innevato,Temporanea di cantiere,Pioggia,11.472745037810272,45.60954108372108,0
11,Mercoledì,Notte,SCHIO,SP 349 var Costo Variante,Galleria illuminata,Asciutto,Temporanea di cantiere,Nebbia,11.425147845316694,45.72007048017201,0
10,Giovedì,Pomeriggio,VICENZA,SP 046 rac Pasubio Raccordo del Sole,Incrocio,Ghiacciato,Verticale,Vento forte,11.508949687537484,45.53847600085173,0
10,Domenica,Sera,ROANA,SP 349 Costo,Dosso,Ghiacciato,Assente,Vento forte,11.463042019708446,45.902122254971474,0
3,Venerdì,Notte,COSTABISSARA,SP 046 Pasubio,Intersezione non segnalata,Asciutto,Verticale,Pioggia,11.493982872690255,45.60267630155197,0
1,Lunedì,Pomeriggio,PIOVENE ROCCHETTE,SP 349 Costo,Curva,Sdrucciolevole,Verticale,Altro,11.428790590376808,45.75138218428749,0
2,Domenica,Mattino,COGOLLO DEL CENGIO,SP 350 Val d'Astico,Galleria illuminata,Asciutto,Orizzontale,Altro,11.40560135648955,45.7911294747597,0
3,Domenica,Sera,VILLAVERLA,SP 349 Costo,Intersezione segnalata,Asciutto,Verticale,Altro,11.491484120544582,45.63634629136213,0
9,Martedì,Pomeriggio,VICENZA,SP 046 Pasubio,Incrocio,Sdrucciolevole,Orizzontale,Altro,11.494428989392697,45.570639743286435,0
7,Domenica,Sera,PIOVENE ROCCHETTE,SP 349 Costo,Dosso,Innevato,Orizzontale,Vento forte,11.4300066033785,45.75243937304159,0
6,Giovedì,Pomeriggio,VALLI DEL PASUBIO,SP 046 Pasubio,Curva,Innevato,Verticale,Altro,11.246286724586511,45.7439490967279,0
1,Domenica,Sera,SCHIO,SP 046 var Torrebelvicino,Incrocio,Ghiacciato,Orizzontale,Sereno,11.33303414662391,45.713402740345074,0
9,Lunedì,Mattino,ASIAGO,SP 349 Costo,Dosso,Bagnato,Orizzontale,Nebbia,11.419478644999343,45.951754816301055,0
5,Venerdì,Pomeriggio,COSTABISSARA,SP 046 Pasubio,Intersezione segnalata,Bagnato,Temporanea di cantiere,Neve,11.49653101445945,45.57333602864785,0
10,Lunedì,Sera,ROANA,SP 349 Costo,Rotatoria,Ghiacciato,Temporanea di cantiere,Altro,11.456091544270569,45.853295359103875,0
2,Domenica,Pomeriggio,SANTORSO,SP 349 Costo,Intersezione segnalata,Asciutto,Verticale,Neve,11.39958965579892,45.735606720351136,0
4,Mercoledì,Notte,ROANA,SP 349 Costo,Intersezione non segnalata,Sdrucciolevole,Temporanea di cantiere,Vento forte,11.44757810052553,45.9295432794195,0
1,Venerdì,Sera,ISOLA VICENTINA,SP 046 Pasubio,Intersezione non segnalata,Ghiacciato,Assente,Vento forte,11.464478624553356,45.61656961416779,0
12,Domenica,Notte,VALDASTICO,SP 350 Val d'Astico,Galleria illuminata,Asciutto,Verticale,Neve,11.334037673271027,45.89595511723273,0
6,Sabato,Mattino,ARSIERO,SP 350 Val d'Astico,Intersezione con semaforo o vigile,Bagnato,Orizzontale,Sereno,11.368051756978119,45.825524601429024,0
6,Giovedì,Pomeriggio,ASIAGO,SP 349 Costo,Pendenza,Bagnato,Assente,Neve,11.504629272352448,45.873339101297134,0
4,Martedì,Sera,TORREBELVICINO,SP 046 var Torrebelvicino,Incrocio,Sdrucciolevole,Assente,Nebbia,11.326062206002499,45.71374203736816,0
4,Domenica,Pomeriggio,COGOLLO DEL CENGIO,SP 350 Val d'Astico,Intersezione non segnalata,Asciutto,Assente,Vento forte,11.417873442544412,45.78619749928686,0
9,Domenica,Notte,ISOLA VICENTINA,SP 046 Pasubio,Intersezione non segnalata,Innevato,Assente,Nebbia,11.471397618181511,45.60981251129841,0
12,Martedì,Notte,COSTABISSARA,SP 046 Pasubio,Intersezione con semaforo o vigile,Innevato,Verticale,Vento forte,11.501281107314233,45.576245764718685,0
9,Sabato,Pomeriggio,COSTABISSARA,SP 046 Pasubio,Rettilineo,Bagnato,Temporanea di cantiere,Neve,11.49338355323287,45.60401406991272,0
9,Giovedì,Mattino,SCHIO,SP 046 Pasubio,Galleria illuminata,Sdrucciolevole,Temporanea di cantiere,Sereno,11.39539591045156,45.688427936545544,0
6,Sabato,Pomeriggio,ROANA,SP 349 Costo,Intersezione non segnalata,Sdrucciolevole,Assente,Altro,11.453344460136455,45.919193557373745,0
2,Sabato,Pomeriggio,ASIAGO,SP 349 Costo,Galleria illuminata,Asciutto,Temporanea di cantiere,Pioggia,11.410918671529586,45.94824054617839,0
9,Mercoledì,Mattino,ASIAGO,SP 349 Costo,Rettilineo,Innevato,Verticale,Vento forte,11.49414633552654,45.87921528761215,0
10,Mercoledì,Pomeriggio,ASIAGO,SP 349 Costo,Dosso,Ghiacciato,Verticale,Nebbia,11.5032501397359,45.87557674079761,0
7,Martedì,Pomeriggio,VICENZA,SP 046 Pasubio,Intersezione segnalata,Bagnato,Orizzontale,Altro,11.50712241792809,45.54300822116805,0
2,Venerdì,Notte,ROANA,SP 349 Costo,Pendenza,Sdrucciolevole,Temporanea di cantiere,Altro,11.451724333267036,45.924624647412394,0
9,Martedì,Notte,ASIAGO,SP 349 Costo,Intersezione non segnalata,Bagnato,Orizzontale,Sereno,11.41538595822541,45.951273291657785,0
12,Domenica,Notte,ASIAGO,SP 349 Costo,Galleria illuminata,Bagnato,Verticale,Sereno,11.502730444022536,45.87269917284876,0
3,Venerdì,Sera,VALLI DEL PASUBIO,SP 046 Pasubio,Curva,Bagnato,Verticale,Pioggia,11.193098441416991,45.760999018352166,0
2,Venerdì,Notte,ARSIERO,SP 350 Val d'Astico,Intersezione segnalata,Asciutto,Assente,Pioggia,11.365475697493235,45.82176564438803,0
9,Lunedì,Mattino,TORREBELVICINO,SP 046 var Torrebelvicino,Intersezione non segnalata,Innevato,Orizzontale,Pioggia,11.308765713320058,45.71596020588483,0
4,Sabato,Mattino,COGOLLO DEL CENGIO,SP 350 Val d'Astico,Intersezione con semaforo o vigile,Ghiacciato,Assente,Vento forte,11.386244948824825,45.79767907491695,0
9,Domenica,Notte,TORREBELVICINO,SP 046 Pasubio,Intersezione con semaforo o vigile,Innevato,Temporanea di cantiere,Nebbia,11.292280043606294,45.718736762375364,0
9,Martedì,Mattino,VICENZA,SP 046 Pasubio,Rettilineo,Asciutto,Orizzontale,Neve,11.494385499605507,45.565763526135356,0
4,Mercoledì,Sera,ASIAGO,SP 349 Costo,Rotatoria,Ghiacciato,Temporanea di cantiere,Pioggia,11.404859819674241,45.94497258468829,0
1,Lunedì,Pomeriggio,VILLAVERLA,SP 349 Costo,Rettilineo,Sdrucciolevole,Verticale,Vento forte,11.494560837195419,45.65302446376972,0
7,Sabato,Mattino,ASIAGO,SP 349 Costo,Rotatoria,Ghiacciato,Verticale,Neve,11.412255938965716,45.94900443420988,0
5,Giovedì,Sera,VALLI DEL PASUBIO,SP 046 Pasubio,Intersezione con semaforo o vigile,Innevato,Assente,Neve,11.195553814969532,45.76358986123612,0
5,Venerdì,Mattino,ARSIERO,SP 350 Val d'Astico,Curva,Asciutto,Verticale,Neve,11.36351130614879,45.80343883869525,0
3,Martedì,Sera,SCHIO,SP 349 Costo,Rettilineo,Asciutto,Assente,Vento forte,11.370507039544702,45.72802405293603,0
9,Domenica,Notte,ARSIERO,SP 350 Val d'Astico,Intersezione segnalata,Asciutto,Verticale,Altro,11.375236801994665,45.802574049530314,0
8,Giovedì,Sera,VILLAVERLA,SP 349 Costo,Incrocio,Asciutto,Orizzontale,Nebbia,11.491665584623734,45.63278297401784,0
12,Lunedì,Notte,VALDASTICO,SP 350 Val d'Astico,Dosso,Asciutto,Assente,Vento forte,11.358543963504781,45.87952427762159,0
10,Lunedì,Pomeriggio,PIOVENE ROCCHETTE,SP 349 Costo,Pendenza,Bagnato,Verticale,Pioggia,11.429069195597043,45.75216104606245,0
11,Sabato,Sera,COGOLLO DEL CENGIO,SP 350 Val d'Astico,Pendenza,Asciutto,Temporanea di cantiere,Vento forte,11.389918362015427,45.79677593641724,0
10,Sabato,Notte,VALDASTICO,SP 350 Val d'Astico,Curva,Sdrucciolevole,Orizzontale,Neve,11.346089131710775,45.89251014405652,0
5,Sabato,Sera,VICENZA,SP 046 Pasubio,Intersezione non segnalata,Ghiacciato,Temporanea di cantiere,Pioggia,11.504788311292097,45.54683812946747,0
1,Martedì,Mattino,CALTRANO,SP 349 Costo,Incrocio,Bagnato,Temporanea di cantiere,Vento forte,11.455875831204086,45.770539775287084,0
8,Martedì,Notte,ROANA,SP 349 Costo,Intersezione non segnalata,Asciutto,Temporanea di cantiere,Nebbia,11.480988047841135,45.86913580722562,0
10,Giovedì,Pomeriggio,CARRE',SP 349 Costo,Pendenza,Sdrucciolevole,Verticale,Altro,11.437856773736252,45.74118441874759,0
12,Lunedì,Mattino,ASIAGO,SP 349 Costo,Rotatoria,Asciutto,Verticale,Pioggia,11.489377362466296,45.879636167125284,0
9,Sabato,Notte,VALDASTICO,SP 350 Val d'Astico,Rotatoria,Ghiacciato,Orizzontale,Vento forte,11.367504816840151,45.842532036331434,0
7,Martedì,Sera,ROANA,SP 349 Costo,Rotatoria,Bagnato,Verticale,Nebbia,11.44331305846496,45.93393529664066,0
7,Venerdì,Mattino,COSTABISSARA,SP 046 Pasubio,Rettilineo,Sdrucciolevole,Verticale,Sereno,11.499162585589572,45.590334388818995,0
2,Lunedì,Sera,VALDASTICO,SP 350 Val d'Astico,Intersezione non segnalata,Bagnato,Assente,Neve,11.363740035363634,45.85240760961771,0
1,Sabato,Notte,MALO,SP 046 Pasubio,Galleria illuminata,Bagnato,Orizzontale,Sereno,11.409282324785712,45.66349635357076,0
11,Sabato,Mattino,ARSIERO,SP 350 Val d'Astico,Intersezione con semaforo o vigile,Sdrucciolevole,Verticale,Neve,11.369421741251543,45.834515668467375,0
10,Martedì,Mattino,LASTEBASSE,SP 350 Val d'Astico,Intersezione non segnalata,Asciutto,Temporanea di cantiere,Pioggia,11.324919239192367,45.90134129985016,0
4,Lunedì,Pomeriggio,VILLAVERLA,SP 349 Costo,Intersezione segnalata,Ghiacciato,Temporanea di cantiere,Neve,11.494275369594657,45.65432332835557,0
6,Giovedì,Sera,ROANA,SP 349 Costo,Intersezione non segnalata,Bagnato,Orizzontale,Altro,11.436961001213362,45.819820101978955,0
6,Domenica,Notte,MALO,SP 046 Pasubio,Pendenza,Sdrucciolevole,Assente,Neve,11.401582554689973,45.67989419794703,0
3,Venerdì,Sera,VICENZA,SP 046 Pasubio,Intersezione non segnalata,Sdrucciolevole,Verticale,Nebbia,11.494091621000646,45.56968058470988,0
6,Mercoledì,Sera,ISOLA VICENTINA,SP 046 Pasubio,Pendenza,Ghiacciato,Temporanea di cantiere,Sereno,11.443880229426087,45.628355894737105,0
5,Sabato,Mattino,ISOLA VICENTINA,SP 046 Pasubio,Intersezione con semaforo o vigile,Ghiacciato,Orizzontale,Nebbia,11.473100900499468,45.60951024771036,0
9,Lunedì,Notte,COGOLLO DEL CENGIO,SP 349 Costo,Intersezione segnalata,Sdrucciolevole,Verticale,Pioggia,11.430597310227443,45.79648397445959,0
10,Lunedì,Notte,ROANA,SP 349 Costo,Incrocio,Innevato,Assente,Sereno,11.465646946375783,45.89913984258949,0
6,Domenica,Notte,VALDASTICO,SP 350 Val d'Astico,Pendenza,Ghiacciato,Verticale,Pioggia,11.367095193131162,45.84336589371888,0
12,Martedì,Sera,COGOLLO DEL CENGIO,SP 350 Val d'Astico,Dosso,Bagnato,Orizzontale,Pioggia,11.41846383852679,45.785982084038274,0
9,Lunedì,Notte,ROANA,SP 349 Costo,Intersezione con semaforo o vigile,Innevato,Assente,Neve,11.48254965745642,45.88075976461593,0
1,Lunedì,Sera,MALO,SP 046 Pasubio,Dosso,Bagnato,Orizzontale,Nebbia,11.4268978788615,45.64559005022906,0
12,Lunedì,Sera,COGOLLO DEL CENGIO,SP 349 Costo,Rotatoria,Sdrucciolevole,Verticale,Sereno,11.435089391070665,45.79367312204478,0
9,Giovedì,Notte,COGOLLO DEL CENGIO,SP 349 Costo,Incrocio,Asciutto,Orizzontale,Sereno,11.433239620718131,45.816307331098805,0
11,Lunedì,Sera,MALO,SP 046 Pasubio,Dosso,Ghiacciato,Assente,Altro,11.412756091251069,45.66000760715832,0
11,Giovedì,Notte,ZANE',SP 349 var Costo Variante,Intersezione non segnalata,Asciutto,Assente,Nebbia,11.441781073974802,45.71062756204771,0
4,Lunedì,Mattino,ARSIERO,SP 350 Val d'Astico,Intersezione non segnalata,Sdrucciolevole,Assente,Vento forte,11.362757553798168,45.80374003262921,0
1,Venerdì,Mattino,VALLI DEL PASUBIO,SP 046 Pasubio,Intersezione non segnalata,Asciutto,Assente,Sereno,11.21096157067048,45.75824818425018,0
8,Domenica,Pomeriggio,ROANA,SP 349 Costo,Intersezione non segnalata,Bagnato,Orizzontale,Altro,11.456128136221864,45.91445842323651,0
6,Giovedì,Pomeriggio,SANTORSO,SP 349 Costo,Curva,Sdrucciolevole,Orizzontale,Altro,11.375277015668674,45.72936794617921,0
1,Lunedì,Sera,COGOLLO DEL CENGIO,SP 350 Val d'Astico,Rettilineo,Bagnato,Verticale,Nebbia,11.392371250579156,45.79388564366519,0
4,Sabato,Sera,ZANE',SP 349 Costo,Pendenza,Bagnato,Temporanea di cantiere,Pioggia,11.443023043954469,45.73458425294163,0
12,Sabato,Notte,ASIAGO,SP 349 Costo,Curva,Asciutto,Assente,Altro,11.42075551865194,45.951105235344485,0
5,Martedì,Notte,ZANE',SP 349 Costo,Dosso,Ghiacciato,Assente,Vento forte,11.452351912371233,45.720709915198995,0
4,Martedì,Pomeriggio,SCHIO,SP 046 var Torrebelvicino,Rettilineo,Ghiacciato,Assente,Altro,11.333099432100765,45.714310279481,0
8,Martedì,Mattino,PIOVENE ROCCHETTE,SP 349 Costo,Intersezione non segnalata,Sdrucciolevole,Orizzontale,Nebbia,11.438800258718988,45.75762749249109,0
8,Sabato,Sera,ISOLA VICENTINA,SP 046 Pasubio,Intersezione non segnalata,Asciutto,Temporanea di cantiere,Neve,11.454593959151431,45.6229429073129,0
4,Giovedì,Sera,ROANA,SP 349 Costo,Pendenza,Asciutto,Assente,Neve,11.453711524799141,45.91837166525747,0
11,Giovedì,Mattino,ROANA,SP 349 Costo,Intersezione con semaforo o vigile,Ghiacciato,Orizzontale,Pioggia,11.449939631402344,45.846682433988455,0
7,Lunedì,Sera,SCHIO,SP 046 var Torrebelvicino,Intersezione non segnalata,Innevato,Orizzontale,Vento forte,11.333022016497374,45.713977869368094,0
2,Martedì,Sera,VALDASTICO,SP 350 Val d'Astico,Dosso,Innevato,Assente,Pioggia,11.36124017937995,45.86554559151867,0
4,Domenica,Notte,COGOLLO DEL CENGIO,SP 349 Costo,Intersezione con semaforo o vigile,Sdrucciolevole,Assente,Vento forte,11.440914201922107,45.783801174547555,0
11,Giovedì,Sera,ROANA,SP 349 Costo,Rotatoria,Sdrucciolevole,Assente,Vento forte,11.437688065219561,45.8205552916179,0
8,Mercoledì,Pomeriggio,COGOLLO DEL CENGIO,SP 349 Costo,Rettilineo,Ghiacciato,Verticale,Nebbia,11.431056257998431,45.79063931582622,0
6,Mercoledì,Pomeriggio,CALTRANO,SP 349 Costo,Rotatoria,Sdrucciolevole,Temporanea di cantiere,Nebbia,11.450836895719364,45.77368447384735,0
4,Giovedì,Notte,TORREBELVICINO,SP 046 var Torrebelvicino,Dosso,Sdrucciolevole,Verticale,Sereno,11.309312437886248,45.715528835848176,0
6,Venerdì,Sera,SANTORSO,SP 349 Costo,Galleria illuminata,Bagnato,Verticale,Sereno,11.39774385382932,45.73512285273559,0
3,Mercoledì,Sera,VICENZA,SP 046 Pasubio,Galleria illuminata,Bagnato,Verticale,Sereno,11.505345435447222,45.54631679803244,0
5,Domenica,Sera,ASIAGO,SP 349 Costo,Dosso,Innevato,Assente,Sereno,11.504084430823536,45.87530183106591,0
3,Mercoledì,Pomeriggio,LASTEBASSE,SP 350 Val d'Astico,Galleria illuminata,Innevato,Verticale,Vento forte,11.278405617100017,45.913848332980365,0
8,Martedì,Notte,CALDOGNO,SP 349 Costo,Rettilineo,Ghiacciato,Orizzontale,Pioggia,11.490455065270831,45.61772336751242,0
9,Giovedì,Sera,VICENZA,SP 046 Pasubio,Galleria illuminata,Bagnato,Temporanea di cantiere,Sereno,11.508350856683625,45.54161765398446,0
11,Sabato,Mattino,LASTEBASSE,SP 350 Val d'Astico,Intersezione segnalata,Ghiacciato,Verticale,Vento forte,11.328987874201125,45.899343839899785,0
1,Domenica,Notte,VILLAVERLA,SP 349 Costo,Rotatoria,Bagnato,Orizzontale,Pioggia,11.494163402760456,45.654742818753284,0
4,Venerdì,Mattino,VICENZA,SP 046 rac Pasubio Raccordo del Sole,Rotatoria,Sdrucciolevole,Orizzontale,Nebbia,11.507704886407964,45.53640008592821,0
4,Giovedì,Notte,SANTORSO,SP 349 Costo,Pendenza,Asciutto,Assente,Vento forte,11.41601877504034,45.74181886816029,0
7,Domenica,Sera,ROANA,SP 349 Costo,Intersezione segnalata,Ghiacciato,Assente,Neve,11.458973602088554,45.90643352296808,0
7,Giovedì,Sera,VALLI DEL PASUBIO,SP 046 Pasubio,Intersezione segnalata,Asciutto,Assente,Vento forte,11.196155993226578,45.76385673108315,0
11,Mercoledì,Sera,VALLI DEL PASUBIO,SP 046 Pasubio,Galleria illuminata,Ghiacciato,Orizzontale,Vento forte,11.193929765847425,45.7615255577084,0
12,Mercoledì,Notte,ROANA,SP 349 Costo,Dosso,Ghiacciato,Verticale,Sereno,11.471040752791346,45.88863719572311,0
10,Martedì,Pomeriggio,ASIAGO,SP 349 Costo,Intersezione segnalata,Asciutto,Orizzontale,Sereno,11.500788150386551,45.87552351557897,0
3,Domenica,Notte,ROANA,SP 349 Costo,Intersezione segnalata,Sdrucciolevole,Temporanea di cantiere,Altro,11.45727372260484,45.85717669568113,0
1,Sabato,Mattino,THIENE,SP 349 var Costo Variante,Intersezione non segnalata,Bagnato,Assente,Neve,11.456913280410763,45.70075646042776,0
11,Domenica,Mattino,THIENE,SP 349 var Costo Variante,Intersezione non segnalata,Sdrucciolevole,Temporanea di cantiere,Nebbia,11.454851648077499,45.70304093750844,0
12,Mercoledì,Sera,ZANE',SP 349 Costo,Intersezione con semaforo o vigile,Asciutto,Verticale,Pioggia,11.463375962272972,45.713282867504645,0
4,Giovedì,Mattino,MALO,SP 046 Pasubio,Intersezione segnalata,Ghiacciato,Orizzontale,Pioggia,11.400603572687084,45.68197532979046,0
1,Mercoledì,Pomeriggio,TORREBELVICINO,SP 046 var Torrebelvicino,Galleria illuminata,Sdrucciolevole,Orizzontale,Pioggia,11.319767933988153,45.71368720062495,0
9,Domenica,Pomeriggio,SANTORSO,SP 349 Costo,Intersezione con semaforo o vigile,Bagnato,Verticale,Pioggia,11.409909613864887,45.73865267589074,0
8,Mercoledì,Pomeriggio,THIENE,SP 349 Costo,Intersezione con semaforo o vigile,Innevato,Temporanea di cantiere,Vento forte,11.486411043937268,45.678649740944266,0
11,Domenica,Notte,VICENZA,SP 046 Pasubio,Intersezione con semaforo o vigile,Ghiacciato,Orizzontale,Altro,11.507504175595063,45.542883515353864,0
7,Martedì,Pomeriggio,CALDOGNO,SP 349 Costo,Rotatoria,Ghiacciato,Assente,Vento forte,11.491388856898334,45.623341297190414,0
10,Lunedì,Notte,VILLAVERLA,SP 349 Costo,Curva,Asciutto,Verticale,Sereno,11.492940814442854,45.64436302396947,0
10,Mercoledì,Pomeriggio,COGOLLO DEL CENGIO,SP 349 Costo,Intersezione segnalata,Sdrucciolevole,Temporanea di cantiere,Sereno,11.422546070295104,45.80299740345087,0
1,Giovedì,Pomeriggio,ROANA,SP 349 Costo,Intersezione con semaforo o vigile,Ghiacciato,Assente,Nebbia,11.441092614508923,45.842563929497885,0
2,Sabato,Notte,COGOLLO DEL CENGIO,SP 349 Costo,Dosso,Innevato,Temporanea di cantiere,Pioggia,11.440920673713654,45.78301930662891,0
10,Domenica,Notte,LASTEBASSE,SP 350 Val d'Astico,Intersezione non segnalata,Ghiacciato,Verticale,Sereno,11.311499325651017,45.907227757451714,0
3,Martedì,Sera,VICENZA,SP 046 Pasubio,Incrocio,Asciutto,Verticale,Neve,11.504393103207919,45.54716236769739,0
3,Mercoledì,Notte,COGOLLO DEL CENGIO,SP 349 Costo,Dosso,Ghiacciato,Assente,Sereno,11.431921344334285,45.798368256179906,0
10,Venerdì,Pomeriggio,ZANE',SP 349 var Costo Variante,Galleria illuminata,Asciutto,Orizzontale,Sereno,11.440465985873889,45.71128567696231,0
3,Venerdì,Sera,COGOLLO DEL CENGIO,SP 349 Costo,Rotatoria,Bagnato,Verticale,Altro,11.430741444234659,45.79586083906093,0
2,Martedì,Sera,ISOLA VICENTINA,SP 046 Pasubio,Rotatoria,Innevato,Verticale,Neve,11.446750874010922,45.627021634737396,0
1,Domenica,Pomeriggio,COSTABISSARA,SP 046 Pasubio,Intersezione con semaforo o vigile,Innevato,Temporanea di cantiere,Neve,11.492434863225212,45.60432161663031,0
6,Mercoledì,Notte,TORREBELVICINO,SP 046 Pasubio,Pendenza,Innevato,Orizzontale,Neve,11.296870706767233,45.71891466427326,0
8,Giovedì,Sera,VICENZA,SP 046 Pasubio,Pendenza,Bagnato,Verticale,Sereno,11.498323791591808,45.55595728827169,0
9,Lunedì,Pomeriggio,ROANA,SP 349 Costo,Galleria illuminata,Ghiacciato,Temporanea di cantiere,Pioggia,11.446782150543887,45.84733930647157,0
11,Domenica,Notte,ZANE',SP 349 Costo,Pendenza,Ghiacciato,Temporanea di cantiere,Altro,11.458636899542382,45.71596534231616,0
8,Sabato,Notte,VALDASTICO,SP 350 Val d'Astico,Dosso,Bagnato,Verticale,Pioggia,11.359787968418587,45.874790215920804,0
10,Lunedì,Notte,ISOLA VICENTINA,SP 046 Pasubio,Dosso,Innevato,Orizzontale,Neve,11.476222410377133,45.60923753468722,0
3,Sabato,Mattino,ISOLA VICENTINA,SP 046 Pasubio,Intersezione non segnalata,Innevato,Temporanea di cantiere,Pioggia,11.463686149512743,45.61734358575244,0
5,Venerdì,Notte,PIOVENE ROCCHETTE,SP 349 Costo,Rettilineo,Asciutto,Assente,Neve,11.429471215841911,45.75067708681429,0
4,Lunedì,Notte,COGOLLO DEL CENGIO,SP 349 Costo,Incrocio,Ghiacciato,Temporanea di cantiere,Vento forte,11.441107459959726,45.78455923215683,0
1,Lunedì,Pomeriggio,VICENZA,SP 046 rac Pasubio Raccordo del Sole,Incrocio,Sdrucciolevole,Temporanea di cantiere,Neve,11.507935783604063,45.53532602726781,0
12,Martedì,Mattino,MALO,SP 046 Pasubio,Dosso,Ghiacciato,Verticale,Altro,11.418637693838061,45.653367233034054,0
3,Martedì,Mattino,VALDASTICO,SP 350 Val d'Astico,Incrocio,Sdrucciolevole,Orizzontale,Altro,11.359541115607218,45.8764665371472,0
6,Martedì,Mattino,ZANE',SP 349 Costo,Intersezione segnalata,Bagnato,Verticale,Neve,11.45542856951207,45.71764631381193,0
5,Mercoledì,Pomeriggio,TORREBELVICINO,SP 046 var Torrebelvicino,Curva,Asciutto,Temporanea di cantiere,Nebbia,11.307226641957838,45.71700586321138,0
1,Lunedì,Mattino,ROANA,SP 349 Costo,Galleria illuminata,Sdrucciolevole,Assente,Pioggia,11.43868549008316,45.82211339703767,0
11,Domenica,Mattino,VICENZA,SP 046 Pasubio,Rotatoria,Innevato,Assente,Sereno,11.495318590794778,45.572240190368,0
2,Martedì,Notte,ROANA,SP 349 Costo,Dosso,Bagnato,Orizzontale,Neve,11.480678565824826,45.86931594164288,0
5,Giovedì,Mattino,ASIAGO,SP 349 Costo,Curva,Innevato,Temporanea di cantiere,Sereno,11.500130999590573,45.8712721425107,0
2,Giovedì,Sera,COGOLLO DEL CENGIO,SP 349 Costo,Intersezione con semaforo o vigile,Bagnato,Verticale,Neve,11.439902545803953,45.78358176197833,0
12,Martedì,Sera,SANTORSO,SP 349 Costo,Dosso,Sdrucciolevole,Verticale,Sereno,11.37898204102187,45.730330808238406,0
3,Sabato,Pomeriggio,SANTORSO,SP 349 Costo,Incrocio,Bagnato,Temporanea di cantiere,Neve,11.392919812067694,45.733920801478874,0
4,Sabato,Pomeriggio,ROANA,SP 349 Costo,Curva,Sdrucciolevole,Orizzontale,Nebbia,11.469852815375543,45.86290336851903,0
4,Sabato,Mattino,ZANE',SP 349 Costo,Pendenza,Sdrucciolevole,Temporanea di cantiere,Sereno,11.458813218099161,45.71586709259221,0
1,Mercoledì,Pomeriggio,COSTABISSARA,SP 046 Pasubio,Incrocio,Ghiacciato,Orizzontale,Nebbia,11.49799019271901,45.5918183003446,0
1,Sabato,Notte,VALLI DEL PASUBIO,SP 046 Pasubio,Intersezione non segnalata,Sdrucciolevole,Assente,Sereno,11.234663472997358,45.74946281864073,0
7,Domenica,Notte,MARANO VICENTINO,SP 349 var Costo Variante,Curva,Sdrucciolevole,Temporanea di cantiere,Pioggia,11.429436638676195,45.717028853192545,0
3,Sabato,Pomeriggio,VICENZA,SP 046 Pasubio,Pendenza,Ghiacciato,Verticale,Nebbia,11.50811144929588,45.54168905699961,0
2,Lunedì,Notte,TORREBELVICINO,SP 046 Pasubio,Intersezione non segnalata,Sdrucciolevole,Assente,Altro,11.296218001132164,45.71877182829463,0
4,Martedì,Mattino,COSTABISSARA,SP 046 Pasubio,Intersezione non segnalata,Sdrucciolevole,Assente,Vento forte,11.495854508918313,45.597604037292,0
6,Sabato,Mattino,CARRE',SP 349 Costo,Galleria illuminata,Innevato,Assente,Vento forte,11.438315833114633,45.74052527089855,0
4,Mercoledì,Mattino,ROANA,SP 349 Costo,Pendenza,Innevato,Assente,Pioggia,11.441120235196635,45.84318114552699,0
9,Martedì,Sera,VALDASTICO,SP 350 Val d'Astico,Pendenza,Ghiacciato,Assente,Pioggia,11.353987799830513,45.886576817255545,0
10,Lunedì,Notte,CHIUPPANO,SP 349 Costo,Dosso,Innevato,Orizzontale,Neve,11.457212865510748,45.76976385483375,0
1,Martedì,Notte,ISOLA VICENTINA,SP 046 Pasubio,Pendenza,Asciutto,Temporanea di cantiere,Altro,11.475285058047362,45.60932096237895,0
7,Venerdì,Notte,ISOLA VICENTINA,SP 046 Pasubio,Rotatoria,Bagnato,Assente,Nebbia,11.479686060020628,45.60863837517018,0
6,Mercoledì,Sera,ROANA,SP 349 Costo,Rettilineo,Asciutto,Orizzontale,Pioggia,11.452763024025124,45.848669995933626,0
7,Mercoledì,Notte,ROANA,SP 349 Costo,Intersezione non segnalata,Sdrucciolevole,Verticale,Pioggia,11.450386806194059,45.926464651584254,0
3,Giovedì,Sera,VILLAVERLA,SP 349 Costo,Rotatoria,Innevato,Assente,Neve,11.492944221942201,45.643554985806965,0
6,Martedì,Mattino,PIOVENE ROCCHETTE,SP 350 Val d'Astico,Rettilineo,Ghiacciato,Verticale,Neve,11.438322879788384,45.75851872948974,0
2,Venerdì,Sera,LASTEBASSE,SP 350 Val d'Astico,Rettilineo,Ghiacciato,Temporanea di cantiere,Nebbia,11.310678317878242,45.90717775342229,0
12,Martedì,Pomeriggio,VICENZA,SP 046 Pasubio,Galleria illuminata,Innevato,Temporanea di cantiere,Pioggia,11.494742057846855,45.56274752773252,0
8,Giovedì,Pomeriggio,ROANA,SP 349 Costo,Pendenza,Asciutto,Orizzontale,Neve,11.45657627692385,45.8551033397862,0
1,Giovedì,Notte,ROANA,SP 349 Costo,Dosso,Ghiacciato,Orizzontale,Vento forte,11.454589083068681,45.850266226129435,0
7,Domenica,Pomeriggio,VICENZA,SP 046 Pasubio,Curva,Bagnato,Orizzontale,Neve,11.50692883164755,45.544416400091535,0
9,Domenica,Sera,COGOLLO DEL CENGIO,SP 350 Val d'Astico,Curva,Ghiacciato,Orizzontale,Altro,11.396597636748913,45.79270423365977,0
4,Sabato,Notte,LASTEBASSE,SP 350 Val d'Astico,Intersezione segnalata,Ghiacciato,Verticale,Sereno,11.283590503046392,45.91343817738229,0
11,Martedì,Sera,VALLI DEL PASUBIO,SP 046 Pasubio,Incrocio,Sdrucciolevole,Assente,Nebbia,11.221188467849322,45.754625309952935,0
3,Mercoledì,Sera,ROANA,SP 349 Costo,Intersezione con semaforo o vigile,Ghiacciato,Temporanea di cantiere,Altro,11.440146028460315,45.93773308782615,0
3,Mercoledì,Sera,COSTABISSARA,SP 046 Pasubio,Rotatoria,Sdrucciolevole,Temporanea di cantiere,Sereno,11.492380467144878,45.60441020599914,0
12,Venerdì,Sera,ROANA,SP 349 Costo,Intersezione con semaforo o vigile,Sdrucciolevole,Assente,Pioggia,11.458139835586287,45.9090143423661,0
9,Martedì,Sera,COGOLLO DEL CENGIO,SP 349 Costo,Incrocio,Bagnato,Temporanea di cantiere,Pioggia,11.436566160776273,45.7967076020608,0
7,Domenica,Mattino,PIOVENE ROCCHETTE,SP 349 Costo,Galleria illuminata,Bagnato,Assente,Nebbia,11.425328561180843,45.74805774701407,0
9,Mercoledì,Pomeriggio,VICENZA,SP 046 rac Pasubio Raccordo del Sole,Rotatoria,Bagnato,Verticale,Neve,11.508080873642744,45.533760544971294,0
4,Giovedì,Sera,PIOVENE ROCCHETTE,SP 349 Costo,Curva,Ghiacciato,Assente,Pioggia,11.433245363661399,45.7471549876791,0
1,Martedì,Mattino,COGOLLO DEL CENGIO,SP 349 Costo,Rotatoria,Innevato,Assente,Sereno,11.434055667589613,45.79417283295983,0
11,Lunedì,Sera,COGOLLO DEL CENGIO,SP 349 Costo,Rotatoria,Asciutto,Orizzontale,Sereno,11.43180772254443,45.79624510823196,0
12,Giovedì,Pomeriggio,COGOLLO DEL CENGIO,SP 349 Costo,Curva,Asciutto,Orizzontale,Vento forte,11.440481977255565,45.78396266925134,0
1,Venerdì,Sera,COSTABISSARA,SP 046 Pasubio,Galleria illuminata,Ghiacciato,Temporanea di cantiere,Sereno,11.500020129334303,45.57552400685039,0
7,Lunedì,Notte,ROANA,SP 349 Costo,Intersezione con semaforo o vigile,Asciutto,Orizzontale,Nebbia,11.457208082837537,45.85755997140814,0
1,Sabato,Mattino,TORREBELVICINO,SP 046 var Torrebelvicino,Intersezione non segnalata,Bagnato,Temporanea di cantiere,Vento forte,11.31492436357353,45.71367353265137,0
9,Lunedì,Sera,THIENE,SP 349 Costo,Intersezione con semaforo o vigile,Asciutto,Assente,Sereno,11.486857069991748,45.67721035962002,0
12,Sabato,Pomeriggio,ROANA,SP 349 Costo,Rettilineo,Asciutto,Assente,Vento forte,11.444277885929,45.84595651057188,0
4,Venerdì,Sera,VALLI DEL PASUBIO,SP 046 Pasubio,Curva,Asciutto,Assente,Nebbia,11.199527200040663,45.760205423719796,0
4,Martedì,Sera,MALO,SP 046 Pasubio,Intersezione segnalata,Ghiacciato,Assente,Pioggia,11.4279082174504,45.64310038789665,0
11,Sabato,Mattino,VALDASTICO,SP 350 Val d'Astico,Galleria illuminata,Innevato,Verticale,Nebbia,11.361923204724285,45.85652183269106,0
5,Mercoledì,Sera,SANTORSO,SP 349 Costo,Dosso,Sdrucciolevole,Orizzontale,Altro,11.397674031662195,45.735104533752924,0
3,Lunedì,Mattino,COSTABISSARA,SP 046 Pasubio,Rettilineo,Asciutto,Orizzontale,Neve,11.497977875500295,45.59207599428268,0
2,Venerdì,Notte,VICENZA,SP 046 rac Pasubio Raccordo del Sole,Curva,Innevato,Temporanea di cantiere,Sereno,11.507904150596877,45.53735876328966,0
11,Lunedì,Notte,THIENE,SP 349 Costo,Galleria illuminata,Bagnato,Assente,Pioggia,11.48875550749425,45.67122021383777,0
12,Sabato,Sera,THIENE,SP 349 Costo,Galleria illuminata,Asciutto,Temporanea di cantiere,Nebbia,11.489975131467945,45.66737929942219,0
1,Lunedì,Pomeriggio,TORREBELVICINO,SP 046 var Torrebelvicino,Rotatoria,Asciutto,Temporanea di cantiere,Nebbia,11.323887902612148,45.71372310021952,0
10,Martedì,Mattino,VALLI DEL PASUBIO,SP 046 Pasubio,Dosso,Bagnato,Verticale,Sereno,11.197513661581214,45.7606373233352,0
2,Giovedì,Pomeriggio,CALDOGNO,SP 349 Costo,Rotatoria,Ghiacciato,Assente,Pioggia,11.49043653649037,45.616614501705236,0
2,Giovedì,Pomeriggio,COGOLLO DEL CENGIO,SP 349 Costo,Incrocio,Bagnato,Assente,Neve,11.433915691238955,45.78739538018922,0
5,Mercoledì,Sera,VALDASTICO,SP 350 Val d'Astico,Rotatoria,Sdrucciolevole,Verticale,Vento forte,11.358903522955568,45.87879946090182,0
6,Giovedì,Pomeriggio,ARSIERO,SP 350 Val d'Astico,Dosso,Bagnato,Orizzontale,Nebbia,11.362927451915318,45.80367146296204,0
11,Lunedì,Mattino,MALO,SP 046 Pasubio,Rettilineo,Innevato,Assente,Nebbia,11.410721478670741,45.662049302235154,0
9,Martedì,Mattino,SANTORSO,SP 349 Costo,Dosso,Ghiacciato,Temporanea di cantiere,Altro,11.387460793091789,45.73250614989022,0
2,Lunedì,Sera,VICENZA,SP 046 Pasubio,Incrocio,Ghiacciato,Orizzontale,Sereno,11.502471907616089,45.576914903745376,0
8,Giovedì,Sera,ARSIERO,SP 350 Val d'Astico,Rettilineo,Sdrucciolevole,Verticale,Nebbia,11.366932710257892,45.80324296827947,0
11,Martedì,Sera,ASIAGO,SP 349 Costo,Galleria illuminata,Sdrucciolevole,Verticale,Nebbia,11.407181503021812,45.94559134947538,0
8,Venerdì,Mattino,CALDOGNO,SP 349 Costo,Intersezione segnalata,Innevato,Temporanea di cantiere,Altro,11.491455346860997,45.62777437684659,0
3,Lunedì,Pomeriggio,ROANA,SP 349 Costo,Curva,Ghiacciato,Assente,Neve,11.460160708396035,45.90466174727921,0
2,Mercoledì,Notte,LASTEBASSE,SP 350 Val d'Astico,Dosso,Innevato,Temporanea di cantiere,Pioggia,11.293465088647078,45.91318116160086,0
6,Venerdì,Notte,ZANE',SP 349 Costo,Rotatoria,Asciutto,Assente,Altro,11.440785646265992,45.73720240204038,0
6,Giovedì,Mattino,PIOVENE ROCCHETTE,SP 350 Val d'Astico,Dosso,Innevato,Verticale,Pioggia,11.43842035016836,45.760052565292355,0
5,Lunedì,Notte,COGOLLO DEL CENGIO,SP 349 Costo,Pendenza,Innevato,Temporanea di cantiere,Altro,11.435945882341889,45.795316288248316,0
2,Mercoledì,Mattino,MALO,SP 046 Pasubio,Dosso,Ghiacciato,Orizzontale,Sereno,11.404798037622339,45.67285499968774,0
2,Domenica,Sera,TORREBELVICINO,SP 046 var Torrebelvicino,Rettilineo,Innevato,Verticale,Neve,11.309727576723118,45.715181203063906,0
7,Sabato,Mattino,ASIAGO,SP 349 Costo,Incrocio,Sdrucciolevole,Temporanea di cantiere,Pioggia,11.387581373535022,45.951797600028456,0
12,Lunedì,Notte,ROANA,SP 349 Costo,Curva,Bagnato,Orizzontale,Nebbia,11.469838916124566,45.89026330460005,0
8,Venerdì,Mattino,LASTEBASSE,SP 350 Val d'Astico,Curva,Ghiacciato,Assente,Neve,11.274147571460386,45.915167673104925,0
6,Domenica,Sera,ROANA,SP 349 Costo,Intersezione segnalata,Ghiacciato,Temporanea di cantiere,Vento forte,11.457173566229152,45.85837583195001,0
9,Sabato,Pomeriggio,VICENZA,SP 046 rac Pasubio Raccordo del Sole,Intersezione con semaforo o vigile,Bagnato,Assente,Pioggia,11.508368666046382,45.53900411109668,0
9,Sabato,Sera,ROANA,SP 349 Costo,Intersezione con semaforo o vigile,Bagnato,Assente,Pioggia,11.433728530157257,45.84065450355884,0
7,Domenica,Notte,ARSIERO,SP 350 Val d'Astico,Pendenza,Sdrucciolevole,Temporanea di cantiere,Neve,11.370161512702728,45.80338118183052,0
10,Venerdì,Notte,VALDASTICO,SP 350 Val d'Astico,Intersezione segnalata,Asciutto,Verticale,Sereno,11.348428161904183,45.891897954214265,0
7,Venerdì,Mattino,ASIAGO,SP 349 Costo,Pendenza,Ghiacciato,Orizzontale,Nebbia,11.426288508206797,45.95061902539238,0
8,Mercoledì,Notte,COSTABISSARA,SP 046 Pasubio,Intersezione segnalata,Asciutto,Assente,Nebbia,11.490870369819989,45.60501103920045,0
8,Mercoledì,Sera,SANTORSO,SP 349 Costo,Intersezione segnalata,Innevato,Temporanea di cantiere,Nebbia,11.412611215420043,45.74005398791333,0
10,Martedì,Mattino,VICENZA,SP 046 Pasubio,Curva,Ghiacciato,Assente,Sereno,11.509209924644413,45.580498873872926,0
11,Lunedì,Pomeriggio,COGOLLO DEL CENGIO,SP 350 Val d'Astico,Pendenza,Bagnato,Assente,Altro,11.378622670222201,45.80091625732086,0
4,Lunedì,Mattino,VICENZA,SP 046 rac Pasubio Raccordo del Sole,Rotatoria,Bagnato,Temporanea di cantiere,Neve,11.50900069395221,45.53840171726879,0
9,Venerdì,Mattino,VICENZA,SP 046 Pasubio,Rettilineo,Ghiacciato,Temporanea di cantiere,Altro,11.494365959595712,45.565364096089596,0
1,Domenica,Sera,PIOVENE ROCCHETTE,SP 349 Costo,Incrocio,Asciutto,Assente,Altro,11.436699491593979,45.75654866153227,0
7,Lunedì,Notte,COGOLLO DEL CENGIO,SP 350 Val d'Astico,Pendenza,Ghiacciato,Assente,Nebbia,11.410337683989939,45.78958786174958,0
11,Lunedì,Pomeriggio,ROANA,SP 349 Costo,Intersezione con semaforo o vigile,Sdrucciolevole,Assente,Vento forte,11.481358433120539,45.88118654591223,0
8,Mercoledì,Sera,VICENZA,SP 046 Pasubio,Intersezione non segnalata,Bagnato,Temporanea di cantiere,Pioggia,11.508176379965112,45.54320162061644,0
8,Domenica,Mattino,ROANA,SP 349 Costo,Incrocio,Ghiacciato,Temporanea di cantiere,Pioggia,11.479753922067966,45.869505094109584,0
5,Giovedì,Pomeriggio,CALDOGNO,SP 349 Costo,Rotatoria,Asciutto,Assente,Altro,11.490435606769072,45.61653144742426,0
6,Giovedì,Pomeriggio,COGOLLO DEL CENGIO,SP 349 Costo,Rotatoria,Ghiacciato,Verticale,Neve,11.434275454640211,45.79424631360505,0
3,Domenica,Notte,PIOVENE ROCCHETTE,SP 349 Costo,Galleria illuminata,Sdrucciolevole,Assente,Nebbia,11.423048811875574,45.74600085352219,0
8,Martedì,Sera,ROANA,SP 349 Costo,Galleria illuminata,Ghiacciato,Verticale,Pioggia,11.441179452753136,45.8426093163083,0
3,Sabato,Pomeriggio,VICENZA,SP 046 Pasubio,Rettilineo,Sdrucciolevole,Verticale,Pioggia,11.495503913749797,45.57245777824737,0
6,Venerdì,Mattino,CALDOGNO,SP 349 Costo,Intersezione segnalata,Innevato,Orizzontale,Sereno,11.491427052083093,45.62161551064205,0
12,Mercoledì,Sera,COGOLLO DEL CENGIO,SP 349 Costo,Pendenza,Innevato,Verticale,Sereno,11.44502462562204,45.78250767157025,0
10,Giovedì,Pomeriggio,SANTORSO,SP 349 Costo,Intersezione segnalata,Asciutto,Temporanea di cantiere,Sereno,11.375665883346922,45.72946789415928,0
5,Sabato,Mattino,COGOLLO DEL CENGIO,SP 349 Costo,Incrocio,Sdrucciolevole,Verticale,Pioggia,11.440585020391516,45.78481510644505,0
12,Giovedì,Sera,LASTEBASSE,SP 350 Val d'Astico,Dosso,Bagnato,Assente,Nebbia,11.302105595339523,45.90930711235048,0
1,Mercoledì,Sera,VALDASTICO,SP 350 Val d'Astico,Intersezione con semaforo o vigile,Sdrucciolevole,Assente,Nebbia,11.370131214146125,45.839799604462684,0
12,Martedì,Notte,ZANE',SP 349 Costo,Intersezione con semaforo o vigile,Asciutto,Verticale,Vento forte,11.44158896532299,45.73626365516824,0
5,Sabato,Notte,VALLI DEL PASUBIO,SP 046 Pasubio,Galleria illuminata,Sdrucciolevole,Verticale,Neve,11.257197244397915,45.74334916547265,0
10,Lunedì,Sera,VICENZA,SP 046 Pasubio,Intersezione con semaforo o vigile,Asciutto,Temporanea di cantiere,Altro,11.504296231922511,45.584370653252876,0
12,Venerdì,Notte,COGOLLO DEL CENGIO,SP 350 Val d'Astico,Intersezione non segnalata,Ghiacciato,Orizzontale,Vento forte,11.420825573682395,45.785126378832906,0
8,Giovedì,Pomeriggio,THIENE,SP 349 var Costo Variante,Incrocio,Sdrucciolevole,Orizzontale,Sereno,11.45940464810378,45.69827681691709,0
8,Domenica,Sera,ROANA,SP 349 Costo,Intersezione con semaforo o vigile,Innevato,Orizzontale,Neve,11.436315946935888,45.94491685149763,0
9,Martedì,Sera,VALLI DEL PASUBIO,SP 046 Pasubio,Galleria illuminata,Innevato,Orizzontale,Nebbia,11.269653149626059,45.735463205342576,0
3,Domenica,Mattino,PIOVENE ROCCHETTE,SP 349 Costo,Intersezione con semaforo o vigile,Ghiacciato,Temporanea di cantiere,Neve,11.42903167754326,45.75206469748587,0
3,Sabato,Mattino,VILLAVERLA,SP 349 Costo,Intersezione segnalata,Sdrucciolevole,Verticale,Pioggia,11.492110030452915,45.643558336369516,0
5,Mercoledì,Mattino,VALLI DEL PASUBIO,SP 046 Pasubio,Intersezione segnalata,Ghiacciato,Orizzontale,Neve,11.250802667489143,45.74373468619119,0
6,Domenica,Sera,ROANA,SP 349 Costo,Rotatoria,Ghiacciato,Verticale,Vento forte,11.440704996980282,45.84260218427493,0
9,Martedì,Mattino,VICENZA,SP 046 Pasubio,Curva,Asciutto,Assente,Pioggia,11.494279497465723,45.566017176712315,0
4,Mercoledì,Mattino,VALLI DEL PASUBIO,SP 046 Pasubio,Intersezione con semaforo o vigile,Bagnato,Verticale,Neve,11.227566138972298,45.75131266391385,0
7,Venerdì,Notte,COGOLLO DEL CENGIO,SP 350 Val d'Astico,Incrocio,Innevato,Temporanea di cantiere,Sereno,11.386115511774118,45.79770328582383,0
1,Giovedì,Sera,COGOLLO DEL CENGIO,SP 349 Costo,Intersezione con semaforo o vigile,Bagnato,Temporanea di cantiere,Pioggia,11.432959206841652,45.816163363805764,0
1,Mercoledì,Sera,VILLAVERLA,SP 349 Costo,Rettilineo,Asciutto,Orizzontale,Nebbia,11.491450222420212,45.63576375546747,0
11,Sabato,Notte,COSTABISSARA,SP 046 Pasubio,Intersezione con semaforo o vigile,Ghiacciato,Verticale,Altro,11.49943818444625,45.59000636338763,0
4,Martedì,Mattino,ROANA,SP 349 Costo,Intersezione segnalata,Ghiacciato,Assente,Sereno,11.465042298197636,45.90081127423034,0
7,Martedì,Mattino,SANTORSO,SP 349 Costo,Dosso,Bagnato,Temporanea di cantiere,Nebbia,11.3834656257317,45.73148287949688,0
9,Martedì,Notte,COGOLLO DEL CENGIO,SP 349 Costo,Incrocio,Bagnato,Verticale,Vento forte,11.427489019198216,45.79563726380823,0
4,Mercoledì,Pomeriggio,SCHIO,SP 046 var Torrebelvicino,Curva,Innevato,Temporanea di cantiere,Sereno,11.332609629419766,45.71341826948282,0
9,Martedì,Mattino,TORREBELVICINO,SP 046 Pasubio,Galleria illuminata,Innevato,Temporanea di cantiere,Pioggia,11.299360564863687,45.71904826969886,0
9,Mercoledì,Mattino,VICENZA,SP 046 Pasubio,Dosso,Sdrucciolevole,Temporanea di cantiere,Vento forte,11.498422274619571,45.555817477024895,0
5,Mercoledì,Sera,COGOLLO DEL CENGIO,SP 350 Val d'Astico,Galleria illuminata,Bagnato,Temporanea di cantiere,Vento forte,11.377578461731208,45.8014511271029,0
6,Lunedì,Pomeriggio,VALDASTICO,SP 350 Val d'Astico,Intersezione segnalata,Asciutto,Temporanea di cantiere,Nebbia,11.359351102112154,45.8777263849034,0
4,Domenica,Mattino,COGOLLO DEL CENGIO,SP 350 Val d'Astico,Curva,Asciutto,Verticale,Nebbia,11.423027685880454,45.784333284373695,0
10,Sabato,Sera,ROANA,SP 349 Costo,Intersezione non segnalata,Sdrucciolevole,Temporanea di cantiere,Vento forte,11.472187546706397,45.88588764827417,0
12,Venerdì,Notte,ASIAGO,SP 349 Costo,Intersezione non segnalata,Sdrucciolevole,Verticale,Altro,11.490261760523437,45.878704492897285,0
12,Mercoledì,Sera,ASIAGO,SP 349 Costo,Rettilineo,Ghiacciato,Temporanea di cantiere,Vento forte,11.389012569165985,45.95157571496794,0
10,Giovedì,Notte,COGOLLO DEL CENGIO,SP 350 Val d'Astico,Intersezione non segnalata,Innevato,Verticale,Vento forte,11.425126583302106,45.78356626735443,0
5,Venerdì,Notte,COSTABISSARA,SP 046 Pasubio,Intersezione non segnalata,Bagnato,Verticale,Pioggia,11.4938431410015,45.60280864481338,0
3,Sabato,Notte,PIOVENE ROCCHETTE,SP 349 Costo,Incrocio,Innevato,Verticale,Neve,11.434928807160576,45.74513929125689,0
11,Lunedì,Notte,PIOVENE ROCCHETTE,SP 349 Costo,Rotatoria,Ghiacciato,Temporanea di cantiere,Nebbia,11.43628840483247,45.75632354917457,0
4,Giovedì,Notte,LASTEBASSE,SP 350 Val d'Astico,Rettilineo,Sdrucciolevole,Orizzontale,Vento forte,11.264694987939237,45.91702352685763,0
5,Sabato,Pomeriggio,MALO,SP 046 Pasubio,Intersezione con semaforo o vigile,Asciutto,Verticale,Sereno,11.415336083281153,45.65742230316317,0
2,Lunedì,Sera,VICENZA,SP 046 Pasubio,Rotatoria,Sdrucciolevole,Assente,Altro,11.504243522881303,45.54740288778898,0
1,Lunedì,Mattino,VICENZA,SP 046 rac Pasubio Raccordo del Sole,Incrocio,Ghiacciato,Temporanea di cantiere,Nebbia,11.50781293530702,45.53755849870047,0
5,Martedì,Pomeriggio,VICENZA,SP 046 Pasubio,Incrocio,Innevato,Temporanea di cantiere,Sereno,11.50690696048925,45.5445754156404,0
7,Domenica,Mattino,COGOLLO DEL CENGIO,SP 349 Costo,Incrocio,Sdrucciolevole,Verticale,Nebbia,11.430607254506233,45.81543630317392,0
1,Martedì,Pomeriggio,ISOLA VICENTINA,SP 046 Pasubio,Curva,Sdrucciolevole,Temporanea di cantiere,Pioggia,11.472049724446261,45.609607250606395,0
11,Martedì,Mattino,COSTABISSARA,SP 046 Pasubio,Intersezione con semaforo o vigile,Bagnato,Temporanea di cantiere,Sereno,11.497474288500392,45.59230631578982,0
2,Sabato,Notte,TORREBELVICINO,SP 046 Pasubio,Intersezione non segnalata,Sdrucciolevole,Temporanea di cantiere,Pioggia,11.284213216610627,45.72215904197526,0
12,Mercoledì,Notte,MALO,SP 046 Pasubio,Dosso,Asciutto,Temporanea di cantiere,Nebbia,11.403464063570025,45.67585124390583,0
4,Venerdì,Mattino,VALLI DEL PASUBIO,SP 046 Pasubio,Galleria illuminata,Asciutto,Verticale,Vento forte,11.246898330839262,45.74398256806019,0
5,Giovedì,Notte,VICENZA,SP 046 Pasubio,Pendenza,Ghiacciato,Verticale,Sereno,11.506411674630947,45.54492999542705,0
2,Sabato,Notte,VALLI DEL PASUBIO,SP 046 Pasubio,Dosso,Bagnato,Assente,Altro,11.206126466562482,45.75954697026726,0
10,Venerdì,Mattino,MALO,SP 046 Pasubio,Intersezione segnalata,Innevato,Temporanea di cantiere,Pioggia,11.408638248755043,45.664149248600374,0
9,Domenica,Pomeriggio,ZANE',SP 349 Costo,Pendenza,Bagnato,Orizzontale,Nebbia,11.444749457676528,45.73229902480107,0
1,Martedì,Notte,LASTEBASSE,SP 350 Val d'Astico,Rotatoria,Innevato,Assente,Nebbia,11.264402392169796,45.917170214286905,0
2,Lunedì,Notte,SANTORSO,SP 349 Costo,Curva,Asciutto,Verticale,Vento forte,11.38534597404844,45.73196749493118,0
8,Giovedì,Pomeriggio,VALDASTICO,SP 350 Val d'Astico,Curva,Asciutto,Verticale,Altro,11.359506769020921,45.876752104433635,0
11,Venerdì,Notte,CALDOGNO,SP 349 Costo,Rettilineo,Sdrucciolevole,Verticale,Pioggia,11.491367898911856,45.6241849696806,0
2,Domenica,Pomeriggio,ARSIERO,SP 350 Val d'Astico,Pendenza,Innevato,Orizzontale,Pioggia,11.3613334100963,45.80433170909226,0
3,Venerdì,Sera,ASIAGO,SP 349 Costo,Intersezione non segnalata,Asciutto,Orizzontale,Nebbia,11.497270001385768,45.87798045609074,0
7,Lunedì,Pomeriggio,VALDASTICO,SP 350 Val d'Astico,Dosso,Sdrucciolevole,Verticale,Altro,11.360963315675892,45.8736201466474,0
2,Domenica,Sera,ASIAGO,SP 349 Costo,Incrocio,Bagnato,Assente,Sereno,11.434634501567327,45.947277908175536,0
1,Giovedì,Notte,ROANA,SP 349 Costo,Intersezione con semaforo o vigile,Sdrucciolevole,Orizzontale,Sereno,11.472106534279892,45.88635998488446,0
6,Venerdì,Sera,ISOLA VICENTINA,SP 046 Pasubio,Incrocio,Ghiacciato,Temporanea di cantiere,Vento forte,11.4521239814998,45.62392986777495,0
9,Mercoledì,Sera,PIOVENE ROCCHETTE,SP 349 Costo,Rettilineo,Bagnato,Orizzontale,Sereno,11.429005302777671,45.751342679482974,0
5,Domenica,Pomeriggio,COGOLLO DEL CENGIO,SP 349 Costo,Incrocio,Bagnato,Assente,Neve,11.4330227568037,45.79678151574282,0
4,Sabato,Notte,MALO,SP 046 Pasubio,Intersezione segnalata,Ghiacciato,Temporanea di cantiere,Pioggia,11.427122271997893,45.6440097333255,0
6,Martedì,Notte,COGOLLO DEL CENGIO,SP 349 Costo,Galleria illuminata,Bagnato,Verticale,Nebbia,11.424954442781624,45.80855535774613,0
7,Giovedì,Notte,VILLAVERLA,SP 349 Costo,Intersezione segnalata,Ghiacciato,Orizzontale,Altro,11.49137959364748,45.66236869826777,0
2,Lunedì,Pomeriggio,COGOLLO DEL CENGIO,SP 349 Costo,Pendenza,Asciutto,Orizzontale,Altro,11.44171597308178,45.78231070274795,0
2,Venerdì,Notte,VALDASTICO,SP 350 Val d'Astico,Intersezione segnalata,Bagnato,Orizzontale,Altro,11.337987999477203,45.8948648652427,0
3,Sabato,Pomeriggio,CALDOGNO,SP 349 Costo,Rotatoria,Asciutto,Orizzontale,Vento forte,11.491681807186138,45.631914276497,0
12,Lunedì,Mattino,VALLI DEL PASUBIO,SP 046 Pasubio,Rotatoria,Asciutto,Temporanea di cantiere,Pioggia,11.222614644111585,45.75400695797514,0
9,Giovedì,Mattino,SANTORSO,SP 349 Costo,Intersezione non segnalata,Bagnato,Orizzontale,Pioggia,11.40034992127267,45.735805199139115,0
2,Mercoledì,Pomeriggio,COGOLLO DEL CENGIO,SP 349 Costo,Galleria illuminata,Sdrucciolevole,Temporanea di cantiere,Sereno,11.438522126455577,45.78703455320459,0
4,Martedì,Sera,COSTABISSARA,SP 046 Pasubio,Intersezione non segnalata,Asciutto,Assente,Nebbia,11.499002970440511,45.59052436521134,0
5,Giovedì,Sera,LASTEBASSE,SP 350 Val d'Astico,Pendenza,Asciutto,Temporanea di cantiere,Nebbia,11.313344232450213,45.905514894910326,0
11,Lunedì,Pomeriggio,COGOLLO DEL CENGIO,SP 349 Costo,Rettilineo,Sdrucciolevole,Orizzontale,Sereno,11.441808844240073,45.78348165843443,0
12,Sabato,Sera,THIENE,SP 349 var Costo Variante,Curva,Ghiacciato,Verticale,Nebbia,11.45633526552899,45.70140047544388,0
3,Venerdì,Mattino,ROANA,SP 349 Costo,Intersezione con semaforo o vigile,Ghiacciato,Orizzontale,Nebbia,11.436381989672954,45.82808349841077,0
1,Venerdì,Pomeriggio,ZANE',SP 349 var Costo Variante,Curva,Asciutto,Temporanea di cantiere,Vento forte,11.444225150692764,45.70937768873163,0
4,Martedì,Sera,LASTEBASSE,SP 350 Val d'Astico,Rotatoria,Ghiacciato,Orizzontale,Vento forte,11.321961171270443,45.902489188864095,0
7,Lunedì,Pomeriggio,ARSIERO,SP 350 Val d'Astico,Incrocio,Innevato,Verticale,Pioggia,11.373621782118072,45.803186667154584,0
10,Sabato,Pomeriggio,COGOLLO DEL CENGIO,SP 350 Val d'Astico,Rettilineo,Sdrucciolevole,Verticale,Nebbia,11.426618085611844,45.773019577595065,0
5,Sabato,Sera,MALO,SP 046 Pasubio,Pendenza,Innevato,Verticale,Altro,11.419042866070116,45.6527582028473,0
4,Giovedì,Mattino,LASTEBASSE,SP 350 Val d'Astico,Intersezione segnalata,Innevato,Orizzontale,Neve,11.303230607728674,45.90876769841697,0
3,Lunedì,Pomeriggio,ARSIERO,SP 350 Val d'Astico,Intersezione non segnalata,Sdrucciolevole,Orizzontale,Pioggia,11.364136299232133,45.81940377247433,0
1,Lunedì,Pomeriggio,VALDASTICO,SP 350 Val d'Astico,Dosso,Asciutto,Temporanea di cantiere,Neve,11.361686210251912,45.857749608399274,0
1,Giovedì,Notte,TORREBELVICINO,SP 046 Pasubio,Dosso,Ghiacciato,Verticale,Vento forte,11.275431636125502,45.73163831269249,0
6,Martedì,Sera,ROANA,SP 349 Costo,Galleria illuminata,Innevato,Temporanea di cantiere,Neve,11.463678805371677,45.90173192743065,0
8,Giovedì,Sera,ROANA,SP 349 Costo,Incrocio,Sdrucciolevole,Temporanea di cantiere,Vento forte,11.441220741838608,45.84267362243613,0
1,Lunedì,Sera,VALLI DEL PASUBIO,SP 046 Pasubio,Incrocio,Innevato,Verticale,Vento forte,11.201863782378556,45.76034082424053,0
11,Martedì,Mattino,ROANA,SP 349 Costo,Dosso,Sdrucciolevole,Orizzontale,Vento forte,11.467198789594459,45.89753753576016,0
12,Domenica,Pomeriggio,LASTEBASSE,SP 350 Val d'Astico,Incrocio,Innevato,Assente,Nebbia,11.288892264332292,45.912902924188344,0
8,Martedì,Sera,TORREBELVICINO,SP 046 var Torrebelvicino,Dosso,Asciutto,Orizzontale,Altro,11.309887956586458,45.7150652556939,0
7,Sabato,Notte,ZANE',SP 349 Costo,Intersezione segnalata,Sdrucciolevole,Temporanea di cantiere,Neve,11.450523126825196,45.723754693133564,0
7,Sabato,Sera,ROANA,SP 349 Costo,Intersezione non segnalata,Asciutto,Verticale,Neve,11.484998577479239,45.880165229155274,0
5,Lunedì,Notte,LASTEBASSE,SP 350 Val d'Astico,Rotatoria,Ghiacciato,Orizzontale,Nebbia,11.312083458450045,45.90727560535544,0
3,Martedì,Pomeriggio,ROANA,SP 349 Costo,Intersezione segnalata,Innevato,Assente,Nebbia,11.487101513935755,45.88018256881235,0
5,Venerdì,Pomeriggio,ASIAGO,SP 349 Costo,Dosso,Innevato,Orizzontale,Sereno,11.493289514595375,45.88013883599799,0
9,Lunedì,Pomeriggio,COGOLLO DEL CENGIO,SP 350 Val d'Astico,Galleria illuminata,Bagnato,Temporanea di cantiere,Sereno,11.428237433304647,45.7823623405059,0
8,Domenica,Sera,VICENZA,SP 046 Pasubio,Intersezione segnalata,Ghiacciato,Assente,Pioggia,11.505621534291414,45.5785870715061,0
9,Martedì,Mattino,ASIAGO,SP 349 Costo,Galleria illuminata,Innevato,Orizzontale,Neve,11.498173103384344,45.87722578111063,0
8,Mercoledì,Mattino,ASIAGO,SP 349 Costo,Incrocio,Innevato,Orizzontale,Vento forte,11.423524197987495,45.95008126814121,0
1,Mercoledì,Pomeriggio,COGOLLO DEL CENGIO,SP 350 Val d'Astico,Incrocio,Sdrucciolevole,Verticale,Neve,11.388467848881048,45.79713673084584,0
8,Mercoledì,Notte,PIOVENE ROCCHETTE,SP 350 Val d'Astico,Intersezione non segnalata,Asciutto,Temporanea di cantiere,Sereno,11.438314687273412,45.75833315228694,0
11,Venerdì,Pomeriggio,VALLI DEL PASUBIO,SP 046 Pasubio,Dosso,Sdrucciolevole,Temporanea di cantiere,Nebbia,11.209098206010514,45.75881938803025,0
8,Martedì,Mattino,ROANA,SP 349 Costo,Rettilineo,Ghiacciato,Temporanea di cantiere,Altro,11.46870862319962,45.894944634239266,0
7,Giovedì,Sera,ROANA,SP 349 Costo,Dosso,Ghiacciato,Assente,Altro,11.455400734780072,45.916446216666195,0
3,Venerdì,Sera,COSTABISSARA,SP 046 Pasubio,Intersezione segnalata,Bagnato,Orizzontale,Nebbia,11.496788838668959,45.573534716949496,0
10,Lunedì,Notte,ASIAGO,SP 349 Costo,Incrocio,Bagnato,Verticale,Pioggia,11.429622959429334,45.94953418639672,0
6,Sabato,Notte,ROANA,SP 349 Costo,Curva,Ghiacciato,Temporanea di cantiere,Neve,11.453435657375545,45.918832567744275,0
4,Mercoledì,Notte,VICENZA,SP 046 Pasubio,Curva,Sdrucciolevole,Temporanea di cantiere,Pioggia,11.494389312155596,45.56518770332073,0
6,Domenica,Pomeriggio,ASIAGO,SP 349 Costo,Intersezione non segnalata,Sdrucciolevole,Verticale,Altro,11.429955294498614,45.949473226272126,0
2,Domenica,Notte,ISOLA VICENTINA,SP 046 Pasubio,Curva,Innevato,Temporanea di cantiere,Neve,11.469822769657279,45.61124636383214,0
12,Venerdì,Sera,COSTABISSARA,SP 046 Pasubio,Incrocio,Asciutto,Temporanea di cantiere,Neve,11.501178137975966,45.58798654838932,0
9,Sabato,Notte,VALLI DEL PASUBIO,SP 046 Pasubio,Galleria illuminata,Bagnato,Assente,Vento forte,11.2554898915721,45.74361990318814,0
4,Giovedì,Pomeriggio,VALLI DEL PASUBIO,SP 046 Pasubio,Rotatoria,Innevato,Assente,Pioggia,11.21595703558144,45.754450937515415,0
10,Domenica,Pomeriggio,ASIAGO,SP 349 Costo,Rettilineo,Innevato,Assente,Vento forte,11.494184113009151,45.86818278414893,0
1,Mercoledì,Mattino,SANTORSO,SP 349 Costo,Dosso,Bagnato,Orizzontale,Nebbia,11.388283708865435,45.73271390421463,0
5,Lunedì,Notte,COGOLLO DEL CENGIO,SP 350 Val d'Astico,Rotatoria,Innevato,Temporanea di cantiere,Altro,11.398341270371755,45.79261951316992,0
8,Domenica,Mattino,TORREBELVICINO,SP 046 Pasubio,Rotatoria,Bagnato,Verticale,Sereno,11.297610219543982,45.718932002751465,0
1,Sabato,Sera,MARANO VICENTINO,SP 349 var Costo Variante,Intersezione con semaforo o vigile,Asciutto,Orizzontale,Pioggia,11.438464191933507,45.712286238353336,0
9,Mercoledì,Sera,MALO,SP 046 Pasubio,Curva,Bagnato,Temporanea di cantiere,Neve,11.433739600195675,45.63875683739294,0
10,Venerdì,Sera,VICENZA,SP 046 Pasubio,Dosso,Sdrucciolevole,Verticale,Nebbia,11.499532272818255,45.55408284120942,0
8,Lunedì,Sera,ISOLA VICENTINA,SP 046 Pasubio,Dosso,Asciutto,Temporanea di cantiere,Neve,11.445863453888352,45.627578746548295,0
3,Mercoledì,Sera,VALDASTICO,SP 350 Val d'Astico,Dosso,Asciutto,Orizzontale,Nebbia,11.355823660043514,45.882995202747324,0
9,Sabato,Notte,ROANA,SP 349 Costo,Pendenza,Ghiacciato,Orizzontale,Sereno,11.435591177903667,45.831012308497,0
5,Venerdì,Notte,VALDASTICO,SP 350 Val d'Astico,Rotatoria,Ghiacciato,Temporanea di cantiere,Neve,11.363269042996743,45.853316396618645,0
9,Giovedì,Pomeriggio,ROANA,SP 349 Costo,Curva,Ghiacciato,Orizzontale,Vento forte,11.479548703423323,45.8696220640539,0
8,Lunedì,Sera,VALDASTICO,SP 350 Val d'Astico,Rotatoria,Innevato,Assente,Altro,11.362057921183926,45.872433930288366,0
2,Domenica,Pomeriggio,TORREBELVICINO,SP 046 var Torrebelvicino,Intersezione segnalata,Bagnato,Temporanea di cantiere,Vento forte,11.327944315259224,45.71362270613269,0
1,Giovedì,Mattino,ROANA,SP 349 Costo,Dosso,Bagnato,Orizzontale,Vento forte,11.440900278441838,45.93695507565164,0
1,Domenica,Sera,COGOLLO DEL CENGIO,SP 350 Val d'Astico,Intersezione segnalata,Innevato,Assente,Nebbia,11.42827018213792,45.77644985713922,0
1,Mercoledì,Notte,VICENZA,SP 046 Pasubio,Galleria illuminata,Bagnato,Orizzontale,Neve,11.508298878950589,45.542151118295045,0
12,Venerdì,Mattino,TORREBELVICINO,SP 046 var Torrebelvicino,Pendenza,Bagnato,Temporanea di cantiere,Vento forte,11.312013405431792,45.71447301945563,0
11,Lunedì,Sera,COGOLLO DEL CENGIO,SP 349 Costo,Intersezione con semaforo o vigile,Sdrucciolevole,Assente,Altro,11.43380519890166,45.7942628278325,0
3,Martedì,Notte,COGOLLO DEL CENGIO,SP 349 Costo,Intersezione segnalata,Sdrucciolevole,Orizzontale,Sereno,11.43362182709232,45.79609977336872,0
4,Lunedì,Notte,ROANA,SP 349 Costo,Galleria illuminata,Bagnato,Temporanea di cantiere,Vento forte,11.438659923377337,45.82249504814644,0
9,Martedì,Notte,LASTEBASSE,SP 350 Val d'Astico,Curva,Bagnato,Assente,Sereno,11.268592804131233,45.916200598749406,0
8,Mercoledì,Sera,VICENZA,SP 046 Pasubio,Dosso,Innevato,Orizzontale,Neve,11.508063425704588,45.541395338586845,0
7,Martedì,Notte,VICENZA,SP 046 Pasubio,Galleria illuminata,Ghiacciato,Temporanea di cantiere,Pioggia,11.506849873082656,45.544015226546975,0
12,Martedì,Mattino,ROANA,SP 349 Costo,Intersezione non segnalata,Asciutto,Verticale,Vento forte,11.440833403441967,45.93702461226874,0
8,Sabato,Notte,LASTEBASSE,SP 350 Val d'Astico,Incrocio,Ghiacciato,Orizzontale,Vento forte,11.299673616780893,45.910554449693066,0
9,Domenica,Mattino,VILLAVERLA,SP 349 Costo,Incrocio,Asciutto,Assente,Altro,11.491638721218793,45.63730338529741,0
7,Martedì,Notte,VICENZA,SP 046 Pasubio,Curva,Sdrucciolevole,Assente,Neve,11.494082758231936,45.56924901529841,0
7,Martedì,Pomeriggio,COSTABISSARA,SP 046 Pasubio,Rotatoria,Asciutto,Temporanea di cantiere,Altro,11.494392424003072,45.60149927001479,0
4,Giovedì,Mattino,ROANA,SP 349 Costo,Pendenza,Ghiacciato,Temporanea di cantiere,Altro,11.441413477887753,45.93600502257215,0
7,Domenica,Notte,ZANE',SP 349 Costo,Rettilineo,Asciutto,Temporanea di cantiere,Vento forte,11.459271354293579,45.715599210837624,0
12,Venerdì,Sera,COGOLLO DEL CENGIO,SP 349 Costo,Incrocio,Bagnato,Orizzontale,Pioggia,11.422455921653746,45.80275262809001,0
5,Giovedì,Pomeriggio,ASIAGO,SP 349 Costo,Pendenza,Asciutto,Assente,Vento forte,11.397939772068304,45.94643082080512,0
2,Lunedì,Pomeriggio,VICENZA,SP 046 Pasubio,Dosso,Asciutto,Assente,Neve,11.497837532810774,45.55658737629112,0
8,Lunedì,Pomeriggio,VICENZA,SP 046 Pasubio,Dosso,Asciutto,Assente,Vento forte,11.494294249358711,45.56590575108564,0
10,Mercoledì,Mattino,VICENZA,SP 046 rac Pasubio Raccordo del Sole,Incrocio,Sdrucciolevole,Orizzontale,Neve,11.508530216531382,45.53305949554012,0
12,Mercoledì,Mattino,SANTORSO,SP 349 Costo,Dosso,Innevato,Orizzontale,Nebbia,11.412047366041934,45.73976152367924,0
7,Martedì,Mattino,COGOLLO DEL CENGIO,SP 349 Costo,Intersezione segnalata,Bagnato,Assente,Altro,11.426905905058337,45.79449011842536,0
10,Venerdì,Mattino,ROANA,SP 349 Costo,Galleria illuminata,Ghiacciato,Temporanea di cantiere,Altro,11.43292119271454,45.83578241310608,0
4,Mercoledì,Pomeriggio,SCHIO,SP 349 var Costo Variante,Rettilineo,Sdrucciolevole,Orizzontale,Pioggia,11.425321826808013,45.7198950501528,0
6,Domenica,Notte,ZANE',SP 349 var Costo Variante,Incrocio,Bagnato,Verticale,Pioggia,11.447052069768674,45.70793190113316,0
6,Mercoledì,Pomeriggio,ROANA,SP 349 Costo,Dosso,Asciutto,Orizzontale,Sereno,11.472821440939422,45.88478007904561,0
4,Sabato,Pomeriggio,VALDASTICO,SP 350 Val d'Astico,Dosso,Ghiacciato,Assente,Altro,11.341569053528177,45.89473798443333,0
9,Giovedì,Pomeriggio,ROANA,SP 349 Costo,Intersezione non segnalata,Asciutto,Temporanea di cantiere,Vento forte,11.443511145659242,45.84548436846748,0
11,Domenica,Sera,VALDASTICO,SP 350 Val d'Astico,Intersezione non segnalata,Sdrucciolevole,Temporanea di cantiere,Vento forte,11.355199190995158,45.88551512094952,0
2,Mercoledì,Notte,ROANA,SP 349 Costo,Rettilineo,Ghiacciato,Temporanea di cantiere,Altro,11.432141728229361,45.83756668279882,0
11,Lunedì,Sera,COSTABISSARA,SP 046 Pasubio,Pendenza,Bagnato,Temporanea di cantiere,Nebbia,11.48736042423612,45.6062206655192,0
12,Venerdì,Pomeriggio,THIENE,SP 349 Costo,Curva,Bagnato,Verticale,Sereno,11.491045638535844,45.66403951368611,0
4,Domenica,Notte,ASIAGO,SP 349 Costo,Intersezione non segnalata,Sdrucciolevole,Temporanea di cantiere,Vento forte,11.48988110401192,45.878579531764714,0
9,Domenica,Pomeriggio,TORREBELVICINO,SP 046 var Torrebelvicino,Rettilineo,Sdrucciolevole,Verticale,Vento forte,11.307833673589588,45.716657812800705,0
9,Lunedì,Sera,ARSIERO,SP 350 Val d'Astico,Pendenza,Bagnato,Verticale,Vento forte,11.368841653393764,45.83043577158194,0
10,Venerdì,Notte,ZANE',SP 349 var Costo Variante,Rettilineo,Bagnato,Verticale,Sereno,11.434893355545228,45.71407104518099,0
10,Domenica,Sera,VALLI DEL PASUBIO,SP 046 Pasubio,Intersezione non segnalata,Asciutto,Temporanea di cantiere,Vento forte,11.225597570587905,45.75266121086715,0
12,Giovedì,Notte,COGOLLO DEL CENGIO,SP 349 Costo,Intersezione non segnalata,Bagnato,Orizzontale,Neve,11.44230296504652,45.78161440781918,0
6,Venerdì,Notte,ISOLA VICENTINA,SP 046 Pasubio,Incrocio,Sdrucciolevole,Verticale,Neve,11.46279038872316,45.61822526883672,0
1,Sabato,Sera,VALDASTICO,SP 350 Val d'Astico,Intersezione segnalata,Ghiacciato,Verticale,Pioggia,11.362103324733663,45.85623467551935,0
3,Venerdì,Pomeriggio,CALTRANO,SP 349 Costo,Rotatoria,Ghiacciato,Orizzontale,Altro,11.44948186923716,45.77554415727592,0
11,Mercoledì,Notte,VALLI DEL PASUBIO,SP 046 Pasubio,Galleria illuminata,Sdrucciolevole,Assente,Altro,11.186134020760912,45.75625505857653,0
11,Lunedì,Mattino,TORREBELVICINO,SP 046 Pasubio,Intersezione con semaforo o vigile,Ghiacciato,Verticale,Vento forte,11.289563380158464,45.72000502350889,0
1,Giovedì,Mattino,LASTEBASSE,SP 350 Val d'Astico,Incrocio,Sdrucciolevole,Assente,Altro,11.270006124081176,45.9161442169476,0
5,Mercoledì,Sera,VALLI DEL PASUBIO,SP 046 Pasubio,Galleria illuminata,Bagnato,Verticale,Pioggia,11.228708506255947,45.75079926820096,0
3,Giovedì,Notte,VILLAVERLA,SP 349 Costo,Intersezione non segnalata,Bagnato,Assente,Vento forte,11.491255561441296,45.66279258173792,0
8,Venerdì,Mattino,VALDASTICO,SP 350 Val d'Astico,Intersezione non segnalata,Bagnato,Temporanea di cantiere,Vento forte,11.364558151965571,45.85099079511926,0
7,Giovedì,Pomeriggio,ROANA,SP 349 Costo,Intersezione non segnalata,Ghiacciato,Orizzontale,Vento forte,11.469982679830157,45.89327137352544,0
6,Domenica,Mattino,ROANA,SP 349 Costo,Intersezione non segnalata,Asciutto,Assente,Pioggia,11.436097719928618,45.942940629456466,0
6,Giovedì,Mattino,VALLI DEL PASUBIO,SP 046 Pasubio,Incrocio,Asciutto,Verticale,Nebbia,11.237667306615986,45.74578540025263,0
8,Mercoledì,Notte,PIOVENE ROCCHETTE,SP 349 Costo,Dosso,Sdrucciolevole,Assente,Nebbia,11.431923651713708,45.748601605610645,0
9,Martedì,Pomeriggio,VILLAVERLA,SP 349 Costo,Intersezione con semaforo o vigile,Asciutto,Assente,Neve,11.493680555097518,45.656484941360475,0
1,Venerdì,Pomeriggio,VALLI DEL PASUBIO,SP 046 Pasubio,Intersezione con semaforo o vigile,Asciutto,Verticale,Nebbia,11.250860538006469,45.743716040192155,0
2,Domenica,Mattino,ISOLA VICENTINA,SP 046 Pasubio,Rettilineo,Bagnato,Temporanea di cantiere,Sereno,11.458694344492994,45.62107970763083,0
5,Giovedì,Mattino,VICENZA,SP 046 rac Pasubio Raccordo del Sole,Curva,Asciutto,Assente,Neve,11.508172897554674,45.54048465441247,0
6,Mercoledì,Pomeriggio,MARANO VICENTINO,SP 349 var Costo Variante,Galleria illuminata,Bagnato,Orizzontale,Neve,11.438562739666192,45.712236980562466,0
12,Lunedì,Mattino,MALO,SP 046 Pasubio,Intersezione con semaforo o vigile,Sdrucciolevole,Temporanea di cantiere,Neve,11.426787550578252,45.64472151443069,0
11,Giovedì,Notte,COSTABISSARA,SP 046 Pasubio,Intersezione con semaforo o vigile,Bagnato,Temporanea di cantiere,Vento forte,11.494168824049396,45.60208340137259,0
8,Mercoledì,Notte,VALDASTICO,SP 350 Val d'Astico,Incrocio,Innevato,Orizzontale,Nebbia,11.363583167963753,45.85271029105104,0
1,Martedì,Sera,LASTEBASSE,SP 350 Val d'Astico,Intersezione con semaforo o vigile,Asciutto,Orizzontale,Neve,11.30290465148053,45.90892398807885,0
2,Sabato,Notte,VALDASTICO,SP 350 Val d'Astico,Intersezione non segnalata,Ghiacciato,Assente,Altro,11.353279545678681,45.8875281963501,0
6,Martedì,Notte,VICENZA,SP 046 Pasubio,Intersezione con semaforo o vigile,Sdrucciolevole,Assente,Altro,11.498203343104022,45.55612828171519,0
8,Venerdì,Notte,ROANA,SP 349 Costo,Incrocio,Ghiacciato,Verticale,Sereno,11.466765520527323,45.897654295534714,0
8,Sabato,Pomeriggio,CALTRANO,SP 349 Costo,Intersezione segnalata,Ghiacciato,Assente,Neve,11.449774936514212,45.775311485301486,0
2,Martedì,Pomeriggio,ASIAGO,SP 349 Costo,Incrocio,Asciutto,Verticale,Pioggia,11.397924041453182,45.946454274988035,0
11,Mercoledì,Pomeriggio,CHIUPPANO,SP 349 Costo,Pendenza,Ghiacciato,Assente,Vento forte,11.449480660805387,45.76363310673292,0
6,Lunedì,Mattino,SCHIO,SP 046 var Torrebelvicino,Incrocio,Bagnato,Verticale,Nebbia,11.33292542746906,45.713843471777544,0
8,Lunedì,Mattino,TORREBELVICINO,SP 046 Pasubio,Curva,Ghiacciato,Orizzontale,Vento forte,11.280362097869906,45.72513882588199,0
1,Mercoledì,Mattino,PIOVENE ROCCHETTE,SP 349 Costo,Rotatoria,Bagnato,Verticale,Vento forte,11.436324419656188,45.75634267222565,0
10,Giovedì,Sera,COGOLLO DEL CENGIO,SP 350 Val d'Astico,Incrocio,Bagnato,Verticale,Altro,11.39146190453309,45.79538476031486,0
7,Lunedì,Notte,VALLI DEL PASUBIO,SP 046 Pasubio,Curva,Ghiacciato,Orizzontale,Altro,11.19397976645304,45.761694832549345,0
3,Domenica,Sera,ASIAGO,SP 349 Costo,Intersezione con semaforo o vigile,Innevato,Temporanea di cantiere,Neve,11.435274699790018,45.94665753132587,0
4,Giovedì,Notte,VALDASTICO,SP 350 Val d'Astico,Curva,Innevato,Orizzontale,Altro,11.370383325141315,45.83939782644158,0
5,Lunedì,Mattino,LASTEBASSE,SP 350 Val d'Astico,Rettilineo,Ghiacciato,Verticale,Pioggia,11.282919894222024,45.91354473583374,0
1,Mercoledì,Mattino,SANTORSO,SP 349 Costo,Curva,Sdrucciolevole,Verticale,Nebbia,11.378816386487136,45.73028832982774,0
10,Giovedì,Pomeriggio,VALDASTICO,SP 350 Val d'Astico,Intersezione segnalata,Innevato,Temporanea di cantiere,Vento forte,11.35877924929727,45.87909286174871,0
11,Sabato,Sera,SCHIO,SP 046 Pasubio,Intersezione con semaforo o vigile,Bagnato,Orizzontale,Pioggia,11.387353266074921,45.69478229909243,0
5,Mercoledì,Mattino,ROANA,SP 349 Costo,Pendenza,Innevato,Assente,Altro,11.477243830951315,45.88370593358251,0
7,Sabato,Sera,VALDASTICO,SP 350 Val d'Astico,Rettilineo,Ghiacciato,Temporanea di cantiere,Neve,11.36820071843588,45.84175167537539,0
6,Sabato,Sera,COGOLLO DEL CENGIO,SP 349 Costo,Intersezione con semaforo o vigile,Ghiacciato,Assente,Vento forte,11.443958801516844,45.7829166433443,0
6,Giovedì,Notte,VALLI DEL PASUBIO,SP 046 Pasubio,Intersezione con semaforo o vigile,Sdrucciolevole,Temporanea di cantiere,Neve,11.26805777065384,45.736454187756905,0
8,Sabato,Pomeriggio,TORREBELVICINO,SP 046 var Torrebelvicino,Pendenza,Innevato,Verticale,Sereno,11.31511966330377,45.71363261390961,0
6,Sabato,Pomeriggio,ROANA,SP 349 Costo,Intersezione segnalata,Ghiacciato,Assente,Altro,11.47294889975983,45.884720209528965,0
10,Lunedì,Notte,ROANA,SP 349 Costo,Curva,Asciutto,Verticale,Vento forte,11.479885139797394,45.869511357662404,0
1,Martedì,Notte,ISOLA VICENTINA,SP 046 Pasubio,Galleria illuminata,Ghiacciato,Temporanea di cantiere,Pioggia,11.460675698496438,45.61992869691987,0
3,Lunedì,Notte,ZANE',SP 349 Costo,Rettilineo,Ghiacciato,Assente,Altro,11.452619828219756,45.72035517137988,0
11,Martedì,Sera,VICENZA,SP 046 Pasubio,Rettilineo,Innevato,Temporanea di cantiere,Sereno,11.4948533443666,45.5624561315441,0
11,Lunedì,Notte,COSTABISSARA,SP 046 Pasubio,Intersezione con semaforo o vigile,Innevato,Assente,Nebbia,11.493970512937516,45.60253914784187,0
10,Mercoledì,Notte,VICENZA,SP 046 Pasubio,Dosso,Innevato,Temporanea di cantiere,Sereno,11.501655198132141,45.55112712489355,0
5,Lunedì,Sera,VALLI DEL PASUBIO,SP 046 Pasubio,Pendenza,Asciutto,Temporanea di cantiere,Altro,11.218208571723551,45.75510083242063,0
6,Lunedì,Notte,VICENZA,SP 046 Pasubio,Dosso,Ghiacciato,Temporanea di cantiere,Nebbia,11.502520102131491,45.54982799629006,0
1,Domenica,Notte,VICENZA,SP 046 Pasubio,Intersezione non segnalata,Innevato,Orizzontale,Vento forte,11.506567296160037,45.54499878315514,0
4,Sabato,Notte,VALLI DEL PASUBIO,SP 046 Pasubio,Intersezione non segnalata,Innevato,Assente,Pioggia,11.257755082906602,45.7432062125133,0
9,Sabato,Sera,SANTORSO,SP 349 Costo,Incrocio,Sdrucciolevole,Orizzontale,Pioggia,11.387632930418668,45.7325496085151,0
5,Sabato,Mattino,VICENZA,SP 046 Pasubio,Intersezione con semaforo o vigile,Innevato,Verticale,Sereno,11.505259347284124,45.57839222612512,0
6,Giovedì,Mattino,VICENZA,SP 046 rac Pasubio Raccordo del Sole,Intersezione con semaforo o vigile,Innevato,Verticale,Altro,11.507821544193176,45.535399657000816,0
2,Martedì,Sera,VICENZA,SP 046 Pasubio,Galleria illuminata,Asciutto,Assente,Vento forte,11.5088936990788,45.58116200648912,0
6,Mercoledì,Notte,MARANO VICENTINO,SP 349 var Costo Variante,Dosso,Innevato,Orizzontale,Pioggia,11.429374164999697,45.71706374980223,0
9,Martedì,Sera,VALLI DEL PASUBIO,SP 046 Pasubio,Intersezione non segnalata,Ghiacciato,Verticale,Pioggia,11.228180946377165,45.75101409054045,0
7,Lunedì,Mattino,THIENE,SP 349 Costo,Rotatoria,Sdrucciolevole,Orizzontale,Altro,11.48862221369291,45.67161906566497,0
7,Venerdì,Sera,ARSIERO,SP 350 Val d'Astico,Pendenza,Asciutto,Assente,Vento forte,11.367869879089826,45.825212352945364,0
11,Lunedì,Sera,COGOLLO DEL CENGIO,SP 350 Val d'Astico,Intersezione non segnalata,Innevato,Verticale,Neve,11.381616014300512,45.7994304805321,0
3,Martedì,Sera,ROANA,SP 349 Costo,Intersezione non segnalata,Bagnato,Orizzontale,Neve,11.47857176420878,45.868748940529215,0
4,Lunedì,Notte,ZANE',SP 349 var Costo Variante,Intersezione non segnalata,Sdrucciolevole,Temporanea di cantiere,Nebbia,11.448223246071606,45.70733091721376,0
8,Lunedì,Notte,ISOLA VICENTINA,SP 046 Pasubio,Intersezione con semaforo o vigile,Bagnato,Orizzontale,Nebbia,11.440380878313277,45.63183270972949,0
6,Domenica,Sera,VALDASTICO,SP 350 Val d'Astico,Galleria illuminata,Innevato,Temporanea di cantiere,Neve,11.361732455338391,45.85709427809473,0
12,Giovedì,Notte,VALLI DEL PASUBIO,SP 046 Pasubio,Pendenza,Sdrucciolevole,Orizzontale,Neve,11.216332687058138,45.75441263894872,0
1,Mercoledì,Mattino,LASTEBASSE,SP 350 Val d'Astico,Incrocio,Asciutto,Temporanea di cantiere,Neve,11.328627740481961,45.899556264821555,0
2,Giovedì,Sera,THIENE,SP 349 Costo,Intersezione non segnalata,Asciutto,Orizzontale,Pioggia,11.487688598636183,45.67454175240683,0
5,Giovedì,Pomeriggio,ASIAGO,SP 349 Costo,Intersezione segnalata,Innevato,Temporanea di cantiere,Altro,11.419664273750957,45.951846151623954,0
6,Mercoledì,Sera,ASIAGO,SP 349 Costo,Incrocio,Bagnato,Assente,Vento forte,11.398785176601661,45.945518999004456,0
11,Domenica,Pomeriggio,COGOLLO DEL CENGIO,SP 349 Costo,Galleria illuminata,Ghiacciato,Assente,Sereno,11.433208686412433,45.79446267523615,0
6,Sabato,Sera,VICENZA,SP 046 Pasubio,Intersezione con semaforo o vigile,Asciutto,Temporanea di cantiere,Nebbia,11.495521733373371,45.560254433526396,0
6,Sabato,Mattino,ARSIERO,SP 350 Val d'Astico,Curva,Innevato,Assente,Neve,11.372375778498336,45.80343337734486,0
3,Venerdì,Notte,CHIUPPANO,SP 349 Costo,Pendenza,Ghiacciato,Verticale,Altro,11.456803916710719,45.77000267080158,0
6,Domenica,Sera,ISOLA VICENTINA,SP 046 Pasubio,Intersezione con semaforo o vigile,Bagnato,Verticale,Sereno,11.45656052925343,45.622070470964196,0
7,Domenica,Pomeriggio,VICENZA,SP 046 Pasubio,Intersezione con semaforo o vigile,Innevato,Orizzontale,Nebbia,11.504586966231297,45.58403952135882,0
8,Venerdì,Mattino,ASIAGO,SP 349 Costo,Pendenza,Bagnato,Orizzontale,Sereno,11.493744512675644,45.87964638386405,0
8,Giovedì,Notte,VICENZA,SP 046 Pasubio,Galleria illuminata,Innevato,Temporanea di cantiere,Neve,11.50842954278527,45.58150319274441,0
6,Sabato,Notte,LASTEBASSE,SP 350 Val d'Astico,Curva,Sdrucciolevole,Assente,Sereno,11.313238068911224,45.905856969897485,0
2,Mercoledì,Sera,VILLAVERLA,SP 349 Costo,Pendenza,Asciutto,Assente,Pioggia,11.492572932325986,45.64376017006403,0
2,Mercoledì,Notte,ROANA,SP 349 Costo,Galleria illuminata,Bagnato,Orizzontale,Nebbia,11.456542109858843,45.85195981770542,0
8,Sabato,Notte,THIENE,SP 349 Costo,Pendenza,Asciutto,Assente,Neve,11.486687906250117,45.677756278141395,0
11,Mercoledì,Sera,ROANA,SP 349 Costo,Rettilineo,Innevato,Verticale,Sereno,11.433533358033488,45.84053402810969,0
11,Sabato,Mattino,VALDASTICO,SP 350 Val d'Astico,Rotatoria,Asciutto,Assente,Nebbia,11.361441446508392,45.8609914014849,0
4,Mercoledì,Mattino,VICENZA,SP 046 Pasubio,Galleria illuminata,Asciutto,Orizzontale,Vento forte,11.495612017814699,45.5600741382503,0
1,Martedì,Mattino,ROANA,SP 349 Costo,Rettilineo,Asciutto,Verticale,Pioggia,11.437950867381296,45.823940317716016,0
8,Sabato,Sera,ARSIERO,SP 350 Val d'Astico,Rotatoria,Innevato,Orizzontale,Vento forte,11.363500020539226,45.803443029692396,0
1,Giovedì,Sera,VICENZA,SP 046 Pasubio,Rettilineo,Innevato,Assente,Nebbia,11.50696368109334,45.54528970959489,0
8,Martedì,Notte,ISOLA VICENTINA,SP 046 Pasubio,Pendenza,Ghiacciato,Assente,Nebbia,11.441122034366604,45.63026666606717,0
5,Martedì,Notte,VALLI DEL PASUBIO,SP 046 Pasubio,Dosso,Asciutto,Temporanea di cantiere,Altro,11.196414251427427,45.76319605983452,0
11,Martedì,Sera,COGOLLO DEL CENGIO,SP 350 Val d'Astico,Intersezione con semaforo o vigile,Sdrucciolevole,Assente,Sereno,11.38661718389704,45.797591694015914,0
8,Lunedì,Sera,COGOLLO DEL CENGIO,SP 349 Costo,Rotatoria,Innevato,Orizzontale,Altro,11.438893527906364,45.78670701862762,0
9,Mercoledì,Notte,VALLI DEL PASUBIO,SP 046 Pasubio,Intersezione con semaforo o vigile,Asciutto,Temporanea di cantiere,Nebbia,11.193162891649456,45.76108508525026,0
5,Lunedì,Notte,ASIAGO,SP 349 Costo,Intersezione non segnalata,Ghiacciato,Orizzontale,Neve,11.491855657235329,45.881055500008884,0
11,Mercoledì,Sera,PIOVENE ROCCHETTE,SP 350 Val d'Astico,Intersezione con semaforo o vigile,Asciutto,Verticale,Neve,11.430739433928643,45.76705902349581,0
7,Domenica,Mattino,COGOLLO DEL CENGIO,SP 349 Costo,Dosso,Innevato,Temporanea di cantiere,Nebbia,11.43106635523133,45.797367815277056,0
8,Giovedì,Notte,COGOLLO DEL CENGIO,SP 349 Costo,Rettilineo,Sdrucciolevole,Assente,Altro,11.426234847334026,45.796120963218655,0
5,Lunedì,Sera,THIENE,SP 349 Costo,Intersezione con semaforo o vigile,Innevato,Verticale,Sereno,11.484868869700236,45.68357292490066,0
6,Domenica,Notte,ROANA,SP 349 Costo,Pendenza,Sdrucciolevole,Verticale,Vento forte,11.469468738218794,45.89410036123117,0
11,Martedì,Notte,THIENE,SP 349 Costo,Intersezione segnalata,Ghiacciato,Assente,Neve,11.488355393132366,45.67243001933869,0
5,Venerdì,Sera,ASIAGO,SP 349 Costo,Intersezione con semaforo o vigile,Innevato,Orizzontale,Neve,11.403217690388148,45.94426202470002,0
1,Mercoledì,Notte,VICENZA,SP 046 Pasubio,Dosso,Bagnato,Orizzontale,Neve,11.494742855619718,45.56274287209509,0
5,Venerdì,Notte,COGOLLO DEL CENGIO,SP 350 Val d'Astico,Incrocio,Ghiacciato,Orizzontale,Vento forte,11.39816344041006,45.7926444584182,0
5,Martedì,Pomeriggio,MALO,SP 046 Pasubio,Rotatoria,Sdrucciolevole,Orizzontale,Nebbia,11.401178439182077,45.680759322211074,0
6,Martedì,Notte,CALDOGNO,SP 349 Costo,Intersezione non segnalata,Sdrucciolevole,Verticale,Nebbia,11.491504043790313,45.628497065886904,0
1,Venerdì,Sera,ROANA,SP 349 Costo,Dosso,Ghiacciato,Temporanea di cantiere,Nebbia,11.468381219379758,45.89601234928215,0
2,Lunedì,Pomeriggio,MALO,SP 046 Pasubio,Incrocio,Bagnato,Verticale,Pioggia,11.41671105446384,45.65601033930607,0
4,Mercoledì,Pomeriggio,MALO,SP 046 Pasubio,Incrocio,Asciutto,Orizzontale,Nebbia,11.435946882518321,45.63703588226516,0
6,Martedì,Pomeriggio,ARSIERO,SP 350 Val d'Astico,Incrocio,Sdrucciolevole,Temporanea di cantiere,Vento forte,11.359457301955201,45.80677412409499,0
1,Sabato,Mattino,VALLI DEL PASUBIO,SP 046 Pasubio,Dosso,Innevato,Assente,Pioggia,11.217664843881835,45.755137392062665,0
5,Lunedì,Pomeriggio,COGOLLO DEL CENGIO,SP 349 Costo,Dosso,Asciutto,Orizzontale,Neve,11.427197072160146,45.812181802137445,0
4,Mercoledì,Notte,MALO,SP 046 Pasubio,Rotatoria,Bagnato,Temporanea di cantiere,Nebbia,11.422310659351737,45.64942743173538,0
1,Lunedì,Mattino,ROANA,SP 349 Costo,Intersezione segnalata,Ghiacciato,Assente,Neve,11.443334846195208,45.93328867789998,0
4,Martedì,Notte,ROANA,SP 349 Costo,Rettilineo,Sdrucciolevole,Verticale,Vento forte,11.476415692040144,45.86670897241486,0
4,Mercoledì,Sera,ROANA,SP 349 Costo,Intersezione non segnalata,Ghiacciato,Orizzontale,Altro,11.446806551386288,45.92962920304315,0
2,Giovedì,Pomeriggio,COGOLLO DEL CENGIO,SP 349 Costo,Dosso,Sdrucciolevole,Assente,Pioggia,11.429450009767708,45.81499322804416,0
10,Mercoledì,Pomeriggio,VALLI DEL PASUBIO,SP 046 Pasubio,Dosso,Innevato,Verticale,Sereno,11.257657448373031,45.74323101193598,0
1,Mercoledì,Pomeriggio,VALDASTICO,SP 350 Val d'Astico,Intersezione con semaforo o vigile,Innevato,Assente,Vento forte,11.361231349734867,45.862727252335816,0
7,Sabato,Notte,CALTRANO,SP 349 Costo,Incrocio,Sdrucciolevole,Orizzontale,Nebbia,11.452561603336164,45.7718576653211,0
8,Martedì,Pomeriggio,LASTEBASSE,SP 350 Val d'Astico,Intersezione segnalata,Sdrucciolevole,Assente,Neve,11.320126612467224,45.90307943913466,0
10,Sabato,Sera,MALO,SP 046 Pasubio,Rotatoria,Bagnato,Temporanea di cantiere,Altro,11.400742218997454,45.68167939224003,0
7,Venerdì,Mattino,VALLI DEL PASUBIO,SP 046 Pasubio,Galleria illuminata,Sdrucciolevole,Verticale,Altro,11.243013722599413,45.74373496289955,0
7,Venerdì,Notte,COGOLLO DEL CENGIO,SP 349 Costo,Intersezione non segnalata,Innevato,Assente,Vento forte,11.424919534040287,45.80087027701097,0
10,Mercoledì,Notte,ASIAGO,SP 349 Costo,Rotatoria,Sdrucciolevole,Orizzontale,Nebbia,11.408341246155786,45.9459473897186,0
10,Mercoledì,Sera,ROANA,SP 349 Costo,Galleria illuminata,Ghiacciato,Orizzontale,Nebbia,11.447029687936785,45.84845413454966,0
6,Lunedì,Pomeriggio,ROANA,SP 349 Costo,Intersezione segnalata,Ghiacciato,Temporanea di cantiere,Neve,11.458599722352025,45.908564537040526,0
2,Sabato,Mattino,PIOVENE ROCCHETTE,SP 350 Val d'Astico,Curva,Sdrucciolevole,Temporanea di cantiere,Pioggia,11.43824265533982,45.75766976296647,0
8,Sabato,Notte,VALLI DEL PASUBIO,SP 046 Pasubio,Galleria illuminata,Innevato,Assente,Neve,11.196964863924803,45.761596159600856,0
12,Martedì,Mattino,ROANA,SP 349 Costo,Rotatoria,Innevato,Temporanea di cantiere,Nebbia,11.469148299610536,45.89425352300199,0
2,Giovedì,Notte,COGOLLO DEL CENGIO,SP 349 Costo,Curva,Asciutto,Temporanea di cantiere,Neve,11.43064390026134,45.79781008339903,0
1,Martedì,Notte,ASIAGO,SP 349 Costo,Galleria illuminata,Bagnato,Verticale,Sereno,11.499374858165043,45.87079059765917,0
11,Venerdì,Pomeriggio,SCHIO,SP 046 Pasubio,Incrocio,Innevato,Temporanea di cantiere,Vento forte,11.392087947925727,45.69102945882635,0
8,Lunedì,Mattino,SANTORSO,SP 349 Costo,Rettilineo,Sdrucciolevole,Verticale,Nebbia,11.386618857336742,45.73229406441901,0
3,Lunedì,Sera,VICENZA,SP 046 Pasubio,Galleria illuminata,Bagnato,Orizzontale,Altro,11.494103838207497,45.567343956928305,0
10,Mercoledì,Sera,VALLI DEL PASUBIO,SP 046 Pasubio,Curva,Ghiacciato,Temporanea di cantiere,Altro,11.229158704455209,45.750634895117784,0
5,Mercoledì,Sera,COGOLLO DEL CENGIO,SP 350 Val d'Astico,Intersezione segnalata,Ghiacciato,Verticale,Sereno,11.429273082343549,45.779298076416524,0
4,Sabato,Sera,SANTORSO,SP 349 Costo,Rettilineo,Asciutto,Assente,Vento forte,11.398390209121697,45.73529243194918,0
4,Giovedì,Notte,COGOLLO DEL CENGIO,SP 349 Costo,Pendenza,Asciutto,Temporanea di cantiere,Pioggia,11.43513614265915,45.79576843874266,0
8,Lunedì,Sera,PIOVENE ROCCHETTE,SP 349 Costo,Galleria illuminata,Innevato,Verticale,Altro,11.423338000341278,45.74626947054618,0
2,Martedì,Pomeriggio,LASTEBASSE,SP 350 Val d'Astico,Incrocio,Ghiacciato,Temporanea di cantiere,Altro,11.328877501327357,45.89940894364294,0
5,Martedì,Notte,VICENZA,SP 046 Pasubio,Dosso,Bagnato,Verticale,Pioggia,11.498926678158712,45.57484410280773,0
4,Mercoledì,Notte,VICENZA,SP 046 Pasubio,Curva,Innevato,Orizzontale,Neve,11.495380485229006,45.56071335276995,0
1,Martedì,Sera,VALLI DEL PASUBIO,SP 046 Pasubio,Intersezione segnalata,Asciutto,Verticale,Vento forte,11.237926380398731,45.74549554828646,0
10,Mercoledì,Pomeriggio,ASIAGO,SP 349 Costo,Intersezione segnalata,Innevato,Temporanea di cantiere,Vento forte,11.40448736396813,45.94474800879129,0
1,Venerdì,Mattino,SCHIO,SP 349 var Costo Variante,Rettilineo,Asciutto,Orizzontale,Neve,11.425044717667136,45.7202026908399,0
12,Mercoledì,Pomeriggio,MALO,SP 046 Pasubio,Pendenza,Ghiacciato,Assente,Sereno,11.426786897517605,45.64557370317989,0
2,Domenica,Notte,COGOLLO DEL CENGIO,SP 349 Costo,Pendenza,Innevato,Assente,Vento forte,11.430350981904063,45.81536390419842,0
5,Lunedì,Sera,VICENZA,SP 046 Pasubio,Intersezione non segnalata,Ghiacciato,Orizzontale,Pioggia,11.506910358874173,45.54535091419232,0
2,Lunedì,Pomeriggio,VALLI DEL PASUBIO,SP 046 Pasubio,Intersezione segnalata,Ghiacciato,Verticale,Vento forte,11.22293901571327,45.75388369705828,0
5,Martedì,Mattino,ROANA,SP 349 Costo,Pendenza,Bagnato,Orizzontale,Altro,11.458790237381038,45.90765335838458,0
8,Martedì,Sera,VILLAVERLA,SP 349 Costo,Incrocio,Bagnato,Orizzontale,Neve,11.491329409449014,45.662341176346764,0
2,Mercoledì,Notte,COGOLLO DEL CENGIO,SP 349 Costo,Intersezione non segnalata,Bagnato,Orizzontale,Altro,11.422303552760146,45.80171832579869,0
7,Martedì,Sera,ASIAGO,SP 349 Costo,Intersezione con semaforo o vigile,Asciutto,Orizzontale,Altro,11.41488998937883,45.950908888769696,0
10,Giovedì,Sera,VICENZA,SP 046 Pasubio,Intersezione segnalata,Bagnato,Verticale,Sereno,11.494593708380995,45.564197070473284,0
6,Venerdì,Pomeriggio,ROANA,SP 349 Costo,Rotatoria,Bagnato,Orizzontale,Neve,11.4363165495519,45.94429547575516,0
2,Mercoledì,Notte,MALO,SP 046 Pasubio,Pendenza,Ghiacciato,Orizzontale,Altro,11.413922757468393,45.65883436267547,0
9,Sabato,Mattino,VALLI DEL PASUBIO,SP 046 Pasubio,Incrocio,Bagnato,Temporanea di cantiere,Vento forte,11.215748257643563,45.75480680769727,0
3,Giovedì,Sera,VICENZA,SP 046 Pasubio,Curva,Asciutto,Temporanea di cantiere,Altro,11.500446912353247,45.55276039791476,0
1,Mercoledì,Pomeriggio,ROANA,SP 349 Costo,Intersezione non segnalata,Ghiacciato,Orizzontale,Vento forte,11.43796584073229,45.82085121537036,0
6,Lunedì,Notte,ROANA,SP 349 Costo,Curva,Sdrucciolevole,Assente,Pioggia,11.469845311051309,45.89375131545189,0
4,Giovedì,Sera,TORREBELVICINO,SP 046 Pasubio,Dosso,Bagnato,Temporanea di cantiere,Pioggia,11.281321665028795,45.723691015432834,0
1,Lunedì,Pomeriggio,ASIAGO,SP 349 Costo,Curva,Ghiacciato,Temporanea di cantiere,Sereno,11.494303578743024,45.86821186065023,0
10,Venerdì,Sera,VICENZA,SP 046 Pasubio,Rettilineo,Bagnato,Temporanea di cantiere,Nebbia,11.497731463447993,45.55674516073389,0
8,Mercoledì,Mattino,ROANA,SP 349 Costo,Incrocio,Ghiacciato,Temporanea di cantiere,Sereno,11.472231198055924,45.88563313954787,0
11,Domenica,Notte,VICENZA,SP 046 Pasubio,Rotatoria,Asciutto,Temporanea di cantiere,Pioggia,11.506344552292848,45.54512351369868,0
6,Venerdì,Mattino,COGOLLO DEL CENGIO,SP 349 Costo,Rettilineo,Sdrucciolevole,Verticale,Vento forte,11.428242837924135,45.79312575715811,0
6,Sabato,Notte,ROANA,SP 349 Costo,Incrocio,Sdrucciolevole,Assente,Neve,11.468585460374536,45.89510256878394,0
11,Domenica,Notte,VILLAVERLA,SP 349 Costo,Pendenza,Bagnato,Assente,Neve,11.492684262122813,45.64244986486013,0
1,Lunedì,Mattino,ROANA,SP 349 Costo,Rettilineo,Ghiacciato,Verticale,Nebbia,11.438486993433685,45.939080278832975,0
5,Lunedì,Notte,COGOLLO DEL CENGIO,SP 349 Costo,Incrocio,Bagnato,Verticale,Nebbia,11.436161388909632,45.78838580917633,0
10,Sabato,Notte,CALDOGNO,SP 349 Costo,Dosso,Ghiacciato,Orizzontale,Vento forte,11.491651253893904,45.63212024321636,0
4,Martedì,Sera,ROANA,SP 349 Costo,Rotatoria,Bagnato,Temporanea di cantiere,Neve,11.448351629133533,45.846411873607494,0
11,Sabato,Notte,ROANA,SP 349 Costo,Incrocio,Sdrucciolevole,Orizzontale,Altro,11.482648881948476,45.88072559561063,0
4,Venerdì,Notte,VICENZA,SP 046 Pasubio,Rettilineo,Ghiacciato,Verticale,Sereno,11.498976876709444,45.5548888783431,0
5,Martedì,Sera,ISOLA VICENTINA,SP 046 Pasubio,Intersezione non segnalata,Innevato,Orizzontale,Altro,11.466968581622288,45.61422410097964,0
11,Sabato,Pomeriggio,COGOLLO DEL CENGIO,SP 349 Costo,Rotatoria,Bagnato,Verticale,Nebbia,11.425995686628767,45.79622001911073,0
12,Mercoledì,Notte,ROANA,SP 349 Costo,Rettilineo,Sdrucciolevole,Orizzontale,Nebbia,11.440949129353955,45.84345843948308,0
1,Martedì,Notte,ISOLA VICENTINA,SP 046 Pasubio,Incrocio,Innevato,Temporanea di cantiere,Sereno,11.47379110686991,45.60945043709369,0
4,Lunedì,Sera,ARSIERO,SP 350 Val d'Astico,Rettilineo,Innevato,Orizzontale,Sereno,11.363095017243095,45.81575775001377,0
8,Giovedì,Sera,ISOLA VICENTINA,SP 046 Pasubio,Pendenza,Ghiacciato,Assente,Altro,11.471215558131686,45.61002660632793,0
8,Domenica,Mattino,ARSIERO,SP 350 Val d'Astico,Galleria illuminata,Innevato,Assente,Pioggia,11.368694351859475,45.830044578771314,0
11,Domenica,Pomeriggio,COGOLLO DEL CENGIO,SP 349 Costo,Rotatoria,Asciutto,Verticale,Vento forte,11.438222242673877,45.78722231489595,0
12,Martedì,Pomeriggio,CHIUPPANO,SP 349 Costo,Dosso,Ghiacciato,Orizzontale,Altro,11.449668836521173,45.76373640883017,0
9,Lunedì,Sera,PIOVENE ROCCHETTE,SP 349 Costo,Intersezione con semaforo o vigile,Innevato,Assente,Altro,11.429598369445824,45.75174759950751,0
8,Giovedì,Sera,ARSIERO,SP 350 Val d'Astico,Pendenza,Ghiacciato,Verticale,Altro,11.363403968811067,45.80347914192244,0
4,Lunedì,Pomeriggio,ASIAGO,SP 349 Costo,Rotatoria,Sdrucciolevole,Verticale,Pioggia,11.4347113154496,45.947478490158645,0
10,Mercoledì,Notte,PIOVENE ROCCHETTE,SP 349 Costo,Rotatoria,Innevato,Orizzontale,Vento forte,11.442683466583386,45.75987958102728,0
8,Venerdì,Sera,THIENE,SP 349 Costo,Pendenza,Ghiacciato,Temporanea di cantiere,Nebbia,11.490104409598548,45.66697214159769,0
1,Giovedì,Pomeriggio,MARANO VICENTINO,SP 349 var Costo Variante,Rettilineo,Innevato,Verticale,Sereno,11.429439822586222,45.71702707471879,0
10,Martedì,Notte,VICENZA,SP 046 Pasubio,Curva,Asciutto,Assente,Pioggia,11.505833227695351,45.582620040373655,0
5,Giovedì,Notte,VILLAVERLA,SP 349 Costo,Rettilineo,Ghiacciato,Orizzontale,Sereno,11.493398931817756,45.64781012586043,0
6,Mercoledì,Mattino,COGOLLO DEL CENGIO,SP 349 Costo,Curva,Sdrucciolevole,Temporanea di cantiere,Pioggia,11.427959431337376,45.81316628323837,0
6,Venerdì,Mattino,TORREBELVICINO,SP 046 Pasubio,Incrocio,Innevato,Temporanea di cantiere,Neve,11.279980311020008,45.72637222807855,0
10,Venerdì,Pomeriggio,ROANA,SP 349 Costo,Curva,Innevato,Orizzontale,Vento forte,11.470022495375245,45.88920644002182,0
4,Lunedì,Mattino,MALO,SP 046 Pasubio,Galleria illuminata,Innevato,Assente,Altro,11.404818169495202,45.67278778164016,0
5,Mercoledì,Sera,TORREBELVICINO,SP 046 var Torrebelvicino,Incrocio,Bagnato,Verticale,Sereno,11.325092292314945,45.7137568327481,0
1,Sabato,Pomeriggio,LASTEBASSE,SP 350 Val d'Astico,Rettilineo,Sdrucciolevole,Temporanea di cantiere,Sereno,11.322886198960818,45.902151253992535,0
5,Domenica,Pomeriggio,MALO,SP 046 Pasubio,Intersezione con semaforo o vigile,Asciutto,Verticale,Altro,11.408376799091135,45.664414272900615,0
2,Mercoledì,Sera,PIOVENE ROCCHETTE,SP 349 Costo,Galleria illuminata,Innevato,Orizzontale,Pioggia,11.435137584517191,45.74486559904569,0
7,Lunedì,Pomeriggio,VICENZA,SP 046 Pasubio,Rotatoria,Bagnato,Temporanea di cantiere,Neve,11.49437887312049,45.565266554333846,0
11,Giovedì,Sera,VALDASTICO,SP 350 Val d'Astico,Pendenza,Ghiacciato,Orizzontale,Sereno,11.344685596999867,45.89381009834153,0
6,Mercoledì,Notte,LASTEBASSE,SP 350 Val d'Astico,Intersezione non segnalata,Sdrucciolevole,Orizzontale,Pioggia,11.28066722858497,45.914311070773834,0
11,Martedì,Sera,VALDASTICO,SP 350 Val d'Astico,Intersezione con semaforo o vigile,Innevato,Temporanea di cantiere,Neve,11.361328743779174,45.86676796744496,0
12,Martedì,Mattino,VICENZA,SP 046 Pasubio,Galleria illuminata,Innevato,Verticale,Pioggia,11.50730192845916,45.5429193104175,0
1,Lunedì,Mattino,ROANA,SP 349 Costo,Rettilineo,Ghiacciato,Verticale,Altro,11.432179399798148,45.8383158052484,0
7,Sabato,Sera,ISOLA VICENTINA,SP 046 Pasubio,Rettilineo,Ghiacciato,Temporanea di cantiere,Pioggia,11.43898643618201,45.6334868745215,0
7,Lunedì,Mattino,ROANA,SP 349 Costo,Galleria illuminata,Asciutto,Assente,Sereno,11.438947538626097,45.938729819686294,0
5,Sabato,Notte,ASIAGO,SP 349 Costo,Curva,Innevato,Temporanea di cantiere,Altro,11.494086046371152,45.8792766026412,0
5,Sabato,Sera,COGOLLO DEL CENGIO,SP 350 Val d'Astico,Rettilineo,Sdrucciolevole,Orizzontale,Vento forte,11.427721090071733,45.78259822098451,0
1,Martedì,Sera,VALLI DEL PASUBIO,SP 046 Pasubio,Rotatoria,Bagnato,Temporanea di cantiere,Vento forte,11.239303958209106,45.74467790201612,0
7,Sabato,Pomeriggio,VICENZA,SP 046 Pasubio,Intersezione segnalata,Bagnato,Orizzontale,Altro,11.501689689964472,45.55091746562685,0
3,Giovedì,Sera,COGOLLO DEL CENGIO,SP 349 Costo,Pendenza,Innevato,Assente,Pioggia,11.431362879526185,45.79716313537607,0
5,Martedì,Sera,VALLI DEL PASUBIO,SP 046 Pasubio,Dosso,Bagnato,Temporanea di cantiere,Altro,11.197567081786769,45.76294742441119,0
7,Sabato,Pomeriggio,MALO,SP 046 Pasubio,Galleria illuminata,Sdrucciolevole,Orizzontale,Neve,11.402165392297418,45.67865024712415,0
9,Lunedì,Mattino,SCHIO,SP 046 var Torrebelvicino,Incrocio,Bagnato,Temporanea di cantiere,Altro,11.333025833405209,45.71398772337424,0
4,Martedì,Pomeriggio,COGOLLO DEL CENGIO,SP 349 Costo,Intersezione non segnalata,Innevato,Temporanea di cantiere,Nebbia,11.44070772932611,45.783135228709305,0
5,Venerdì,Sera,VALLI DEL PASUBIO,SP 046 Pasubio,Intersezione non segnalata,Ghiacciato,Verticale,Vento forte,11.197004921935488,45.76173627224059,0
1,Domenica,Notte,COGOLLO DEL CENGIO,SP 349 Costo,Galleria illuminata,Sdrucciolevole,Verticale,Altro,11.422737115056071,45.803544224698385,0
5,Lunedì,Notte,ISOLA VICENTINA,SP 046 Pasubio,Curva,Asciutto,Temporanea di cantiere,Sereno,11.476516296724615,45.609201343749305,0
7,Giovedì,Pomeriggio,ROANA,SP 349 Costo,Pendenza,Asciutto,Assente,Sereno,11.457265892269982,45.85722214257467,0
8,Martedì,Pomeriggio,ROANA,SP 349 Costo,Dosso,Bagnato,Temporanea di cantiere,Vento forte,11.456629708875392,45.856253580680814,0
4,Giovedì,Pomeriggio,COGOLLO DEL CENGIO,SP 349 Costo,Rettilineo,Sdrucciolevole,Verticale,Altro,11.425840547726784,45.796059984907934,0
1,Martedì,Notte,COGOLLO DEL CENGIO,SP 349 Costo,Intersezione non segnalata,Innevato,Orizzontale,Pioggia,11.43503989132523,45.817327869805375,0
7,Mercoledì,Pomeriggio,TORREBELVICINO,SP 046 Pasubio,Rettilineo,Asciutto,Temporanea di cantiere,Neve,11.287692252993427,45.72110704059713,0
8,Mercoledì,Pomeriggio,VALLI DEL PASUBIO,SP 046 Pasubio,Dosso,Sdrucciolevole,Verticale,Vento forte,11.19204365705841,45.75870926908344,0
2,Domenica,Pomeriggio,COSTABISSARA,SP 046 Pasubio,Incrocio,Bagnato,Orizzontale,Altro,11.493222903948546,45.60345436835282,0
7,Domenica,Mattino,COGOLLO DEL CENGIO,SP 350 Val d'Astico,Intersezione non segnalata,Asciutto,Orizzontale,Pioggia,11.422358867215966,45.78457224380272,0
2,Giovedì,Sera,VICENZA,SP 046 Pasubio,Galleria illuminata,Ghiacciato,Orizzontale,Vento forte,11.50651472077802,45.54469936234163,0
6,Giovedì,Mattino,VICENZA,SP 046 Pasubio,Intersezione non segnalata,Ghiacciato,Verticale,Sereno,11.498508818063732,45.555586738387746,0
8,Mercoledì,Notte,ROANA,SP 349 Costo,Dosso,Innevato,Orizzontale,Vento forte,11.442661611013092,45.934851592464284,0
9,Martedì,Sera,ROANA,SP 349 Costo,Rotatoria,Sdrucciolevole,Orizzontale,Neve,11.471985613808206,45.88674663125053,0
9,Domenica,Notte,ROANA,SP 349 Costo,Intersezione non segnalata,Bagnato,Temporanea di cantiere,Sereno,11.437113974958896,45.81997281661888,0
10,Sabato,Notte,SANTORSO,SP 349 Costo,Incrocio,Innevato,Temporanea di cantiere,Pioggia,11.386250424033946,45.73219939978145,0
3,Giovedì,Notte,SANTORSO,SP 349 Costo,Rotatoria,Bagnato,Verticale,Nebbia,11.381797182362304,45.73105452195036,0
11,Giovedì,Mattino,THIENE,SP 349 Costo,Incrocio,Ghiacciato,Verticale,Nebbia,11.489176057397552,45.669895834874296,0
5,Lunedì,Notte,VILLAVERLA,SP 349 Costo,Intersezione con semaforo o vigile,Innevato,Verticale,Pioggia,11.493381128797703,45.64763200733509,0
5,Sabato,Pomeriggio,ROANA,SP 349 Costo,Intersezione non segnalata,Asciutto,Verticale,Neve,11.489198930549517,45.869637350966336,0
10,Lunedì,Pomeriggio,SANTORSO,SP 349 Costo,Curva,Innevato,Orizzontale,Vento forte,11.397427504504424,45.735042210930914,0
4,Giovedì,Pomeriggio,PIOVENE ROCCHETTE,SP 349 Costo,Rettilineo,Bagnato,Orizzontale,Nebbia,11.43124862475505,45.7492025872504,0
9,Sabato,Notte,VICENZA,SP 046 Pasubio,Pendenza,Bagnato,Temporanea di cantiere,Pioggia,11.503211409105878,45.54863025582673,0
8,Domenica,Sera,VALLI DEL PASUBIO,SP 046 Pasubio,Dosso,Asciutto,Temporanea di cantiere,Neve,11.270355344143011,45.73500726291518,0
7,Lunedì,Sera,VICENZA,SP 046 Pasubio,Intersezione segnalata,Ghiacciato,Assente,Nebbia,11.508162513029031,45.54062010266143,0
2,Mercoledì,Notte,SANTORSO,SP 349 Costo,Intersezione non segnalata,Sdrucciolevole,Assente,Sereno,11.394953771852839,45.73445212865091,0
8,Mercoledì,Pomeriggio,VALLI DEL PASUBIO,SP 046 Pasubio,Galleria illuminata,Sdrucciolevole,Assente,Pioggia,11.216459718467519,45.754415868671416,0
3,Sabato,Mattino,VALDASTICO,SP 350 Val d'Astico,Incrocio,Sdrucciolevole,Orizzontale,Vento forte,11.344485859554347,45.89390573491208,0
7,Domenica,Pomeriggio,VALLI DEL PASUBIO,SP 046 Pasubio,Intersezione segnalata,Ghiacciato,Verticale,Vento forte,11.233893693570405,45.749751496752246,0
7,Giovedì,Notte,SANTORSO,SP 349 Costo,Pendenza,Innevato,Verticale,Pioggia,11.376183950062826,45.729601046638805,0
10,Martedì,Mattino,SANTORSO,SP 349 Costo,Pendenza,Sdrucciolevole,Verticale,Nebbia,11.412556437655377,45.740025575378795,0
12,Mercoledì,Mattino,VALDASTICO,SP 350 Val d'Astico,Dosso,Asciutto,Temporanea di cantiere,Neve,11.333475050842015,45.896969684136344,0
3,Mercoledì,Notte,CALDOGNO,SP 349 Costo,Rettilineo,Bagnato,Assente,Neve,11.491677065640474,45.63197992145956,0
2,Domenica,Sera,VALLI DEL PASUBIO,SP 046 Pasubio,Incrocio,Sdrucciolevole,Verticale,Neve,11.229188062912863,45.75062417587757,0
7,Lunedì,Pomeriggio,COGOLLO DEL CENGIO,SP 349 Costo,Intersezione segnalata,Asciutto,Verticale,Vento forte,11.435398944698967,45.79597948985587,0
12,Venerdì,Sera,ROANA,SP 349 Costo,Rotatoria,Bagnato,Verticale,Altro,11.475699932322295,45.866027735499,0
2,Martedì,Mattino,VALLI DEL PASUBIO,SP 046 Pasubio,Intersezione non segnalata,Bagnato,Orizzontale,Neve,11.218430498471761,45.75505411159078,0
6,Mercoledì,Sera,ASIAGO,SP 349 Costo,Intersezione non segnalata,Innevato,Assente,Nebbia,11.397629420084419,45.94689032985627,0
5,Mercoledì,Mattino,COGOLLO DEL CENGIO,SP 349 Costo,Incrocio,Sdrucciolevole,Verticale,Neve,11.443531500885621,45.783162574748985,0
4,Venerdì,Mattino,ROANA,SP 349 Costo,Intersezione con semaforo o vigile,Innevato,Assente,Vento forte,11.441009171383634,45.842553106334144,0
8,Mercoledì,Pomeriggio,ASIAGO,SP 349 Costo,Incrocio,Sdrucciolevole,Verticale,Pioggia,11.490111339808921,45.869449395167784,0
4,Martedì,Sera,CALDOGNO,SP 349 Costo,Incrocio,Sdrucciolevole,Verticale,Vento forte,11.490399038810132,45.61428466527187,0
6,Lunedì,Mattino,COGOLLO DEL CENGIO,SP 349 Costo,Intersezione non segnalata,Innevato,Verticale,Nebbia,11.43016075239942,45.795055192040984,0
11,Sabato,Mattino,VILLAVERLA,SP 349 Costo,Rettilineo,Ghiacciato,Temporanea di cantiere,Vento forte,11.494474422969231,45.65151945849989,0
5,Martedì,Pomeriggio,ASIAGO,SP 349 Costo,Intersezione non segnalata,Bagnato,Verticale,Altro,11.498160721329395,45.87001683559462,0
1,Lunedì,Sera,COGOLLO DEL CENGIO,SP 349 Costo,Dosso,Bagnato,Verticale,Altro,11.433504653948471,45.794363267293406,0
11,Lunedì,Notte,ASIAGO,SP 349 Costo,Intersezione con semaforo o vigile,Ghiacciato,Verticale,Sereno,11.501711463006576,45.875604881124445,0
10,Domenica,Sera,COGOLLO DEL CENGIO,SP 349 Costo,Rotatoria,Asciutto,Temporanea di cantiere,Nebbia,11.445069630747485,45.78223865658529,0
10,Lunedì,Mattino,ASIAGO,SP 349 Costo,Rettilineo,Asciutto,Verticale,Pioggia,11.49819197643871,45.87720963858638,0
7,Lunedì,Pomeriggio,MALO,SP 046 Pasubio,Incrocio,Ghiacciato,Assente,Sereno,11.43735865895437,45.63541231956598,0
2,Sabato,Pomeriggio,PIOVENE ROCCHETTE,SP 349 Costo,Intersezione segnalata,Sdrucciolevole,Assente,Nebbia,11.433834447656983,45.754977302551445,0
12,Venerdì,Pomeriggio,MARANO VICENTINO,SP 349 var Costo Variante,Incrocio,Asciutto,Orizzontale,Nebbia,11.42777791833443,45.71800639978418,0
9,Martedì,Mattino,ROANA,SP 349 Costo,Rotatoria,Ghiacciato,Orizzontale,Neve,11.472885151698206,45.863718847557266,0
6,Martedì,Pomeriggio,ZANE',SP 349 Costo,Dosso,Ghiacciato,Verticale,Sereno,11.443600333169627,45.73390252421501,0
11,Giovedì,Pomeriggio,COGOLLO DEL CENGIO,SP 349 Costo,Intersezione con semaforo o vigile,Ghiacciato,Verticale,Vento forte,11.439230834328916,45.78445847351383,0
10,Sabato,Pomeriggio,VICENZA,SP 046 Pasubio,Intersezione con semaforo o vigile,Asciutto,Assente,Altro,11.494421071642387,45.56548639974666,0
3,Domenica,Mattino,COSTABISSARA,SP 046 Pasubio,Curva,Asciutto,Verticale,Vento forte,11.49644689621058,45.57333296074521,0
8,Domenica,Notte,THIENE,SP 349 Costo,Incrocio,Sdrucciolevole,Temporanea di cantiere,Neve,11.486983847935358,45.67680132910346,0
1,Mercoledì,Sera,ROANA,SP 349 Costo,Rettilineo,Bagnato,Temporanea di cantiere,Vento forte,11.469543893141829,45.88946934320094,0
5,Lunedì,Pomeriggio,ISOLA VICENTINA,SP 046 Pasubio,Intersezione non segnalata,Bagnato,Verticale,Nebbia,11.470784130945496,45.61031275433792,0
2,Sabato,Sera,ZANE',SP 349 Costo,Intersezione non segnalata,Asciutto,Orizzontale,Vento forte,11.44423580467007,45.7330661814694,0
2,Sabato,Sera,LASTEBASSE,SP 350 Val d'Astico,Rotatoria,Sdrucciolevole,Orizzontale,Neve,11.274526172040085,45.91542446330921,0
9,Domenica,Notte,ROANA,SP 349 Costo,Intersezione segnalata,Ghiacciato,Temporanea di cantiere,Vento forte,11.438164705249639,45.821072002065165,0
7,Lunedì,Mattino,VICENZA,SP 046 Pasubio,Incrocio,Bagnato,Verticale,Vento forte,11.509626403315883,45.579766756125494,0
5,Sabato,Sera,SAN VITO DI LEGUZZANO,SP 046 Pasubio,Intersezione segnalata,Sdrucciolevole,Temporanea di cantiere,Pioggia,11.397595916665148,45.68666575942232,0
3,Mercoledì,Notte,MARANO VICENTINO,SP 349 var Costo Variante,Pendenza,Innevato,Verticale,Pioggia,11.437455225019615,45.71279054747675,0
10,Venerdì,Notte,ARSIERO,SP 350 Val d'Astico,Rettilineo,Bagnato,Verticale,Sereno,11.366978061187174,45.82388631101314,0
8,Mercoledì,Sera,VALLI DEL PASUBIO,SP 046 Pasubio,Intersezione non segnalata,Bagnato,Orizzontale,Nebbia,11.1929703186528,45.76042881907626,0
8,Giovedì,Notte,COGOLLO DEL CENGIO,SP 350 Val d'Astico,Intersezione segnalata,Asciutto,Orizzontale,Pioggia,11.411201177391552,45.78909158694718,0
3,Domenica,Sera,ZANE',SP 349 Costo,Incrocio,Sdrucciolevole,Temporanea di cantiere,Altro,11.44488552388547,45.732088019815656,0
2,Venerdì,Mattino,VALLI DEL PASUBIO,SP 046 Pasubio,Intersezione non segnalata,Bagnato,Assente,Nebbia,11.23650579452409,45.74835247954952,0
2,Sabato,Mattino,ROANA,SP 349 Costo,Pendenza,Innevato,Assente,Altro,11.447827453740334,45.929489971464456,0
1,Domenica,Notte,COGOLLO DEL CENGIO,SP 349 Costo,Pendenza,Bagnato,Assente,Sereno,11.431472883282927,45.79487539206446,0
12,Domenica,Mattino,LASTEBASSE,SP 350 Val d'Astico,Incrocio,Ghiacciato,Verticale,Altro,11.29531124341251,45.91221616062167,0
5,Venerdì,Sera,MALO,SP 046 Pasubio,Rotatoria,Asciutto,Verticale,Sereno,11.403790697844554,45.675129568989234,0
8,Sabato,Sera,VICENZA,SP 046 Pasubio,Incrocio,Bagnato,Verticale,Altro,11.495623513208377,45.57257277671947,0
12,Domenica,Mattino,VILLAVERLA,SP 349 Costo,Intersezione con semaforo o vigile,Asciutto,Assente,Nebbia,11.493574705611197,45.64917997990427,0
12,Domenica,Notte,ISOLA VICENTINA,SP 046 Pasubio,Intersezione segnalata,Sdrucciolevole,Orizzontale,Neve,11.450132814672596,45.624574406584394,0
4,Giovedì,Pomeriggio,COGOLLO DEL CENGIO,SP 349 Costo,Rettilineo,Asciutto,Orizzontale,Nebbia,11.442016489317377,45.781855310958946,0
6,Giovedì,Pomeriggio,LASTEBASSE,SP 350 Val d'Astico,Intersezione con semaforo o vigile,Asciutto,Assente,Sereno,11.270299576894578,45.91614615607257,0
6,Martedì,Pomeriggio,ARSIERO,SP 350 Val d'Astico,Rotatoria,Sdrucciolevole,Orizzontale,Nebbia,11.360872346357226,45.80938336079494,0
1,Giovedì,Mattino,ROANA,SP 349 Costo,Dosso,Sdrucciolevole,Orizzontale,Altro,11.461253298573812,45.90366746011705,0
10,Domenica,Sera,MALO,SP 046 Pasubio,Incrocio,Bagnato,Verticale,Pioggia,11.432123306317456,45.6397896838135,0
7,Martedì,Notte,SCHIO,SP 046 Pasubio,Rotatoria,Sdrucciolevole,Assente,Neve,11.390328850107874,45.69241236995842,0
5,Giovedì,Pomeriggio,VICENZA,SP 046 Pasubio,Galleria illuminata,Sdrucciolevole,Verticale,Sereno,11.508348616363467,45.54166878858714,0
7,Mercoledì,Notte,ROANA,SP 349 Costo,Intersezione non segnalata,Ghiacciato,Verticale,Altro,11.463131447020599,45.902053317263665,0
9,Venerdì,Mattino,CALDOGNO,SP 349 Costo,Rotatoria,Sdrucciolevole,Assente,Altro,11.49100315303208,45.61923706638527,0
1,Giovedì,Pomeriggio,ROANA,SP 349 Costo,Incrocio,Innevato,Orizzontale,Sereno,11.452036800775813,45.92381190668674,0
8,Martedì,Sera,VICENZA,SP 046 Pasubio,Galleria illuminata,Bagnato,Orizzontale,Vento forte,11.51009532805554,45.57990874067398,0
11,Mercoledì,Pomeriggio,VALLI DEL PASUBIO,SP 046 Pasubio,Intersezione con semaforo o vigile,Asciutto,Verticale,Altro,11.19694542800673,45.76180789234864,0
9,Martedì,Mattino,MALO,SP 046 Pasubio,Intersezione con semaforo o vigile,Sdrucciolevole,Verticale,Sereno,11.400037518792166,45.683216389520915,0
8,Giovedì,Notte,COSTABISSARA,SP 046 Pasubio,Intersezione segnalata,Asciutto,Verticale,Altro,11.496555007406746,45.57341622816345,0
2,Domenica,Notte,VICENZA,SP 046 Pasubio,Intersezione segnalata,Ghiacciato,Orizzontale,Vento forte,11.49821142454424,45.55603013267135,0
9,Venerdì,Notte,COGOLLO DEL CENGIO,SP 349 Costo,Intersezione con semaforo o vigile,Bagnato,Verticale,Nebbia,11.428344404267154,45.793067291513225,0
10,Venerdì,Notte,PIOVENE ROCCHETTE,SP 349 Costo,Rettilineo,Bagnato,Verticale,Neve,11.44171356886744,45.75928209491032,0
6,Sabato,Mattino,ROANA,SP 349 Costo,Pendenza,Sdrucciolevole,Temporanea di cantiere,Vento forte,11.44345472413717,45.93282974680962,0
7,Domenica,Notte,ROANA,SP 349 Costo,Dosso,Asciutto,Assente,Sereno,11.477316543180375,45.86756628670055,0
8,Domenica,Notte,ISOLA VICENTINA,SP 046 Pasubio,Galleria illuminata,Bagnato,Orizzontale,Neve,11.473746059590827,45.609454340847535,0
4,Giovedì,Sera,COGOLLO DEL CENGIO,SP 349 Costo,Galleria illuminata,Ghiacciato,Verticale,Nebbia,11.436221826676743,45.7968428612999,0
10,Sabato,Sera,COGOLLO DEL CENGIO,SP 350 Val d'Astico,Intersezione segnalata,Sdrucciolevole,Orizzontale,Vento forte,11.401018289137166,45.7920961696353,0
12,Lunedì,Notte,VALLI DEL PASUBIO,SP 046 Pasubio,Galleria illuminata,Sdrucciolevole,Temporanea di cantiere,Sereno,11.214455993315688,45.75547868530841,0
4,Lunedì,Pomeriggio,TORREBELVICINO,SP 046 Pasubio,Curva,Sdrucciolevole,Orizzontale,Sereno,11.290239466399001,45.719472742671705,0
5,Martedì,Sera,VALDASTICO,SP 350 Val d'Astico,Incrocio,Innevato,Verticale,Vento forte,11.355705608243186,45.884527029911766,0
2,Lunedì,Mattino,COGOLLO DEL CENGIO,SP 350 Val d'Astico,Intersezione con semaforo o vigile,Sdrucciolevole,Orizzontale,Pioggia,11.392941389168149,45.79349617744178,0
4,Martedì,Pomeriggio,VALLI DEL PASUBIO,SP 046 Pasubio,Intersezione non segnalata,Innevato,Orizzontale,Sereno,11.208362825345587,45.75903052117711,0
1,Lunedì,Mattino,VICENZA,SP 046 Pasubio,Curva,Asciutto,Assente,Altro,11.499007947910938,45.5548425515448,0
3,Lunedì,Notte,PIOVENE ROCCHETTE,SP 350 Val d'Astico,Galleria illuminata,Bagnato,Assente,Sereno,11.438340938924743,45.75882802464488,0
8,Mercoledì,Mattino,CALDOGNO,SP 349 Costo,Intersezione non segnalata,Bagnato,Verticale,Pioggia,11.49043503330349,45.61648021798359,0
5,Martedì,Notte,MALO,SP 046 Pasubio,Intersezione con semaforo o vigile,Ghiacciato,Verticale,Pioggia,11.422221499126971,45.649516880538734,0
12,Giovedì,Notte,COGOLLO DEL CENGIO,SP 349 Costo,Intersezione segnalata,Ghiacciato,Verticale,Sereno,11.427485487019059,45.795189559076206,0
11,Sabato,Notte,ASIAGO,SP 349 Costo,Rettilineo,Bagnato,Assente,Nebbia,11.407967962389172,45.94579934793379,0
9,Lunedì,Mattino,COGOLLO DEL CENGIO,SP 349 Costo,Pendenza,Sdrucciolevole,Assente,Vento forte,11.432351552266152,45.79543364295016,0
9,Venerdì,Notte,VALLI DEL PASUBIO,SP 046 Pasubio,Dosso,Bagnato,Temporanea di cantiere,Pioggia,11.205152470423023,45.75881782185334,0
7,Sabato,Sera,CALTRANO,SP 349 Costo,Curva,Sdrucciolevole,Orizzontale,Pioggia,11.44962753158611,45.774712645128766,0
12,Mercoledì,Notte,COGOLLO DEL CENGIO,SP 349 Costo,Incrocio,Bagnato,Assente,Pioggia,11.429119170154841,45.79519706506721,0
2,Sabato,Notte,ROANA,SP 349 Costo,Rotatoria,Innevato,Assente,Neve,11.442851869461954,45.843901002809865,0
9,Lunedì,Pomeriggio,ISOLA VICENTINA,SP 046 Pasubio,Rotatoria,Ghiacciato,Temporanea di cantiere,Pioggia,11.483538070182178,45.60755323134432,0
2,Giovedì,Notte,ROANA,SP 349 Costo,Incrocio,Asciutto,Verticale,Pioggia,11.437545010725467,45.82040311654511,0
5,Giovedì,Mattino,VALDASTICO,SP 350 Val d'Astico,Rettilineo,Innevato,Orizzontale,Vento forte,11.355580333298121,45.885082910313756,0
4,Lunedì,Sera,ROANA,SP 349 Costo,Curva,Ghiacciato,Verticale,Altro,11.453301633478938,45.849154050633885,0
8,Mercoledì,Mattino,ROANA,SP 349 Costo,Rotatoria,Bagnato,Orizzontale,Nebbia,11.433883814831988,45.84094845950479,0
10,Martedì,Mattino,ROANA,SP 349 Costo,Galleria illuminata,Sdrucciolevole,Temporanea di cantiere,Pioggia,11.479360294855322,45.882122958922054,0
1,Sabato,Notte,SANTORSO,SP 349 Costo,Intersezione segnalata,Asciutto,Assente,Vento forte,11.391574603301763,45.733565424622,0
8,Giovedì,Mattino,ROANA,SP 349 Costo,Rettilineo,Asciutto,Temporanea di cantiere,Nebbia,11.444783642897374,45.846266238784175,0
3,Sabato,Pomeriggio,LASTEBASSE,SP 350 Val d'Astico,Intersezione non segnalata,Sdrucciolevole,Orizzontale,Vento forte,11.27667371847503,45.915025491919195,0
1,Giovedì,Sera,COSTABISSARA,SP 046 Pasubio,Curva,Ghiacciato,Verticale,Neve,11.499774300436098,45.57538259495887,0
6,Giovedì,Pomeriggio,ASIAGO,SP 349 Costo,Galleria illuminata,Bagnato,Orizzontale,Vento forte,11.39671071860515,45.94771465324549,0
7,Giovedì,Sera,VICENZA,SP 046 rac Pasubio Raccordo del Sole,Rettilineo,Bagnato,Assente,Altro,11.50871293098633,45.53865981813538,0
3,Lunedì,Pomeriggio,SANTORSO,SP 349 Costo,Rettilineo,Innevato,Assente,Altro,11.411511405468111,45.73948351963538,0
5,Giovedì,Mattino,VALLI DEL PASUBIO,SP 046 Pasubio,Rettilineo,Innevato,Orizzontale,Sereno,11.185392293457001,45.75740969635265,0
12,Sabato,Sera,ASIAGO,SP 349 Costo,Galleria illuminata,Sdrucciolevole,Orizzontale,Pioggia,11.493346654364546,45.86811544202856,0
5,Venerdì,Sera,ARSIERO,SP 350 Val d'Astico,Incrocio,Asciutto,Orizzontale,Nebbia,11.36098819127541,45.80959266385558,0
12,Venerdì,Pomeriggio,VICENZA,SP 046 Pasubio,Galleria illuminata,Ghiacciato,Temporanea di cantiere,Pioggia,11.50722048563085,45.54455508687258,0
11,Domenica,Sera,ROANA,SP 349 Costo,Pendenza,Ghiacciato,Verticale,Sereno,11.456735491101083,45.913451871931926,0
5,Martedì,Mattino,VALLI DEL PASUBIO,SP 046 Pasubio,Dosso,Innevato,Temporanea di cantiere,Pioggia,11.236883706962535,45.74773206842546,0
7,Venerdì,Notte,ZANE',SP 349 var Costo Variante,Pendenza,Innevato,Orizzontale,Altro,11.443265075373294,45.7098686731584,0
9,Sabato,Pomeriggio,MALO,SP 046 Pasubio,Pendenza,Ghiacciato,Temporanea di cantiere,Nebbia,11.406844561253525,45.665823228098624,0
6,Domenica,Mattino,VALDASTICO,SP 350 Val d'Astico,Galleria illuminata,Asciutto,Verticale,Sereno,11.364708627385312,45.850758372693576,0
5,Venerdì,Pomeriggio,ROANA,SP 349 Costo,Intersezione non segnalata,Bagnato,Assente,Sereno,11.47229057780576,45.88528692323483,0
4,Martedì,Sera,COGOLLO DEL CENGIO,SP 350 Val d'Astico,Dosso,Ghiacciato,Assente,Nebbia,11.426589676815484,45.77296069118121,0
2,Domenica,Notte,CALDOGNO,SP 349 Costo,Incrocio,Ghiacciato,Assente,Sereno,11.492913273115356,45.6051042886769,0
1,Martedì,Sera,VALDASTICO,SP 350 Val d'Astico,Intersezione con semaforo o vigile,Sdrucciolevole,Verticale,Altro,11.356045317135834,45.88237262379293,0
5,Mercoledì,Mattino,LASTEBASSE,SP 350 Val d'Astico,Intersezione segnalata,Sdrucciolevole,Verticale,Nebbia,11.327651757223311,45.90012506115246,0
10,Mercoledì,Notte,VALDASTICO,SP 350 Val d'Astico,Curva,Ghiacciato,Orizzontale,Neve,11.339492970711904,45.89487373949259,0
3,Sabato,Mattino,THIENE,SP 349 Costo,Intersezione segnalata,Sdrucciolevole,Verticale,Sereno,11.488150670770509,45.673068196699106,0
3,Sabato,Sera,CALDOGNO,SP 349 Costo,Intersezione con semaforo o vigile,Asciutto,Temporanea di cantiere,Nebbia,11.491741706737038,45.607804631615764,0
4,Lunedì,Notte,VALLI DEL PASUBIO,SP 046 Pasubio,Rotatoria,Innevato,Verticale,Sereno,11.228087627316594,45.75105575930187,0
8,Domenica,Sera,SCHIO,SP 349 var Costo Variante,Curva,Bagnato,Verticale,Pioggia,11.423350845740572,45.7224467187591,0
3,Sabato,Pomeriggio,COSTABISSARA,SP 046 Pasubio,Pendenza,Bagnato,Verticale,Sereno,11.498358203473755,45.5913417015747,0
3,Giovedì,Notte,VILLAVERLA,SP 349 Costo,Pendenza,Asciutto,Orizzontale,Neve,11.491451535161234,45.63596193167583,0
2,Mercoledì,Notte,COGOLLO DEL CENGIO,SP 350 Val d'Astico,Dosso,Sdrucciolevole,Temporanea di cantiere,Nebbia,11.418689907352714,45.7858994613751,0
4,Lunedì,Notte,ASIAGO,SP 349 Costo,Intersezione non segnalata,Innevato,Assente,Neve,11.490313432315427,45.86934975054088,0
3,Giovedì,Sera,COSTABISSARA,SP 046 Pasubio,Intersezione segnalata,Asciutto,Verticale,Sereno,11.486110181629309,45.60664368805046,0
10,Lunedì,Pomeriggio,COGOLLO DEL CENGIO,SP 349 Costo,Pendenza,Bagnato,Orizzontale,Altro,11.422314299520973,45.80240925107826,0
11,Lunedì,Pomeriggio,PIOVENE ROCCHETTE,SP 350 Val d'Astico,Pendenza,Asciutto,Orizzontale,Sereno,11.425529562446368,45.77006741623732,0
5,Domenica,Notte,COSTABISSARA,SP 046 Pasubio,Intersezione con semaforo o vigile,Asciutto,Temporanea di cantiere,Altro,11.494479636569652,45.60127138649117,0
2,Venerdì,Mattino,TORREBELVICINO,SP 046 Pasubio,Galleria illuminata,Ghiacciato,Verticale,Pioggia,11.278459818294863,45.72918837713613,0
2,Giovedì,Notte,VILLAVERLA,SP 349 Costo,Curva,Bagnato,Temporanea di cantiere,Nebbia,11.49235724145603,45.65981226695431,0
4,Domenica,Mattino,SANTORSO,SP 349 Costo,Incrocio,Ghiacciato,Verticale,Nebbia,11.386709949519446,45.732318603854935,0
6,Venerdì,Mattino,COSTABISSARA,SP 046 Pasubio,Curva,Sdrucciolevole,Temporanea di cantiere,Nebbia,11.493001688757666,45.603502437704655,0
7,Martedì,Sera,COGOLLO DEL CENGIO,SP 349 Costo,Pendenza,Ghiacciato,Verticale,Pioggia,11.424679310014508,45.80805291796055,0
4,Giovedì,Pomeriggio,VICENZA,SP 046 Pasubio,Pendenza,Asciutto,Temporanea di cantiere,Sereno,11.498033508778573,45.55636938332846,0
5,Sabato,Pomeriggio,LASTEBASSE,SP 350 Val d'Astico,Intersezione segnalata,Bagnato,Orizzontale,Sereno,11.304525574300882,45.90804508448258,0
4,Lunedì,Notte,VALDASTICO,SP 350 Val d'Astico,Curva,Sdrucciolevole,Verticale,Vento forte,11.367332072474474,45.842841462459525,0
7,Martedì,Notte,COGOLLO DEL CENGIO,SP 349 Costo,Rotatoria,Asciutto,Orizzontale,Vento forte,11.430233829890325,45.81533080759906,0
9,Domenica,Mattino,ROANA,SP 349 Costo,Galleria illuminata,Sdrucciolevole,Temporanea di cantiere,Pioggia,11.43340778633056,45.83396278009036,0
1,Mercoledì,Mattino,VALLI DEL PASUBIO,SP 046 Pasubio,Curva,Sdrucciolevole,Orizzontale,Vento forte,11.179008492686359,45.75766996028783,0
6,Lunedì,Mattino,VALDASTICO,SP 350 Val d'Astico,Intersezione segnalata,Sdrucciolevole,Orizzontale,Neve,11.359474266386194,45.87703877990644,0
8,Domenica,Sera,VALLI DEL PASUBIO,SP 046 Pasubio,Pendenza,Sdrucciolevole,Orizzontale,Pioggia,11.240595808996538,45.74428594366447,0
9,Domenica,Sera,VALLI DEL PASUBIO,SP 046 Pasubio,Intersezione segnalata,Ghiacciato,Orizzontale,Pioggia,11.221217931591262,45.7546058975793,0
7,Sabato,Pomeriggio,VALDASTICO,SP 350 Val d'Astico,Incrocio,Ghiacciato,Verticale,Pioggia,11.356306930933524,45.881903233440234,0
7,Lunedì,Sera,VICENZA,SP 046 Pasubio,Intersezione segnalata,Asciutto,Verticale,Nebbia,11.510092184371961,45.580479480070586,0
9,Martedì,Mattino,PIOVENE ROCCHETTE,SP 350 Val d'Astico,Intersezione segnalata,Ghiacciato,Temporanea di cantiere,Pioggia,11.428045687948565,45.76850821891711,0
5,Mercoledì,Notte,ASIAGO,SP 349 Costo,Rotatoria,Innevato,Assente,Pioggia,11.488473736979554,45.880470362590025,0
7,Sabato,Mattino,ROANA,SP 349 Costo,Dosso,Innevato,Assente,Nebbia,11.457583938173462,45.91122786296135,0
4,Lunedì,Pomeriggio,ROANA,SP 349 Costo,Intersezione con semaforo o vigile,Bagnato,Assente,Pioggia,11.436236425878493,45.94150260960086,0
6,Mercoledì,Pomeriggio,COGOLLO DEL CENGIO,SP 349 Costo,Intersezione non segnalata,Ghiacciato,Temporanea di cantiere,Pioggia,11.430190815521534,45.79174289737081,0
2,Martedì,Mattino,ROANA,SP 349 Costo,Incrocio,Innevato,Verticale,Nebbia,11.460140995780206,45.90469983997896,0
5,Venerdì,Notte,ROANA,SP 349 Costo,Intersezione con semaforo o vigile,Bagnato,Orizzontale,Vento forte,11.487057605476457,45.868650800408766,0
2,Giovedì,Notte,LASTEBASSE,SP 350 Val d'Astico,Dosso,Innevato,Orizzontale,Neve,11.31332033728861,45.90558384269192,0
3,Giovedì,Notte,VILLAVERLA,SP 349 Costo,Incrocio,Ghiacciato,Temporanea di cantiere,Nebbia,11.493644119295912,45.64972878208603,0
6,Giovedì,Sera,VICENZA,SP 046 Pasubio,Galleria illuminata,Ghiacciato,Verticale,Vento forte,11.508185392921146,45.540881435581476,0
7,Domenica,Sera,VALLI DEL PASUBIO,SP 046 Pasubio,Pendenza,Ghiacciato,Orizzontale,Neve,11.247418492808377,45.74410232046167,0
12,Venerdì,Sera,ROANA,SP 349 Costo,Dosso,Ghiacciato,Orizzontale,Nebbia,11.442026527512017,45.843835582914224,0
1,Martedì,Notte,ISOLA VICENTINA,SP 046 Pasubio,Galleria illuminata,Innevato,Temporanea di cantiere,Sereno,11.447342485925363,45.62641478490772,0
11,Sabato,Mattino,PIOVENE ROCCHETTE,SP 349 Costo,Curva,Innevato,Verticale,Sereno,11.437552234954596,45.75699624881072,0
4,Martedì,Notte,ROANA,SP 349 Costo,Intersezione segnalata,Sdrucciolevole,Temporanea di cantiere,Vento forte,11.432890780097361,45.83592923552555,0
9,Martedì,Mattino,ISOLA VICENTINA,SP 046 Pasubio,Dosso,Sdrucciolevole,Temporanea di cantiere,Sereno,11.451807938032209,45.624011819759616,0
9,Sabato,Sera,SCHIO,SP 349 Costo,Intersezione segnalata,Ghiacciato,Temporanea di cantiere,Nebbia,11.369259254595693,45.727007386005816,0
12,Domenica,Mattino,ROANA,SP 349 Costo,Intersezione non segnalata,Innevato,Assente,Altro,11.452169010382187,45.923599853330806,0
2,Lunedì,Sera,VICENZA,SP 046 Pasubio,Curva,Bagnato,Verticale,Nebbia,11.506318431617332,45.58185211996336,0
12,Giovedì,Mattino,VALLI DEL PASUBIO,SP 046 Pasubio,Curva,Bagnato,Assente,Neve,11.253458962908509,45.74336271650799,0
1,Lunedì,Sera,VALLI DEL PASUBIO,SP 046 Pasubio,Dosso,Ghiacciato,Orizzontale,Sereno,11.213408391258437,45.75526922598922,0
11,Sabato,Mattino,ROANA,SP 349 Costo,Intersezione con semaforo o vigile,Innevato,Orizzontale,Altro,11.472277745818701,45.862652485410926,0
8,Sabato,Mattino,VALLI DEL PASUBIO,SP 046 Pasubio,Rotatoria,Innevato,Temporanea di cantiere,Nebbia,11.256467589652928,45.743538517831155,0
6,Sabato,Notte,ROANA,SP 349 Costo,Galleria illuminata,Asciutto,Assente,Vento forte,11.432950258537016,45.835104664857546,0
5,Domenica,Sera,COSTABISSARA,SP 046 Pasubio,Galleria illuminata,Innevato,Assente,Nebbia,11.497705154393888,45.57412962999159,0
