anno;rilevatore;mese;giorno_settimana;fascia_oraria;comune;nome_strada;tipo_luogo;indirizzo;lon;lat;kmt_etm;fondo;segnaletica;meteo;natura;des_circ_a;des_circ_b;veicolo_a;avaria_a;des_psico_a;veicolo_b;avaria_b;des_psico_b;veicolo_c;veicoli_oltre_a_b_c;pedoni_morti_feriti;tot_morti;tot_feriti
2016;Polizia Municipale;8;Venerdì;Pomeriggio;TORREBELVICINO;SP 046 Pasubio;Rettilineo;LOCALITA' FONTE MARGHERITA, 2 SP 046 PASUBIO;11.294533;45.718648;0.0;Bagnato;Assente;Sereno;;;;;;;;;;;0;0;0;0
2017;Polizia Municipale;2;Lunedì;Sera;TORREBELVICINO;SP 046 Pasubio;Rettilineo;LOCALITA' FONTE MARGHERITA, 2 SP 046 PASUBIO;11.294533;45.718648;0.0;Asciutto;Verticale;Vento forte;;;;;;;;;;;0;0;0;0
2011;Polizia Municipale;7;Giovedì;Mattino;SANTORSO;SP 350 Val d'Astico;Rettilineo;VIA IV NOVEMBRE, 50 SP 350 VAL D'ASTICO;11.3795;45.73033;0.0;Bagnato;Temporanea di cantiere;Vento forte;;;;;;;;;;;0;0;0;0
2020;Polizia Municipale;12;Martedì;Mattino;SANTORSO;SP 350 Val d'Astico;Rettilineo;VIA IV NOVEMBRE, 50 SP 350 VAL D'ASTICO;11.3795;45.73033;0.0;Asciutto;Verticale;Nebbia;;;;;;;;;;;0;0;0;0
2013;Polizia Municipale;1;Domenica;Sera;SANTORSO;SP 350 Val d'Astico;Rettilineo;VIA IV NOVEMBRE, 57 SP 350 VAL D'ASTICO;11.385602;45.732028;0.0;Sdrucciolevole;Verticale;Neve;;;;;;;;;;;0;0;0;0
2013;Polizia Municipale;10;Martedì;Notte;SANTORSO;SP 350 Val d'Astico;Rettilineo;VIA IV NOVEMBRE, 57 SP 350 VAL D'ASTICO;11.385602;45.732028;0.0;Bagnato;Verticale;Sereno;;;;;;;;;;;0;0;0;0
2023;Polizia Municipale;1;Venerdì;Pomeriggio;SANTORSO;SP 350 Val d'Astico;Intersezione con semaforo o vigile;VIA IV NOVEMBRE INCROCIO VIA POZZATI SP 350 VAL D'ASTICO;11.386812;45.732363;0.0;Asciutto;Temporanea di cantiere;Vento forte;;;;;;;;;;;0;0;0;0
2015;Polizia Municipale;3;Venerdì;Mattino;SANTORSO;SP 350 Val d'Astico;Intersezione con semaforo o vigile;VIA IV NOVEMBRE INCROCIO VIA POZZATI SP 350 VAL D'ASTICO;11.386812;45.732363;0.0;Bagnato;Assente;Vento forte;;;;;;;;;;;0;0;0;0
2019;Polizia Municipale;2;Lunedì;Sera;PIOVENE ROCCHETTE;SP 350 Val d'Astico;Incrocio;VIA MONTE PASUBIO INCROCIO VIA VALLARSA SP 350 VAL D'ASTI;11.419838;45.743846;0.0;Innevato;Orizzontale;Neve;;;;;;;;;;;0;0;0;0
2022;Polizia Municipale;4;Sabato;Notte;PIOVENE ROCCHETTE;SP 350 Val d'Astico;Incrocio;VIA MONTE PASUBIO INCROCIO VIA VALLARSA SP 350 VAL D'ASTI;11.419838;45.743846;0.0;Bagnato;Orizzontale;Altro;;;;;;;;;;;0;0;0;0
2011;Polizia Stradale;6;Martedì;Mattino;COGOLLO DEL CENGIO;SP 349 Costo;Rettilineo;SP349          -;11.4315522;45.7985881;84.0;Asciutto;Orizzontale;Vento forte;;;;;;;;;;;0;0;0;0
2023;Polizia Stradale;9;Venerdì;Notte;COGOLLO DEL CENGIO;SP 349 Costo;Rettilineo;SP349          -;11.4315522;45.7985881;84.0;Bagnato;Verticale;Pioggia;;;;;;;;;;;0;0;0;0
2014;Polizia Municipale;11;Giovedì;Pomeriggio;CARRE';SP 349 Costo;Intersezione segnalata;VIA BIANCHE, 10 SP 349 COSTO;11.440164;45.738273;0.0;Ghiacciato;Orizzontale;Neve;;;;;;;;;;;0;0;0;0
2022;Polizia Municipale;5;Sabato;Notte;CARRE';SP 349 Costo;Intersezione segnalata;VIA BIANCHE, 10 SP 349 COSTO;11.440164;45.738273;0.0;Bagnato;Temporanea di cantiere;Vento forte;;;;;;;;;;;0;0;0;0
2012;Polizia Municipale;3;Giovedì;Notte;PIOVENE ROCCHETTE;SP 349 Costo;Intersezione segnalata;VIA ANTONIO FOGAZZARO INC VIA CURTOLINI SP 349 COSTO;11.44274;45.759901;0.0;Innevato;Verticale;Neve;;;;;;;;;;;0;0;0;0
2016;Polizia Municipale;8;Martedì;Mattino;PIOVENE ROCCHETTE;SP 349 Costo;Intersezione segnalata;VIA ANTONIO FOGAZZARO INC VIA CURTOLINI SP 349 COSTO;11.44274;45.759901;0.0;Bagnato;Verticale;Vento forte;;;;;;;;;;;0;0;0;0
2017;Polizia Municipale;1;Domenica;Notte;ZANE';SP 349 Costo;Intersezione con semaforo o vigile;VIA SUMMANO VIA TRIESTE SP 349 COSTO;11.445844;45.730591;0.0;Sdrucciolevole;Assente;Neve;;;;;;;;;;;0;0;0;0
2019;Polizia Municipale;9;Venerdì;Pomeriggio;ZANE';SP 349 Costo;Intersezione con semaforo o vigile;VIA SUMMANO VIA TRIESTE SP 349 COSTO;11.445844;45.730591;0.0;Asciutto;Temporanea di cantiere;Sereno;;;;;;;;;;;0;0;0;0
2018;Polizia Municipale;7;Venerdì;Sera;THIENE;SP 349 var Costo Variante;Curva;SS 349 VAR THIENE;11.453159;45.704606;3.0;Bagnato;Assente;Sereno;;;;;;;;;;;0;0;0;0
2018;Polizia Municipale;12;Domenica;Mattino;THIENE;SP 349 var Costo Variante;Curva;SS 349 VAR THIENE;11.453159;45.704606;3.0;Ghiacciato;Orizzontale;Neve;;;;;;;;;;;0;0;0;0
2015;Polizia Municipale;4;Lunedì;Pomeriggio;THIENE;SP 349 var Costo Variante;Rettilineo;SS 349 VAR THIENE;11.4556289;45.7022157;3.0;Asciutto;Assente;Altro;;;;;;;;;;;0;0;0;0
2021;Polizia Municipale;1;Mercoledì;Pomeriggio;THIENE;SP 349 var Costo Variante;Rettilineo;SS 349 VAR THIENE;11.4556289;45.7022157;3.0;Sdrucciolevole;Orizzontale;Pioggia;;;;;;;;;;;0;0;0;0
2017;Carabiniere;2;Venerdì;Pomeriggio;ISOLA VICENTINA;SP 046 Pasubio;Rettilineo;SP 046  VIA VICENZA VIA CHIODO KMT 10+4;11.46683;45.614309;10.4;Bagnato;Verticale;Nebbia;;;;;;;;;;;0;0;0;0
2015;Carabiniere;1;Giovedì;Mattino;ISOLA VICENTINA;SP 046 Pasubio;Rettilineo;SP 046  VIA VICENZA VIA CHIODO KMT 10+4;11.46683;45.614309;10.4;Sdrucciolevole;Assente;Neve;;;;;;;;;;;0;0;0;0
2011;Polizia Municipale;2;Giovedì;Sera;THIENE;SP 349 Costo;Incrocio;VIA SANTO VIA BRAGLIO SP 349 COSTO;11.488596;45.671388;0.0;Asciutto;Temporanea di cantiere;Nebbia;;;;;;;;;;;0;0;0;0
2022;Polizia Municipale;2;Venerdì;Pomeriggio;THIENE;SP 349 Costo;Incrocio;VIA SANTO VIA BRAGLIO SP 349 COSTO;11.488596;45.671388;0.0;Bagnato;Assente;Nebbia;;;;;;;;;;;0;0;0;0
2016;Polizia Municipale;6;Mercoledì;Mattino;THIENE;SP 349 Costo;Intersezione segnalata;VIA SANTO VIA DELL'AEROPORTO SP 349 COSTO;11.488616;45.671549;0.0;Bagnato;Assente;Nebbia;;;;;;;;;;;0;0;0;0
2018;Polizia Municipale;8;Sabato;Pomeriggio;THIENE;SP 349 Costo;Intersezione segnalata;VIA SANTO VIA DELL'AEROPORTO SP 349 COSTO;11.488616;45.671549;0.0;Sdrucciolevole;Assente;Pioggia;;;;;;;;;;;0;0;0;0
2023;Polizia Municipale;5;Sabato;Pomeriggio;THIENE;SP 349 Costo;Intersezione segnalata;VIA SANTO VIA DELL'AEROPORTO SP 349 COSTO;11.4886589;45.6715303;0.0;Asciutto;Orizzontale;Nebbia;;;;;;;;;;;0;0;0;0
2020;Polizia Municipale;4;Lunedì;Mattino;THIENE;SP 349 Costo;Intersezione segnalata;VIA SANTO VIA DELL'AEROPORTO SP 349 COSTO;11.4886589;45.6715303;0.0;Asciutto;Verticale;Vento forte;;;;;;;;;;;0;0;0;0
2016;Polizia Municipale;10;Giovedì;Mattino;COSTABISSARA;SP 046 Pasubio;Intersezione segnalata;VIA PASUBIO VIA C. BATTISTI SP 046 PASUBIO;11.4934587;45.6035374;0.0;Sdrucciolevole;Assente;Pioggia;;;;;;;;;;;0;0;0;0
2011;Polizia Municipale;11;Venerdì;Sera;COSTABISSARA;SP 046 Pasubio;Intersezione segnalata;VIA PASUBIO VIA C. BATTISTI SP 046 PASUBIO;11.4934587;45.6035374;0.0;Asciutto;Assente;Sereno;;;;;;;;;;;0;0;0;0
2018;Polizia Municipale;10;Venerdì;Notte;COSTABISSARA;SP 046 Pasubio;Intersezione segnalata;VIA PASUBIO VIA C. BATTISTI SP 046 PASUBIO;11.4935453;45.6033191;0.0;Asciutto;Orizzontale;Vento forte;;;;;;;;;;;0;0;0;0
2016;Polizia Municipale;10;Giovedì;Sera;COSTABISSARA;SP 046 Pasubio;Intersezione segnalata;VIA PASUBIO VIA C. BATTISTI SP 046 PASUBIO;11.4935453;45.6033191;0.0;Asciutto;Orizzontale;Altro;;;;;;;;;;;0;0;0;0
2018;Polizia Stradale;2;Domenica;Sera;COSTABISSARA;SP 046 Pasubio;Intersezione segnalata;SP046          -SP 349;11.4936495;45.6031554;7.0;Bagnato;Temporanea di cantiere;Pioggia;;;;;;;;;;;0;0;0;0
2021;Polizia Stradale;5;Domenica;Notte;COSTABISSARA;SP 046 Pasubio;Intersezione segnalata;SP046          -SP 349;11.4936495;45.6031554;7.0;Bagnato;Orizzontale;Sereno;;;;;;;;;;;0;0;0;0
2012;Polizia Municipale;8;Martedì;Notte;COSTABISSARA;SP 046 Pasubio;Intersezione segnalata;VIA PASUBIO VIA C. BATTISTI SP 046 PASUBIO;11.4937706;45.6029626;0.0;Bagnato;Assente;Pioggia;;;;;;;;;;;0;0;0;0
2014;Polizia Municipale;11;Lunedì;Pomeriggio;COSTABISSARA;SP 046 Pasubio;Intersezione segnalata;VIA PASUBIO VIA C. BATTISTI SP 046 PASUBIO;11.4937706;45.6029626;0.0;Ghiacciato;Temporanea di cantiere;Neve;;;;;;;;;;;0;0;0;0
2018;Polizia Stradale;8;Sabato;Notte;COSTABISSARA;SP 046 Pasubio;Rettilineo;SP046          -INTERSEZIONE CON VIA MONTE GRAPPA;11.4974624;45.5920366;6.0;Asciutto;Assente;Nebbia;;;;;;;;;;;0;0;0;0
2016;Polizia Stradale;6;Giovedì;Notte;COSTABISSARA;SP 046 Pasubio;Rettilineo;SP046          -INTERSEZIONE CON VIA MONTE GRAPPA;11.4974624;45.5920366;6.0;Bagnato;Assente;Altro;;;;;;;;;;;0;0;0;0
2016;Polizia Municipale;9;Venerdì;Pomeriggio;COSTABISSARA;SP 046 Pasubio;Rettilineo;VIA PASUBIO, 9 SP 046 PASUBIO;11.5010631;45.5881193;0.0;Bagnato;Assente;Pioggia;;;;;;;;;;;0;0;0;0
2021;Polizia Municipale;1;Mercoledì;Pomeriggio;COSTABISSARA;SP 046 Pasubio;Rettilineo;VIA PASUBIO, 9 SP 046 PASUBIO;11.5010631;45.5881193;0.0;Sdrucciolevole;Orizzontale;Neve;;;;;;;;;;;0;0;0;0
2016;Polizia Municipale;3;Mercoledì;Notte;COSTABISSARA;SP 046 Pasubio;Incrocio;VIA PASUBIO VIA VOLTA SP 046 PASUBIO;11.502708;45.586175;0.0;Sdrucciolevole;Orizzontale;Neve;;;;;;;;;;;0;0;0;0
2017;Polizia Municipale;11;Domenica;Mattino;COSTABISSARA;SP 046 Pasubio;Incrocio;VIA PASUBIO VIA VOLTA SP 046 PASUBIO;11.502708;45.586175;0.0;Asciutto;Temporanea di cantiere;Vento forte;;;;;;;;;;;0;0;0;0
2019;Polizia Municipale;8;Domenica;Mattino;VICENZA;SP 046 Pasubio;Rettilineo;PASUBIO  STR. DI COSTABISSARA SP 046 PASUBIO;11.506202;45.582012;0.0;Bagnato;Assente;Pioggia;;;;;;;;;;;0;0;0;0
2023;Polizia Municipale;2;Giovedì;Mattino;VICENZA;SP 046 Pasubio;Rettilineo;PASUBIO  STR. DI COSTABISSARA SP 046 PASUBIO;11.506202;45.582012;0.0;Ghiacciato;Assente;Neve;;;;;;;;;;;0;0;0;0
2013;Polizia Municipale;3;Mercoledì;Notte;VICENZA;SP 046 rac Pasubio Raccordo del Sole;Rettilineo;SOLE  RACCORDO NORD-EST SP 046 RAC PASUBIO RACCORDO DEL S;11.507947;45.538013;0.0;Ghiacciato;Assente;Neve;;;;;;;;;;;0;0;0;0
2014;Polizia Municipale;12;Giovedì;Mattino;VICENZA;SP 046 rac Pasubio Raccordo del Sole;Rettilineo;SOLE  RACCORDO NORD-EST SP 046 RAC PASUBIO RACCORDO DEL S;11.507947;45.538013;0.0;Sdrucciolevole;Verticale;Neve;;;;;;;;;;;0;0;0;0
2023;Polizia Municipale;3;Martedì;Mattino;VICENZA;SP 046 rac Pasubio Raccordo del Sole;Intersezione con semaforo o vigile;VIALE DEL SOLE  CATTANE SP 046 RAC PASUBIO RACCORDO DEL S;11.509232;45.547022;0.0;Asciutto;Temporanea di cantiere;Altro;;;;;;;;;;;0;0;0;0
2023;Polizia Municipale;12;Lunedì;Notte;VICENZA;SP 046 rac Pasubio Raccordo del Sole;Intersezione con semaforo o vigile;VIALE DEL SOLE  CATTANE SP 046 RAC PASUBIO RACCORDO DEL S;11.509232;45.547022;0.0;Ghiacciato;Assente;Neve;;;;;;;;;;;0;0;0;0
2016;Polizia Municipale;12;Lunedì;Pomeriggio;VICENZA;SP 046 rac Pasubio Raccordo del Sole;Intersezione con semaforo o vigile;SOLE CATTANE SP 046 RAC PASUBIO RACCORDO DEL SOLE;11.5092701;45.5470606;0.0;Innevato;Assente;Neve;;;;;;;;;;;0;0;0;0
2021;Polizia Municipale;9;Lunedì;Notte;VICENZA;SP 046 rac Pasubio Raccordo del Sole;Intersezione con semaforo o vigile;SOLE CATTANE SP 046 RAC PASUBIO RACCORDO DEL SOLE;11.5092701;45.5470606;0.0;Asciutto;Verticale;Altro;;;;;;;;;;;0;0;0;0
2014;Carabiniere;6;Domenica;Pomeriggio;VICENZA;SP 046 rac Pasubio Raccordo del Sole;Intersezione con semaforo o vigile;RACCORDO DEL SOLE INCROCIO BTG GRANATIERI DI SARDEGNA;11.518466;45.554739;0.0;Asciutto;Orizzontale;Sereno;;;;;;;;;;;0;0;0;0
2022;Carabiniere;12;Domenica;Sera;VICENZA;SP 046 rac Pasubio Raccordo del Sole;Intersezione con semaforo o vigile;RACCORDO DEL SOLE INCROCIO BTG GRANATIERI DI SARDEGNA;11.518466;45.554739;0.0;Sdrucciolevole;Temporanea di cantiere;Neve;;;;;;;;;;;0;0;0;0
2023;Polizia Municipale;1;Lunedì;Notte;VICENZA;SP 046 rac Pasubio Raccordo del Sole;Intersezione con semaforo o vigile;GRANATIERI DI SARDEGNA  SOLE SP 046 RAC PASUBIO RACCORDO ;11.51847;45.554709;0.0;Asciutto;Assente;Nebbia;;;;;;;;;;;0;0;0;0
2022;Polizia Municipale;10;Mercoledì;Sera;VICENZA;SP 046 rac Pasubio Raccordo del Sole;Intersezione con semaforo o vigile;GRANATIERI DI SARDEGNA  SOLE SP 046 RAC PASUBIO RACCORDO ;11.51847;45.554709;0.0;Asciutto;Assente;Sereno;;;;;;;;;;;0;0;0;0
2022;Polizia Municipale;9;Domenica;Notte;VICENZA;SP 046 rac Pasubio Raccordo del Sole;Intersezione con semaforo o vigile;SOLE GRANATIERI DI SARDEGNA SP 046 RAC PASUBIO RACCORDO D;11.51848;45.554719;0.0;Bagnato;Orizzontale;Nebbia;;;;;;;;;;;0;0;0;0
2014;Polizia Municipale;10;Lunedì;Mattino;VICENZA;SP 046 rac Pasubio Raccordo del Sole;Intersezione con semaforo o vigile;SOLE GRANATIERI DI SARDEGNA SP 046 RAC PASUBIO RACCORDO D;11.51848;45.554719;0.0;Sdrucciolevole;Temporanea di cantiere;Pioggia;;;;;;;;;;;0;0;0;0
2010;Polizia Municipale;12;Mercoledì;Notte;VICENZA;SP 046 rac Pasubio Raccordo del Sole;Intersezione con semaforo o vigile;VIALE DEL SOLE  GRANATIERI DI SARDEGNA SP 046 RAC PASUBIO;11.518501;45.554729;0.0;Asciutto;Orizzontale;Nebbia;;;;;;;;;;;0;0;0;0
2023;Polizia Municipale;9;Domenica;Mattino;VICENZA;SP 046 rac Pasubio Raccordo del Sole;Intersezione con semaforo o vigile;VIALE DEL SOLE  GRANATIERI DI SARDEGNA SP 046 RAC PASUBIO;11.518501;45.554729;0.0;Asciutto;Temporanea di cantiere;Sereno;;;;;;;;;;;0;0;0;0
2018;Polizia Municipale;10;Sabato;Notte;TORREBELVICINO;SP 046 var Torrebelvicino;Curva;RIMEMBRANZA, 15;11.303165;45.7189153;0.0;Sdrucciolevole;Verticale;Altro;;;;;;;;;;;0;0;0;0
2011;Polizia Municipale;9;Giovedì;Pomeriggio;TORREBELVICINO;SP 046 var Torrebelvicino;Curva;RIMEMBRANZA, 15;11.303165;45.7189153;0.0;Asciutto;Assente;Vento forte;;;;;;;;;;;0;0;0;0
2022;Polizia Municipale;7;Domenica;Mattino;TORREBELVICINO;SP 046 var Torrebelvicino;Intersezione segnalata;RIMEMBRANZA INCROCIO VIA DELL'INDUSTRIA;11.3062513;45.7181957;0.0;Asciutto;Verticale;Nebbia;;;;;;;;;;;0;0;0;0
2017;Polizia Municipale;6;Martedì;Mattino;TORREBELVICINO;SP 046 var Torrebelvicino;Intersezione segnalata;RIMEMBRANZA INCROCIO VIA DELL'INDUSTRIA;11.3062513;45.7181957;0.0;Bagnato;Verticale;Pioggia;;;;;;;;;;;0;0;0;0
2022;Polizia Municipale;3;Venerdì;Notte;TORREBELVICINO;SP 046 Pasubio;Rettilineo;VIA BREGANZE GIOVANNI, 90/92;11.315144;45.7191404;0.0;Innevato;Temporanea di cantiere;Neve;;;;;;;;;;;0;0;0;0
2021;Polizia Municipale;2;Domenica;Sera;TORREBELVICINO;SP 046 Pasubio;Rettilineo;VIA BREGANZE GIOVANNI, 90/92;11.315144;45.7191404;0.0;Innevato;Assente;Neve;;;;;;;;;;;0;0;0;0
2023;Carabiniere;1;Mercoledì;Sera;ARSIERO;SP 350 Val d'Astico;Rettilineo;VIA DEI LONGHI, 70;11.3611937;45.8100465;46.05;Asciutto;Assente;Vento forte;;;;;;;;;;;0;0;0;0
2016;Carabiniere;10;Venerdì;Sera;ARSIERO;SP 350 Val d'Astico;Rettilineo;VIA DEI LONGHI, 70;11.3611937;45.8100465;46.05;Sdrucciolevole;Verticale;Altro;;;;;;;;;;;0;0;0;0
2011;Polizia Municipale;8;Sabato;Pomeriggio;ARSIERO;SP 350 Val d'Astico;Rettilineo;VIA DEI LONGHI, 2/4;11.3617351;45.8043212;0.0;Asciutto;Orizzontale;Altro;;;;;;;;;;;0;0;0;0
2014;Polizia Municipale;3;Venerdì;Pomeriggio;ARSIERO;SP 350 Val d'Astico;Rettilineo;VIA DEI LONGHI, 2/4;11.3617351;45.8043212;0.0;Asciutto;Temporanea di cantiere;Vento forte;;;;;;;;;;;0;0;0;0
2018;Carabiniere;10;Sabato;Mattino;ARSIERO;SP 350 Val d'Astico;Rettilineo;SP350 KM 48 VIA GRUMOLO, 10;11.3744982;45.8029973;48.0;Sdrucciolevole;Assente;Altro;;;;;;;;;;;0;0;0;0
2011;Carabiniere;6;Martedì;Pomeriggio;ARSIERO;SP 350 Val d'Astico;Rettilineo;SP350 KM 48 VIA GRUMOLO, 10;11.3744982;45.8029973;48.0;Bagnato;Verticale;Nebbia;;;;;;;;;;;0;0;0;0
2013;Polizia Municipale;7;Mercoledì;Notte;SANTORSO;SP 350 Val d'Astico;Incrocio;VIA IV NOVEMBRE INCROCIO VIA DEI CAMPILONGHI;11.3770026;45.7298164;0.0;Bagnato;Verticale;Pioggia;;;;;;;;;;;0;0;0;0
2023;Polizia Municipale;10;Domenica;Pomeriggio;SANTORSO;SP 350 Val d'Astico;Incrocio;VIA IV NOVEMBRE INCROCIO VIA DEI CAMPILONGHI;11.3770026;45.7298164;0.0;Bagnato;Assente;Vento forte;;;;;;;;;;;0;0;0;0
2012;Polizia Municipale;5;Mercoledì;Pomeriggio;SANTORSO;SP 350 Val d'Astico;Incrocio;VIA 4 NOVEMBRE INCROCIO VIA DELLA RAVIZZA;11.3821524;45.7311307;0.0;Bagnato;Orizzontale;Nebbia;;;;;;;;;;;0;0;0;0
2022;Polizia Municipale;2;Lunedì;Sera;SANTORSO;SP 350 Val d'Astico;Incrocio;VIA 4 NOVEMBRE INCROCIO VIA DELLA RAVIZZA;11.3821524;45.7311307;0.0;Sdrucciolevole;Assente;Pioggia;;;;;;;;;;;0;0;0;0
2012;Polizia Municipale;7;Venerdì;Notte;SANTORSO;SP 350 Val d'Astico;Incrocio;EUROPA INCROCIO VIA SALZENA;11.394732;45.7343659;0.0;Asciutto;Temporanea di cantiere;Sereno;;;;;;;;;;;0;0;0;0
2012;Polizia Municipale;1;Mercoledì;Pomeriggio;SANTORSO;SP 350 Val d'Astico;Incrocio;EUROPA INCROCIO VIA SALZENA;11.394732;45.7343659;0.0;Asciutto;Assente;Sereno;;;;;;;;;;;0;0;0;0
2019;Polizia Municipale;7;Giovedì;Mattino;SANTORSO;SP 350 Val d'Astico;Intersezione segnalata;VIA EUROPA INCROCIO VIA DEL PRANON;11.3947374;45.7343771;0.0;Bagnato;Verticale;Nebbia;;;;;;;;;;;0;0;0;0
2020;Polizia Municipale;7;Lunedì;Pomeriggio;SANTORSO;SP 350 Val d'Astico;Intersezione segnalata;VIA EUROPA INCROCIO VIA DEL PRANON;11.3947374;45.7343771;0.0;Sdrucciolevole;Verticale;Pioggia;;;;;;;;;;;0;0;0;0
2012;Carabiniere;1;Lunedì;Notte;MALO;SP 046 Pasubio;Rettilineo;VIA SCHIO;11.4029288;45.6769515;0.0;Innevato;Assente;Neve;;;;;;;;;;;0;0;0;0
2023;Carabiniere;7;Sabato;Mattino;MALO;SP 046 Pasubio;Rettilineo;VIA SCHIO;11.4029288;45.6769515;0.0;Bagnato;Assente;Pioggia;;;;;;;;;;;0;0;0;0
2017;Polizia Municipale;12;Lunedì;Notte;MALO;SP 046 Pasubio;Rettilineo;VIA L.DA VINCI, 23 S.P. N. 46 DEL PASUBIO SP 046 PASUBIO;11.4190765;45.6525864;15.0;Asciutto;Assente;Sereno;;;;;;;;;;;0;0;0;0
2015;Polizia Municipale;1;Lunedì;Sera;MALO;SP 046 Pasubio;Rettilineo;VIA L.DA VINCI, 23 S.P. N. 46 DEL PASUBIO SP 046 PASUBIO;11.4190765;45.6525864;15.0;Asciutto;Assente;Altro;;;;;;;;;;;0;0;0;0
2022;Polizia Municipale;10;Mercoledì;Pomeriggio;PIOVENE ROCCHETTE;SP 350 Val d'Astico;Rettilineo;VIA MONTE PASUBIO, 64;11.423692;45.7469627;0.0;Sdrucciolevole;Orizzontale;Altro;;;;;;;;;;;0;0;0;0
2018;Polizia Municipale;10;Martedì;Sera;PIOVENE ROCCHETTE;SP 350 Val d'Astico;Rettilineo;VIA MONTE PASUBIO, 64;11.423692;45.7469627;0.0;Bagnato;Verticale;Vento forte;;;;;;;;;;;0;0;0;0
2017;Polizia Municipale;10;Sabato;Sera;PIOVENE ROCCHETTE;SP 350 Val d'Astico;Rettilineo;VIA MONTE PASUBIO, 44/A;11.4238081;45.7470689;0.0;Asciutto;Verticale;Vento forte;;;;;;;;;;;0;0;0;0
2020;Polizia Municipale;6;Sabato;Sera;PIOVENE ROCCHETTE;SP 350 Val d'Astico;Rettilineo;VIA MONTE PASUBIO, 44/A;11.4238081;45.7470689;0.0;Sdrucciolevole;Temporanea di cantiere;Altro;;;;;;;;;;;0;0;0;0
2011;Polizia Municipale;1;Venerdì;Mattino;SCHIO;SP 349 var Costo Variante;Intersezione con semaforo o vigile;VIA GARZIERE INCROCIO VIA DUE CAMINI;11.4253736;45.7198212;0.0;Bagnato;Assente;Pioggia;;;;;;;;;;;0;0;0;0
2014;Polizia Municipale;3;Sabato;Sera;SCHIO;SP 349 var Costo Variante;Intersezione con semaforo o vigile;VIA GARZIERE INCROCIO VIA DUE CAMINI;11.4253736;45.7198212;0.0;Bagnato;Orizzontale;Nebbia;;;;;;;;;;;0;0;0;0
2015;Polizia Municipale;6;Mercoledì;Sera;PIOVENE ROCCHETTE;SP 349 Costo;Rettilineo;VIA THIENE, 34/36;11.4307273;45.7494283;0.0;Asciutto;Assente;Vento forte;;;;;;;;;;;0;0;0;0
2019;Polizia Municipale;12;Lunedì;Pomeriggio;PIOVENE ROCCHETTE;SP 349 Costo;Rettilineo;VIA THIENE, 34/36;11.4307273;45.7494283;0.0;Sdrucciolevole;Orizzontale;Pioggia;;;;;;;;;;;0;0;0;0
2017;Carabiniere;6;Lunedì;Pomeriggio;MALO;SP 046 Pasubio;Rettilineo;S.P 46 VIA VICENZA;11.4331627;45.6390075;0.0;Asciutto;Orizzontale;Vento forte;;;;;;;;;;;0;0;0;0
2017;Carabiniere;3;Venerdì;Pomeriggio;MALO;SP 046 Pasubio;Rettilineo;S.P 46 VIA VICENZA;11.4331627;45.6390075;0.0;Innevato;Temporanea di cantiere;Neve;;;;;;;;;;;0;0;0;0
2020;Carabiniere;3;Domenica;Notte;MALO;SP 046 Pasubio;Rettilineo;VIA VICENZA, 150;11.4347448;45.638099;174.0;Asciutto;Temporanea di cantiere;Sereno;;;;;;;;;;;0;0;0;0
2022;Carabiniere;11;Domenica;Pomeriggio;MALO;SP 046 Pasubio;Rettilineo;VIA VICENZA, 150;11.4347448;45.638099;174.0;Bagnato;Temporanea di cantiere;Vento forte;;;;;;;;;;;0;0;0;0
2020;Polizia Municipale;2;Martedì;Notte;CARRE';SP 349 Costo;Rotatoria;VIA BIANCHE VIA VAL D'ASSA;11.4400291;45.7381775;0.0;Innevato;Temporanea di cantiere;Neve;;;;;;;;;;;0;0;0;0
2023;Polizia Municipale;2;Lunedì;Notte;CARRE';SP 349 Costo;Rotatoria;VIA BIANCHE VIA VAL D'ASSA;11.4400291;45.7381775;0.0;Sdrucciolevole;Verticale;Altro;;;;;;;;;;;0;0;0;0
2020;Polizia Municipale;6;Lunedì;Pomeriggio;CARRE';SP 349 Costo;Rotatoria;VIA VAL D'ASSA VIA BIANCHE;11.440115;45.7382374;0.0;Bagnato;Verticale;Nebbia;;;;;;;;;;;0;0;0;0
2020;Polizia Municipale;4;Martedì;Notte;CARRE';SP 349 Costo;Rotatoria;VIA VAL D'ASSA VIA BIANCHE;11.440115;45.7382374;0.0;Asciutto;Assente;Altro;;;;;;;;;;;0;0;0;0
2012;Polizia Municipale;11;Domenica;Sera;PIOVENE ROCCHETTE;SP 349 Costo;Incrocio;VIA ANTONIO FOGAZZARO INCROCIO QUARTIERE MONTE MAGGIO;11.4418718;45.7594376;0.0;Sdrucciolevole;Assente;Neve;;;;;;;;;;;0;0;0;0
2019;Polizia Municipale;1;Venerdì;Sera;PIOVENE ROCCHETTE;SP 349 Costo;Incrocio;VIA ANTONIO FOGAZZARO INCROCIO QUARTIERE MONTE MAGGIO;11.4418718;45.7594376;0.0;Sdrucciolevole;Verticale;Neve;;;;;;;;;;;0;0;0;0
2016;Polizia Municipale;7;Mercoledì;Sera;PIOVENE ROCCHETTE;SP 349 Costo;Incrocio;VIA ANTONIO FOGAZZARO INCROCIO VIA CURTOLINI;11.442722;45.7599064;0.0;Sdrucciolevole;Assente;Altro;;;;;;;;;;;0;0;0;0
2021;Polizia Municipale;2;Domenica;Sera;PIOVENE ROCCHETTE;SP 349 Costo;Incrocio;VIA ANTONIO FOGAZZARO INCROCIO VIA CURTOLINI;11.442722;45.7599064;0.0;Sdrucciolevole;Assente;Altro;;;;;;;;;;;0;0;0;0
2015;Carabiniere;9;Lunedì;Pomeriggio;PIOVENE ROCCHETTE;SP 349 Costo;Incrocio;VIA CURTOLINI VIA FOGAZZARO;11.4427382;45.759941;89.3;Bagnato;Assente;Nebbia;;;;;;;;;;;0;0;0;0
2020;Carabiniere;5;Lunedì;Pomeriggio;PIOVENE ROCCHETTE;SP 349 Costo;Incrocio;VIA CURTOLINI VIA FOGAZZARO;11.4427382;45.759941;89.3;Bagnato;Verticale;Vento forte;;;;;;;;;;;0;0;0;0
2015;Polizia Municipale;2;Venerdì;Mattino;PIOVENE ROCCHETTE;SP 349 Costo;Intersezione segnalata;VIA ANTONIO FOGAZZARO INCROCIO VIA CURTOLINI;11.4427596;45.7599373;0.0;Innevato;Orizzontale;Neve;;;;;;;;;;;0;0;0;0
2011;Polizia Municipale;2;Lunedì;Sera;PIOVENE ROCCHETTE;SP 349 Costo;Intersezione segnalata;VIA ANTONIO FOGAZZARO INCROCIO VIA CURTOLINI;11.4427596;45.7599373;0.0;Bagnato;Orizzontale;Sereno;;;;;;;;;;;0;0;0;0
2020;Polizia Municipale;2;Mercoledì;Sera;ZANE';SP 349 Costo;Rettilineo;VIA PALLADIO, 73;11.4485884;45.7269181;0.0;Asciutto;Verticale;Vento forte;;;;;;;;;;;0;0;0;0
2018;Polizia Municipale;10;Venerdì;Notte;ZANE';SP 349 Costo;Rettilineo;VIA PALLADIO, 73;11.4485884;45.7269181;0.0;Bagnato;Orizzontale;Altro;;;;;;;;;;;0;0;0;0
2020;Polizia Municipale;11;Giovedì;Pomeriggio;ZANE';SP 349 Costo;Intersezione con semaforo o vigile;VIA MAZZINI VIA DE GASPERI;11.4517906;45.7215758;0.0;Ghiacciato;Orizzontale;Neve;;;;;;;;;;;0;0;0;0
2022;Polizia Municipale;11;Martedì;Notte;ZANE';SP 349 Costo;Intersezione con semaforo o vigile;VIA MAZZINI VIA DE GASPERI;11.4517906;45.7215758;0.0;Asciutto;Assente;Sereno;;;;;;;;;;;0;0;0;0
2019;Polizia Municipale;1;Venerdì;Notte;CALTRANO;SP 349 Costo;Curva;VIA SETTE COMUNI VIA PONTE DEI GRANATIERI;11.4540517;45.770756;0.0;Bagnato;Assente;Nebbia;;;;;;;;;;;0;0;0;0
2016;Polizia Municipale;10;Sabato;Pomeriggio;CALTRANO;SP 349 Costo;Curva;VIA SETTE COMUNI VIA PONTE DEI GRANATIERI;11.4540517;45.770756;0.0;Bagnato;Orizzontale;Nebbia;;;;;;;;;;;0;0;0;0
2014;Polizia Municipale;1;Venerdì;Pomeriggio;ZANE';SP 349 Costo;Rettilineo;VIA MANZONI;11.456421;45.717102;0.0;Bagnato;Temporanea di cantiere;Pioggia;;;;;;;;;;;0;0;0;0
2015;Polizia Municipale;2;Lunedì;Notte;ZANE';SP 349 Costo;Rettilineo;VIA MANZONI;11.456421;45.717102;0.0;Bagnato;Verticale;Vento forte;;;;;;;;;;;0;0;0;0
2021;Polizia Municipale;10;Domenica;Notte;ZANE';SP 349 Costo;Rettilineo;VIA MANZONI, 50;11.4585289;45.7160634;0.0;Asciutto;Temporanea di cantiere;Vento forte;;;;;;;;;;;0;0;0;0
2011;Polizia Municipale;8;Martedì;Sera;ZANE';SP 349 Costo;Rettilineo;VIA MANZONI, 50;11.4585289;45.7160634;0.0;Asciutto;Assente;Altro;;;;;;;;;;;0;0;0;0
2010;Polizia Municipale;11;Mercoledì;Notte;ZANE';SP 349 Costo;Incrocio;VIA MANZONI, 70;11.4588689;45.7158206;0.0;Bagnato;Orizzontale;Vento forte;;;;;;;;;;;0;0;0;0
2021;Polizia Municipale;10;Mercoledì;Notte;ZANE';SP 349 Costo;Incrocio;VIA MANZONI, 70;11.4588689;45.7158206;0.0;Bagnato;Verticale;Sereno;;;;;;;;;;;0;0;0;0
2010;Polizia Municipale;11;Domenica;Notte;ZANE';SP 349 Costo;Incrocio;VIA MANZONI, 74;11.4589743;45.7157572;0.0;Bagnato;Assente;Pioggia;;;;;;;;;;;0;0;0;0
2023;Polizia Municipale;8;Giovedì;Pomeriggio;ZANE';SP 349 Costo;Incrocio;VIA MANZONI, 74;11.4589743;45.7157572;0.0;Bagnato;Assente;Sereno;;;;;;;;;;;0;0;0;0
2010;Polizia Stradale;3;Martedì;Pomeriggio;THIENE;SP 349 var Costo Variante;Rotatoria;ROTATORIA VIA DEI CAPPUCCINI;11.4606541;45.6976929;0.0;Sdrucciolevole;Verticale;Pioggia;;;;;;;;;;;0;0;0;0
2021;Polizia Stradale;10;Martedì;Pomeriggio;THIENE;SP 349 var Costo Variante;Rotatoria;ROTATORIA VIA DEI CAPPUCCINI;11.4606541;45.6976929;0.0;Asciutto;Verticale;Altro;;;;;;;;;;;0;0;0;0
2012;Polizia Municipale;6;Domenica;Notte;ISOLA VICENTINA;SP 046 Pasubio;Intersezione con semaforo o vigile;VIA VICENZA VIA ROMA;11.4668834;45.6143151;0.0;Asciutto;Temporanea di cantiere;Nebbia;;;;;;;;;;;0;0;0;0
2017;Polizia Municipale;2;Martedì;Notte;ISOLA VICENTINA;SP 046 Pasubio;Intersezione con semaforo o vigile;VIA VICENZA VIA ROMA;11.4668834;45.6143151;0.0;Sdrucciolevole;Verticale;Neve;;;;;;;;;;;0;0;0;0
2020;Polizia Municipale;10;Domenica;Notte;ISOLA VICENTINA;SP 046 Pasubio;Rettilineo;VIA VICENZA, 6;11.4756142;45.6092976;0.0;Asciutto;Assente;Nebbia;;;;;;;;;;;0;0;0;0
2017;Polizia Municipale;9;Lunedì;Sera;ISOLA VICENTINA;SP 046 Pasubio;Rettilineo;VIA VICENZA, 6;11.4756142;45.6092976;0.0;Bagnato;Temporanea di cantiere;Pioggia;;;;;;;;;;;0;0;0;0
2018;Polizia Municipale;11;Domenica;Notte;THIENE;SP 349 Costo;Rettilineo;VIA CA' BEREGANE;11.4848971;45.6834578;100.0;Innevato;Assente;Neve;;;;;;;;;;;0;0;0;0
2015;Polizia Municipale;9;Mercoledì;Mattino;THIENE;SP 349 Costo;Rettilineo;VIA CA' BEREGANE;11.4848971;45.6834578;100.0;Bagnato;Assente;Altro;;;;;;;;;;;0;0;0;0
2023;Polizia Municipale;5;Martedì;Mattino;THIENE;SP 349 Costo;Rettilineo;VIA CA' BEREGANE, 6;11.4849376;45.6831684;99.0;Asciutto;Temporanea di cantiere;Vento forte;;;;;;;;;;;0;0;0;0
2022;Polizia Municipale;8;Martedì;Mattino;THIENE;SP 349 Costo;Rettilineo;VIA CA' BEREGANE, 6;11.4849376;45.6831684;99.0;Asciutto;Assente;Vento forte;;;;;;;;;;;0;0;0;0
2014;Carabiniere;7;Sabato;Sera;THIENE;SP 349 Costo;Intersezione segnalata;VIA SANTO;11.4885557;45.671597;0.0;Sdrucciolevole;Temporanea di cantiere;Pioggia;;;;;;;;;;;0;0;0;0
2016;Carabiniere;8;Lunedì;Notte;THIENE;SP 349 Costo;Intersezione segnalata;VIA SANTO;11.4885557;45.671597;0.0;Asciutto;Assente;Vento forte;;;;;;;;;;;0;0;0;0
2015;Carabiniere;9;Lunedì;Mattino;THIENE;SP 349 Costo;Intersezione segnalata;INT. VIA BRAGLIO;11.48862;45.671374;0.0;Bagnato;Assente;Nebbia;;;;;;;;;;;0;0;0;0
2023;Carabiniere;2;Mercoledì;Notte;THIENE;SP 349 Costo;Intersezione segnalata;INT. VIA BRAGLIO;11.48862;45.671374;0.0;Bagnato;Orizzontale;Sereno;;;;;;;;;;;0;0;0;0
2018;Polizia Municipale;2;Sabato;Sera;THIENE;SP 349 Costo;Incrocio;VIA SANTO VIA BRAGLIO;11.4886308;45.6713805;0.0;Sdrucciolevole;Verticale;Neve;;;;;;;;;;;0;0;0;0
2021;Polizia Municipale;5;Mercoledì;Pomeriggio;THIENE;SP 349 Costo;Incrocio;VIA SANTO VIA BRAGLIO;11.4886308;45.6713805;0.0;Asciutto;Temporanea di cantiere;Nebbia;;;;;;;;;;;0;0;0;0
2010;Polizia Municipale;3;Sabato;Mattino;CALDOGNO;SP 349 Costo;Intersezione segnalata;VIA PONTARON VIA FOGAZZARO;11.4913934;45.6195024;0.0;Innevato;Orizzontale;Neve;;;;;;;;;;;0;0;0;0
2011;Polizia Municipale;3;Martedì;Mattino;CALDOGNO;SP 349 Costo;Intersezione segnalata;VIA PONTARON VIA FOGAZZARO;11.4913934;45.6195024;0.0;Asciutto;Temporanea di cantiere;Nebbia;;;;;;;;;;;0;0;0;0
2019;Polizia Municipale;1;Martedì;Sera;VILLAVERLA;SP 349 Costo;Intersezione segnalata;VIA CAPOVILLA VIA S. SIMEONE;11.4926192;45.6591084;0.0;Ghiacciato;Temporanea di cantiere;Neve;;;;;;;;;;;0;0;0;0
2014;Polizia Municipale;10;Venerdì;Notte;VILLAVERLA;SP 349 Costo;Intersezione segnalata;VIA CAPOVILLA VIA S. SIMEONE;11.4926192;45.6591084;0.0;Bagnato;Orizzontale;Pioggia;;;;;;;;;;;0;0;0;0
2015;Carabiniere;1;Lunedì;Sera;VILLAVERLA;SP 349 Costo;Intersezione segnalata;VIA CAPOVILLA, 82;11.4926714;45.6590303;0.0;Sdrucciolevole;Verticale;Neve;;;;;;;;;;;0;0;0;0
2011;Carabiniere;11;Lunedì;Pomeriggio;VILLAVERLA;SP 349 Costo;Intersezione segnalata;VIA CAPOVILLA, 82;11.4926714;45.6590303;0.0;Bagnato;Temporanea di cantiere;Vento forte;;;;;;;;;;;0;0;0;0
2021;Polizia Municipale;4;Mercoledì;Mattino;VILLAVERLA;SP 349 Costo;Incrocio;VIA CAPOVILLA VIA DE GASPERI;11.4929008;45.6583501;0.0;Bagnato;Temporanea di cantiere;Vento forte;;;;;;;;;;;0;0;0;0
2010;Polizia Municipale;6;Domenica;Notte;VILLAVERLA;SP 349 Costo;Incrocio;VIA CAPOVILLA VIA DE GASPERI;11.4929008;45.6583501;0.0;Bagnato;Assente;Altro;;;;;;;;;;;0;0;0;0
2010;Polizia Municipale;10;Domenica;Mattino;COSTABISSARA;SP 349 Costo;Intersezione segnalata;VIA C. BATTISTI VIA PASUBIO;11.4933997;45.6039802;0.0;Sdrucciolevole;Temporanea di cantiere;Altro;;;;;;;;;;;0;0;0;0
2020;Polizia Municipale;3;Sabato;Notte;COSTABISSARA;SP 349 Costo;Intersezione segnalata;VIA C. BATTISTI VIA PASUBIO;11.4933997;45.6039802;0.0;Asciutto;Temporanea di cantiere;Nebbia;;;;;;;;;;;0;0;0;0
2021;Polizia Municipale;6;Martedì;Pomeriggio;COSTABISSARA;SP 046 Pasubio;Rettilineo;VIA PASUBIO, 64;11.494811;45.6004654;0.0;Asciutto;Orizzontale;Altro;;;;;;;;;;;0;0;0;0
2013;Polizia Municipale;2;Martedì;Sera;COSTABISSARA;SP 046 Pasubio;Rettilineo;VIA PASUBIO, 64;11.494811;45.6004654;0.0;Bagnato;Assente;Nebbia;;;;;;;;;;;0;0;0;0
2023;Polizia Municipale;1;Domenica;Pomeriggio;COSTABISSARA;SP 046 Pasubio;Rettilineo;STRADA PROVINCIALE 46 VIA A. DE GASPERI;11.4948803;45.600092;0.0;Sdrucciolevole;Orizzontale;Neve;;;;;;;;;;;0;0;0;0
2020;Polizia Municipale;4;Martedì;Notte;COSTABISSARA;SP 046 Pasubio;Rettilineo;STRADA PROVINCIALE 46 VIA A. DE GASPERI;11.4948803;45.600092;0.0;Asciutto;Temporanea di cantiere;Vento forte;;;;;;;;;;;0;0;0;0
2018;Polizia Municipale;12;Sabato;Notte;COSTABISSARA;SP 046 Pasubio;Rettilineo;VIA PASUBIO, 20;11.4961984;45.5966615;0.0;Asciutto;Temporanea di cantiere;Vento forte;;;;;;;;;;;0;0;0;0
2016;Polizia Municipale;7;Mercoledì;Sera;COSTABISSARA;SP 046 Pasubio;Rettilineo;VIA PASUBIO, 20;11.4961984;45.5966615;0.0;Sdrucciolevole;Assente;Pioggia;;;;;;;;;;;0;0;0;0
2023;Polizia Municipale;12;Lunedì;Sera;ASIAGO;SP 349 Costo;Intersezione segnalata;VIA BARACCA VIA GAIGA;11.4965916;45.869035;0.0;Bagnato;Assente;Nebbia;;;;;;;;;;;0;0;0;0
2019;Polizia Municipale;12;Domenica;Sera;ASIAGO;SP 349 Costo;Intersezione segnalata;VIA BARACCA VIA GAIGA;11.4965916;45.869035;0.0;Sdrucciolevole;Orizzontale;Altro;;;;;;;;;;;0;0;0;0
2011;Polizia Municipale;4;Giovedì;Pomeriggio;COSTABISSARA;SP 046 Pasubio;Rettilineo;STRADA PROVINCIALE 46 VIA MONTE GRAPPA;11.4975491;45.5921645;0.0;Bagnato;Assente;Altro;;;;;;;;;;;0;0;0;0
2022;Polizia Municipale;6;Mercoledì;Mattino;COSTABISSARA;SP 046 Pasubio;Rettilineo;STRADA PROVINCIALE 46 VIA MONTE GRAPPA;11.4975491;45.5921645;0.0;Asciutto;Assente;Nebbia;;;;;;;;;;;0;0;0;0
2010;Carabiniere;12;Martedì;Notte;ASIAGO;SP 349 Costo;Rettilineo;VIA VERDI, 0;11.500293;45.8713956;63.3;Sdrucciolevole;Assente;Pioggia;;;;;;;;;;;0;0;0;0
2023;Carabiniere;6;Martedì;Sera;ASIAGO;SP 349 Costo;Rettilineo;VIA VERDI, 0;11.500293;45.8713956;63.3;Bagnato;Orizzontale;Pioggia;;;;;;;;;;;0;0;0;0
2013;Polizia Municipale;4;Giovedì;Pomeriggio;VICENZA;SP 046 rac Pasubio Raccordo del Sole;Intersezione con semaforo o vigile;SOLE  CATTANE;11.5091658;45.5470255;0.0;Asciutto;Verticale;Sereno;;;;;;;;;;;0;0;0;0
2015;Polizia Municipale;2;Martedì;Pomeriggio;VICENZA;SP 046 rac Pasubio Raccordo del Sole;Intersezione con semaforo o vigile;SOLE  CATTANE;11.5091658;45.5470255;0.0;Sdrucciolevole;Verticale;Neve;;;;;;;;;;;0;0;0;0
2015;Polizia Municipale;2;Giovedì;Sera;VICENZA;SP 046 rac Pasubio Raccordo del Sole;Intersezione con semaforo o vigile;SOLE  CATTANE;11.5091658;45.5469955;0.0;Innevato;Verticale;Neve;;;;;;;;;;;0;0;0;0
2014;Polizia Municipale;11;Venerdì;Sera;VICENZA;SP 046 rac Pasubio Raccordo del Sole;Intersezione con semaforo o vigile;SOLE  CATTANE;11.5091658;45.5469955;0.0;Bagnato;Verticale;Nebbia;;;;;;;;;;;0;0;0;0
2017;Polizia Municipale;5;Venerdì;Pomeriggio;VICENZA;SP 046 rac Pasubio Raccordo del Sole;Intersezione con semaforo o vigile;CATTANE SOLE;11.5092516;45.5470556;0.0;Bagnato;Orizzontale;Vento forte;;;;;;;;;;;0;0;0;0
2015;Polizia Municipale;3;Sabato;Sera;VICENZA;SP 046 rac Pasubio Raccordo del Sole;Intersezione con semaforo o vigile;CATTANE SOLE;11.5092516;45.5470556;0.0;Innevato;Orizzontale;Neve;;;;;;;;;;;0;0;0;0
2011;Carabiniere;7;Domenica;Mattino;VICENZA;SP 046 rac Pasubio Raccordo del Sole;Incrocio;STRADA CATTANE VIA DEL SOLE;11.509257;45.5469992;0.0;Bagnato;Verticale;Altro;;;;;;;;;;;0;0;0;0
2015;Carabiniere;8;Mercoledì;Notte;VICENZA;SP 046 rac Pasubio Raccordo del Sole;Incrocio;STRADA CATTANE VIA DEL SOLE;11.509257;45.5469992;0.0;Bagnato;Orizzontale;Altro;;;;;;;;;;;0;0;0;0
2010;Polizia Municipale;4;Martedì;Pomeriggio;VICENZA;SP 046 rac Pasubio Raccordo del Sole;Intersezione con semaforo o vigile;SOLE  CATTANE;11.5092677;45.5469936;0.0;Bagnato;Temporanea di cantiere;Pioggia;;;;;;;;;;;0;0;0;0
2011;Polizia Municipale;4;Martedì;Sera;VICENZA;SP 046 rac Pasubio Raccordo del Sole;Intersezione con semaforo o vigile;SOLE  CATTANE;11.5092677;45.5469936;0.0;Asciutto;Assente;Nebbia;;;;;;;;;;;0;0;0;0
2019;Polizia Municipale;3;Venerdì;Sera;VICENZA;SP 046 rac Pasubio Raccordo del Sole;Rettilineo;SOLE 21;11.5155272;45.5521684;0.0;Asciutto;Temporanea di cantiere;Nebbia;;;;;;;;;;;0;0;0;0
2022;Polizia Municipale;8;Venerdì;Pomeriggio;VICENZA;SP 046 rac Pasubio Raccordo del Sole;Rettilineo;SOLE 21;11.5155272;45.5521684;0.0;Sdrucciolevole;Verticale;Altro;;;;;;;;;;;0;0;0;0
2020;Polizia Municipale;1;Mercoledì;Pomeriggio;VICENZA;SP 046 rac Pasubio Raccordo del Sole;Intersezione con semaforo o vigile;SOLE  GRANATIERI DI SARDEGNA;11.518414;45.5548016;0.0;Ghiacciato;Temporanea di cantiere;Neve;;;;;;;;;;;0;0;0;0
2011;Polizia Municipale;11;Domenica;Sera;VICENZA;SP 046 rac Pasubio Raccordo del Sole;Intersezione con semaforo o vigile;SOLE  GRANATIERI DI SARDEGNA;11.518414;45.5548016;0.0;Asciutto;Temporanea di cantiere;Vento forte;;;;;;;;;;;0;0;0;0
2017;Polizia Stradale;8;Lunedì;Sera;VICENZA;SP 046 rac Pasubio Raccordo del Sole;Incrocio;V.LE DEL SOLE/V. BGT. GRANATIERI SARDEGNA;11.5184964;45.5547616;0.0;Asciutto;Orizzontale;Vento forte;;;;;;;;;;;0;0;0;0
2012;Polizia Stradale;12;Sabato;Pomeriggio;VICENZA;SP 046 rac Pasubio Raccordo del Sole;Incrocio;V.LE DEL SOLE/V. BGT. GRANATIERI SARDEGNA;11.5184964;45.5547616;0.0;Asciutto;Temporanea di cantiere;Altro;;;;;;;;;;;0;0;0;0
2014;Carabiniere;8;Domenica;Notte;VICENZA;SP 046 rac Pasubio Raccordo del Sole;Incrocio;VIA GRANATIERI DI SARDEGNA VIA DEL SOLE;11.5185159;45.5547979;0.0;Sdrucciolevole;Orizzontale;Altro;;;;;;;;;;;0;0;0;0
2023;Carabiniere;10;Venerdì;Pomeriggio;VICENZA;SP 046 rac Pasubio Raccordo del Sole;Incrocio;VIA GRANATIERI DI SARDEGNA VIA DEL SOLE;11.5185159;45.5547979;0.0;Asciutto;Verticale;Sereno;;;;;;;;;;;0;0;0;0
2023;Polizia Municipale;4;Mercoledì;Mattino;VICENZA;SP 046 rac Pasubio Raccordo del Sole;Intersezione con semaforo o vigile;GRANATIERI DI SARDEGNA  SOLE;11.518591;45.5547753;0.0;Bagnato;Assente;Altro;;;;;;;;;;;0;0;0;0
2013;Polizia Municipale;2;Venerdì;Sera;VICENZA;SP 046 rac Pasubio Raccordo del Sole;Intersezione con semaforo o vigile;GRANATIERI DI SARDEGNA  SOLE;11.518591;45.5547753;0.0;Bagnato;Verticale;Vento forte;;;;;;;;;;;0;0;0;0
2021;Polizia Municipale;6;Mercoledì;Notte;VALLI DEL PASUBIO;SP 046 Pasubio;Intersezione segnalata;S.P. 46 DEL PASUBIO INCROCIO VAL MASO;11.2347651;45.7494384;0.0;Sdrucciolevole;Assente;Pioggia;;;;;;;;;;;0;0;0;0
2015;Polizia Municipale;1;Domenica;Pomeriggio;VALLI DEL PASUBIO;SP 046 Pasubio;Intersezione segnalata;S.P. 46 DEL PASUBIO INCROCIO VAL MASO;11.2347651;45.7494384;0.0;Bagnato;Temporanea di cantiere;Nebbia;;;;;;;;;;;0;0;0;0
2020;Polizia Municipale;8;Domenica;Pomeriggio;VALLI DEL PASUBIO;SP 046 Pasubio;Rettilineo;VIA GISBENTI NEI PRSSI STABILIMENTO RAUMER;11.243434;45.7437483;0.0;Bagnato;Temporanea di cantiere;Vento forte;;;;;;;;;;;0;0;0;0
2015;Polizia Municipale;10;Domenica;Pomeriggio;VALLI DEL PASUBIO;SP 046 Pasubio;Rettilineo;VIA GISBENTI NEI PRSSI STABILIMENTO RAUMER;11.243434;45.7437483;0.0;Asciutto;Assente;Vento forte;;;;;;;;;;;0;0;0;0
2022;Polizia Municipale;3;Venerdì;Notte;VALLI DEL PASUBIO;SP 046 Pasubio;Incrocio;VIA BRANDELLERO INCROCIO VIA PADRE GIULIANI;11.262306;45.7400569;0.0;Asciutto;Verticale;Sereno;;;;;;;;;;;0;0;0;0
2017;Polizia Municipale;2;Domenica;Pomeriggio;VALLI DEL PASUBIO;SP 046 Pasubio;Incrocio;VIA BRANDELLERO INCROCIO VIA PADRE GIULIANI;11.262306;45.7400569;0.0;Innevato;Orizzontale;Neve;;;;;;;;;;;0;0;0;0
2019;Polizia Municipale;8;Mercoledì;Notte;ARSIERO;SP 350 Val d'Astico;Rettilineo;VIA DEI LONGHI, 4 E 2;11.361652;45.8042241;0.0;Bagnato;Orizzontale;Vento forte;;;;;;;;;;;0;0;0;0
2020;Polizia Municipale;5;Giovedì;Pomeriggio;ARSIERO;SP 350 Val d'Astico;Rettilineo;VIA DEI LONGHI, 4 E 2;11.361652;45.8042241;0.0;Bagnato;Orizzontale;Altro;;;;;;;;;;;0;0;0;0
2015;Carabiniere;6;Domenica;Mattino;ARSIERO;SP 350 Val d'Astico;Rettilineo;SCALINI, 0;11.3673542;45.8243251;44.0;Bagnato;Temporanea di cantiere;Vento forte;;;;;;;;;;;0;0;0;0
2019;Carabiniere;3;Domenica;Sera;ARSIERO;SP 350 Val d'Astico;Rettilineo;SCALINI, 0;11.3673542;45.8243251;44.0;Sdrucciolevole;Orizzontale;Altro;;;;;;;;;;;0;0;0;0
2021;Polizia Municipale;6;Venerdì;Pomeriggio;SCHIO;SP 350 Val d'Astico;Rettilineo;VIALE SS.TRINITA' ALTEZZA PONTE SUL TIMONCHIO;11.3725723;45.7286719;0.0;Bagnato;Temporanea di cantiere;Nebbia;;;;;;;;;;;0;0;0;0
2017;Polizia Municipale;5;Domenica;Notte;SCHIO;SP 350 Val d'Astico;Rettilineo;VIALE SS.TRINITA' ALTEZZA PONTE SUL TIMONCHIO;11.3725723;45.7286719;0.0;Sdrucciolevole;Temporanea di cantiere;Pioggia;;;;;;;;;;;0;0;0;0
2019;Polizia Municipale;11;Giovedì;Sera;SANTORSO;SP 350 Val d'Astico;Incrocio;VIA IV NOVEMBRE INCROCIO VIA DELLE ARZARE;11.3769671;45.729834;0.0;Sdrucciolevole;Assente;Pioggia;;;;;;;;;;;0;0;0;0
2013;Polizia Municipale;11;Venerdì;Mattino;SANTORSO;SP 350 Val d'Astico;Incrocio;VIA IV NOVEMBRE INCROCIO VIA DELLE ARZARE;11.3769671;45.729834;0.0;Asciutto;Assente;Nebbia;;;;;;;;;;;0;0;0;0
2010;Polizia Municipale;1;Sabato;Notte;SAN VITO DI LEGUZZANO;SP 046 Pasubio;Incrocio;VIA MARTIRI DELLA LIBERTA' INCROCIO VIA DEL BELLO;11.3803446;45.6854553;0.0;Asciutto;Temporanea di cantiere;Sereno;;;;;;;;;;;0;0;0;0
2023;Polizia Municipale;6;Martedì;Pomeriggio;SAN VITO DI LEGUZZANO;SP 046 Pasubio;Incrocio;VIA MARTIRI DELLA LIBERTA' INCROCIO VIA DEL BELLO;11.3803446;45.6854553;0.0;Asciutto;Orizzontale;Sereno;;;;;;;;;;;0;0;0;0
2023;Polizia Municipale;11;Lunedì;Pomeriggio;SCHIO;SP 046 Pasubio;Rettilineo;LOCALITA' PONTE D'ORO INT. M. COMONE DI S.VITO LEGUZZANO;11.3852692;45.6963485;0.0;Asciutto;Temporanea di cantiere;Nebbia;;;;;;;;;;;0;0;0;0
2014;Polizia Municipale;12;Lunedì;Mattino;SCHIO;SP 046 Pasubio;Rettilineo;LOCALITA' PONTE D'ORO INT. M. COMONE DI S.VITO LEGUZZANO;11.3852692;45.6963485;0.0;Ghiacciato;Assente;Neve;;;;;;;;;;;0;0;0;0
2022;Polizia Municipale;3;Sabato;Sera;ASIAGO;SP 349 Costo;Curva;LOC. TERMINE, 0;11.3938103;45.9501902;46.3;Innevato;Verticale;Neve;;;;;;;;;;;0;0;0;0
2018;Polizia Municipale;8;Martedì;Notte;ASIAGO;SP 349 Costo;Curva;LOC. TERMINE, 0;11.3938103;45.9501902;46.3;Asciutto;Orizzontale;Vento forte;;;;;;;;;;;0;0;0;0
2014;Polizia Stradale;4;Mercoledì;Notte;SAN VITO DI LEGUZZANO;SP 046 Pasubio;Rotatoria;STRADA PROVINCIALE 46 VIA KENNEDY;11.3941848;45.6892065;21.3;Asciutto;Orizzontale;Altro;;;;;;;;;;;0;0;0;0
2010;Polizia Stradale;4;Venerdì;Mattino;SAN VITO DI LEGUZZANO;SP 046 Pasubio;Rotatoria;STRADA PROVINCIALE 46 VIA KENNEDY;11.3941848;45.6892065;21.3;Asciutto;Verticale;Altro;;;;;;;;;;;0;0;0;0
2016;Polizia Municipale;2;Lunedì;Mattino;MALO;SP 046 Pasubio;Rotatoria;VIA SCHIO INTERSEZIONE VIA THIENE;11.402843;45.6771614;0.0;Ghiacciato;Verticale;Neve;;;;;;;;;;;0;0;0;0
2013;Polizia Municipale;9;Giovedì;Sera;MALO;SP 046 Pasubio;Rotatoria;VIA SCHIO INTERSEZIONE VIA THIENE;11.402843;45.6771614;0.0;Bagnato;Verticale;Altro;;;;;;;;;;;0;0;0;0
2012;Polizia Municipale;6;Mercoledì;Sera;MALO;SP 046 Pasubio;Rotatoria;VIA SCHIO VIA BRANDELLERO VIA PASUBIO;11.4067054;45.6663057;0.0;Sdrucciolevole;Orizzontale;Pioggia;;;;;;;;;;;0;0;0;0
2014;Polizia Municipale;8;Lunedì;Pomeriggio;MALO;SP 046 Pasubio;Rotatoria;VIA SCHIO VIA BRANDELLERO VIA PASUBIO;11.4067054;45.6663057;0.0;Asciutto;Temporanea di cantiere;Sereno;;;;;;;;;;;0;0;0;0
2010;Polizia Municipale;2;Lunedì;Pomeriggio;MALO;SP 046 Pasubio;Rettilineo;VIA PASUBIO, 0;11.4091651;45.6635615;16.66;Bagnato;Temporanea di cantiere;Altro;;;;;;;;;;;0;0;0;0
2010;Polizia Municipale;1;Mercoledì;Sera;MALO;SP 046 Pasubio;Rettilineo;VIA PASUBIO, 0;11.4091651;45.6635615;16.66;Asciutto;Assente;Sereno;;;;;;;;;;;0;0;0;0
2017;Polizia Stradale;4;Giovedì;Mattino;COGOLLO DEL CENGIO;SP 350 Val d'Astico;Intersezione con semaforo o vigile;STRADA PROVINCIALE SP 350 VAL D'ASTICO VIA GRANATIERI DI ;11.409976;45.7897768;51.9;Bagnato;Assente;Altro;;;;;;;;;;;0;0;0;0
2018;Polizia Stradale;2;Sabato;Pomeriggio;COGOLLO DEL CENGIO;SP 350 Val d'Astico;Intersezione con semaforo o vigile;STRADA PROVINCIALE SP 350 VAL D'ASTICO VIA GRANATIERI DI ;11.409976;45.7897768;51.9;Bagnato;Assente;Sereno;;;;;;;;;;;0;0;0;0
2012;Carabiniere;6;Lunedì;Mattino;MALO;SP 046 Pasubio;Rettilineo;SP46, 37;11.4122;45.66067;0.0;Sdrucciolevole;Orizzontale;Altro;;;;;;;;;;;0;0;0;0
2012;Carabiniere;5;Domenica;Mattino;MALO;SP 046 Pasubio;Rettilineo;SP46, 37;11.4122;45.66067;0.0;Asciutto;Assente;Nebbia;;;;;;;;;;;0;0;0;0
2010;Polizia Municipale;2;Domenica;Sera;MALO;SP 046 Pasubio;Rettilineo;VIA PASUBIO, 87;11.4148486;45.6579227;16.71;Bagnato;Orizzontale;Nebbia;;;;;;;;;;;0;0;0;0
2015;Polizia Municipale;4;Venerdì;Sera;MALO;SP 046 Pasubio;Rettilineo;VIA PASUBIO, 87;11.4148486;45.6579227;16.71;Asciutto;Verticale;Nebbia;;;;;;;;;;;0;0;0;0
2013;Polizia Municipale;7;Mercoledì;Mattino;MALO;SP 046 Pasubio;Rettilineo;MALO VIA PASUBIO SP.46;11.4149129;45.6578177;16.713;Bagnato;Temporanea di cantiere;Nebbia;;;;;;;;;;;0;0;0;0
2022;Polizia Municipale;6;Martedì;Mattino;MALO;SP 046 Pasubio;Rettilineo;MALO VIA PASUBIO SP.46;11.4149129;45.6578177;16.713;Sdrucciolevole;Assente;Pioggia;;;;;;;;;;;0;0;0;0
2023;Polizia Stradale;3;Venerdì;Notte;MALO;SP 046 Pasubio;Intersezione con semaforo o vigile;STRADA PROVINCIALE INTERSEZIONE VIA SAN GIOVANNI, VIA CA';11.418196;45.6539932;12.3;Asciutto;Orizzontale;Vento forte;;;;;;;;;;;0;0;0;0
2012;Polizia Stradale;9;Mercoledì;Sera;MALO;SP 046 Pasubio;Intersezione con semaforo o vigile;STRADA PROVINCIALE INTERSEZIONE VIA SAN GIOVANNI, VIA CA';11.418196;45.6539932;12.3;Bagnato;Assente;Nebbia;;;;;;;;;;;0;0;0;0
2022;Carabiniere;1;Domenica;Notte;COGOLLO DEL CENGIO;SP 349 Costo;Rettilineo;VIA SECONDA COSTO AL KM. 74.1;11.42652;45.81024;74.001;Bagnato;Verticale;Pioggia;;;;;;;;;;;0;0;0;0
2012;Carabiniere;1;Domenica;Sera;COGOLLO DEL CENGIO;SP 349 Costo;Rettilineo;VIA SECONDA COSTO AL KM. 74.1;11.42652;45.81024;74.001;Sdrucciolevole;Temporanea di cantiere;Pioggia;;;;;;;;;;;0;0;0;0
2017;Polizia Municipale;2;Mercoledì;Sera;PIOVENE ROCCHETTE;SP 350 Val d'Astico;Rettilineo;VIA MONTE PASUBIO, 73;11.4269468;45.7498684;0.0;Asciutto;Temporanea di cantiere;Nebbia;;;;;;;;;;;0;0;0;0
2013;Polizia Municipale;1;Giovedì;Sera;PIOVENE ROCCHETTE;SP 350 Val d'Astico;Rettilineo;VIA MONTE PASUBIO, 73;11.4269468;45.7498684;0.0;Bagnato;Temporanea di cantiere;Altro;;;;;;;;;;;0;0;0;0
2020;Polizia Municipale;11;Lunedì;Pomeriggio;PIOVENE ROCCHETTE;SP 350 Val d'Astico;Rotatoria;VIA LIBERTA' INCROCIO VIA MONTE PASUBIO;11.4288712;45.7516319;0.0;Asciutto;Orizzontale;Nebbia;;;;;;;;;;;0;0;0;0
2017;Polizia Municipale;12;Venerdì;Pomeriggio;PIOVENE ROCCHETTE;SP 350 Val d'Astico;Rotatoria;VIA LIBERTA' INCROCIO VIA MONTE PASUBIO;11.4288712;45.7516319;0.0;Bagnato;Temporanea di cantiere;Pioggia;;;;;;;;;;;0;0;0;0
2015;Polizia Municipale;1;Giovedì;Pomeriggio;PIOVENE ROCCHETTE;SP 349 Costo;Rotatoria;VIA LIBERTA' INCROCIO VIA MONTE PASUBIO;11.4293023;45.7525323;0.0;Sdrucciolevole;Assente;Altro;;;;;;;;;;;0;0;0;0
2011;Polizia Municipale;10;Martedì;Mattino;PIOVENE ROCCHETTE;SP 349 Costo;Rotatoria;VIA LIBERTA' INCROCIO VIA MONTE PASUBIO;11.4293023;45.7525323;0.0;Bagnato;Assente;Pioggia;;;;;;;;;;;0;0;0;0
2014;Carabiniere;2;Giovedì;Notte;PIOVENE ROCCHETTE;SP 350 Val d'Astico;Intersezione segnalata;VIA ALESSANDRO ROSSI INCROCIO VIA GENERALE DALLA CHIESA;11.4312744;45.7663629;0.0;Sdrucciolevole;Verticale;Neve;;;;;;;;;;;0;0;0;0
2015;Carabiniere;5;Domenica;Sera;PIOVENE ROCCHETTE;SP 350 Val d'Astico;Intersezione segnalata;VIA ALESSANDRO ROSSI INCROCIO VIA GENERALE DALLA CHIESA;11.4312744;45.7663629;0.0;Asciutto;Assente;Sereno;;;;;;;;;;;0;0;0;0
2019;Polizia Municipale;3;Sabato;Sera;PIOVENE ROCCHETTE;SP 350 Val d'Astico;Incrocio;VIA GIACOMO ZANELLA INCROCIO VIA ROMA;11.4336348;45.7637808;0.0;Ghiacciato;Verticale;Neve;;;;;;;;;;;0;0;0;0
2012;Polizia Municipale;11;Martedì;Notte;PIOVENE ROCCHETTE;SP 350 Val d'Astico;Incrocio;VIA GIACOMO ZANELLA INCROCIO VIA ROMA;11.4336348;45.7637808;0.0;Bagnato;Assente;Pioggia;;;;;;;;;;;0;0;0;0
2019;Carabiniere;9;Domenica;Notte;MARANO VICENTINO;SP 349 var Costo Variante;Rettilineo;STRADA VICINALE CAPEZZAGNA AL KM. 1.6;11.4382766;45.7123815;1.006;Asciutto;Verticale;Vento forte;;;;;;;;;;;0;0;0;0
2013;Carabiniere;3;Domenica;Pomeriggio;MARANO VICENTINO;SP 349 var Costo Variante;Rettilineo;STRADA VICINALE CAPEZZAGNA AL KM. 1.6;11.4382766;45.7123815;1.006;Innevato;Assente;Neve;;;;;;;;;;;0;0;0;0
2018;Polizia Municipale;1;Sabato;Notte;PIOVENE ROCCHETTE;SP 349 Costo;Rotatoria;VIA GORIZIA INCROCIO VIA DANTE ALIGHIERI;11.4382861;45.7575018;0.0;Ghiacciato;Temporanea di cantiere;Neve;;;;;;;;;;;0;0;0;0
2015;Polizia Municipale;11;Venerdì;Notte;PIOVENE ROCCHETTE;SP 349 Costo;Rotatoria;VIA GORIZIA INCROCIO VIA DANTE ALIGHIERI;11.4382861;45.7575018;0.0;Asciutto;Temporanea di cantiere;Altro;;;;;;;;;;;0;0;0;0
2010;Polizia Municipale;9;Venerdì;Sera;PIOVENE ROCCHETTE;SP 350 Val d'Astico;Intersezione segnalata;VIA TRIESTE INCROCIO VIA CURTOLINI;11.438452;45.7610488;0.0;Bagnato;Assente;Pioggia;;;;;;;;;;;0;0;0;0
2023;Polizia Municipale;8;Giovedì;Notte;PIOVENE ROCCHETTE;SP 350 Val d'Astico;Intersezione segnalata;VIA TRIESTE INCROCIO VIA CURTOLINI;11.438452;45.7610488;0.0;Bagnato;Assente;Pioggia;;;;;;;;;;;0;0;0;0
2013;Polizia Municipale;2;Giovedì;Pomeriggio;PIOVENE ROCCHETTE;SP 350 Val d'Astico;Incrocio;VIA CURTOLINI INCROCIO VIA TRIESTE;11.4384949;45.7610862;0.0;Asciutto;Verticale;Sereno;;;;;;;;;;;0;0;0;0
2012;Polizia Municipale;8;Venerdì;Sera;PIOVENE ROCCHETTE;SP 350 Val d'Astico;Incrocio;VIA CURTOLINI INCROCIO VIA TRIESTE;11.4384949;45.7610862;0.0;Bagnato;Orizzontale;Pioggia;;;;;;;;;;;0;0;0;0
2020;Polizia Municipale;7;Giovedì;Sera;ISOLA VICENTINA;SP 046 Pasubio;Rettilineo;VIA MARCONI, 80;11.4422715;45.6291123;0.0;Bagnato;Orizzontale;Vento forte;;;;;;;;;;;0;0;0;0
2012;Polizia Municipale;12;Sabato;Pomeriggio;ISOLA VICENTINA;SP 046 Pasubio;Rettilineo;VIA MARCONI, 80;11.4422715;45.6291123;0.0;Bagnato;Temporanea di cantiere;Vento forte;;;;;;;;;;;0;0;0;0
2021;Polizia Municipale;1;Sabato;Sera;ZANE';SP 349 Costo;Rettilineo;VIA MANZONI;11.4565462;45.7170833;95.0;Asciutto;Orizzontale;Altro;;;;;;;;;;;0;0;0;0
2020;Polizia Municipale;2;Lunedì;Sera;ZANE';SP 349 Costo;Rettilineo;VIA MANZONI;11.4565462;45.7170833;95.0;Bagnato;Orizzontale;Nebbia;;;;;;;;;;;0;0;0;0
2012;Polizia Municipale;6;Sabato;Pomeriggio;ISOLA VICENTINA;SP 046 Pasubio;Rettilineo;VIA EUROPA S.S. 46 DEL PASUBIO;11.459105;45.6208333;0.0;Asciutto;Orizzontale;Sereno;;;;;;;;;;;0;0;0;0
2022;Polizia Municipale;3;Lunedì;Pomeriggio;ISOLA VICENTINA;SP 046 Pasubio;Rettilineo;VIA EUROPA S.S. 46 DEL PASUBIO;11.459105;45.6208333;0.0;Sdrucciolevole;Verticale;Pioggia;;;;;;;;;;;0;0;0;0
2016;Polizia Municipale;5;Lunedì;Sera;ROANA;SP 349 Costo;Rettilineo;VIA ROMA (ALBERGO TOI);11.4744258;45.8647766;65.5;Bagnato;Temporanea di cantiere;Pioggia;;;;;;;;;;;0;0;0;0
2015;Polizia Municipale;5;Venerdì;Notte;ROANA;SP 349 Costo;Rettilineo;VIA ROMA (ALBERGO TOI);11.4744258;45.8647766;65.5;Bagnato;Temporanea di cantiere;Altro;;;;;;;;;;;0;0;0;0
2020;Polizia Municipale;1;Lunedì;Sera;THIENE;SP 349 Costo;Incrocio;VIA CA' BEREGANE VIA LAMPERTICO;11.4845645;45.6844622;0.0;Ghiacciato;Orizzontale;Neve;;;;;;;;;;;0;0;0;0
2019;Polizia Municipale;11;Lunedì;Pomeriggio;THIENE;SP 349 Costo;Incrocio;VIA CA' BEREGANE VIA LAMPERTICO;11.4845645;45.6844622;0.0;Bagnato;Verticale;Sereno;;;;;;;;;;;0;0;0;0
2012;Polizia Municipale;11;Venerdì;Sera;THIENE;SP 349 Costo;Incrocio;VIA CA' BEREGANE VIA LAMPERTICO;11.4846262;45.6843386;0.0;Innevato;Orizzontale;Neve;;;;;;;;;;;0;0;0;0
2023;Polizia Municipale;12;Sabato;Pomeriggio;THIENE;SP 349 Costo;Incrocio;VIA CA' BEREGANE VIA LAMPERTICO;11.4846262;45.6843386;0.0;Asciutto;Temporanea di cantiere;Sereno;;;;;;;;;;;0;0;0;0
2015;Polizia Municipale;8;Martedì;Mattino;THIENE;SP 349 Costo;Incrocio;VIA SANTO VIA DON ZIGLIOTTO;11.4876196;45.6747513;0.0;Sdrucciolevole;Orizzontale;Altro;;;;;;;;;;;0;0;0;0
2015;Polizia Municipale;1;Sabato;Notte;THIENE;SP 349 Costo;Incrocio;VIA SANTO VIA DON ZIGLIOTTO;11.4876196;45.6747513;0.0;Sdrucciolevole;Temporanea di cantiere;Neve;;;;;;;;;;;0;0;0;0
2016;Polizia Municipale;1;Domenica;Notte;CALDOGNO;SP 349 Costo;Rotatoria;VIA PONTARON VIA POMAROLI;11.4921069;45.6323759;0.0;Ghiacciato;Orizzontale;Neve;;;;;;;;;;;0;0;0;0
2020;Polizia Municipale;5;Domenica;Mattino;CALDOGNO;SP 349 Costo;Rotatoria;VIA PONTARON VIA POMAROLI;11.4921069;45.6323759;0.0;Asciutto;Assente;Nebbia;;;;;;;;;;;0;0;0;0
2014;Polizia Municipale;1;Domenica;Pomeriggio;CALDOGNO;SP 349 Costo;Rotatoria;VIA PONTARON VIA POMAROLI;11.4921284;45.6323759;0.0;Sdrucciolevole;Temporanea di cantiere;Pioggia;;;;;;;;;;;0;0;0;0
2016;Polizia Municipale;2;Giovedì;Sera;CALDOGNO;SP 349 Costo;Rotatoria;VIA PONTARON VIA POMAROLI;11.4921284;45.6323759;0.0;Bagnato;Verticale;Pioggia;;;;;;;;;;;0;0;0;0
2012;Polizia Municipale;6;Lunedì;Notte;VILLAVERLA;SP 349 Costo;Rotatoria;VIA ROMA VIA GRASSURE;11.4927981;45.6438503;0.0;Asciutto;Orizzontale;Nebbia;;;;;;;;;;;0;0;0;0
2016;Polizia Municipale;1;Mercoledì;Notte;VILLAVERLA;SP 349 Costo;Rotatoria;VIA ROMA VIA GRASSURE;11.4927981;45.6438503;0.0;Innevato;Assente;Neve;;;;;;;;;;;0;0;0;0
2023;Polizia Municipale;2;Mercoledì;Sera;COSTABISSARA;SP 349 Costo;Rettilineo;VIA C. BATTISTI VIA MONTE ORTIGARA;11.4933413;45.6041924;0.0;Asciutto;Temporanea di cantiere;Sereno;;;;;;;;;;;0;0;0;0
2013;Polizia Municipale;2;Mercoledì;Notte;COSTABISSARA;SP 349 Costo;Rettilineo;VIA C. BATTISTI VIA MONTE ORTIGARA;11.4933413;45.6041924;0.0;Bagnato;Orizzontale;Nebbia;;;;;;;;;;;0;0;0;0
2022;Carabiniere;4;Giovedì;Pomeriggio;VILLAVERLA;SP 349 Costo;Rettilineo;VIA PIETRO TREVISAN INCROCIO VIA CAPOVILLA - ATTRAVERSAME;11.49379;45.65594;0.0;Sdrucciolevole;Assente;Pioggia;;;;;;;;;;;0;0;0;0
2014;Carabiniere;12;Lunedì;Sera;VILLAVERLA;SP 349 Costo;Rettilineo;VIA PIETRO TREVISAN INCROCIO VIA CAPOVILLA - ATTRAVERSAME;11.49379;45.65594;0.0;Bagnato;Assente;Altro;;;;;;;;;;;0;0;0;0
2014;Polizia Municipale;12;Mercoledì;Sera;COSTABISSARA;SP 046 Pasubio;Intersezione segnalata;STRADA PROVINCIALE 46 VIA C. BATTISTI;11.4938021;45.6028393;0.0;Asciutto;Orizzontale;Nebbia;;;;;;;;;;;0;0;0;0
2020;Polizia Municipale;11;Martedì;Mattino;COSTABISSARA;SP 046 Pasubio;Intersezione segnalata;STRADA PROVINCIALE 46 VIA C. BATTISTI;11.4938021;45.6028393;0.0;Bagnato;Temporanea di cantiere;Sereno;;;;;;;;;;;0;0;0;0
2013;Polizia Municipale;11;Venerdì;Notte;VILLAVERLA;SP 349 Costo;Rettilineo;PIAZZA DEL POPOLO, 32;11.493981;45.650717;0.0;Innevato;Assente;Neve;;;;;;;;;;;0;0;0;0
2017;Polizia Municipale;8;Giovedì;Sera;VILLAVERLA;SP 349 Costo;Rettilineo;PIAZZA DEL POPOLO, 32;11.493981;45.650717;0.0;Bagnato;Orizzontale;Altro;;;;;;;;;;;0;0;0;0
2015;Polizia Stradale;11;Domenica;Pomeriggio;VILLAVERLA;SP 349 Costo;Intersezione segnalata;STRADA PROVINCIALE 349 VIA S.ANTONIO;11.4944029;45.6537457;103.2;Bagnato;Assente;Altro;;;;;;;;;;;0;0;0;0
2018;Polizia Stradale;3;Lunedì;Mattino;VILLAVERLA;SP 349 Costo;Intersezione segnalata;STRADA PROVINCIALE 349 VIA S.ANTONIO;11.4944029;45.6537457;103.2;Asciutto;Assente;Vento forte;;;;;;;;;;;0;0;0;0
2011;Polizia Municipale;9;Sabato;Mattino;COSTABISSARA;SP 046 Pasubio;Dosso;VIA PASUBIO, 12/O;11.4971047;45.5934608;0.0;Sdrucciolevole;Assente;Pioggia;;;;;;;;;;;0;0;0;0
2019;Polizia Municipale;3;Sabato;Notte;COSTABISSARA;SP 046 Pasubio;Dosso;VIA PASUBIO, 12/O;11.4971047;45.5934608;0.0;Bagnato;Orizzontale;Altro;;;;;;;;;;;0;0;0;0
2019;Polizia Municipale;11;Domenica;Pomeriggio;VICENZA;SP 046 rac Pasubio Raccordo del Sole;Intersezione segnalata;VIALE DEL SOLE INCROCIO VIALE DEL SOLE RACCORDO NORD EST;11.50812;45.53822;0.0;Bagnato;Temporanea di cantiere;Pioggia;;;;;;;;;;;0;0;0;0
2017;Polizia Municipale;5;Venerdì;Sera;VICENZA;SP 046 rac Pasubio Raccordo del Sole;Intersezione segnalata;VIALE DEL SOLE INCROCIO VIALE DEL SOLE RACCORDO NORD EST;11.50812;45.53822;0.0;Sdrucciolevole;Assente;Altro;;;;;;;;;;;0;0;0;0
2012;Polizia Municipale;4;Domenica;Pomeriggio;VICENZA;SP 046 rac Pasubio Raccordo del Sole;Dosso;VIALE DEL SOLE CAREGGIATA DA CATTANE VERSO AUTOSTRADA;11.5085167;45.5426599;0.0;Bagnato;Assente;Pioggia;;;;;;;;;;;0;0;0;0
2014;Polizia Municipale;10;Venerdì;Mattino;VICENZA;SP 046 rac Pasubio Raccordo del Sole;Dosso;VIALE DEL SOLE CAREGGIATA DA CATTANE VERSO AUTOSTRADA;11.5085167;45.5426599;0.0;Asciutto;Orizzontale;Altro;;;;;;;;;;;0;0;0;0
2017;Polizia Municipale;5;Giovedì;Mattino;VICENZA;SP 046 rac Pasubio Raccordo del Sole;Intersezione con semaforo o vigile;VIALE DEL SOLE INCROCIO STRADA DELLE CATTANE;11.50932;45.54725;0.0;Bagnato;Orizzontale;Nebbia;;;;;;;;;;;0;0;0;0
2012;Polizia Municipale;2;Lunedì;Notte;VICENZA;SP 046 rac Pasubio Raccordo del Sole;Intersezione con semaforo o vigile;VIALE DEL SOLE INCROCIO STRADA DELLE CATTANE;11.50932;45.54725;0.0;Asciutto;Orizzontale;Sereno;;;;;;;;;;;0;0;0;0
2012;Polizia Municipale;2;Sabato;Sera;VICENZA;SP 046 rac Pasubio Raccordo del Sole;Intersezione con semaforo o vigile;VIA DEL SOLE INCROCIO VIA BRIGATA GRANATIERI DI SARDEGNA;11.51848;45.5548;0.0;Sdrucciolevole;Verticale;Altro;;;;;;;;;;;0;0;0;0
2022;Polizia Municipale;4;Domenica;Mattino;VICENZA;SP 046 rac Pasubio Raccordo del Sole;Intersezione con semaforo o vigile;VIA DEL SOLE INCROCIO VIA BRIGATA GRANATIERI DI SARDEGNA;11.51848;45.5548;0.0;Bagnato;Assente;Pioggia;;;;;;;;;;;0;0;0;0
2014;Polizia Municipale;1;Lunedì;Sera;VICENZA;SP 046 rac Pasubio Raccordo del Sole;Intersezione con semaforo o vigile;VIALE DEL SOLE INCROCIO VIA BRIGATA GRANATIERI DI SARDEGN;11.5185673;45.5547268;0.0;Bagnato;Assente;Sereno;;;;;;;;;;;0;0;0;0
2017;Polizia Municipale;5;Venerdì;Sera;VICENZA;SP 046 rac Pasubio Raccordo del Sole;Intersezione con semaforo o vigile;VIALE DEL SOLE INCROCIO VIA BRIGATA GRANATIERI DI SARDEGN;11.5185673;45.5547268;0.0;Bagnato;Assente;Nebbia;;;;;;;;;;;0;0;0;0
2021;Polizia Stradale;2;Giovedì;Sera;VICENZA;SP 046 rac Pasubio Raccordo del Sole;Intersezione con semaforo o vigile;VIALE SOLE INTERSEZIONE VIA BRIGATA GRANATIERI DI SARDEGN;11.518586;45.5547188;0.0;Sdrucciolevole;Orizzontale;Altro;;;;;;;;;;;0;0;0;0
2021;Polizia Stradale;2;Lunedì;Sera;VICENZA;SP 046 rac Pasubio Raccordo del Sole;Intersezione con semaforo o vigile;VIALE SOLE INTERSEZIONE VIA BRIGATA GRANATIERI DI SARDEGN;11.518586;45.5547188;0.0;Bagnato;Orizzontale;Nebbia;;;;;;;;;;;0;0;0;0
2014;Carabiniere;3;Domenica;Pomeriggio;TORREBELVICINO;SP 046 Pasubio;Curva;VIA ASSE LOCALITA ASSE;11.27979;45.72724;0.0;Innevato;Temporanea di cantiere;Neve;;;;;;;;;;;0;0;0;0
2018;Carabiniere;2;Giovedì;Pomeriggio;TORREBELVICINO;SP 046 Pasubio;Curva;VIA ASSE LOCALITA ASSE;11.27979;45.72724;0.0;Innevato;Assente;Neve;;;;;;;;;;;0;0;0;0
2016;Carabiniere;7;Sabato;Sera;ARSIERO;SP 350 Val d'Astico;Curva;VIA SCALINI AL KM. 43.4;11.36713;45.82387;43.4;Sdrucciolevole;Verticale;Pioggia;;;;;;;;;;;0;0;0;0
2013;Carabiniere;12;Mercoledì;Pomeriggio;ARSIERO;SP 350 Val d'Astico;Curva;VIA SCALINI AL KM. 43.4;11.36713;45.82387;43.4;Asciutto;Assente;Sereno;;;;;;;;;;;0;0;0;0
2011;Polizia Municipale;10;Venerdì;Notte;SCHIO;SP 350 Val d'Astico;Rettilineo;VIALE SS.TRINITA', 210;11.3692265;45.727025;0.0;Asciutto;Verticale;Nebbia;;;;;;;;;;;0;0;0;0
2012;Polizia Municipale;12;Lunedì;Sera;SCHIO;SP 350 Val d'Astico;Rettilineo;VIALE SS.TRINITA', 210;11.3692265;45.727025;0.0;Sdrucciolevole;Orizzontale;Neve;;;;;;;;;;;0;0;0;0
2016;Polizia Municipale;9;Sabato;Sera;SANTORSO;SP 350 Val d'Astico;Rettilineo;VIA 4 NOVEMBRE, 26;11.375;45.72925;0.0;Bagnato;Temporanea di cantiere;Nebbia;;;;;;;;;;;0;0;0;0
2018;Polizia Municipale;1;Lunedì;Sera;SANTORSO;SP 350 Val d'Astico;Rettilineo;VIA 4 NOVEMBRE, 26;11.375;45.72925;0.0;Innevato;Orizzontale;Neve;;;;;;;;;;;0;0;0;0
2019;Carabiniere;11;Lunedì;Pomeriggio;SANTORSO;SP 350 Val d'Astico;Incrocio;VIA 4 NOVEMBRE INCROCIO VIA DELLA FONDA;11.37983;45.73052;0.0;Innevato;Temporanea di cantiere;Neve;;;;;;;;;;;0;0;0;0
2014;Carabiniere;6;Lunedì;Sera;SANTORSO;SP 350 Val d'Astico;Incrocio;VIA 4 NOVEMBRE INCROCIO VIA DELLA FONDA;11.37983;45.73052;0.0;Bagnato;Temporanea di cantiere;Sereno;;;;;;;;;;;0;0;0;0
2017;Polizia Municipale;6;Giovedì;Sera;SANTORSO;SP 350 Val d'Astico;Intersezione con semaforo o vigile;VIA IV NOVEMBRE INCROCIO VIA DELL'OLMO;11.3867736;45.732316;0.0;Sdrucciolevole;Assente;Pioggia;;;;;;;;;;;0;0;0;0
2020;Polizia Municipale;12;Sabato;Sera;SANTORSO;SP 350 Val d'Astico;Intersezione con semaforo o vigile;VIA IV NOVEMBRE INCROCIO VIA DELL'OLMO;11.3867736;45.732316;0.0;Bagnato;Temporanea di cantiere;Pioggia;;;;;;;;;;;0;0;0;0
2017;Polizia Municipale;11;Mercoledì;Sera;SAN VITO DI LEGUZZANO;SP 046 Pasubio;Rettilineo;VIA VICENZA, 45;11.3904886;45.6922711;0.0;Asciutto;Temporanea di cantiere;Nebbia;;;;;;;;;;;0;0;0;0
2014;Polizia Municipale;3;Sabato;Notte;SAN VITO DI LEGUZZANO;SP 046 Pasubio;Rettilineo;VIA VICENZA, 45;11.3904886;45.6922711;0.0;Ghiacciato;Temporanea di cantiere;Neve;;;;;;;;;;;0;0;0;0
2015;Polizia Municipale;9;Venerdì;Mattino;SANTORSO;SP 350 Val d'Astico;Incrocio;EUROPA INCROCIO VIA SALZENA;11.3947174;45.7343897;0.0;Asciutto;Orizzontale;Nebbia;;;;;;;;;;;0;0;0;0
2014;Polizia Municipale;2;Martedì;Notte;SANTORSO;SP 350 Val d'Astico;Incrocio;EUROPA INCROCIO VIA SALZENA;11.3947174;45.7343897;0.0;Bagnato;Temporanea di cantiere;Sereno;;;;;;;;;;;0;0;0;0
2010;Carabiniere;4;Lunedì;Mattino;MALO;SP 046 Pasubio;Curva;VIA SCHIO AL KM. 19.8;11.40314;45.67764;19.8;Bagnato;Verticale;Vento forte;;;;;;;;;;;0;0;0;0
2023;Carabiniere;10;Lunedì;Pomeriggio;MALO;SP 046 Pasubio;Curva;VIA SCHIO AL KM. 19.8;11.40314;45.67764;19.8;Bagnato;Assente;Pioggia;;;;;;;;;;;0;0;0;0
2011;Polizia Municipale;3;Lunedì;Mattino;MALO;SP 046 Pasubio;Rotatoria;VIA SCHIO - VIA BRANDELLERO;11.4064643;45.6661297;0.0;Sdrucciolevole;Verticale;Altro;;;;;;;;;;;0;0;0;0
2013;Polizia Municipale;4;Martedì;Pomeriggio;MALO;SP 046 Pasubio;Rotatoria;VIA SCHIO - VIA BRANDELLERO;11.4064643;45.6661297;0.0;Asciutto;Verticale;Sereno;;;;;;;;;;;0;0;0;0
2017;Polizia Municipale;12;Venerdì;Sera;MALO;SP 046 Pasubio;Rettilineo;VIA PASUBIO, 12;11.4079242;45.6647552;0.0;Asciutto;Verticale;Vento forte;;;;;;;;;;;0;0;0;0
2020;Polizia Municipale;8;Mercoledì;Mattino;MALO;SP 046 Pasubio;Rettilineo;VIA PASUBIO, 12;11.4079242;45.6647552;0.0;Bagnato;Temporanea di cantiere;Altro;;;;;;;;;;;0;0;0;0
2023;Polizia Municipale;9;Venerdì;Mattino;MALO;SP 046 Pasubio;Rettilineo;VIA PASUBIO, 17;11.4091213;45.6635546;0.0;Asciutto;Orizzontale;Sereno;;;;;;;;;;;0;0;0;0
2017;Polizia Municipale;1;Sabato;Sera;MALO;SP 046 Pasubio;Rettilineo;VIA PASUBIO, 17;11.4091213;45.6635546;0.0;Bagnato;Verticale;Vento forte;;;;;;;;;;;0;0;0;0
2016;Polizia Municipale;5;Mercoledì;Pomeriggio;MALO;SP 046 Pasubio;Rettilineo;VIA PASUBIO, 69;11.4141506;45.6585607;0.0;Bagnato;Verticale;Altro;;;;;;;;;;;0;0;0;0
2021;Polizia Municipale;4;Venerdì;Sera;MALO;SP 046 Pasubio;Rettilineo;VIA PASUBIO, 69;11.4141506;45.6585607;0.0;Asciutto;Orizzontale;Altro;;;;;;;;;;;0;0;0;0
2014;Polizia Municipale;10;Giovedì;Notte;COGOLLO DEL CENGIO;SP 350 Val d'Astico;Intersezione segnalata;VIA VERDI/VIA GIOVANNIXXIII;11.4207838;45.7852476;0.0;Bagnato;Orizzontale;Nebbia;;;;;;;;;;;0;0;0;0
2014;Polizia Municipale;12;Giovedì;Pomeriggio;COGOLLO DEL CENGIO;SP 350 Val d'Astico;Intersezione segnalata;VIA VERDI/VIA GIOVANNIXXIII;11.4207838;45.7852476;0.0;Sdrucciolevole;Verticale;Altro;;;;;;;;;;;0;0;0;0
2020;Polizia Municipale;12;Mercoledì;Pomeriggio;PIOVENE ROCCHETTE;SP 350 Val d'Astico;Rettilineo;VIA MONTE PASUBIO, 57;11.4240228;45.7469152;0.0;Asciutto;Assente;Sereno;;;;;;;;;;;0;0;0;0
2019;Polizia Municipale;6;Mercoledì;Sera;PIOVENE ROCCHETTE;SP 350 Val d'Astico;Rettilineo;VIA MONTE PASUBIO, 57;11.4240228;45.7469152;0.0;Bagnato;Temporanea di cantiere;Nebbia;;;;;;;;;;;0;0;0;0
2013;Polizia Municipale;12;Venerdì;Sera;COGOLLO DEL CENGIO;SP 349 Costo;Rettilineo;S.P. 349 DEL COSTO, 0;11.4265952;45.8114731;74.9;Innevato;Orizzontale;Neve;;;;;;;;;;;0;0;0;0
2019;Polizia Municipale;3;Giovedì;Mattino;COGOLLO DEL CENGIO;SP 349 Costo;Rettilineo;S.P. 349 DEL COSTO, 0;11.4265952;45.8114731;74.9;Asciutto;Verticale;Nebbia;;;;;;;;;;;0;0;0;0
2010;Carabiniere;12;Domenica;Mattino;COGOLLO DEL CENGIO;SP 349 Costo;Curva;SP349 AL KM. 77;11.43185;45.79846;77.0;Innevato;Orizzontale;Neve;;;;;;;;;;;0;0;0;0
2013;Carabiniere;11;Domenica;Sera;COGOLLO DEL CENGIO;SP 349 Costo;Curva;SP349 AL KM. 77;11.43185;45.79846;77.0;Asciutto;Verticale;Vento forte;;;;;;;;;;;0;0;0;0
2015;Polizia Municipale;11;Venerdì;Pomeriggio;PIOVENE ROCCHETTE;SP 350 Val d'Astico;Rettilineo;VIA ROMA, 25;11.43284;45.76421;0.0;Innevato;Orizzontale;Neve;;;;;;;;;;;0;0;0;0
2010;Polizia Municipale;2;Sabato;Mattino;PIOVENE ROCCHETTE;SP 350 Val d'Astico;Rettilineo;VIA ROMA, 25;11.43284;45.76421;0.0;Sdrucciolevole;Temporanea di cantiere;Pioggia;;;;;;;;;;;0;0;0;0
2023;Polizia Municipale;4;Martedì;Notte;PIOVENE ROCCHETTE;SP 350 Val d'Astico;Rettilineo;VIA TRIESTE, 94;11.438216;45.7575837;0.0;Sdrucciolevole;Verticale;Altro;;;;;;;;;;;0;0;0;0
2013;Polizia Municipale;10;Mercoledì;Mattino;PIOVENE ROCCHETTE;SP 350 Val d'Astico;Rettilineo;VIA TRIESTE, 94;11.438216;45.7575837;0.0;Asciutto;Verticale;Sereno;;;;;;;;;;;0;0;0;0
2011;Carabiniere;6;Martedì;Pomeriggio;PIOVENE ROCCHETTE;SP 350 Val d'Astico;Rettilineo;VIA TRIESTE CNETRO ABITATO;11.4384;45.7597;0.0;Bagnato;Temporanea di cantiere;Pioggia;;;;;;;;;;;0;0;0;0
2017;Carabiniere;6;Venerdì;Notte;PIOVENE ROCCHETTE;SP 350 Val d'Astico;Rettilineo;VIA TRIESTE CNETRO ABITATO;11.4384;45.7597;0.0;Bagnato;Temporanea di cantiere;Pioggia;;;;;;;;;;;0;0;0;0
2019;Polizia Municipale;10;Domenica;Pomeriggio;ISOLA VICENTINA;SP 046 Pasubio;Rettilineo;VIA PASUBIO, 36;11.4391185;45.6332824;0.0;Sdrucciolevole;Assente;Pioggia;;;;;;;;;;;0;0;0;0
2011;Polizia Municipale;7;Domenica;Sera;ISOLA VICENTINA;SP 046 Pasubio;Rettilineo;VIA PASUBIO, 36;11.4391185;45.6332824;0.0;Asciutto;Temporanea di cantiere;Altro;;;;;;;;;;;0;0;0;0
2014;Polizia Municipale;4;Sabato;Mattino;ZANE';SP 349 var Costo Variante;Galleria illuminata;SS 349;11.4411734;45.7108258;2.3;Bagnato;Assente;Sereno;;;;;;;;;;;0;0;0;0
2015;Polizia Municipale;1;Martedì;Pomeriggio;ZANE';SP 349 var Costo Variante;Galleria illuminata;SS 349;11.4411734;45.7108258;2.3;Asciutto;Orizzontale;Nebbia;;;;;;;;;;;0;0;0;0
2021;Polizia Municipale;9;Lunedì;Pomeriggio;PIOVENE ROCCHETTE;SP 349 Costo;Rettilineo;VIA ANTONIO FOGAZZARO, 47;11.4421769;45.7595732;0.0;Sdrucciolevole;Verticale;Pioggia;;;;;;;;;;;0;0;0;0
2013;Polizia Municipale;4;Giovedì;Sera;PIOVENE ROCCHETTE;SP 349 Costo;Rettilineo;VIA ANTONIO FOGAZZARO, 47;11.4421769;45.7595732;0.0;Asciutto;Verticale;Nebbia;;;;;;;;;;;0;0;0;0
2022;Polizia Municipale;3;Mercoledì;Notte;PIOVENE ROCCHETTE;SP 349 Costo;Rettilineo;VIA ANTONIO FOGAZZARO, 16;11.4430258;45.7599938;0.0;Bagnato;Temporanea di cantiere;Pioggia;;;;;;;;;;;0;0;0;0
2014;Polizia Municipale;2;Mercoledì;Mattino;PIOVENE ROCCHETTE;SP 349 Costo;Rettilineo;VIA ANTONIO FOGAZZARO, 16;11.4430258;45.7599938;0.0;Sdrucciolevole;Temporanea di cantiere;Altro;;;;;;;;;;;0;0;0;0
2010;Polizia Municipale;7;Mercoledì;Notte;ZANE';SP 349 Costo;Rettilineo;VIA SUMMANO, 45/F;11.4452207;45.7314924;0.0;Bagnato;Assente;Pioggia;;;;;;;;;;;0;0;0;0
2011;Polizia Municipale;10;Domenica;Mattino;ZANE';SP 349 Costo;Rettilineo;VIA SUMMANO, 45/F;11.4452207;45.7314924;0.0;Bagnato;Temporanea di cantiere;Nebbia;;;;;;;;;;;0;0;0;0
2012;Polizia Municipale;5;Domenica;Notte;ISOLA VICENTINA;SP 046 Pasubio;Intersezione segnalata;VIA A. DE GASPERI VIA EUROPA;11.4490897;45.6250847;0.0;Bagnato;Assente;Vento forte;;;;;;;;;;;0;0;0;0
2017;Polizia Municipale;10;Venerdì;Mattino;ISOLA VICENTINA;SP 046 Pasubio;Intersezione segnalata;VIA A. DE GASPERI VIA EUROPA;11.4490897;45.6250847;0.0;Asciutto;Verticale;Altro;;;;;;;;;;;0;0;0;0
2015;Polizia Municipale;6;Venerdì;Sera;CHIUPPANO;SP 349 Costo;Incrocio;S.P. N.349;11.4499411;45.7639128;88.6;Asciutto;Temporanea di cantiere;Sereno;;;;;;;;;;;0;0;0;0
2012;Polizia Municipale;10;Venerdì;Sera;CHIUPPANO;SP 349 Costo;Incrocio;S.P. N.349;11.4499411;45.7639128;88.6;Bagnato;Verticale;Pioggia;;;;;;;;;;;0;0;0;0
2015;Polizia Municipale;4;Sabato;Notte;ZANE';SP 349 var Costo Variante;Rettilineo;NUOVO RACCORDO THIENE SCHIO;11.4548452;45.7200458;2.0;Asciutto;Temporanea di cantiere;Vento forte;;;;;;;;;;;0;0;0;0
2023;Polizia Municipale;10;Domenica;Pomeriggio;ZANE';SP 349 var Costo Variante;Rettilineo;NUOVO RACCORDO THIENE SCHIO;11.4548452;45.7200458;2.0;Bagnato;Assente;Pioggia;;;;;;;;;;;0;0;0;0
2012;Polizia Municipale;2;Domenica;Pomeriggio;ZANE';SP 349 Costo;Intersezione con semaforo o vigile;VIA MANZONI VIA BATTISTI CESARE;11.4588314;45.7158419;0.0;Asciutto;Assente;Nebbia;;;;;;;;;;;0;0;0;0
2021;Polizia Municipale;12;Domenica;Pomeriggio;ZANE';SP 349 Costo;Intersezione con semaforo o vigile;VIA MANZONI VIA BATTISTI CESARE;11.4588314;45.7158419;0.0;Bagnato;Temporanea di cantiere;Nebbia;;;;;;;;;;;0;0;0;0
2015;Polizia Municipale;12;Mercoledì;Pomeriggio;THIENE;SP 349 var Costo Variante;Rotatoria;VIA CAPPUCCINI VIA DELL' AUTOSTRADA;11.460843;45.6977468;0.0;Bagnato;Verticale;Pioggia;;;;;;;;;;;0;0;0;0
2016;Polizia Municipale;11;Mercoledì;Sera;THIENE;SP 349 var Costo Variante;Rotatoria;VIA CAPPUCCINI VIA DELL' AUTOSTRADA;11.460843;45.6977468;0.0;Sdrucciolevole;Assente;Altro;;;;;;;;;;;0;0;0;0
2014;Polizia Municipale;12;Mercoledì;Sera;ISOLA VICENTINA;SP 046 Pasubio;Intersezione con semaforo o vigile;VIA VICENZA VIA ROMA;11.4668092;45.6143177;0.0;Bagnato;Assente;Nebbia;;;;;;;;;;;0;0;0;0
2015;Polizia Municipale;1;Giovedì;Mattino;ISOLA VICENTINA;SP 046 Pasubio;Intersezione con semaforo o vigile;VIA VICENZA VIA ROMA;11.4668092;45.6143177;0.0;Ghiacciato;Temporanea di cantiere;Neve;;;;;;;;;;;0;0;0;0
2010;Polizia Municipale;7;Lunedì;Sera;THIENE;SP 349 Costo;Incrocio;VIA SANTO VIA BRAGLIO;11.4886333;45.6713715;0.0;Asciutto;Orizzontale;Nebbia;;;;;;;;;;;0;0;0;0
2014;Polizia Municipale;4;Sabato;Mattino;THIENE;SP 349 Costo;Incrocio;VIA SANTO VIA BRAGLIO;11.4886333;45.6713715;0.0;Bagnato;Verticale;Nebbia;;;;;;;;;;;0;0;0;0
2017;Polizia Municipale;5;Mercoledì;Mattino;CALDOGNO;SP 349 Costo;Intersezione segnalata;VIA PONTARON VIA FOGAZZARO;11.4912726;45.6195794;0.0;Bagnato;Verticale;Sereno;;;;;;;;;;;0;0;0;0
2012;Polizia Municipale;7;Sabato;Mattino;CALDOGNO;SP 349 Costo;Intersezione segnalata;VIA PONTARON VIA FOGAZZARO;11.4912726;45.6195794;0.0;Bagnato;Temporanea di cantiere;Pioggia;;;;;;;;;;;0;0;0;0
2010;Polizia Municipale;3;Sabato;Notte;VILLAVERLA;SP 349 Costo;Rettilineo;VIA ROMA;11.4934205;45.6470437;103.9;Ghiacciato;Assente;Neve;;;;;;;;;;;0;0;0;0
2020;Polizia Municipale;11;Martedì;Pomeriggio;VILLAVERLA;SP 349 Costo;Rettilineo;VIA ROMA;11.4934205;45.6470437;103.9;Bagnato;Assente;Pioggia;;;;;;;;;;;0;0;0;0
2016;Polizia Municipale;2;Giovedì;Mattino;VILLAVERLA;SP 349 Costo;Incrocio;VIA ROMA VIA ROARE;11.4937638;45.6500512;0.0;Sdrucciolevole;Verticale;Altro;;;;;;;;;;;0;0;0;0
2014;Polizia Municipale;1;Mercoledì;Mattino;VILLAVERLA;SP 349 Costo;Incrocio;VIA ROMA VIA ROARE;11.4937638;45.6500512;0.0;Bagnato;Temporanea di cantiere;Altro;;;;;;;;;;;0;0;0;0
2019;Polizia Municipale;4;Domenica;Notte;VILLAVERLA;SP 349 Costo;Rettilineo;VIA S. ANTONIO, 20;11.494603;45.653112;0.0;Asciutto;Verticale;Nebbia;;;;;;;;;;;0;0;0;0
2011;Polizia Municipale;3;Sabato;Sera;VILLAVERLA;SP 349 Costo;Rettilineo;VIA S. ANTONIO, 20;11.494603;45.653112;0.0;Asciutto;Assente;Sereno;;;;;;;;;;;0;0;0;0
2022;Polizia Municipale;8;Mercoledì;Mattino;VICENZA;SP 046 Pasubio;Rettilineo;STRADA STATALE PASUBIO, 469;11.5041401;45.5844851;0.0;Asciutto;Orizzontale;Sereno;;;;;;;;;;;0;0;0;0
2017;Polizia Municipale;1;Sabato;Mattino;VICENZA;SP 046 Pasubio;Rettilineo;STRADA STATALE PASUBIO, 469;11.5041401;45.5844851;0.0;Asciutto;Orizzontale;Nebbia;;;;;;;;;;;0;0;0;0
2012;Polizia Municipale;6;Giovedì;Pomeriggio;ASIAGO;SP 349 Costo;Intersezione segnalata;VIA VERDI VIA LAVARONE, 4;11.5056896;45.8736366;0.0;Bagnato;Assente;Altro;;;;;;;;;;;0;0;0;0
2020;Polizia Municipale;2;Domenica;Notte;ASIAGO;SP 349 Costo;Intersezione segnalata;VIA VERDI VIA LAVARONE, 4;11.5056896;45.8736366;0.0;Sdrucciolevole;Assente;Altro;;;;;;;;;;;0;0;0;0
2011;Polizia Municipale;5;Mercoledì;Pomeriggio;VICENZA;SP 046 Pasubio;Intersezione non segnalata;STRADA STATALE PASUBIO INCROCIO STRADA DI COSTABISSARA;11.5062956;45.5819901;0.0;Bagnato;Verticale;Nebbia;;;;;;;;;;;0;0;0;0
2019;Polizia Municipale;10;Venerdì;Notte;VICENZA;SP 046 Pasubio;Intersezione non segnalata;STRADA STATALE PASUBIO INCROCIO STRADA DI COSTABISSARA;11.5062956;45.5819901;0.0;Asciutto;Verticale;Vento forte;;;;;;;;;;;0;0;0;0
2015;Polizia Municipale;3;Domenica;Mattino;VICENZA;SP 046 rac Pasubio Raccordo del Sole;Intersezione con semaforo o vigile;VIALE DEL SOLE INCROCIO STRADA DELLE CATTANE;11.50927;45.54708;0.0;Asciutto;Orizzontale;Nebbia;;;;;;;;;;;0;0;0;0
2022;Polizia Municipale;7;Giovedì;Pomeriggio;VICENZA;SP 046 rac Pasubio Raccordo del Sole;Intersezione con semaforo o vigile;VIALE DEL SOLE INCROCIO STRADA DELLE CATTANE;11.50927;45.54708;0.0;Asciutto;Assente;Altro;;;;;;;;;;;0;0;0;0
2016;Polizia Municipale;4;Venerdì;Mattino;VICENZA;SP 046 rac Pasubio Raccordo del Sole;Rettilineo;VIALE DEL SOLE ALTEZZA TVA VICENZA, CORSIA DIREZIONE D'AL;11.50928;45.54654;0.0;Bagnato;Orizzontale;Vento forte;;;;;;;;;;;0;0;0;0
2021;Polizia Municipale;5;Sabato;Pomeriggio;VICENZA;SP 046 rac Pasubio Raccordo del Sole;Rettilineo;VIALE DEL SOLE ALTEZZA TVA VICENZA, CORSIA DIREZIONE D'AL;11.50928;45.54654;0.0;Sdrucciolevole;Temporanea di cantiere;Altro;;;;;;;;;;;0;0;0;0
2014;Carabiniere;8;Mercoledì;Notte;VICENZA;SP 046 rac Pasubio Raccordo del Sole;Curva;VIALE DEL SOLE, 40;11.512611;45.5504994;0.0;Asciutto;Verticale;Nebbia;;;;;;;;;;;0;0;0;0
2010;Carabiniere;11;Martedì;Sera;VICENZA;SP 046 rac Pasubio Raccordo del Sole;Curva;VIALE DEL SOLE, 40;11.512611;45.5504994;0.0;Bagnato;Orizzontale;Sereno;;;;;;;;;;;0;0;0;0
2016;Polizia Municipale;6;Giovedì;Sera;VICENZA;SP 046 rac Pasubio Raccordo del Sole;Intersezione con semaforo o vigile;VIALE DEL SOLE INCROCIO VIA BRIGATA GRANATIERI DI SARDEGN;11.51843;45.55484;0.0;Asciutto;Orizzontale;Vento forte;;;;;;;;;;;0;0;0;0
2020;Polizia Municipale;12;Sabato;Pomeriggio;VICENZA;SP 046 rac Pasubio Raccordo del Sole;Intersezione con semaforo o vigile;VIALE DEL SOLE INCROCIO VIA BRIGATA GRANATIERI DI SARDEGN;11.51843;45.55484;0.0;Sdrucciolevole;Orizzontale;Altro;;;;;;;;;;;0;0;0;0
2017;Polizia Municipale;12;Sabato;Mattino;VICENZA;SP 046 rac Pasubio Raccordo del Sole;Incrocio;VIA BRIGATA GRANATIERI DI SARDEGNA INCROCIO VIA DEL SOLE;11.51845;45.55479;0.0;Bagnato;Orizzontale;Pioggia;;;;;;;;;;;0;0;0;0
2015;Polizia Municipale;1;Sabato;Pomeriggio;VICENZA;SP 046 rac Pasubio Raccordo del Sole;Incrocio;VIA BRIGATA GRANATIERI DI SARDEGNA INCROCIO VIA DEL SOLE;11.51845;45.55479;0.0;Sdrucciolevole;Orizzontale;Neve;;;;;;;;;;;0;0;0;0
2011;Polizia Municipale;7;Sabato;Notte;VICENZA;SP 046 rac Pasubio Raccordo del Sole;Intersezione con semaforo o vigile;VIALE DEL SOLE INCROCIO VIA BRIGATA GRANATIERI DI SARDEGN;11.51859;45.55474;0.0;Asciutto;Temporanea di cantiere;Sereno;;;;;;;;;;;0;0;0;0
2022;Polizia Municipale;5;Mercoledì;Pomeriggio;VICENZA;SP 046 rac Pasubio Raccordo del Sole;Intersezione con semaforo o vigile;VIALE DEL SOLE INCROCIO VIA BRIGATA GRANATIERI DI SARDEGN;11.51859;45.55474;0.0;Bagnato;Temporanea di cantiere;Vento forte;;;;;;;;;;;0;0;0;0
2013;Polizia Municipale;7;Venerdì;Pomeriggio;VALLI DEL PASUBIO;SP 046 Pasubio;Rettilineo;VIA PIERIBONI, 24;11.26787;45.73672;0.0;Bagnato;Verticale;Vento forte;;;;;;;;;;;0;0;0;0
2011;Polizia Municipale;8;Martedì;Pomeriggio;VALLI DEL PASUBIO;SP 046 Pasubio;Rettilineo;VIA PIERIBONI, 24;11.26787;45.73672;0.0;Asciutto;Assente;Altro;;;;;;;;;;;0;0;0;0
2015;Carabiniere;3;Domenica;Pomeriggio;VALDASTICO;SP 350 Val d'Astico;Rettilineo;VIA VALPEGARA KM 38.500;11.3587297;45.8792382;38.5;Ghiacciato;Verticale;Neve;;;;;;;;;;;0;0;0;0
2018;Carabiniere;11;Domenica;Pomeriggio;VALDASTICO;SP 350 Val d'Astico;Rettilineo;VIA VALPEGARA KM 38.500;11.3587297;45.8792382;38.5;Ghiacciato;Temporanea di cantiere;Neve;;;;;;;;;;;0;0;0;0
2010;Carabiniere;1;Sabato;Sera;ARSIERO;SP 350 Val d'Astico;Incrocio;VIA DEI LONGHI INCROCIO VIA DEI LONGHI;11.35936;45.80566;0.0;Bagnato;Assente;Altro;;;;;;;;;;;0;0;0;0
2012;Carabiniere;6;Venerdì;Mattino;ARSIERO;SP 350 Val d'Astico;Incrocio;VIA DEI LONGHI INCROCIO VIA DEI LONGHI;11.35936;45.80566;0.0;Asciutto;Assente;Altro;;;;;;;;;;;0;0;0;0
2014;Polizia Municipale;3;Lunedì;Pomeriggio;ARSIERO;SP 350 Val d'Astico;Rettilineo;VIA DEI LONGHI IN PROSSIMITA DI VIA DEGLI AMPON;11.3596495;45.8072233;0.0;Ghiacciato;Verticale;Neve;;;;;;;;;;;0;0;0;0
2010;Polizia Municipale;7;Mercoledì;Sera;ARSIERO;SP 350 Val d'Astico;Rettilineo;VIA DEI LONGHI IN PROSSIMITA DI VIA DEGLI AMPON;11.3596495;45.8072233;0.0;Bagnato;Assente;Nebbia;;;;;;;;;;;0;0;0;0
2016;Carabiniere;2;Mercoledì;Sera;SANTORSO;SP 350 Val d'Astico;Rettilineo;VIA 4 NOVEMBRE AL KM. 62.1;11.37406;45.72907;62.1;Bagnato;Assente;Nebbia;;;;;;;;;;;0;0;0;0
2021;Carabiniere;12;Giovedì;Pomeriggio;SANTORSO;SP 350 Val d'Astico;Rettilineo;VIA 4 NOVEMBRE AL KM. 62.1;11.37406;45.72907;62.1;Asciutto;Assente;Altro;;;;;;;;;;;0;0;0;0
2022;Polizia Municipale;12;Martedì;Mattino;COGOLLO DEL CENGIO;SP 350 Val d'Astico;Curva;VIA RIVONA, 0;11.3908123;45.7964117;49.3;Bagnato;Assente;Altro;;;;;;;;;;;0;0;0;0
2017;Polizia Municipale;10;Venerdì;Notte;COGOLLO DEL CENGIO;SP 350 Val d'Astico;Curva;VIA RIVONA, 0;11.3908123;45.7964117;49.3;Asciutto;Temporanea di cantiere;Sereno;;;;;;;;;;;0;0;0;0
2018;Polizia Municipale;2;Lunedì;Mattino;SANTORSO;SP 350 Val d'Astico;Incrocio;VIA EUROPA INCROCIO VIA SALZENA;11.3947222;45.7343522;0.0;Ghiacciato;Verticale;Neve;;;;;;;;;;;0;0;0;0
2011;Polizia Municipale;6;Domenica;Pomeriggio;SANTORSO;SP 350 Val d'Astico;Incrocio;VIA EUROPA INCROCIO VIA SALZENA;11.3947222;45.7343522;0.0;Asciutto;Verticale;Nebbia;;;;;;;;;;;0;0;0;0
2013;Polizia Municipale;1;Martedì;Mattino;COGOLLO DEL CENGIO;SP 350 Val d'Astico;Intersezione non segnalata;VIA GRUMOVENTARO, 12;11.4079261;45.7904591;0.0;Sdrucciolevole;Temporanea di cantiere;Pioggia;;;;;;;;;;;0;0;0;0
2023;Polizia Municipale;1;Venerdì;Sera;COGOLLO DEL CENGIO;SP 350 Val d'Astico;Intersezione non segnalata;VIA GRUMOVENTARO, 12;11.4079261;45.7904591;0.0;Asciutto;Orizzontale;Altro;;;;;;;;;;;0;0;0;0
2012;Polizia Municipale;7;Martedì;Sera;MALO;SP 046 Pasubio;Incrocio;VIA PASUBIO, 63 INTERSEZIONE VIA GORIZIA, 63;11.4134154;45.659325;0.0;Bagnato;Assente;Nebbia;;;;;;;;;;;0;0;0;0
2011;Polizia Municipale;8;Domenica;Sera;MALO;SP 046 Pasubio;Incrocio;VIA PASUBIO, 63 INTERSEZIONE VIA GORIZIA, 63;11.4134154;45.659325;0.0;Bagnato;Orizzontale;Nebbia;;;;;;;;;;;0;0;0;0
2013;Polizia Municipale;12;Venerdì;Notte;MALO;SP 046 Pasubio;Intersezione segnalata;VIA PASUBIO, MUZZANA, VITTORIO VENETO, 1;11.414464;45.6582264;0.0;Bagnato;Temporanea di cantiere;Altro;;;;;;;;;;;0;0;0;0
2012;Polizia Municipale;5;Domenica;Sera;MALO;SP 046 Pasubio;Intersezione segnalata;VIA PASUBIO, MUZZANA, VITTORIO VENETO, 1;11.414464;45.6582264;0.0;Bagnato;Verticale;Pioggia;;;;;;;;;;;0;0;0;0
2021;Polizia Municipale;3;Sabato;Pomeriggio;MALO;SP 046 Pasubio;Rotatoria;VIA VIA V. VENETO INTERSEZIONE VIA PASUBIO;11.4145744;45.6583352;0.0;Bagnato;Assente;Pioggia;;;;;;;;;;;0;0;0;0
2023;Polizia Municipale;8;Lunedì;Pomeriggio;MALO;SP 046 Pasubio;Rotatoria;VIA VIA V. VENETO INTERSEZIONE VIA PASUBIO;11.4145744;45.6583352;0.0;Asciutto;Temporanea di cantiere;Sereno;;;;;;;;;;;0;0;0;0
2016;Polizia Municipale;2;Sabato;Notte;MALO;SP 046 Pasubio;Incrocio;VIA L. DA VINCI VIA PONTE NUOVO, 1;11.418866;45.6524072;0.0;Asciutto;Assente;Nebbia;;;;;;;;;;;0;0;0;0
2016;Polizia Municipale;3;Lunedì;Sera;MALO;SP 046 Pasubio;Incrocio;VIA L. DA VINCI VIA PONTE NUOVO, 1;11.418866;45.6524072;0.0;Sdrucciolevole;Assente;Neve;;;;;;;;;;;0;0;0;0
2014;Polizia Municipale;7;Venerdì;Pomeriggio;SCHIO;SP 349 var Costo Variante;Rotatoria;VIA INDUSTRIA INCROCIO VIA GARZIERE;11.4208972;45.7248705;0.0;Sdrucciolevole;Orizzontale;Pioggia;;;;;;;;;;;0;0;0;0
2020;Polizia Municipale;12;Giovedì;Pomeriggio;SCHIO;SP 349 var Costo Variante;Rotatoria;VIA INDUSTRIA INCROCIO VIA GARZIERE;11.4208972;45.7248705;0.0;Asciutto;Assente;Sereno;;;;;;;;;;;0;0;0;0
2021;Polizia Municipale;1;Lunedì;Notte;SCHIO;SP 349 var Costo Variante;Rotatoria;VIA GARZIERE INCROCIO VIA INDUSTRIA;11.4209846;45.7249218;0.0;Bagnato;Temporanea di cantiere;Pioggia;;;;;;;;;;;0;0;0;0
2022;Polizia Municipale;3;Venerdì;Sera;SCHIO;SP 349 var Costo Variante;Rotatoria;VIA GARZIERE INCROCIO VIA INDUSTRIA;11.4209846;45.7249218;0.0;Innevato;Orizzontale;Neve;;;;;;;;;;;0;0;0;0
2010;Carabiniere;12;Mercoledì;Pomeriggio;COGOLLO DEL CENGIO;SP 350 Val d'Astico;Rettilineo;VIA GIOVANNI XXIII, 29;11.42287;45.78435;0.0;Asciutto;Orizzontale;Vento forte;;;;;;;;;;;0;0;0;0
2017;Carabiniere;3;Sabato;Notte;COGOLLO DEL CENGIO;SP 350 Val d'Astico;Rettilineo;VIA GIOVANNI XXIII, 29;11.42287;45.78435;0.0;Sdrucciolevole;Verticale;Pioggia;;;;;;;;;;;0;0;0;0
2022;Polizia Stradale;9;Domenica;Sera;MALO;SP 046 Pasubio;Intersezione segnalata;STRADA PROVINCIALE 46 VIA L. DA VINCI,  VIA VERGAN;11.423447;45.6481963;15.525;Bagnato;Temporanea di cantiere;Pioggia;;;;;;;;;;;0;0;0;0
2018;Polizia Stradale;12;Giovedì;Mattino;MALO;SP 046 Pasubio;Intersezione segnalata;STRADA PROVINCIALE 46 VIA L. DA VINCI,  VIA VERGAN;11.423447;45.6481963;15.525;Asciutto;Verticale;Vento forte;;;;;;;;;;;0;0;0;0
2021;Carabiniere;3;Sabato;Sera;COGOLLO DEL CENGIO;SP 349 Costo;Curva;VIA SECONDA COSTO AL KM. 75.2;11.42487;45.8085;75.2;Innevato;Orizzontale;Neve;;;;;;;;;;;0;0;0;0
2013;Carabiniere;3;Lunedì;Mattino;COGOLLO DEL CENGIO;SP 349 Costo;Curva;VIA SECONDA COSTO AL KM. 75.2;11.42487;45.8085;75.2;Ghiacciato;Temporanea di cantiere;Neve;;;;;;;;;;;0;0;0;0
2016;Carabiniere;6;Lunedì;Mattino;PIOVENE ROCCHETTE;SP 350 Val d'Astico;Rettilineo;VIA MONTE PASUBIO, 16;11.42742;45.75003;0.0;Asciutto;Orizzontale;Vento forte;;;;;;;;;;;0;0;0;0
2011;Carabiniere;5;Domenica;Sera;PIOVENE ROCCHETTE;SP 350 Val d'Astico;Rettilineo;VIA MONTE PASUBIO, 16;11.42742;45.75003;0.0;Asciutto;Assente;Nebbia;;;;;;;;;;;0;0;0;0
2016;Polizia Municipale;2;Mercoledì;Pomeriggio;MALO;SP 046 Pasubio;Intersezione con semaforo o vigile;VIA VICENZA VIA PONTE;11.4301454;45.641401;0.0;Ghiacciato;Verticale;Neve;;;;;;;;;;;0;0;0;0
2014;Polizia Municipale;11;Mercoledì;Pomeriggio;MALO;SP 046 Pasubio;Intersezione con semaforo o vigile;VIA VICENZA VIA PONTE;11.4301454;45.641401;0.0;Innevato;Assente;Neve;;;;;;;;;;;0;0;0;0
2013;Polizia Municipale;10;Sabato;Sera;PIOVENE ROCCHETTE;SP 349 Costo;Incrocio;VIA DEL BARCO INCROCIO VIA RIZZARDINI;11.4304726;45.7531358;0.0;Sdrucciolevole;Temporanea di cantiere;Pioggia;;;;;;;;;;;0;0;0;0
2010;Polizia Municipale;12;Mercoledì;Sera;PIOVENE ROCCHETTE;SP 349 Costo;Incrocio;VIA DEL BARCO INCROCIO VIA RIZZARDINI;11.4304726;45.7531358;0.0;Sdrucciolevole;Assente;Altro;;;;;;;;;;;0;0;0;0
2010;Polizia Municipale;12;Mercoledì;Notte;PIOVENE ROCCHETTE;SP 349 Costo;Intersezione segnalata;VIA THIENE INCROCIO VIA GIUSEPPE GARIBALDI;11.4316717;45.7487743;0.0;Asciutto;Assente;Nebbia;;;;;;;;;;;0;0;0;0
2013;Polizia Municipale;3;Venerdì;Sera;PIOVENE ROCCHETTE;SP 349 Costo;Intersezione segnalata;VIA THIENE INCROCIO VIA GIUSEPPE GARIBALDI;11.4316717;45.7487743;0.0;Sdrucciolevole;Temporanea di cantiere;Neve;;;;;;;;;;;0;0;0;0
2021;Polizia Municipale;7;Lunedì;Sera;PIOVENE ROCCHETTE;SP 349 Costo;Rettilineo;VIA THIENE, 44/56;11.4317997;45.748625;0.0;Asciutto;Temporanea di cantiere;Vento forte;;;;;;;;;;;0;0;0;0
2011;Polizia Municipale;12;Sabato;Notte;PIOVENE ROCCHETTE;SP 349 Costo;Rettilineo;VIA THIENE, 44/56;11.4317997;45.748625;0.0;Bagnato;Assente;Altro;;;;;;;;;;;0;0;0;0
2016;Carabiniere;5;Martedì;Pomeriggio;PIOVENE ROCCHETTE;SP 350 Val d'Astico;Rettilineo;VIA ROMA, 53;11.4348184;45.7633603;0.0;Asciutto;Verticale;Nebbia;;;;;;;;;;;0;0;0;0
2011;Carabiniere;10;Venerdì;Mattino;PIOVENE ROCCHETTE;SP 350 Val d'Astico;Rettilineo;VIA ROMA, 53;11.4348184;45.7633603;0.0;Asciutto;Assente;Nebbia;;;;;;;;;;;0;0;0;0
2019;Polizia Municipale;11;Mercoledì;Sera;PIOVENE ROCCHETTE;SP 349 Costo;Rettilineo;VIA THIENE, 90;11.435103;45.7447861;0.0;Innevato;Assente;Neve;;;;;;;;;;;0;0;0;0
2020;Polizia Municipale;3;Giovedì;Pomeriggio;PIOVENE ROCCHETTE;SP 349 Costo;Rettilineo;VIA THIENE, 90;11.435103;45.7447861;0.0;Bagnato;Assente;Nebbia;;;;;;;;;;;0;0;0;0
2012;Carabiniere;10;Giovedì;Notte;PIOVENE ROCCHETTE;SP 349 Costo;Intersezione segnalata;VIA THIENE INCROCIO VIA PILASTRI;11.4358986;45.7437914;0.0;Bagnato;Temporanea di cantiere;Vento forte;;;;;;;;;;;0;0;0;0
2010;Carabiniere;7;Venerdì;Pomeriggio;PIOVENE ROCCHETTE;SP 349 Costo;Intersezione segnalata;VIA THIENE INCROCIO VIA PILASTRI;11.4358986;45.7437914;0.0;Bagnato;Orizzontale;Nebbia;;;;;;;;;;;0;0;0;0
2016;Polizia Municipale;2;Venerdì;Mattino;PIOVENE ROCCHETTE;SP 349 Costo;Rettilineo;VIA THIENE, 104;11.437441;45.7417931;0.0;Sdrucciolevole;Verticale;Pioggia;;;;;;;;;;;0;0;0;0
2020;Polizia Municipale;1;Martedì;Notte;PIOVENE ROCCHETTE;SP 349 Costo;Rettilineo;VIA THIENE, 104;11.437441;45.7417931;0.0;Bagnato;Assente;Nebbia;;;;;;;;;;;0;0;0;0
2010;Carabiniere;8;Martedì;Pomeriggio;ROANA;SP 349 Costo;Curva;VIA 27 APRILE AL KM. 70.4;11.44095;45.84371;70.4;Bagnato;Assente;Vento forte;;;;;;;;;;;0;0;0;0
2013;Carabiniere;11;Venerdì;Sera;ROANA;SP 349 Costo;Curva;VIA 27 APRILE AL KM. 70.4;11.44095;45.84371;70.4;Asciutto;Assente;Nebbia;;;;;;;;;;;0;0;0;0
2019;Polizia Municipale;9;Giovedì;Pomeriggio;ISOLA VICENTINA;SP 046 Pasubio;Incrocio;SP46 VIA ASIAGO;11.4410002;45.6305795;0.0;Bagnato;Verticale;Vento forte;;;;;;;;;;;0;0;0;0
2012;Polizia Municipale;8;Giovedì;Pomeriggio;ISOLA VICENTINA;SP 046 Pasubio;Incrocio;SP46 VIA ASIAGO;11.4410002;45.6305795;0.0;Asciutto;Temporanea di cantiere;Nebbia;;;;;;;;;;;0;0;0;0
2019;Polizia Municipale;6;Giovedì;Sera;ZANE';SP 349 Costo;Incrocio;VIA PALLADIO VIA MAZZINI;11.451835;45.7215129;0.0;Bagnato;Verticale;Pioggia;;;;;;;;;;;0;0;0;0
2018;Polizia Municipale;5;Sabato;Sera;ZANE';SP 349 Costo;Incrocio;VIA PALLADIO VIA MAZZINI;11.451835;45.7215129;0.0;Sdrucciolevole;Verticale;Altro;;;;;;;;;;;0;0;0;0
2020;Polizia Municipale;1;Venerdì;Mattino;ZANE';SP 349 Costo;Rotatoria;VIA M. PASUBIO VIA PALLADIO;11.4552458;45.7175412;0.0;Bagnato;Temporanea di cantiere;Nebbia;;;;;;;;;;;0;0;0;0
2014;Polizia Municipale;9;Domenica;Mattino;ZANE';SP 349 Costo;Rotatoria;VIA M. PASUBIO VIA PALLADIO;11.4552458;45.7175412;0.0;Bagnato;Assente;Pioggia;;;;;;;;;;;0;0;0;0
2020;Polizia Municipale;2;Mercoledì;Pomeriggio;CHIUPPANO;SP 349 Costo;Curva;SP 349 VIA COSTO;11.4571663;45.7679359;0.0;Bagnato;Temporanea di cantiere;Nebbia;;;;;;;;;;;0;0;0;0
2011;Polizia Municipale;2;Lunedì;Pomeriggio;CHIUPPANO;SP 349 Costo;Curva;SP 349 VIA COSTO;11.4571663;45.7679359;0.0;Bagnato;Assente;Pioggia;;;;;;;;;;;0;0;0;0
2014;Polizia Municipale;5;Sabato;Sera;THIENE;SP 349 var Costo Variante;Rotatoria;VIA CAPPUCCINI VIA DELL' AUTOSTRADA;11.4601791;45.6972144;0.0;Bagnato;Assente;Pioggia;;;;;;;;;;;0;0;0;0
2012;Polizia Municipale;10;Martedì;Pomeriggio;THIENE;SP 349 var Costo Variante;Rotatoria;VIA CAPPUCCINI VIA DELL' AUTOSTRADA;11.4601791;45.6972144;0.0;Sdrucciolevole;Assente;Altro;;;;;;;;;;;0;0;0;0
2016;Polizia Municipale;10;Giovedì;Notte;ZANE';SP 349 Costo;Rettilineo;VIA MANZONI VIA CARDUCCI GIUSUE';11.4624325;45.7137749;0.0;Asciutto;Orizzontale;Vento forte;;;;;;;;;;;0;0;0;0
2015;Polizia Municipale;4;Domenica;Sera;ZANE';SP 349 Costo;Rettilineo;VIA MANZONI VIA CARDUCCI GIUSUE';11.4624325;45.7137749;0.0;Bagnato;Temporanea di cantiere;Pioggia;;;;;;;;;;;0;0;0;0
2010;Polizia Municipale;2;Sabato;Mattino;ISOLA VICENTINA;SP 046 Pasubio;Rettilineo;VIA VICENZA, 45;11.4669305;45.6143626;0.0;Bagnato;Assente;Vento forte;;;;;;;;;;;0;0;0;0
2011;Polizia Municipale;9;Giovedì;Notte;ISOLA VICENTINA;SP 046 Pasubio;Rettilineo;VIA VICENZA, 45;11.4669305;45.6143626;0.0;Bagnato;Orizzontale;Vento forte;;;;;;;;;;;0;0;0;0
2013;Carabiniere;4;Sabato;Mattino;ISOLA VICENTINA;SP 046 Pasubio;Intersezione con semaforo o vigile;VIA VICENZA INCROCIO VIA ROMA;11.46715;45.61411;0.0;Bagnato;Assente;Nebbia;;;;;;;;;;;0;0;0;0
2014;Carabiniere;6;Sabato;Sera;ISOLA VICENTINA;SP 046 Pasubio;Intersezione con semaforo o vigile;VIA VICENZA INCROCIO VIA ROMA;11.46715;45.61411;0.0;Bagnato;Assente;Pioggia;;;;;;;;;;;0;0;0;0
2014;Carabiniere;3;Mercoledì;Mattino;ROANA;SP 349 Costo;Rettilineo;VIA 8 AGOSTO, 101;11.48147;45.88116;0.0;Sdrucciolevole;Orizzontale;Altro;;;;;;;;;;;0;0;0;0
2019;Carabiniere;6;Sabato;Pomeriggio;ROANA;SP 349 Costo;Rettilineo;VIA 8 AGOSTO, 101;11.48147;45.88116;0.0;Asciutto;Orizzontale;Sereno;;;;;;;;;;;0;0;0;0
2020;Polizia Municipale;7;Domenica;Pomeriggio;THIENE;SP 349 Costo;Incrocio;VIA SANTO VIA BRAGLIO;11.4886386;45.6713877;0.0;Asciutto;Orizzontale;Altro;;;;;;;;;;;0;0;0;0
2010;Polizia Municipale;8;Lunedì;Sera;THIENE;SP 349 Costo;Incrocio;VIA SANTO VIA BRAGLIO;11.4886386;45.6713877;0.0;Bagnato;Verticale;Nebbia;;;;;;;;;;;0;0;0;0
2022;Polizia Municipale;6;Giovedì;Pomeriggio;THIENE;SP 349 Costo;Incrocio;VIA SANTO VIA DELL'AEROPORTO;11.4887029;45.6715696;0.0;Bagnato;Temporanea di cantiere;Nebbia;;;;;;;;;;;0;0;0;0
2020;Polizia Municipale;6;Domenica;Sera;THIENE;SP 349 Costo;Incrocio;VIA SANTO VIA DELL'AEROPORTO;11.4887029;45.6715696;0.0;Asciutto;Assente;Vento forte;;;;;;;;;;;0;0;0;0
2016;Polizia Municipale;1;Venerdì;Mattino;COSTABISSARA;SP 046 Pasubio;Rettilineo;VIA ROVERETO, 24;11.4892559;45.6055122;0.0;Sdrucciolevole;Orizzontale;Neve;;;;;;;;;;;0;0;0;0
2018;Polizia Municipale;1;Giovedì;Pomeriggio;COSTABISSARA;SP 046 Pasubio;Rettilineo;VIA ROVERETO, 24;11.4892559;45.6055122;0.0;Ghiacciato;Assente;Neve;;;;;;;;;;;0;0;0;0
2021;Polizia Municipale;3;Domenica;Pomeriggio;COSTABISSARA;SP 046 Pasubio;Rettilineo;VIA ROVERETO VIA REDIPUGLIA;11.4908277;45.6049765;0.0;Asciutto;Verticale;Vento forte;;;;;;;;;;;0;0;0;0
2011;Polizia Municipale;11;Lunedì;Notte;COSTABISSARA;SP 046 Pasubio;Rettilineo;VIA ROVERETO VIA REDIPUGLIA;11.4908277;45.6049765;0.0;Sdrucciolevole;Orizzontale;Altro;;;;;;;;;;;0;0;0;0
2013;Carabiniere;9;Giovedì;Sera;CALDOGNO;SP 349 Costo;Rettilineo;VIA PONTARON, 10;11.49161;45.62053;0.0;Asciutto;Temporanea di cantiere;Sereno;;;;;;;;;;;0;0;0;0
2023;Carabiniere;5;Venerdì;Sera;CALDOGNO;SP 349 Costo;Rettilineo;VIA PONTARON, 10;11.49161;45.62053;0.0;Bagnato;Orizzontale;Altro;;;;;;;;;;;0;0;0;0
2012;Carabiniere;3;Giovedì;Notte;VILLAVERLA;SP 349 Costo;Rettilineo;VIA SANT'ANTONIO, 41;11.49285;45.65845;0.0;Bagnato;Temporanea di cantiere;Pioggia;;;;;;;;;;;0;0;0;0
2010;Carabiniere;5;Giovedì;Notte;VILLAVERLA;SP 349 Costo;Rettilineo;VIA SANT'ANTONIO, 41;11.49285;45.65845;0.0;Sdrucciolevole;Temporanea di cantiere;Altro;;;;;;;;;;;0;0;0;0
2012;Carabiniere;9;Mercoledì;Pomeriggio;COSTABISSARA;SP 046 Pasubio;Incrocio;STRADA STATALE PASUBIO INCROCIO STRADA STATALE PASUBIO;11.49337;45.60375;0.0;Asciutto;Verticale;Vento forte;;;;;;;;;;;0;0;0;0
2020;Carabiniere;11;Domenica;Mattino;COSTABISSARA;SP 046 Pasubio;Incrocio;STRADA STATALE PASUBIO INCROCIO STRADA STATALE PASUBIO;11.49337;45.60375;0.0;Sdrucciolevole;Temporanea di cantiere;Pioggia;;;;;;;;;;;0;0;0;0
2013;Polizia Municipale;6;Lunedì;Mattino;CALDOGNO;SP 349 Costo;Incrocio;VIA PASUBIO VIA ALTURA;11.493396;45.6039447;0.0;Sdrucciolevole;Orizzontale;Altro;;;;;;;;;;;0;0;0;0
2010;Polizia Municipale;4;Venerdì;Pomeriggio;CALDOGNO;SP 349 Costo;Incrocio;VIA PASUBIO VIA ALTURA;11.493396;45.6039447;0.0;Bagnato;Orizzontale;Altro;;;;;;;;;;;0;0;0;0
2020;Polizia Municipale;10;Martedì;Pomeriggio;COSTABISSARA;SP 349 Costo;Intersezione segnalata;VIA PASUBIO VIA ROVERETO;11.4934007;45.6037187;0.0;Asciutto;Temporanea di cantiere;Vento forte;;;;;;;;;;;0;0;0;0
2021;Polizia Municipale;11;Mercoledì;Sera;COSTABISSARA;SP 349 Costo;Intersezione segnalata;VIA PASUBIO VIA ROVERETO;11.4934007;45.6037187;0.0;Bagnato;Assente;Nebbia;;;;;;;;;;;0;0;0;0
2023;Carabiniere;12;Lunedì;Notte;VILLAVERLA;SP 349 Costo;Rettilineo;SP349 VIA CAPOVILLA ALTEZZA CIVICO 17;11.493578;45.6566975;0.0;Sdrucciolevole;Assente;Neve;;;;;;;;;;;0;0;0;0
2020;Carabiniere;7;Giovedì;Pomeriggio;VILLAVERLA;SP 349 Costo;Rettilineo;SP349 VIA CAPOVILLA ALTEZZA CIVICO 17;11.493578;45.6566975;0.0;Sdrucciolevole;Assente;Pioggia;;;;;;;;;;;0;0;0;0
2020;Polizia Municipale;5;Mercoledì;Mattino;VILLAVERLA;SP 349 Costo;Incrocio;VIA ROMA VIA TRIESTE;11.4936029;45.6490987;0.0;Asciutto;Assente;Sereno;;;;;;;;;;;0;0;0;0
2017;Polizia Municipale;3;Sabato;Mattino;VILLAVERLA;SP 349 Costo;Incrocio;VIA ROMA VIA TRIESTE;11.4936029;45.6490987;0.0;Bagnato;Orizzontale;Pioggia;;;;;;;;;;;0;0;0;0
2018;Polizia Municipale;7;Giovedì;Sera;VILLAVERLA;SP 349 Costo;Rettilineo;VIA S. ANTONIO VIA MANZONI;11.4936057;45.6566107;0.0;Bagnato;Assente;Vento forte;;;;;;;;;;;0;0;0;0
2019;Polizia Municipale;5;Sabato;Notte;VILLAVERLA;SP 349 Costo;Rettilineo;VIA S. ANTONIO VIA MANZONI;11.4936057;45.6566107;0.0;Asciutto;Verticale;Altro;;;;;;;;;;;0;0;0;0
2020;Polizia Municipale;12;Domenica;Pomeriggio;VILLAVERLA;SP 349 Costo;Intersezione segnalata;VIA CAPOVILLA VIA MANZONI;11.4936378;45.6566332;0.0;Asciutto;Verticale;Sereno;;;;;;;;;;;0;0;0;0
2011;Polizia Municipale;6;Mercoledì;Notte;VILLAVERLA;SP 349 Costo;Intersezione segnalata;VIA CAPOVILLA VIA MANZONI;11.4936378;45.6566332;0.0;Asciutto;Assente;Sereno;;;;;;;;;;;0;0;0;0
2014;Polizia Municipale;3;Mercoledì;Pomeriggio;COSTABISSARA;SP 046 Pasubio;Rettilineo;VIA PASUBIO VIA A. DE GASPERI;11.494901;45.6001511;0.0;Asciutto;Assente;Nebbia;;;;;;;;;;;0;0;0;0
2018;Polizia Municipale;10;Mercoledì;Sera;COSTABISSARA;SP 046 Pasubio;Rettilineo;VIA PASUBIO VIA A. DE GASPERI;11.494901;45.6001511;0.0;Bagnato;Orizzontale;Altro;;;;;;;;;;;0;0;0;0
2011;Polizia Municipale;4;Domenica;Pomeriggio;COSTABISSARA;SP 046 Pasubio;Rettilineo;VIA PASUBIO, 6+300;11.4995816;45.5898104;0.0;Asciutto;Temporanea di cantiere;Sereno;;;;;;;;;;;0;0;0;0
2015;Polizia Municipale;3;Giovedì;Sera;COSTABISSARA;SP 046 Pasubio;Rettilineo;VIA PASUBIO, 6+300;11.4995816;45.5898104;0.0;Bagnato;Orizzontale;Nebbia;;;;;;;;;;;0;0;0;0
2012;Carabiniere;2;Giovedì;Sera;COSTABISSARA;SP 046 Pasubio;Rettilineo;STRADA STATALE PASUBIO, 6;11.49967;45.5898;0.0;Bagnato;Orizzontale;Pioggia;;;;;;;;;;;0;0;0;0
2015;Carabiniere;3;Lunedì;Sera;COSTABISSARA;SP 046 Pasubio;Rettilineo;STRADA STATALE PASUBIO, 6;11.49967;45.5898;0.0;Asciutto;Verticale;Vento forte;;;;;;;;;;;0;0;0;0
2013;Polizia Municipale;1;Venerdì;Notte;COSTABISSARA;SP 046 Pasubio;Rettilineo;VIA PASUBIO, 52;11.5018325;45.587206;0.0;Sdrucciolevole;Verticale;Pioggia;;;;;;;;;;;0;0;0;0
2011;Polizia Municipale;4;Martedì;Sera;COSTABISSARA;SP 046 Pasubio;Rettilineo;VIA PASUBIO, 52;11.5018325;45.587206;0.0;Bagnato;Verticale;Altro;;;;;;;;;;;0;0;0;0
2020;Polizia Municipale;11;Mercoledì;Pomeriggio;ASIAGO;SP 349 Costo;Rotatoria;VIA VERDI, VIALE STAZIONE, VIA LAVARONE;11.5057055;45.873652;0.0;Innevato;Assente;Neve;;;;;;;;;;;0;0;0;0
2010;Polizia Municipale;6;Lunedì;Notte;ASIAGO;SP 349 Costo;Rotatoria;VIA VERDI, VIALE STAZIONE, VIA LAVARONE;11.5057055;45.873652;0.0;Bagnato;Temporanea di cantiere;Vento forte;;;;;;;;;;;0;0;0;0
2021;Polizia Municipale;1;Mercoledì;Sera;VICENZA;SP 046 rac Pasubio Raccordo del Sole;Intersezione segnalata;VIALE DEL SOLE INCROCIO VIA DEI MONTECCHI;11.5081029;45.5338849;0.0;Sdrucciolevole;Temporanea di cantiere;Altro;;;;;;;;;;;0;0;0;0
2023;Polizia Municipale;2;Mercoledì;Mattino;VICENZA;SP 046 rac Pasubio Raccordo del Sole;Intersezione segnalata;VIALE DEL SOLE INCROCIO VIA DEI MONTECCHI;11.5081029;45.5338849;0.0;Bagnato;Temporanea di cantiere;Pioggia;;;;;;;;;;;0;0;0;0
2018;Polizia Municipale;7;Lunedì;Mattino;VICENZA;SP 046 rac Pasubio Raccordo del Sole;Intersezione con semaforo o vigile;ST. CATTANE INCROCIO VIALE DEL SOLE;11.50899;45.54692;0.0;Bagnato;Verticale;Vento forte;;;;;;;;;;;0;0;0;0
2021;Polizia Municipale;11;Mercoledì;Pomeriggio;VICENZA;SP 046 rac Pasubio Raccordo del Sole;Intersezione con semaforo o vigile;ST. CATTANE INCROCIO VIALE DEL SOLE;11.50899;45.54692;0.0;Bagnato;Temporanea di cantiere;Vento forte;;;;;;;;;;;0;0;0;0
2017;Polizia Municipale;4;Giovedì;Notte;VICENZA;SP 046 rac Pasubio Raccordo del Sole;Rettilineo;VIALE DEL SOLE ALTEZZA RACCORDO PER AUCHAN;11.50912;45.5461;0.0;Sdrucciolevole;Orizzontale;Pioggia;;;;;;;;;;;0;0;0;0
2010;Polizia Municipale;12;Giovedì;Pomeriggio;VICENZA;SP 046 rac Pasubio Raccordo del Sole;Rettilineo;VIALE DEL SOLE ALTEZZA RACCORDO PER AUCHAN;11.50912;45.5461;0.0;Asciutto;Verticale;Vento forte;;;;;;;;;;;0;0;0;0
2014;Polizia Municipale;5;Sabato;Sera;VICENZA;SP 046 rac Pasubio Raccordo del Sole;Rettilineo;VIALE DEL SOLE FRONTE IPERMERCATO AUCHAN;11.50914;45.54646;0.0;Bagnato;Temporanea di cantiere;Sereno;;;;;;;;;;;0;0;0;0
2013;Polizia Municipale;12;Domenica;Sera;VICENZA;SP 046 rac Pasubio Raccordo del Sole;Rettilineo;VIALE DEL SOLE FRONTE IPERMERCATO AUCHAN;11.50914;45.54646;0.0;Asciutto;Orizzontale;Nebbia;;;;;;;;;;;0;0;0;0
2013;Polizia Municipale;11;Venerdì;Pomeriggio;VICENZA;SP 046 rac Pasubio Raccordo del Sole;Intersezione con semaforo o vigile;VIALE DEL SOLE INCROCIO STRADA DELLE CATTANE;11.5092003;45.5468912;0.0;Ghiacciato;Temporanea di cantiere;Neve;;;;;;;;;;;0;0;0;0
2016;Polizia Municipale;12;Lunedì;Pomeriggio;VICENZA;SP 046 rac Pasubio Raccordo del Sole;Intersezione con semaforo o vigile;VIALE DEL SOLE INCROCIO STRADA DELLE CATTANE;11.5092003;45.5468912;0.0;Bagnato;Orizzontale;Nebbia;;;;;;;;;;;0;0;0;0
2014;Polizia Municipale;3;Mercoledì;Sera;VICENZA;SP 046 rac Pasubio Raccordo del Sole;Incrocio;VIALE DEL SOLE INCROCIO STRADA DELLE CATTANE;11.5092094;45.5469847;0.0;Sdrucciolevole;Orizzontale;Pioggia;;;;;;;;;;;0;0;0;0
2023;Polizia Municipale;3;Domenica;Mattino;VICENZA;SP 046 rac Pasubio Raccordo del Sole;Incrocio;VIALE DEL SOLE INCROCIO STRADA DELLE CATTANE;11.5092094;45.5469847;0.0;Ghiacciato;Assente;Neve;;;;;;;;;;;0;0;0;0
2017;Polizia Municipale;4;Martedì;Mattino;VICENZA;SP 046 rac Pasubio Raccordo del Sole;Intersezione con semaforo o vigile;STRADA DELLE CATTANE INCROCIO VIALE DEL SOLE;11.5092382;45.5470205;0.0;Sdrucciolevole;Orizzontale;Altro;;;;;;;;;;;0;0;0;0
2021;Polizia Municipale;5;Lunedì;Pomeriggio;VICENZA;SP 046 rac Pasubio Raccordo del Sole;Intersezione con semaforo o vigile;STRADA DELLE CATTANE INCROCIO VIALE DEL SOLE;11.5092382;45.5470205;0.0;Asciutto;Assente;Sereno;;;;;;;;;;;0;0;0;0
2023;Polizia Municipale;5;Lunedì;Notte;VICENZA;SP 046 rac Pasubio Raccordo del Sole;Incrocio;VIALE DEL SOLE INCROCIO STRADA DELLE CATTANE;11.50929;45.547;0.0;Bagnato;Orizzontale;Altro;;;;;;;;;;;0;0;0;0
2017;Polizia Municipale;4;Lunedì;Notte;VICENZA;SP 046 rac Pasubio Raccordo del Sole;Incrocio;VIALE DEL SOLE INCROCIO STRADA DELLE CATTANE;11.50929;45.547;0.0;Bagnato;Temporanea di cantiere;Vento forte;;;;;;;;;;;0;0;0;0
2013;Polizia Municipale;4;Venerdì;Sera;VICENZA;SP 046 rac Pasubio Raccordo del Sole;Intersezione con semaforo o vigile;VIALE DEL SOLE INCROCIO VIA BRIGATA GRANATIERI DI SARDEGN;11.5184381;45.5547407;0.0;Bagnato;Orizzontale;Vento forte;;;;;;;;;;;0;0;0;0
2021;Polizia Municipale;3;Mercoledì;Mattino;VICENZA;SP 046 rac Pasubio Raccordo del Sole;Intersezione con semaforo o vigile;VIALE DEL SOLE INCROCIO VIA BRIGATA GRANATIERI DI SARDEGN;11.5184381;45.5547407;0.0;Bagnato;Assente;Vento forte;;;;;;;;;;;0;0;0;0
2019;Carabiniere;6;Domenica;Sera;VALDASTICO;SP 350 Val d'Astico;Rettilineo;VIA VALPEGARA VALPEGARA;11.3575817;45.8806274;0.0;Bagnato;Orizzontale;Nebbia;;;;;;;;;;;0;0;0;0
2011;Carabiniere;7;Venerdì;Notte;VALDASTICO;SP 350 Val d'Astico;Rettilineo;VIA VALPEGARA VALPEGARA;11.3575817;45.8806274;0.0;Bagnato;Orizzontale;Vento forte;;;;;;;;;;;0;0;0;0
2012;Polizia Municipale;4;Domenica;Pomeriggio;SANTORSO;SP 350 Val d'Astico;Rettilineo;VIA IV NOVEMBRE, 27;11.3751057;45.7293177;0.0;Asciutto;Verticale;Sereno;;;;;;;;;;;0;0;0;0
2023;Polizia Municipale;5;Martedì;Notte;SANTORSO;SP 350 Val d'Astico;Rettilineo;VIA IV NOVEMBRE, 27;11.3751057;45.7293177;0.0;Asciutto;Assente;Vento forte;;;;;;;;;;;0;0;0;0
2022;Polizia Municipale;3;Martedì;Pomeriggio;ARSIERO;SP 350 Val d'Astico;Rettilineo;VIA GRUMOLO, 4;11.3763769;45.8020147;0.0;Sdrucciolevole;Verticale;Pioggia;;;;;;;;;;;0;0;0;0
2014;Polizia Municipale;3;Mercoledì;Notte;ARSIERO;SP 350 Val d'Astico;Rettilineo;VIA GRUMOLO, 4;11.3763769;45.8020147;0.0;Sdrucciolevole;Assente;Pioggia;;;;;;;;;;;0;0;0;0
2010;Carabiniere;5;Domenica;Pomeriggio;COGOLLO DEL CENGIO;SP 350 Val d'Astico;Rettilineo;VIA TRENTO AL KM. 48.2;11.37777;45.80134;48.2;Bagnato;Assente;Pioggia;;;;;;;;;;;0;0;0;0
2017;Carabiniere;2;Giovedì;Sera;COGOLLO DEL CENGIO;SP 350 Val d'Astico;Rettilineo;VIA TRENTO AL KM. 48.2;11.37777;45.80134;48.2;Asciutto;Temporanea di cantiere;Sereno;;;;;;;;;;;0;0;0;0
2018;Polizia Municipale;1;Sabato;Pomeriggio;SANTORSO;SP 350 Val d'Astico;Rettilineo;VIA EUROPA, 7;11.3875199;45.7325467;0.0;Bagnato;Orizzontale;Sereno;;;;;;;;;;;0;0;0;0
2023;Polizia Municipale;1;Martedì;Mattino;SANTORSO;SP 350 Val d'Astico;Rettilineo;VIA EUROPA, 7;11.3875199;45.7325467;0.0;Sdrucciolevole;Orizzontale;Neve;;;;;;;;;;;0;0;0;0
2016;Polizia Municipale;3;Domenica;Notte;SAN VITO DI LEGUZZANO;SP 046 Pasubio;Rotatoria;VIA J. F. KENNEDY INCROCIO VIA VICENZA;11.3943972;45.6891456;0.0;Asciutto;Orizzontale;Vento forte;;;;;;;;;;;0;0;0;0
2015;Polizia Municipale;4;Mercoledì;Pomeriggio;SAN VITO DI LEGUZZANO;SP 046 Pasubio;Rotatoria;VIA J. F. KENNEDY INCROCIO VIA VICENZA;11.3943972;45.6891456;0.0;Bagnato;Assente;Vento forte;;;;;;;;;;;0;0;0;0
2014;Polizia Municipale;9;Lunedì;Sera;SANTORSO;SP 350 Val d'Astico;Incrocio;VIA EUROPA INCROCIO VIA SALZENA;11.3947441;45.7343659;0.0;Bagnato;Temporanea di cantiere;Vento forte;;;;;;;;;;;0;0;0;0
2022;Polizia Municipale;1;Giovedì;Notte;SANTORSO;SP 350 Val d'Astico;Incrocio;VIA EUROPA INCROCIO VIA SALZENA;11.3947441;45.7343659;0.0;Sdrucciolevole;Orizzontale;Altro;;;;;;;;;;;0;0;0;0
2019;Polizia Municipale;6;Martedì;Pomeriggio;SANTORSO;SP 350 Val d'Astico;Rettilineo;VIA EUROPA, 45;11.397808;45.735242;0.0;Asciutto;Assente;Vento forte;;;;;;;;;;;0;0;0;0
2013;Polizia Municipale;7;Sabato;Mattino;SANTORSO;SP 350 Val d'Astico;Rettilineo;VIA EUROPA, 45;11.397808;45.735242;0.0;Sdrucciolevole;Temporanea di cantiere;Pioggia;;;;;;;;;;;0;0;0;0
2018;Carabiniere;6;Mercoledì;Sera;SAN VITO DI LEGUZZANO;SP 046 Pasubio;Curva;VIA VICENZA IN PROSSIMITA'  DEL KM 20.800;11.39895;45.68546;0.0;Bagnato;Verticale;Pioggia;;;;;;;;;;;0;0;0;0
2018;Carabiniere;9;Martedì;Sera;SAN VITO DI LEGUZZANO;SP 046 Pasubio;Curva;VIA VICENZA IN PROSSIMITA'  DEL KM 20.800;11.39895;45.68546;0.0;Asciutto;Temporanea di cantiere;Sereno;;;;;;;;;;;0;0;0;0
2016;Carabiniere;2;Domenica;Mattino;SAN VITO DI LEGUZZANO;SP 046 Pasubio;Curva;VIA VICENZA AL KM. 20.7;11.39903;45.68517;20.7;Innevato;Orizzontale;Neve;;;;;;;;;;;0;0;0;0
2014;Carabiniere;3;Venerdì;Pomeriggio;SAN VITO DI LEGUZZANO;SP 046 Pasubio;Curva;VIA VICENZA AL KM. 20.7;11.39903;45.68517;20.7;Bagnato;Temporanea di cantiere;Sereno;;;;;;;;;;;0;0;0;0
2021;Polizia Municipale;11;Venerdì;Sera;MALO;SP 046 Pasubio;Rotatoria;VIA VICENZA INTERSEZIONE VIA THIENE;11.4025778;45.6774302;0.0;Asciutto;Assente;Vento forte;;;;;;;;;;;0;0;0;0
2017;Polizia Municipale;6;Venerdì;Notte;MALO;SP 046 Pasubio;Rotatoria;VIA VICENZA INTERSEZIONE VIA THIENE;11.4025778;45.6774302;0.0;Bagnato;Temporanea di cantiere;Vento forte;;;;;;;;;;;0;0;0;0
2016;Polizia Municipale;12;Lunedì;Sera;MALO;SP 046 Pasubio;Rettilineo;VIA SCHIO;11.4051688;45.6716344;19.01;Bagnato;Temporanea di cantiere;Vento forte;;;;;;;;;;;0;0;0;0
2011;Polizia Municipale;2;Domenica;Mattino;MALO;SP 046 Pasubio;Rettilineo;VIA SCHIO;11.4051688;45.6716344;19.01;Ghiacciato;Temporanea di cantiere;Neve;;;;;;;;;;;0;0;0;0
2022;Polizia Municipale;7;Sabato;Mattino;SANTORSO;SP 350 Val d'Astico;Incrocio;VIA MARTIRI D.LIBERTA' INCROCIO VIA STRADELLE;11.4087902;45.7380958;0.0;Asciutto;Temporanea di cantiere;Vento forte;;;;;;;;;;;0;0;0;0
2017;Polizia Municipale;12;Venerdì;Sera;SANTORSO;SP 350 Val d'Astico;Incrocio;VIA MARTIRI D.LIBERTA' INCROCIO VIA STRADELLE;11.4087902;45.7380958;0.0;Bagnato;Assente;Nebbia;;;;;;;;;;;0;0;0;0
2011;Carabiniere;2;Martedì;Notte;MALO;SP 046 Pasubio;Rettilineo;SP46 AL KM. 16.4;11.4181203;45.654145;16.4;Asciutto;Temporanea di cantiere;Nebbia;;;;;;;;;;;0;0;0;0
2017;Carabiniere;10;Giovedì;Sera;MALO;SP 046 Pasubio;Rettilineo;SP46 AL KM. 16.4;11.4181203;45.654145;16.4;Asciutto;Assente;Nebbia;;;;;;;;;;;0;0;0;0
2012;Carabiniere;12;Domenica;Pomeriggio;MALO;SP 046 Pasubio;Rettilineo;SP46 AL KM. 16.6;11.41819;45.65401;16.6;Bagnato;Verticale;Pioggia;;;;;;;;;;;0;0;0;0
2012;Carabiniere;8;Sabato;Mattino;MALO;SP 046 Pasubio;Rettilineo;SP46 AL KM. 16.6;11.41819;45.65401;16.6;Bagnato;Temporanea di cantiere;Pioggia;;;;;;;;;;;0;0;0;0
2020;Polizia Municipale;4;Mercoledì;Notte;PIOVENE ROCCHETTE;SP 350 Val d'Astico;Rettilineo;VIA ALESSANDRO ROSSI, 81;11.4273221;45.7688562;0.0;Bagnato;Assente;Pioggia;;;;;;;;;;;0;0;0;0
2012;Polizia Municipale;7;Giovedì;Mattino;PIOVENE ROCCHETTE;SP 350 Val d'Astico;Rettilineo;VIA ALESSANDRO ROSSI, 81;11.4273221;45.7688562;0.0;Sdrucciolevole;Verticale;Altro;;;;;;;;;;;0;0;0;0
2013;Polizia Municipale;10;Giovedì;Mattino;COGOLLO DEL CENGIO;SP 349 Costo;Curva;, 0;11.4352358;45.7873315;83.35;Bagnato;Orizzontale;Nebbia;;;;;;;;;;;0;0;0;0
2018;Polizia Municipale;4;Martedì;Pomeriggio;COGOLLO DEL CENGIO;SP 349 Costo;Curva;, 0;11.4352358;45.7873315;83.35;Sdrucciolevole;Verticale;Pioggia;;;;;;;;;;;0;0;0;0
2017;Polizia Municipale;2;Sabato;Sera;PIOVENE ROCCHETTE;SP 350 Val d'Astico;Curva;VIA TRIESTE, 1;11.43857;45.76091;0.0;Bagnato;Temporanea di cantiere;Sereno;;;;;;;;;;;0;0;0;0
2014;Polizia Municipale;12;Mercoledì;Mattino;PIOVENE ROCCHETTE;SP 350 Val d'Astico;Curva;VIA TRIESTE, 1;11.43857;45.76091;0.0;Bagnato;Temporanea di cantiere;Altro;;;;;;;;;;;0;0;0;0
2014;Polizia Municipale;3;Lunedì;Mattino;ZANE';SP 349 var Costo Variante;Rettilineo;NUOVO RACCORDO THIENE SCHIO;11.4411688;45.7109793;0.0;Bagnato;Assente;Vento forte;;;;;;;;;;;0;0;0;0
2022;Polizia Municipale;12;Lunedì;Sera;ZANE';SP 349 var Costo Variante;Rettilineo;NUOVO RACCORDO THIENE SCHIO;11.4411688;45.7109793;0.0;Bagnato;Verticale;Altro;;;;;;;;;;;0;0;0;0
2014;Polizia Stradale;1;Martedì;Sera;COGOLLO DEL CENGIO;SP 349 Costo;Curva;STRADA PROVINCIALE 349 INTERSEZIONE CON VIA BRAMONTE;11.4434688;45.7810558;85.8;Asciutto;Assente;Altro;;;;;;;;;;;0;0;0;0
2018;Polizia Stradale;1;Martedì;Mattino;COGOLLO DEL CENGIO;SP 349 Costo;Curva;STRADA PROVINCIALE 349 INTERSEZIONE CON VIA BRAMONTE;11.4434688;45.7810558;85.8;Innevato;Orizzontale;Neve;;;;;;;;;;;0;0;0;0
2014;Polizia Municipale;10;Sabato;Mattino;CARRE';SP 349 Costo;Incrocio;VIA VAL D'ASSA VIA MONTE GRAPPA;11.4435126;45.7339993;0.0;Bagnato;Temporanea di cantiere;Vento forte;;;;;;;;;;;0;0;0;0
2017;Polizia Municipale;3;Giovedì;Pomeriggio;CARRE';SP 349 Costo;Incrocio;VIA VAL D'ASSA VIA MONTE GRAPPA;11.4435126;45.7339993;0.0;Asciutto;Orizzontale;Sereno;;;;;;;;;;;0;0;0;0
2020;Carabiniere;2;Lunedì;Sera;ZANE';SP 349 Costo;Intersezione con semaforo o vigile;VIA MONTE SUMMANO INCROCIO VIA TRIESTE;11.4458846;45.7305901;0.0;Asciutto;Assente;Sereno;;;;;;;;;;;0;0;0;0
2011;Carabiniere;4;Mercoledì;Mattino;ZANE';SP 349 Costo;Intersezione con semaforo o vigile;VIA MONTE SUMMANO INCROCIO VIA TRIESTE;11.4458846;45.7305901;0.0;Bagnato;Temporanea di cantiere;Sereno;;;;;;;;;;;0;0;0;0
2010;Polizia Municipale;9;Domenica;Notte;ISOLA VICENTINA;SP 046 Pasubio;Rotatoria;VIA ARASELLA;11.446122;45.627658;0.0;Asciutto;Verticale;Altro;;;;;;;;;;;0;0;0;0
2010;Polizia Municipale;11;Giovedì;Notte;ISOLA VICENTINA;SP 046 Pasubio;Rotatoria;VIA ARASELLA;11.446122;45.627658;0.0;Ghiacciato;Assente;Neve;;;;;;;;;;;0;0;0;0
2016;Carabiniere;12;Martedì;Mattino;CALTRANO;SP 349 Costo;Rettilineo;VIA SETTE COMUNI, 8;11.4502706;45.7769119;0.0;Sdrucciolevole;Orizzontale;Neve;;;;;;;;;;;0;0;0;0
2018;Carabiniere;10;Lunedì;Notte;CALTRANO;SP 349 Costo;Rettilineo;VIA SETTE COMUNI, 8;11.4502706;45.7769119;0.0;Asciutto;Assente;Sereno;;;;;;;;;;;0;0;0;0
2022;Carabiniere;1;Sabato;Sera;CALTRANO;SP 349 Costo;Incrocio;VIA SETTE COMUNI INCROCIO VIA TORINO;11.45121;45.77345;0.0;Innevato;Temporanea di cantiere;Neve;;;;;;;;;;;0;0;0;0
2021;Carabiniere;3;Martedì;Notte;CALTRANO;SP 349 Costo;Incrocio;VIA SETTE COMUNI INCROCIO VIA TORINO;11.45121;45.77345;0.0;Bagnato;Temporanea di cantiere;Sereno;;;;;;;;;;;0;0;0;0
2023;Polizia Stradale;12;Lunedì;Mattino;ZANE';SP 349 Costo;Intersezione segnalata;STRADA PROVINCIALE 349 VIA MANZONI IN. VIA CARDUCCI;11.4624732;45.7137539;0.0;Bagnato;Temporanea di cantiere;Pioggia;;;;;;;;;;;0;0;0;0
2020;Polizia Stradale;6;Sabato;Sera;ZANE';SP 349 Costo;Intersezione segnalata;STRADA PROVINCIALE 349 VIA MANZONI IN. VIA CARDUCCI;11.4624732;45.7137539;0.0;Sdrucciolevole;Assente;Pioggia;;;;;;;;;;;0;0;0;0
2014;Polizia Municipale;2;Venerdì;Sera;ZANE';SP 349 Costo;Intersezione segnalata;VIA MANZONI VIA CARDUCCI GIUSUE';11.4624963;45.7138348;0.0;Asciutto;Orizzontale;Vento forte;;;;;;;;;;;0;0;0;0
2017;Polizia Municipale;6;Martedì;Notte;ZANE';SP 349 Costo;Intersezione segnalata;VIA MANZONI VIA CARDUCCI GIUSUE';11.4624963;45.7138348;0.0;Asciutto;Temporanea di cantiere;Sereno;;;;;;;;;;;0;0;0;0
2021;Polizia Municipale;1;Mercoledì;Sera;ZANE';SP 349 Costo;Rettilineo;VIA MANZONI;11.4632374;45.7133679;0.0;Ghiacciato;Assente;Neve;;;;;;;;;;;0;0;0;0
2018;Polizia Municipale;6;Martedì;Sera;ZANE';SP 349 Costo;Rettilineo;VIA MANZONI;11.4632374;45.7133679;0.0;Bagnato;Assente;Sereno;;;;;;;;;;;0;0;0;0
2013;Carabiniere;11;Martedì;Mattino;ROANA;SP 349 Costo;Rettilineo;SP349, 30;11.47533;45.86562;0.0;Bagnato;Assente;Pioggia;;;;;;;;;;;0;0;0;0
2011;Carabiniere;3;Giovedì;Sera;ROANA;SP 349 Costo;Rettilineo;SP349, 30;11.47533;45.86562;0.0;Asciutto;Verticale;Nebbia;;;;;;;;;;;0;0;0;0
2023;Polizia Municipale;8;Venerdì;Notte;THIENE;SP 349 Costo;Incrocio;VIA CA' BEREGANE VIA LAMPERTICO;11.4845535;45.68439;0.0;Asciutto;Orizzontale;Nebbia;;;;;;;;;;;0;0;0;0
2017;Polizia Municipale;12;Domenica;Pomeriggio;THIENE;SP 349 Costo;Incrocio;VIA CA' BEREGANE VIA LAMPERTICO;11.4845535;45.68439;0.0;Bagnato;Verticale;Altro;;;;;;;;;;;0;0;0;0
2022;Polizia Municipale;3;Mercoledì;Pomeriggio;THIENE;SP 349 Costo;Incrocio;VIA CA' BEREGANE VIA LAMPERTICO;11.4846598;45.6842362;0.0;Bagnato;Assente;Vento forte;;;;;;;;;;;0;0;0;0
2010;Polizia Municipale;11;Giovedì;Notte;THIENE;SP 349 Costo;Incrocio;VIA CA' BEREGANE VIA LAMPERTICO;11.4846598;45.6842362;0.0;Ghiacciato;Temporanea di cantiere;Neve;;;;;;;;;;;0;0;0;0
2015;Polizia Municipale;6;Martedì;Sera;THIENE;SP 349 Costo;Incrocio;VIA SANTO VIA BRAGLIO;11.4886469;45.6714705;0.0;Bagnato;Temporanea di cantiere;Altro;;;;;;;;;;;0;0;0;0
2019;Polizia Municipale;9;Domenica;Sera;THIENE;SP 349 Costo;Incrocio;VIA SANTO VIA BRAGLIO;11.4886469;45.6714705;0.0;Asciutto;Temporanea di cantiere;Sereno;;;;;;;;;;;0;0;0;0
2016;Polizia Municipale;7;Giovedì;Sera;CALDOGNO;SP 349 Costo;Rettilineo;VIA ALTURA, 70;11.4903756;45.6155771;0.0;Sdrucciolevole;Temporanea di cantiere;Pioggia;;;;;;;;;;;0;0;0;0
2011;Polizia Municipale;12;Giovedì;Notte;CALDOGNO;SP 349 Costo;Rettilineo;VIA ALTURA, 70;11.4903756;45.6155771;0.0;Sdrucciolevole;Orizzontale;Pioggia;;;;;;;;;;;0;0;0;0
2013;Carabiniere;5;Giovedì;Mattino;CALDOGNO;SP 349 Costo;Incrocio;SP349 INCROCIO VIA CHIODO;11.49103;45.61934;0.0;Asciutto;Temporanea di cantiere;Altro;;;;;;;;;;;0;0;0;0
2011;Carabiniere;9;Mercoledì;Pomeriggio;CALDOGNO;SP 349 Costo;Incrocio;SP349 INCROCIO VIA CHIODO;11.49103;45.61934;0.0;Bagnato;Verticale;Altro;;;;;;;;;;;0;0;0;0
2021;Polizia Municipale;11;Giovedì;Notte;CALDOGNO;SP 349 Costo;Rettilineo;VIA PONTARON, 106,200;11.4914441;45.6233257;0.0;Sdrucciolevole;Temporanea di cantiere;Neve;;;;;;;;;;;0;0;0;0
2011;Polizia Municipale;3;Mercoledì;Notte;CALDOGNO;SP 349 Costo;Rettilineo;VIA PONTARON, 106,200;11.4914441;45.6233257;0.0;Sdrucciolevole;Temporanea di cantiere;Neve;;;;;;;;;;;0;0;0;0
2012;Polizia Municipale;1;Venerdì;Notte;VILLAVERLA;SP 349 Costo;Rotatoria;VIA ROMA VIA GRASSURE;11.4926963;45.6438035;0.0;Ghiacciato;Temporanea di cantiere;Neve;;;;;;;;;;;0;0;0;0
2014;Polizia Municipale;5;Domenica;Mattino;VILLAVERLA;SP 349 Costo;Rotatoria;VIA ROMA VIA GRASSURE;11.4926963;45.6438035;0.0;Bagnato;Orizzontale;Vento forte;;;;;;;;;;;0;0;0;0
2013;Polizia Municipale;2;Venerdì;Mattino;VILLAVERLA;SP 349 Costo;Rotatoria;VIA ROMA VIA GRASSURE;11.4927786;45.6438218;0.0;Bagnato;Assente;Vento forte;;;;;;;;;;;0;0;0;0
2014;Polizia Municipale;7;Giovedì;Notte;VILLAVERLA;SP 349 Costo;Rotatoria;VIA ROMA VIA GRASSURE;11.4927786;45.6438218;0.0;Sdrucciolevole;Orizzontale;Altro;;;;;;;;;;;0;0;0;0
2019;Carabiniere;4;Mercoledì;Notte;VILLAVERLA;SP 349 Costo;Intersezione segnalata;VIA CAPOVILLA INCROCIO VIA DE GASPERI;11.492893;45.6583325;0.0;Bagnato;Orizzontale;Vento forte;;;;;;;;;;;0;0;0;0
2013;Carabiniere;6;Domenica;Mattino;VILLAVERLA;SP 349 Costo;Intersezione segnalata;VIA CAPOVILLA INCROCIO VIA DE GASPERI;11.492893;45.6583325;0.0;Sdrucciolevole;Assente;Altro;;;;;;;;;;;0;0;0;0
2010;Polizia Municipale;2;Venerdì;Mattino;VILLAVERLA;SP 349 Costo;Rettilineo;VIA ROMA, 30;11.4933933;45.6476767;0.0;Sdrucciolevole;Orizzontale;Pioggia;;;;;;;;;;;0;0;0;0
2019;Polizia Municipale;6;Sabato;Sera;VILLAVERLA;SP 349 Costo;Rettilineo;VIA ROMA, 30;11.4933933;45.6476767;0.0;Asciutto;Temporanea di cantiere;Sereno;;;;;;;;;;;0;0;0;0
2010;Polizia Municipale;6;Martedì;Sera;VILLAVERLA;SP 349 Costo;Incrocio;PIAZZA DEL POPOLO VIA ROARE;11.4936685;45.6500201;0.0;Bagnato;Orizzontale;Pioggia;;;;;;;;;;;0;0;0;0
2020;Polizia Municipale;8;Domenica;Mattino;VILLAVERLA;SP 349 Costo;Incrocio;PIAZZA DEL POPOLO VIA ROARE;11.4936685;45.6500201;0.0;Asciutto;Assente;Nebbia;;;;;;;;;;;0;0;0;0
2016;Polizia Municipale;5;Sabato;Mattino;VILLAVERLA;SP 349 Costo;Incrocio;VIA ROMA VIA ROARE;11.4937585;45.6501431;0.0;Asciutto;Verticale;Nebbia;;;;;;;;;;;0;0;0;0
2021;Polizia Municipale;5;Venerdì;Notte;VILLAVERLA;SP 349 Costo;Incrocio;VIA ROMA VIA ROARE;11.4937585;45.6501431;0.0;Asciutto;Temporanea di cantiere;Vento forte;;;;;;;;;;;0;0;0;0
2017;Polizia Municipale;8;Giovedì;Mattino;COSTABISSARA;SP 046 Pasubio;Intersezione con semaforo o vigile;VIA PASUBIO VIA A. DE GASPERI;11.4949627;45.6001811;0.0;Asciutto;Verticale;Sereno;;;;;;;;;;;0;0;0;0
2011;Polizia Municipale;2;Giovedì;Pomeriggio;COSTABISSARA;SP 046 Pasubio;Intersezione con semaforo o vigile;VIA PASUBIO VIA A. DE GASPERI;11.4949627;45.6001811;0.0;Bagnato;Verticale;Nebbia;;;;;;;;;;;0;0;0;0
2018;Polizia Municipale;12;Mercoledì;Pomeriggio;COSTABISSARA;SP 046 Pasubio;Rotatoria;STRADA PROVINCIALE 46 VIA MAJORANA;11.4978684;45.5922142;0.0;Bagnato;Verticale;Pioggia;;;;;;;;;;;0;0;0;0
2017;Polizia Municipale;10;Martedì;Mattino;COSTABISSARA;SP 046 Pasubio;Rotatoria;STRADA PROVINCIALE 46 VIA MAJORANA;11.4978684;45.5922142;0.0;Sdrucciolevole;Verticale;Pioggia;;;;;;;;;;;0;0;0;0
2010;Polizia Municipale;9;Sabato;Mattino;VICENZA;SP 046 rac Pasubio Raccordo del Sole;Rettilineo;VIA DEL SOLE ALTEZZA AUCHAN;11.50917;45.54629;0.0;Sdrucciolevole;Verticale;Altro;;;;;;;;;;;0;0;0;0
2021;Polizia Municipale;11;Sabato;Notte;VICENZA;SP 046 rac Pasubio Raccordo del Sole;Rettilineo;VIA DEL SOLE ALTEZZA AUCHAN;11.50917;45.54629;0.0;Sdrucciolevole;Verticale;Neve;;;;;;;;;;;0;0;0;0
2016;Polizia Municipale;1;Domenica;Pomeriggio;VICENZA;SP 046 rac Pasubio Raccordo del Sole;Intersezione con semaforo o vigile;VIALE DEL SOLE INCROCIO STRADA DELLE CATTANE;11.5092694;45.5469962;0.0;Bagnato;Temporanea di cantiere;Pioggia;;;;;;;;;;;0;0;0;0
2012;Polizia Municipale;6;Lunedì;Mattino;VICENZA;SP 046 rac Pasubio Raccordo del Sole;Intersezione con semaforo o vigile;VIALE DEL SOLE INCROCIO STRADA DELLE CATTANE;11.5092694;45.5469962;0.0;Bagnato;Orizzontale;Pioggia;;;;;;;;;;;0;0;0;0
2010;Polizia Municipale;3;Giovedì;Pomeriggio;VICENZA;SP 046 rac Pasubio Raccordo del Sole;Intersezione con semaforo o vigile;VIALE DEL SOLE INCROCIO STRADA DELLE CATTANE;11.5093123;45.5470759;0.0;Asciutto;Verticale;Sereno;;;;;;;;;;;0;0;0;0
2010;Polizia Municipale;7;Domenica;Sera;VICENZA;SP 046 rac Pasubio Raccordo del Sole;Intersezione con semaforo o vigile;VIALE DEL SOLE INCROCIO STRADA DELLE CATTANE;11.5093123;45.5470759;0.0;Sdrucciolevole;Orizzontale;Pioggia;;;;;;;;;;;0;0;0;0
2017;Polizia Municipale;9;Lunedì;Pomeriggio;VICENZA;SP 046 rac Pasubio Raccordo del Sole;Intersezione segnalata;STRADA DELLE CATTANE INCROCIO VIALE DEL SOLE;11.50932;45.54707;0.0;Bagnato;Verticale;Sereno;;;;;;;;;;;0;0;0;0
2020;Polizia Municipale;7;Lunedì;Notte;VICENZA;SP 046 rac Pasubio Raccordo del Sole;Intersezione segnalata;STRADA DELLE CATTANE INCROCIO VIALE DEL SOLE;11.50932;45.54707;0.0;Sdrucciolevole;Orizzontale;Pioggia;;;;;;;;;;;0;0;0;0
2021;Polizia Municipale;5;Lunedì;Mattino;VICENZA;SP 046 rac Pasubio Raccordo del Sole;Intersezione con semaforo o vigile;VIALE DEL SOLE INCROCIO ST. CATTANE;11.50933;45.54709;0.0;Asciutto;Orizzontale;Sereno;;;;;;;;;;;0;0;0;0
2013;Polizia Municipale;3;Mercoledì;Sera;VICENZA;SP 046 rac Pasubio Raccordo del Sole;Intersezione con semaforo o vigile;VIALE DEL SOLE INCROCIO ST. CATTANE;11.50933;45.54709;0.0;Ghiacciato;Orizzontale;Neve;;;;;;;;;;;0;0;0;0
2015;Polizia Municipale;5;Venerdì;Notte;VICENZA;SP 046 rac Pasubio Raccordo del Sole;Rettilineo;VIALE DEL SOLE, 27E;11.5160593;45.5524963;0.0;Bagnato;Temporanea di cantiere;Pioggia;;;;;;;;;;;0;0;0;0
2017;Polizia Municipale;3;Martedì;Mattino;VICENZA;SP 046 rac Pasubio Raccordo del Sole;Rettilineo;VIALE DEL SOLE, 27E;11.5160593;45.5524963;0.0;Asciutto;Orizzontale;Vento forte;;;;;;;;;;;0;0;0;0
2014;Polizia Municipale;1;Sabato;Sera;VALLI DEL PASUBIO;SP 046 Pasubio;Intersezione segnalata;VIA ROSI INCROCIO S.P. 46 DEL PASUBIO;11.2247826;45.7532515;0.0;Sdrucciolevole;Orizzontale;Neve;;;;;;;;;;;0;0;0;0
2011;Polizia Municipale;5;Giovedì;Notte;VALLI DEL PASUBIO;SP 046 Pasubio;Intersezione segnalata;VIA ROSI INCROCIO S.P. 46 DEL PASUBIO;11.2247826;45.7532515;0.0;Bagnato;Temporanea di cantiere;Nebbia;;;;;;;;;;;0;0;0;0
2022;Carabiniere;1;Venerdì;Mattino;VALLI DEL PASUBIO;SP 046 Pasubio;Rettilineo;VIA BRUNO BRANDELLERO AL KM. 34.3;11.2614807;45.7402882;34.3;Bagnato;Temporanea di cantiere;Pioggia;;;;;;;;;;;0;0;0;0
2017;Carabiniere;6;Domenica;Pomeriggio;VALLI DEL PASUBIO;SP 046 Pasubio;Rettilineo;VIA BRUNO BRANDELLERO AL KM. 34.3;11.2614807;45.7402882;34.3;Asciutto;Assente;Sereno;;;;;;;;;;;0;0;0;0
2011;Polizia Municipale;5;Sabato;Pomeriggio;TORREBELVICINO;SP 046 Pasubio;Intersezione non segnalata;VIA XXIX APRILE INCROCIO VIA RIMEMBRANZA;11.3021313;45.719219;0.0;Bagnato;Verticale;Vento forte;;;;;;;;;;;0;0;0;0
2012;Polizia Municipale;8;Martedì;Mattino;TORREBELVICINO;SP 046 Pasubio;Intersezione non segnalata;VIA XXIX APRILE INCROCIO VIA RIMEMBRANZA;11.3021313;45.719219;0.0;Asciutto;Temporanea di cantiere;Altro;;;;;;;;;;;0;0;0;0
2014;Polizia Municipale;6;Venerdì;Notte;ARSIERO;SP 350 Val d'Astico;Rettilineo;VIA SCALINI, 13;11.3680745;45.8255572;0.0;Bagnato;Assente;Vento forte;;;;;;;;;;;0;0;0;0
2020;Polizia Municipale;1;Mercoledì;Mattino;ARSIERO;SP 350 Val d'Astico;Rettilineo;VIA SCALINI, 13;11.3680745;45.8255572;0.0;Ghiacciato;Temporanea di cantiere;Neve;;;;;;;;;;;0;0;0;0
2022;Polizia Municipale;1;Martedì;Mattino;SANTORSO;SP 350 Val d'Astico;Rettilineo;VIA IV NOVEMBRE, 27;11.3751701;45.7293552;0.0;Asciutto;Orizzontale;Nebbia;;;;;;;;;;;0;0;0;0
2020;Polizia Municipale;2;Mercoledì;Mattino;SANTORSO;SP 350 Val d'Astico;Rettilineo;VIA IV NOVEMBRE, 27;11.3751701;45.7293552;0.0;Bagnato;Orizzontale;Sereno;;;;;;;;;;;0;0;0;0
2013;Polizia Municipale;5;Mercoledì;Notte;SANTORSO;SP 350 Val d'Astico;Intersezione segnalata;VIA IV NOVEMBRE INCROCIO VIA DELLE ARZARE;11.3770628;45.7298333;0.0;Asciutto;Verticale;Vento forte;;;;;;;;;;;0;0;0;0
2023;Polizia Municipale;5;Sabato;Mattino;SANTORSO;SP 350 Val d'Astico;Intersezione segnalata;VIA IV NOVEMBRE INCROCIO VIA DELLE ARZARE;11.3770628;45.7298333;0.0;Asciutto;Orizzontale;Nebbia;;;;;;;;;;;0;0;0;0
2010;Carabiniere;8;Mercoledì;Notte;SANTORSO;SP 350 Val d'Astico;Incrocio;VIA 4 NOVEMBRE INCROCIO VIA DELLA RAVIZZA;11.38212;45.73113;0.0;Bagnato;Orizzontale;Pioggia;;;;;;;;;;;0;0;0;0
2014;Carabiniere;12;Lunedì;Notte;SANTORSO;SP 350 Val d'Astico;Incrocio;VIA 4 NOVEMBRE INCROCIO VIA DELLA RAVIZZA;11.38212;45.73113;0.0;Bagnato;Temporanea di cantiere;Vento forte;;;;;;;;;;;0;0;0;0
2014;Polizia Municipale;12;Domenica;Pomeriggio;SANTORSO;SP 350 Val d'Astico;Rettilineo;VIA 4 NOVEMBRE, 55;11.3851913;45.7319333;0.0;Bagnato;Assente;Vento forte;;;;;;;;;;;0;0;0;0
2016;Polizia Municipale;11;Lunedì;Notte;SANTORSO;SP 350 Val d'Astico;Rettilineo;VIA 4 NOVEMBRE, 55;11.3851913;45.7319333;0.0;Bagnato;Orizzontale;Vento forte;;;;;;;;;;;0;0;0;0
2021;Polizia Municipale;9;Giovedì;Mattino;SAN VITO DI LEGUZZANO;SP 046 Pasubio;Rettilineo;"VIA VICENZA DI FRONTE DITTA ""SIGGI CONFEZIONI""";11.3927349;45.6904302;0.0;Bagnato;Assente;Sereno;;;;;;;;;;;0;0;0;0
2022;Polizia Municipale;2;Lunedì;Mattino;SAN VITO DI LEGUZZANO;SP 046 Pasubio;Rettilineo;"VIA VICENZA DI FRONTE DITTA ""SIGGI CONFEZIONI""";11.3927349;45.6904302;0.0;Bagnato;Verticale;Altro;;;;;;;;;;;0;0;0;0
2019;Polizia Municipale;4;Domenica;Notte;SANTORSO;SP 350 Val d'Astico;Rettilineo;VIA EUROPA, 37;11.393126;45.7339493;0.0;Asciutto;Temporanea di cantiere;Sereno;;;;;;;;;;;0;0;0;0
2021;Polizia Municipale;10;Martedì;Sera;SANTORSO;SP 350 Val d'Astico;Rettilineo;VIA EUROPA, 37;11.393126;45.7339493;0.0;Bagnato;Verticale;Vento forte;;;;;;;;;;;0;0;0;0
2013;Polizia Municipale;10;Lunedì;Mattino;SAN VITO DI LEGUZZANO;SP 046 Pasubio;Intersezione segnalata;VIA VICENZA INCROCIO VIA LEOGRA;11.3970101;45.687136;0.0;Asciutto;Verticale;Nebbia;;;;;;;;;;;0;0;0;0
2016;Polizia Municipale;6;Mercoledì;Pomeriggio;SAN VITO DI LEGUZZANO;SP 046 Pasubio;Intersezione segnalata;VIA VICENZA INCROCIO VIA LEOGRA;11.3970101;45.687136;0.0;Asciutto;Orizzontale;Sereno;;;;;;;;;;;0;0;0;0
2022;Polizia Stradale;1;Mercoledì;Mattino;MALO;SP 046 Pasubio;Intersezione segnalata;STRADA PROVINCIALE 46 INTERSEZIONE CON VIA ASIAGO;11.4103609;45.6624044;17.4;Bagnato;Verticale;Altro;;;;;;;;;;;0;0;0;0
2020;Polizia Stradale;6;Sabato;Sera;MALO;SP 046 Pasubio;Intersezione segnalata;STRADA PROVINCIALE 46 INTERSEZIONE CON VIA ASIAGO;11.4103609;45.6624044;17.4;Sdrucciolevole;Temporanea di cantiere;Altro;;;;;;;;;;;0;0;0;0
2013;Carabiniere;6;Sabato;Sera;MALO;SP 046 Pasubio;Intersezione segnalata;VIA MONTE PASUBIO INCROCIO VIA MONTELLO;11.41089;45.66181;0.0;Asciutto;Assente;Sereno;;;;;;;;;;;0;0;0;0
2018;Carabiniere;5;Venerdì;Sera;MALO;SP 046 Pasubio;Intersezione segnalata;VIA MONTE PASUBIO INCROCIO VIA MONTELLO;11.41089;45.66181;0.0;Bagnato;Orizzontale;Sereno;;;;;;;;;;;0;0;0;0
2013;Polizia Municipale;12;Martedì;Pomeriggio;MALO;SP 046 Pasubio;Intersezione con semaforo o vigile;VIA SAN GIOVANNI INTERSEZIONE CON VIA L. DA VINCI, 1;11.4181756;45.6540162;0.0;Bagnato;Assente;Nebbia;;;;;;;;;;;0;0;0;0
2018;Polizia Municipale;12;Giovedì;Notte;MALO;SP 046 Pasubio;Intersezione con semaforo o vigile;VIA SAN GIOVANNI INTERSEZIONE CON VIA L. DA VINCI, 1;11.4181756;45.6540162;0.0;Asciutto;Assente;Vento forte;;;;;;;;;;;0;0;0;0
2012;Carabiniere;7;Mercoledì;Pomeriggio;COGOLLO DEL CENGIO;SP 350 Val d'Astico;Curva;SP350 AL KM. 53;11.41989;45.78549;53.0;Bagnato;Orizzontale;Altro;;;;;;;;;;;0;0;0;0
2012;Carabiniere;12;Lunedì;Pomeriggio;COGOLLO DEL CENGIO;SP 350 Val d'Astico;Curva;SP350 AL KM. 53;11.41989;45.78549;53.0;Innevato;Assente;Neve;;;;;;;;;;;0;0;0;0
2020;Polizia Municipale;5;Mercoledì;Notte;MALO;SP 046 Pasubio;Rettilineo;VIA LEONARDO DA VINCI;11.4200125;45.6514807;15.86;Bagnato;Orizzontale;Nebbia;;;;;;;;;;;0;0;0;0
2010;Polizia Municipale;3;Domenica;Sera;MALO;SP 046 Pasubio;Rettilineo;VIA LEONARDO DA VINCI;11.4200125;45.6514807;15.86;Innevato;Temporanea di cantiere;Neve;;;;;;;;;;;0;0;0;0
2019;Polizia Municipale;1;Sabato;Notte;SCHIO;SP 349 var Costo Variante;Rotatoria;VIA INDUSTRIA INCROCIO VIA GARZIERE;11.4208587;45.7250903;0.0;Bagnato;Orizzontale;Pioggia;;;;;;;;;;;0;0;0;0
2013;Polizia Municipale;11;Mercoledì;Mattino;SCHIO;SP 349 var Costo Variante;Rotatoria;VIA INDUSTRIA INCROCIO VIA GARZIERE;11.4208587;45.7250903;0.0;Asciutto;Orizzontale;Altro;;;;;;;;;;;0;0;0;0
2020;Carabiniere;5;Venerdì;Mattino;COGOLLO DEL CENGIO;SP 350 Val d'Astico;Incrocio;VIA GIOVANNI XXIII INCROCIO VIA DON GIUSEPPE CONTRO;11.42386;45.78408;0.0;Asciutto;Orizzontale;Sereno;;;;;;;;;;;0;0;0;0
2020;Carabiniere;2;Lunedì;Pomeriggio;COGOLLO DEL CENGIO;SP 350 Val d'Astico;Incrocio;VIA GIOVANNI XXIII INCROCIO VIA DON GIUSEPPE CONTRO;11.42386;45.78408;0.0;Asciutto;Orizzontale;Sereno;;;;;;;;;;;0;0;0;0
2016;Polizia Municipale;4;Giovedì;Pomeriggio;COGOLLO DEL CENGIO;SP 350 Val d'Astico;Intersezione segnalata;VIA TRIESTE;11.4292794;45.7793928;53.1;Sdrucciolevole;Verticale;Pioggia;;;;;;;;;;;0;0;0;0
2018;Polizia Municipale;2;Lunedì;Sera;COGOLLO DEL CENGIO;SP 350 Val d'Astico;Intersezione segnalata;VIA TRIESTE;11.4292794;45.7793928;53.1;Bagnato;Verticale;Sereno;;;;;;;;;;;0;0;0;0
2014;Polizia Municipale;4;Martedì;Mattino;MALO;SP 046 Pasubio;Intersezione segnalata;VIA VICENZA INTERSEZIONE VIA PONTE;11.4300897;45.6414616;0.0;Asciutto;Temporanea di cantiere;Nebbia;;;;;;;;;;;0;0;0;0
2017;Polizia Municipale;3;Lunedì;Pomeriggio;MALO;SP 046 Pasubio;Intersezione segnalata;VIA VICENZA INTERSEZIONE VIA PONTE;11.4300897;45.6414616;0.0;Asciutto;Orizzontale;Nebbia;;;;;;;;;;;0;0;0;0
2010;Polizia Municipale;8;Martedì;Notte;MALO;SP 046 Pasubio;Rettilineo;VIA VICENZA, 1;11.4316318;45.6403007;0.0;Bagnato;Assente;Nebbia;;;;;;;;;;;0;0;0;0
2018;Polizia Municipale;12;Martedì;Mattino;MALO;SP 046 Pasubio;Rettilineo;VIA VICENZA, 1;11.4316318;45.6403007;0.0;Innevato;Assente;Neve;;;;;;;;;;;0;0;0;0
2020;Polizia Municipale;11;Sabato;Pomeriggio;PIOVENE ROCCHETTE;SP 350 Val d'Astico;Incrocio;VIA ARNALDO FUSINATO INCROCIO VIA ROMA;11.4327678;45.7641673;0.0;Bagnato;Orizzontale;Vento forte;;;;;;;;;;;0;0;0;0
2023;Polizia Municipale;4;Sabato;Pomeriggio;PIOVENE ROCCHETTE;SP 350 Val d'Astico;Incrocio;VIA ARNALDO FUSINATO INCROCIO VIA ROMA;11.4327678;45.7641673;0.0;Bagnato;Temporanea di cantiere;Sereno;;;;;;;;;;;0;0;0;0
2010;Polizia Municipale;11;Venerdì;Mattino;MALO;SP 046 Pasubio;Incrocio;VIA VICENZA INTERSEZIONE CON VIA SANTA MARIA CELESTE, 170;11.4354632;45.6375214;0.0;Asciutto;Temporanea di cantiere;Nebbia;;;;;;;;;;;0;0;0;0
2012;Polizia Municipale;5;Mercoledì;Sera;MALO;SP 046 Pasubio;Incrocio;VIA VICENZA INTERSEZIONE CON VIA SANTA MARIA CELESTE, 170;11.4354632;45.6375214;0.0;Bagnato;Orizzontale;Pioggia;;;;;;;;;;;0;0;0;0
2015;Carabiniere;4;Mercoledì;Mattino;PIOVENE ROCCHETTE;SP 350 Val d'Astico;Intersezione con semaforo o vigile;VIA ROMA INCROCIO VIALE GIACOMO MATTEOTTI;11.43583;45.76279;0.0;Bagnato;Temporanea di cantiere;Pioggia;;;;;;;;;;;0;0;0;0
2010;Carabiniere;2;Sabato;Mattino;PIOVENE ROCCHETTE;SP 350 Val d'Astico;Intersezione con semaforo o vigile;VIA ROMA INCROCIO VIALE GIACOMO MATTEOTTI;11.43583;45.76279;0.0;Ghiacciato;Temporanea di cantiere;Neve;;;;;;;;;;;0;0;0;0
2017;Polizia Municipale;4;Domenica;Pomeriggio;PIOVENE ROCCHETTE;SP 350 Val d'Astico;Intersezione con semaforo o vigile;VIA TRIESTE INCROCIO VIA LEVA';11.4359087;45.7627643;0.0;Sdrucciolevole;Verticale;Pioggia;;;;;;;;;;;0;0;0;0
2019;Polizia Municipale;1;Venerdì;Pomeriggio;PIOVENE ROCCHETTE;SP 350 Val d'Astico;Intersezione con semaforo o vigile;VIA TRIESTE INCROCIO VIA LEVA';11.4359087;45.7627643;0.0;Asciutto;Temporanea di cantiere;Vento forte;;;;;;;;;;;0;0;0;0
2016;Polizia Municipale;3;Domenica;Notte;PIOVENE ROCCHETTE;SP 349 Costo;Intersezione segnalata;VIA THIENE INCROCIO VIA DEL MARONARO;11.4359187;45.7438972;0.0;Ghiacciato;Orizzontale;Neve;;;;;;;;;;;0;0;0;0
2019;Polizia Municipale;11;Giovedì;Notte;PIOVENE ROCCHETTE;SP 349 Costo;Intersezione segnalata;VIA THIENE INCROCIO VIA DEL MARONARO;11.4359187;45.7438972;0.0;Innevato;Temporanea di cantiere;Neve;;;;;;;;;;;0;0;0;0
2022;Polizia Municipale;11;Martedì;Sera;COGOLLO DEL CENGIO;SP 349 Costo;Rettilineo;VIA SP 349 DEL COSTO, 0;11.4397149;45.7855673;84.0;Asciutto;Verticale;Sereno;;;;;;;;;;;0;0;0;0
2018;Polizia Municipale;2;Giovedì;Sera;COGOLLO DEL CENGIO;SP 349 Costo;Rettilineo;VIA SP 349 DEL COSTO, 0;11.4397149;45.7855673;84.0;Sdrucciolevole;Verticale;Neve;;;;;;;;;;;0;0;0;0
2017;Polizia Stradale;2;Martedì;Notte;CARRE';SP 349 Costo;Intersezione segnalata;STRADA PROVINCIALE 349 INTERS. CON VIA BIANCHE;11.4401398;45.7381879;82.5;Asciutto;Assente;Sereno;;;;;;;;;;;0;0;0;0
2016;Polizia Stradale;8;Sabato;Notte;CARRE';SP 349 Costo;Intersezione segnalata;STRADA PROVINCIALE 349 INTERS. CON VIA BIANCHE;11.4401398;45.7381879;82.5;Sdrucciolevole;Assente;Altro;;;;;;;;;;;0;0;0;0
2019;Polizia Municipale;9;Sabato;Notte;PIOVENE ROCCHETTE;SP 349 Costo;Intersezione segnalata;VIA ANTONIO FOGAZZARO INCROCIO VIA CURTOLINI;11.4427263;45.7599044;0.0;Bagnato;Temporanea di cantiere;Altro;;;;;;;;;;;0;0;0;0
2019;Polizia Municipale;11;Giovedì;Notte;PIOVENE ROCCHETTE;SP 349 Costo;Intersezione segnalata;VIA ANTONIO FOGAZZARO INCROCIO VIA CURTOLINI;11.4427263;45.7599044;0.0;Asciutto;Assente;Sereno;;;;;;;;;;;0;0;0;0
2023;Polizia Municipale;3;Mercoledì;Sera;PIOVENE ROCCHETTE;SP 349 Costo;Incrocio;VIA FOGAZZARO INCROCIO VIA CURTOLINI;11.4427799;45.7599306;0.0;Bagnato;Temporanea di cantiere;Pioggia;;;;;;;;;;;0;0;0;0
2018;Polizia Municipale;12;Sabato;Sera;PIOVENE ROCCHETTE;SP 349 Costo;Incrocio;VIA FOGAZZARO INCROCIO VIA CURTOLINI;11.4427799;45.7599306;0.0;Innevato;Assente;Neve;;;;;;;;;;;0;0;0;0
2010;Polizia Municipale;8;Lunedì;Notte;ISOLA VICENTINA;SP 046 Pasubio;Rettilineo;VIA MARCONI, 63;11.4433569;45.6285973;0.0;Asciutto;Verticale;Sereno;;;;;;;;;;;0;0;0;0
2014;Polizia Municipale;12;Giovedì;Notte;ISOLA VICENTINA;SP 046 Pasubio;Rettilineo;VIA MARCONI, 63;11.4433569;45.6285973;0.0;Bagnato;Orizzontale;Vento forte;;;;;;;;;;;0;0;0;0
2016;Carabiniere;11;Domenica;Mattino;ISOLA VICENTINA;SP 046 Pasubio;Curva;VIA ARASELLA, 9;11.44579;45.62781;0.0;Bagnato;Verticale;Pioggia;;;;;;;;;;;0;0;0;0
2014;Carabiniere;1;Martedì;Sera;ISOLA VICENTINA;SP 046 Pasubio;Curva;VIA ARASELLA, 9;11.44579;45.62781;0.0;Sdrucciolevole;Verticale;Neve;;;;;;;;;;;0;0;0;0
2011;Carabiniere;3;Sabato;Mattino;ISOLA VICENTINA;SP 046 Pasubio;Rettilineo;VIA ARASELLA, 40;11.4464971;45.6272812;0.0;Ghiacciato;Assente;Neve;;;;;;;;;;;0;0;0;0
2012;Carabiniere;5;Sabato;Mattino;ISOLA VICENTINA;SP 046 Pasubio;Rettilineo;VIA ARASELLA, 40;11.4464971;45.6272812;0.0;Sdrucciolevole;Assente;Pioggia;;;;;;;;;;;0;0;0;0
2016;Polizia Municipale;10;Martedì;Pomeriggio;ISOLA VICENTINA;SP 046 Pasubio;Rettilineo;VIA ARASELLA, 2;11.4466666;45.6271359;0.0;Bagnato;Verticale;Sereno;;;;;;;;;;;0;0;0;0
2010;Polizia Municipale;1;Sabato;Sera;ISOLA VICENTINA;SP 046 Pasubio;Rettilineo;VIA ARASELLA, 2;11.4466666;45.6271359;0.0;Bagnato;Assente;Sereno;;;;;;;;;;;0;0;0;0
2023;Polizia Municipale;5;Sabato;Notte;ZANE';SP 349 var Costo Variante;Rettilineo;NUOVO RACCORDO THIENE SCHIO;11.4488292;45.7070235;0.0;Bagnato;Assente;Pioggia;;;;;;;;;;;0;0;0;0
2015;Polizia Municipale;7;Venerdì;Pomeriggio;ZANE';SP 349 var Costo Variante;Rettilineo;NUOVO RACCORDO THIENE SCHIO;11.4488292;45.7070235;0.0;Bagnato;Temporanea di cantiere;Pioggia;;;;;;;;;;;0;0;0;0
2021;Polizia Stradale;4;Sabato;Notte;ZANE';SP 349 Costo;Intersezione segnalata;STRADA PROVINCIALE 349 INTERS. CON VIA DE GASPERI;11.4517729;45.7216347;94.5;Asciutto;Temporanea di cantiere;Sereno;;;;;;;;;;;0;0;0;0
2012;Polizia Stradale;9;Lunedì;Pomeriggio;ZANE';SP 349 Costo;Intersezione segnalata;STRADA PROVINCIALE 349 INTERS. CON VIA DE GASPERI;11.4517729;45.7216347;94.5;Asciutto;Orizzontale;Nebbia;;;;;;;;;;;0;0;0;0
2010;Carabiniere;2;Sabato;Notte;CHIUPPANO;SP 349 Costo;Rettilineo;VIA PONTE DEI GRANATIERI ALTEZZA KM. 88 SP 349;11.45374;45.76589;88.0;Sdrucciolevole;Temporanea di cantiere;Neve;;;;;;;;;;;0;0;0;0
2023;Carabiniere;9;Sabato;Notte;CHIUPPANO;SP 349 Costo;Rettilineo;VIA PONTE DEI GRANATIERI ALTEZZA KM. 88 SP 349;11.45374;45.76589;88.0;Asciutto;Temporanea di cantiere;Sereno;;;;;;;;;;;0;0;0;0
2022;Polizia Municipale;12;Martedì;Pomeriggio;THIENE;SP 349 var Costo Variante;Rettilineo;NSA 384, 3+700;11.4538575;45.7040738;3.7;Asciutto;Assente;Sereno;;;;;;;;;;;0;0;0;0
2022;Polizia Municipale;1;Domenica;Sera;THIENE;SP 349 var Costo Variante;Rettilineo;NSA 384, 3+700;11.4538575;45.7040738;3.7;Asciutto;Verticale;Sereno;;;;;;;;;;;0;0;0;0
2017;Carabiniere;6;Giovedì;Mattino;CALTRANO;SP 349 Costo;Dosso;VIA PONTE DEI GRANATIERI AL KM. 87.55;11.45607;45.7705;87.55;Asciutto;Orizzontale;Vento forte;;;;;;;;;;;0;0;0;0
2010;Carabiniere;6;Venerdì;Pomeriggio;CALTRANO;SP 349 Costo;Dosso;VIA PONTE DEI GRANATIERI AL KM. 87.55;11.45607;45.7705;87.55;Bagnato;Verticale;Vento forte;;;;;;;;;;;0;0;0;0
2021;Polizia Municipale;7;Lunedì;Notte;ISOLA VICENTINA;SP 046 Pasubio;Rettilineo;VIA EUROPA, 46;11.4587376;45.6210468;0.0;Asciutto;Orizzontale;Nebbia;;;;;;;;;;;0;0;0;0
2011;Polizia Municipale;11;Martedì;Pomeriggio;ISOLA VICENTINA;SP 046 Pasubio;Rettilineo;VIA EUROPA, 46;11.4587376;45.6210468;0.0;Asciutto;Temporanea di cantiere;Nebbia;;;;;;;;;;;0;0;0;0
2015;Polizia Municipale;10;Domenica;Mattino;ISOLA VICENTINA;SP 046 Pasubio;Intersezione segnalata;VIA EUROPA, 45/B;11.4591946;45.6207958;0.0;Asciutto;Orizzontale;Vento forte;;;;;;;;;;;0;0;0;0
2015;Polizia Municipale;1;Sabato;Sera;ISOLA VICENTINA;SP 046 Pasubio;Intersezione segnalata;VIA EUROPA, 45/B;11.4591946;45.6207958;0.0;Innevato;Orizzontale;Neve;;;;;;;;;;;0;0;0;0
2015;Polizia Municipale;11;Domenica;Notte;ISOLA VICENTINA;SP 046 Pasubio;Intersezione con semaforo o vigile;VIA VICENZA VIA CHIODO;11.4668503;45.6143404;0.0;Asciutto;Verticale;Vento forte;;;;;;;;;;;0;0;0;0
2018;Polizia Municipale;8;Domenica;Mattino;ISOLA VICENTINA;SP 046 Pasubio;Intersezione con semaforo o vigile;VIA VICENZA VIA CHIODO;11.4668503;45.6143404;0.0;Asciutto;Temporanea di cantiere;Altro;;;;;;;;;;;0;0;0;0
2013;Carabiniere;2;Venerdì;Notte;ISOLA VICENTINA;SP 046 Pasubio;Rettilineo;VIA FABBREGA, 4;11.48233;45.60796;0.0;Sdrucciolevole;Temporanea di cantiere;Altro;;;;;;;;;;;0;0;0;0
2014;Carabiniere;1;Giovedì;Notte;ISOLA VICENTINA;SP 046 Pasubio;Rettilineo;VIA FABBREGA, 4;11.48233;45.60796;0.0;Asciutto;Verticale;Sereno;;;;;;;;;;;0;0;0;0
2020;Polizia Municipale;5;Domenica;Notte;THIENE;SP 349 Costo;Curva;VIA SANTO, 6;11.4875299;45.6749425;0.0;Bagnato;Verticale;Pioggia;;;;;;;;;;;0;0;0;0
2021;Polizia Municipale;2;Sabato;Sera;THIENE;SP 349 Costo;Curva;VIA SANTO, 6;11.4875299;45.6749425;0.0;Sdrucciolevole;Assente;Neve;;;;;;;;;;;0;0;0;0
2023;Polizia Municipale;3;Lunedì;Mattino;CALDOGNO;SP 349 Costo;Intersezione segnalata;VIA PONTARON VIA FOGAZZARO;11.4913591;45.6195385;0.0;Bagnato;Orizzontale;Pioggia;;;;;;;;;;;0;0;0;0
2015;Polizia Municipale;2;Venerdì;Sera;CALDOGNO;SP 349 Costo;Intersezione segnalata;VIA PONTARON VIA FOGAZZARO;11.4913591;45.6195385;0.0;Bagnato;Temporanea di cantiere;Pioggia;;;;;;;;;;;0;0;0;0
2020;Polizia Municipale;9;Venerdì;Pomeriggio;COSTABISSARA;SP 349 Costo;Intersezione segnalata;VIA C. BATTISTI VIA PASUBIO;11.4934043;45.6038505;0.0;Sdrucciolevole;Orizzontale;Pioggia;;;;;;;;;;;0;0;0;0
2017;Polizia Municipale;3;Venerdì;Sera;COSTABISSARA;SP 349 Costo;Intersezione segnalata;VIA C. BATTISTI VIA PASUBIO;11.4934043;45.6038505;0.0;Asciutto;Orizzontale;Vento forte;;;;;;;;;;;0;0;0;0
2023;Polizia Municipale;7;Venerdì;Sera;VILLAVERLA;SP 349 Costo;Rettilineo;VIA CAPOVILLA, 30/32;11.4935233;45.6569719;0.0;Asciutto;Verticale;Altro;;;;;;;;;;;0;0;0;0
2012;Polizia Municipale;6;Venerdì;Pomeriggio;VILLAVERLA;SP 349 Costo;Rettilineo;VIA CAPOVILLA, 30/32;11.4935233;45.6569719;0.0;Bagnato;Orizzontale;Altro;;;;;;;;;;;0;0;0;0
2013;Polizia Municipale;5;Lunedì;Sera;VILLAVERLA;SP 349 Costo;Rettilineo;VIA CAPOVILLA VIA MANZONI;11.4936562;45.6565977;0.0;Asciutto;Assente;Nebbia;;;;;;;;;;;0;0;0;0
2020;Polizia Municipale;12;Domenica;Notte;VILLAVERLA;SP 349 Costo;Rettilineo;VIA CAPOVILLA VIA MANZONI;11.4936562;45.6565977;0.0;Bagnato;Assente;Sereno;;;;;;;;;;;0;0;0;0
2011;Carabiniere;11;Mercoledì;Pomeriggio;VILLAVERLA;SP 349 Costo;Intersezione segnalata;VIA VERLATO INCROCIO VIA ROMA;11.4943073;45.6537555;0.0;Bagnato;Verticale;Vento forte;;;;;;;;;;;0;0;0;0
2010;Carabiniere;1;Martedì;Pomeriggio;VILLAVERLA;SP 349 Costo;Intersezione segnalata;VIA VERLATO INCROCIO VIA ROMA;11.4943073;45.6537555;0.0;Asciutto;Temporanea di cantiere;Vento forte;;;;;;;;;;;0;0;0;0
2021;Carabiniere;1;Lunedì;Sera;COSTABISSARA;SP 046 Pasubio;Rettilineo;STRADA STATALE PASUBIO, 169;11.4944696;45.6011739;0.0;Sdrucciolevole;Verticale;Pioggia;;;;;;;;;;;0;0;0;0
2022;Carabiniere;12;Martedì;Notte;COSTABISSARA;SP 046 Pasubio;Rettilineo;STRADA STATALE PASUBIO, 169;11.4944696;45.6011739;0.0;Sdrucciolevole;Verticale;Neve;;;;;;;;;;;0;0;0;0
2019;Polizia Municipale;3;Sabato;Mattino;COSTABISSARA;SP 046 Pasubio;Rotatoria;VIA PASUBIO VIA A. DE GASPERI;11.4949412;45.6001586;0.0;Asciutto;Temporanea di cantiere;Sereno;;;;;;;;;;;0;0;0;0
2016;Polizia Municipale;12;Mercoledì;Notte;COSTABISSARA;SP 046 Pasubio;Rotatoria;VIA PASUBIO VIA A. DE GASPERI;11.4949412;45.6001586;0.0;Asciutto;Assente;Vento forte;;;;;;;;;;;0;0;0;0
2016;Polizia Municipale;5;Giovedì;Sera;COSTABISSARA;SP 046 Pasubio;Rettilineo;VIA PASUBIO, 43;11.4954875;45.5986509;0.0;Bagnato;Assente;Vento forte;;;;;;;;;;;0;0;0;0
2021;Polizia Municipale;5;Martedì;Pomeriggio;COSTABISSARA;SP 046 Pasubio;Rettilineo;VIA PASUBIO, 43;11.4954875;45.5986509;0.0;Asciutto;Temporanea di cantiere;Sereno;;;;;;;;;;;0;0;0;0
2020;Carabiniere;8;Mercoledì;Sera;ASIAGO;SP 349 Costo;Rettilineo;VIA GIUSEPPE VERDI AL KM. 63.4;11.49655;45.86896;63.4;Bagnato;Orizzontale;Nebbia;;;;;;;;;;;0;0;0;0
2023;Carabiniere;8;Venerdì;Notte;ASIAGO;SP 349 Costo;Rettilineo;VIA GIUSEPPE VERDI AL KM. 63.4;11.49655;45.86896;63.4;Bagnato;Temporanea di cantiere;Vento forte;;;;;;;;;;;0;0;0;0
2013;Carabiniere;2;Giovedì;Sera;COSTABISSARA;SP 046 Pasubio;Rettilineo;STRADA STATALE PASUBIO AL KM. 6.1;11.5001399;45.5891961;6.1;Asciutto;Verticale;Vento forte;;;;;;;;;;;0;0;0;0
2014;Carabiniere;9;Domenica;Mattino;COSTABISSARA;SP 046 Pasubio;Rettilineo;STRADA STATALE PASUBIO AL KM. 6.1;11.5001399;45.5891961;6.1;Bagnato;Temporanea di cantiere;Altro;;;;;;;;;;;0;0;0;0
2020;Polizia Stradale;1;Lunedì;Pomeriggio;VICENZA;SP 046 rac Pasubio Raccordo del Sole;Intersezione con semaforo o vigile;VIA DEL SOLE INT VIA CATTANE;11.5090859;45.5470739;0.0;Bagnato;Orizzontale;Pioggia;;;;;;;;;;;0;0;0;0
2014;Polizia Stradale;1;Sabato;Sera;VICENZA;SP 046 rac Pasubio Raccordo del Sole;Intersezione con semaforo o vigile;VIA DEL SOLE INT VIA CATTANE;11.5090859;45.5470739;0.0;Ghiacciato;Orizzontale;Neve;;;;;;;;;;;0;0;0;0
2020;Polizia Municipale;1;Sabato;Sera;VICENZA;SP 046 rac Pasubio Raccordo del Sole;Rettilineo;VIALE DEL SOLE CEPPO ETTOMETRICO 1/III;11.50918;45.54644;0.0;Sdrucciolevole;Orizzontale;Altro;;;;;;;;;;;0;0;0;0
2020;Polizia Municipale;1;Mercoledì;Mattino;VICENZA;SP 046 rac Pasubio Raccordo del Sole;Rettilineo;VIALE DEL SOLE CEPPO ETTOMETRICO 1/III;11.50918;45.54644;0.0;Asciutto;Assente;Nebbia;;;;;;;;;;;0;0;0;0
2023;Polizia Municipale;12;Sabato;Sera;VICENZA;SP 046 rac Pasubio Raccordo del Sole;Intersezione con semaforo o vigile;STRADA DELLE CATTANE INCROCIO VIALE DEL SOLE;11.50931;45.54703;0.0;Asciutto;Verticale;Sereno;;;;;;;;;;;0;0;0;0
2013;Polizia Municipale;2;Sabato;Notte;VICENZA;SP 046 rac Pasubio Raccordo del Sole;Intersezione con semaforo o vigile;STRADA DELLE CATTANE INCROCIO VIALE DEL SOLE;11.50931;45.54703;0.0;Sdrucciolevole;Verticale;Pioggia;;;;;;;;;;;0;0;0;0
2020;Polizia Municipale;11;Giovedì;Pomeriggio;VICENZA;SP 046 rac Pasubio Raccordo del Sole;Intersezione con semaforo o vigile;ST. CATTANE INCROCIO VIALE DEL SOLE;11.50934;45.54705;0.0;Bagnato;Temporanea di cantiere;Altro;;;;;;;;;;;0;0;0;0
2022;Polizia Municipale;8;Lunedì;Notte;VICENZA;SP 046 rac Pasubio Raccordo del Sole;Intersezione con semaforo o vigile;ST. CATTANE INCROCIO VIALE DEL SOLE;11.50934;45.54705;0.0;Bagnato;Orizzontale;Sereno;;;;;;;;;;;0;0;0;0
2022;Polizia Municipale;12;Lunedì;Pomeriggio;VICENZA;SP 046 rac Pasubio Raccordo del Sole;Intersezione con semaforo o vigile;VIALE DEL SOLE INCROCIO VIA BRIGATA GRANATIERI DI SARDEGN;11.51846;45.55477;0.0;Bagnato;Temporanea di cantiere;Pioggia;;;;;;;;;;;0;0;0;0
2018;Polizia Municipale;1;Mercoledì;Sera;VICENZA;SP 046 rac Pasubio Raccordo del Sole;Intersezione con semaforo o vigile;VIALE DEL SOLE INCROCIO VIA BRIGATA GRANATIERI DI SARDEGN;11.51846;45.55477;0.0;Ghiacciato;Verticale;Neve;;;;;;;;;;;0;0;0;0
2010;Polizia Municipale;3;Martedì;Sera;VICENZA;SP 046 rac Pasubio Raccordo del Sole;Incrocio;VIALE DEL SOLE INCROCIO VIA BRIGATA GRANATIERI DI SARDEGN;11.51846;45.55479;0.0;Asciutto;Verticale;Vento forte;;;;;;;;;;;0;0;0;0
2020;Polizia Municipale;10;Mercoledì;Pomeriggio;VICENZA;SP 046 rac Pasubio Raccordo del Sole;Incrocio;VIALE DEL SOLE INCROCIO VIA BRIGATA GRANATIERI DI SARDEGN;11.51846;45.55479;0.0;Bagnato;Assente;Altro;;;;;;;;;;;0;0;0;0
2023;Polizia Municipale;2;Domenica;Sera;VICENZA;SP 046 rac Pasubio Raccordo del Sole;Intersezione con semaforo o vigile;VIALE DEL SOLE INCROCIO VIA BRIGATA GRANATIERI DI SARDEGN;11.51854;45.55479;0.0;Ghiacciato;Verticale;Neve;;;;;;;;;;;0;0;0;0
2019;Polizia Municipale;1;Sabato;Pomeriggio;VICENZA;SP 046 rac Pasubio Raccordo del Sole;Intersezione con semaforo o vigile;VIALE DEL SOLE INCROCIO VIA BRIGATA GRANATIERI DI SARDEGN;11.51854;45.55479;0.0;Ghiacciato;Assente;Neve;;;;;;;;;;;0;0;0;0
2013;Polizia Municipale;9;Sabato;Pomeriggio;VICENZA;SP 046 rac Pasubio Raccordo del Sole;Intersezione con semaforo o vigile;VIALE DEL SOLE INCROCIO VIA BRIGATA GRANATIERI DI SARDEGN;11.51856;45.55474;0.0;Bagnato;Orizzontale;Pioggia;;;;;;;;;;;0;0;0;0
2022;Polizia Municipale;3;Venerdì;Pomeriggio;VICENZA;SP 046 rac Pasubio Raccordo del Sole;Intersezione con semaforo o vigile;VIALE DEL SOLE INCROCIO VIA BRIGATA GRANATIERI DI SARDEGN;11.51856;45.55474;0.0;Asciutto;Assente;Sereno;;;;;;;;;;;0;0;0;0
2017;Polizia Municipale;5;Giovedì;Mattino;VALLI DEL PASUBIO;SP 046 Pasubio;Incrocio;VIA BRUNO BRANDELLERO INCROCIO VIA PADRE GIULIANI;11.262225;45.7399816;0.0;Asciutto;Verticale;Nebbia;;;;;;;;;;;0;0;0;0
2016;Polizia Municipale;3;Mercoledì;Pomeriggio;VALLI DEL PASUBIO;SP 046 Pasubio;Incrocio;VIA BRUNO BRANDELLERO INCROCIO VIA PADRE GIULIANI;11.262225;45.7399816;0.0;Innevato;Verticale;Neve;;;;;;;;;;;0;0;0;0
2021;Polizia Municipale;12;Mercoledì;Sera;VALLI DEL PASUBIO;SP 046 Pasubio;Rettilineo;VIA PIERIBONI, 83;11.2683073;45.7363178;0.0;Bagnato;Temporanea di cantiere;Sereno;;;;;;;;;;;0;0;0;0
2017;Polizia Municipale;2;Martedì;Sera;VALLI DEL PASUBIO;SP 046 Pasubio;Rettilineo;VIA PIERIBONI, 83;11.2683073;45.7363178;0.0;Sdrucciolevole;Assente;Neve;;;;;;;;;;;0;0;0;0
2018;Polizia Municipale;11;Mercoledì;Pomeriggio;TORREBELVICINO;SP 046 Pasubio;Rettilineo;CONTRA' SEGA, 2;11.2926321;45.7187609;0.0;Bagnato;Assente;Sereno;;;;;;;;;;;0;0;0;0
2021;Polizia Municipale;1;Venerdì;Mattino;TORREBELVICINO;SP 046 Pasubio;Rettilineo;CONTRA' SEGA, 2;11.2926321;45.7187609;0.0;Asciutto;Temporanea di cantiere;Nebbia;;;;;;;;;;;0;0;0;0
2014;Polizia Municipale;7;Giovedì;Notte;ARSIERO;SP 350 Val d'Astico;Incrocio;VIA DEI LONGHI INCROCIO VIA EUROPA;11.3595741;45.8052906;0.0;Asciutto;Assente;Sereno;;;;;;;;;;;0;0;0;0
2010;Polizia Municipale;12;Lunedì;Mattino;ARSIERO;SP 350 Val d'Astico;Incrocio;VIA DEI LONGHI INCROCIO VIA EUROPA;11.3595741;45.8052906;0.0;Ghiacciato;Assente;Neve;;;;;;;;;;;0;0;0;0
2014;Polizia Municipale;3;Venerdì;Sera;ARSIERO;SP 350 Val d'Astico;Incrocio;VIA DEI LONGHI INCROCIO VIA MARCO POLO;11.3596922;45.8072671;0.0;Innevato;Assente;Neve;;;;;;;;;;;0;0;0;0
2020;Polizia Municipale;8;Lunedì;Mattino;ARSIERO;SP 350 Val d'Astico;Incrocio;VIA DEI LONGHI INCROCIO VIA MARCO POLO;11.3596922;45.8072671;0.0;Asciutto;Orizzontale;Nebbia;;;;;;;;;;;0;0;0;0
2010;Carabiniere;3;Mercoledì;Mattino;ARSIERO;SP 350 Val d'Astico;Incrocio;SP350 INCROCIO VIA DELL'INDUSTRIA;11.36798;45.80331;0.0;Ghiacciato;Orizzontale;Neve;;;;;;;;;;;0;0;0;0
2021;Carabiniere;1;Martedì;Sera;ARSIERO;SP 350 Val d'Astico;Incrocio;SP350 INCROCIO VIA DELL'INDUSTRIA;11.36798;45.80331;0.0;Bagnato;Temporanea di cantiere;Nebbia;;;;;;;;;;;0;0;0;0
2017;Polizia Municipale;3;Martedì;Sera;SANTORSO;SP 350 Val d'Astico;Rettilineo;VIA IV NOVEMBRE IN CORRISPONDENZA DEL PONTE SUL TORRENTE;11.3725754;45.7286974;0.0;Asciutto;Orizzontale;Sereno;;;;;;;;;;;0;0;0;0
2020;Polizia Municipale;1;Domenica;Mattino;SANTORSO;SP 350 Val d'Astico;Rettilineo;VIA IV NOVEMBRE IN CORRISPONDENZA DEL PONTE SUL TORRENTE;11.3725754;45.7286974;0.0;Asciutto;Temporanea di cantiere;Nebbia;;;;;;;;;;;0;0;0;0
2010;Polizia Municipale;5;Martedì;Sera;SANTORSO;SP 350 Val d'Astico;Rettilineo;VIA IV NOVEMBRE, 56;11.3815092;45.7309364;0.0;Bagnato;Temporanea di cantiere;Sereno;;;;;;;;;;;0;0;0;0
2015;Polizia Municipale;10;Venerdì;Notte;SANTORSO;SP 350 Val d'Astico;Rettilineo;VIA IV NOVEMBRE, 56;11.3815092;45.7309364;0.0;Asciutto;Temporanea di cantiere;Vento forte;;;;;;;;;;;0;0;0;0
2022;Polizia Municipale;10;Lunedì;Notte;SANTORSO;SP 350 Val d'Astico;Intersezione segnalata;VIA EUROPA INCROCIO VIA SALZENA;11.394728;45.734379;0.0;Sdrucciolevole;Assente;Pioggia;;;;;;;;;;;0;0;0;0
2014;Polizia Municipale;1;Giovedì;Mattino;SANTORSO;SP 350 Val d'Astico;Intersezione segnalata;VIA EUROPA INCROCIO VIA SALZENA;11.394728;45.734379;0.0;Bagnato;Assente;Altro;;;;;;;;;;;0;0;0;0
2010;Polizia Municipale;5;Martedì;Mattino;MALO;SP 046 Pasubio;Rettilineo;VIA SCHIO;11.4010704;45.6808924;20.18;Asciutto;Verticale;Vento forte;;;;;;;;;;;0;0;0;0
2012;Polizia Municipale;2;Venerdì;Notte;MALO;SP 046 Pasubio;Rettilineo;VIA SCHIO;11.4010704;45.6808924;20.18;Asciutto;Orizzontale;Nebbia;;;;;;;;;;;0;0;0;0
2022;Carabiniere;8;Giovedì;Sera;MALO;SP 046 Pasubio;Rettilineo;VIA SCHIO AL KM. 19;11.40475;45.67304;19.0;Sdrucciolevole;Verticale;Altro;;;;;;;;;;;0;0;0;0
2020;Carabiniere;4;Lunedì;Mattino;MALO;SP 046 Pasubio;Rettilineo;VIA SCHIO AL KM. 19;11.40475;45.67304;19.0;Bagnato;Assente;Sereno;;;;;;;;;;;0;0;0;0
2023;Polizia Municipale;12;Venerdì;Pomeriggio;MALO;SP 046 Pasubio;Rettilineo;VIA SCHIO;11.406585;45.6665812;17.9;Asciutto;Orizzontale;Nebbia;;;;;;;;;;;0;0;0;0
2017;Polizia Municipale;9;Venerdì;Sera;MALO;SP 046 Pasubio;Rettilineo;VIA SCHIO;11.406585;45.6665812;17.9;Bagnato;Verticale;Nebbia;;;;;;;;;;;0;0;0;0
2012;Polizia Municipale;2;Venerdì;Sera;PIOVENE ROCCHETTE;SP 350 Val d'Astico;Incrocio;VIA MONTE PASUBIO INCROCIO VIA PREAZZI DI SOTTO;11.4185229;45.7431307;0.0;Asciutto;Verticale;Nebbia;;;;;;;;;;;0;0;0;0
2010;Polizia Municipale;8;Sabato;Mattino;PIOVENE ROCCHETTE;SP 350 Val d'Astico;Incrocio;VIA MONTE PASUBIO INCROCIO VIA PREAZZI DI SOTTO;11.4185229;45.7431307;0.0;Sdrucciolevole;Verticale;Pioggia;;;;;;;;;;;0;0;0;0
2016;Polizia Municipale;7;Sabato;Pomeriggio;SCHIO;SP 349 var Costo Variante;Rotatoria;VIA INDUSTRIA INCROCIO VIA GARZIERE;11.4208721;45.7249649;0.0;Sdrucciolevole;Assente;Altro;;;;;;;;;;;0;0;0;0
2014;Polizia Municipale;6;Mercoledì;Mattino;SCHIO;SP 349 var Costo Variante;Rotatoria;VIA INDUSTRIA INCROCIO VIA GARZIERE;11.4208721;45.7249649;0.0;Bagnato;Verticale;Pioggia;;;;;;;;;;;0;0;0;0
2022;Polizia Municipale;3;Sabato;Pomeriggio;SCHIO;SP 349 var Costo Variante;Rotatoria;VIA INDUSTRIA INCROCIO NSA 384;11.4217635;45.7246123;0.0;Ghiacciato;Verticale;Neve;;;;;;;;;;;0;0;0;0
2018;Polizia Municipale;3;Lunedì;Pomeriggio;SCHIO;SP 349 var Costo Variante;Rotatoria;VIA INDUSTRIA INCROCIO NSA 384;11.4217635;45.7246123;0.0;Bagnato;Temporanea di cantiere;Altro;;;;;;;;;;;0;0;0;0
2017;Polizia Municipale;9;Sabato;Mattino;MALO;SP 046 Pasubio;Rettilineo;VIA L. DA VINCI, 0;11.4228941;45.648895;15.56;Asciutto;Assente;Sereno;;;;;;;;;;;0;0;0;0
2023;Polizia Municipale;3;Domenica;Sera;MALO;SP 046 Pasubio;Rettilineo;VIA L. DA VINCI, 0;11.4228941;45.648895;15.56;Sdrucciolevole;Orizzontale;Pioggia;;;;;;;;;;;0;0;0;0
2018;Polizia Municipale;7;Martedì;Sera;MALO;SP 046 Pasubio;Intersezione segnalata;VIA VICENZA INTERSEZIONE CO NVIA VERGAN;11.4234745;45.6482334;15.5;Bagnato;Assente;Vento forte;;;;;;;;;;;0;0;0;0
2018;Polizia Municipale;6;Mercoledì;Notte;MALO;SP 046 Pasubio;Intersezione segnalata;VIA VICENZA INTERSEZIONE CO NVIA VERGAN;11.4234745;45.6482334;15.5;Asciutto;Verticale;Nebbia;;;;;;;;;;;0;0;0;0
2020;Polizia Municipale;9;Giovedì;Pomeriggio;PIOVENE ROCCHETTE;SP 350 Val d'Astico;Rettilineo;VIA MONTE PASUBIO, 54;11.4241039;45.7469868;0.0;Asciutto;Verticale;Nebbia;;;;;;;;;;;0;0;0;0
2013;Polizia Municipale;3;Sabato;Pomeriggio;PIOVENE ROCCHETTE;SP 350 Val d'Astico;Rettilineo;VIA MONTE PASUBIO, 54;11.4241039;45.7469868;0.0;Innevato;Verticale;Neve;;;;;;;;;;;0;0;0;0
2021;Carabiniere;12;Domenica;Sera;MALO;SP 046 Pasubio;Rettilineo;SP46 KM 15,300;11.4243473;45.6473012;15.3;Bagnato;Assente;Nebbia;;;;;;;;;;;0;0;0;0
2012;Carabiniere;12;Sabato;Notte;MALO;SP 046 Pasubio;Rettilineo;SP46 KM 15,300;11.4243473;45.6473012;15.3;Asciutto;Verticale;Altro;;;;;;;;;;;0;0;0;0
2016;Carabiniere;1;Lunedì;Pomeriggio;MALO;SP 046 Pasubio;Rettilineo;VIA VICENZA, 24;11.42511;45.64632;0.0;Bagnato;Assente;Nebbia;;;;;;;;;;;0;0;0;0
2017;Carabiniere;7;Domenica;Pomeriggio;MALO;SP 046 Pasubio;Rettilineo;VIA VICENZA, 24;11.42511;45.64632;0.0;Asciutto;Assente;Nebbia;;;;;;;;;;;0;0;0;0
2015;Carabiniere;9;Lunedì;Mattino;PIOVENE ROCCHETTE;SP 350 Val d'Astico;Curva;VIA ALESSANDRO ROSSI AL KM. 54.2;11.4256213;45.7697192;54.2;Sdrucciolevole;Temporanea di cantiere;Pioggia;;;;;;;;;;;0;0;0;0
2017;Carabiniere;6;Giovedì;Mattino;PIOVENE ROCCHETTE;SP 350 Val d'Astico;Curva;VIA ALESSANDRO ROSSI AL KM. 54.2;11.4256213;45.7697192;54.2;Bagnato;Verticale;Pioggia;;;;;;;;;;;0;0;0;0
2018;Polizia Municipale;2;Sabato;Mattino;PIOVENE ROCCHETTE;SP 350 Val d'Astico;Incrocio;VIA MONTE PASUBIO INCROCIO VIA GARZIERE;11.4273257;45.7498311;0.0;Innevato;Orizzontale;Neve;;;;;;;;;;;0;0;0;0
2013;Polizia Municipale;1;Sabato;Mattino;PIOVENE ROCCHETTE;SP 350 Val d'Astico;Incrocio;VIA MONTE PASUBIO INCROCIO VIA GARZIERE;11.4273257;45.7498311;0.0;Sdrucciolevole;Orizzontale;Neve;;;;;;;;;;;0;0;0;0
2017;Polizia Municipale;3;Domenica;Mattino;PIOVENE ROCCHETTE;SP 349 Costo;Rotatoria;VIA GORIZIA INCROCIO VIA THIENE;11.4294111;45.7513293;0.0;Bagnato;Verticale;Pioggia;;;;;;;;;;;0;0;0;0
2010;Polizia Municipale;9;Sabato;Sera;PIOVENE ROCCHETTE;SP 349 Costo;Rotatoria;VIA GORIZIA INCROCIO VIA THIENE;11.4294111;45.7513293;0.0;Bagnato;Verticale;Vento forte;;;;;;;;;;;0;0;0;0
2012;Polizia Municipale;12;Domenica;Sera;MALO;SP 046 Pasubio;Rettilineo;VIA VICENZA, 108;11.4306652;45.6410126;0.0;Ghiacciato;Temporanea di cantiere;Neve;;;;;;;;;;;0;0;0;0
2015;Polizia Municipale;9;Mercoledì;Sera;MALO;SP 046 Pasubio;Rettilineo;VIA VICENZA, 108;11.4306652;45.6410126;0.0;Sdrucciolevole;Temporanea di cantiere;Pioggia;;;;;;;;;;;0;0;0;0
2017;Carabiniere;6;Mercoledì;Pomeriggio;MALO;SP 046 Pasubio;Rettilineo;VIA VICENZA VIA VISAN;11.4308766;45.6408349;0.0;Bagnato;Orizzontale;Pioggia;;;;;;;;;;;0;0;0;0
2013;Carabiniere;11;Lunedì;Mattino;MALO;SP 046 Pasubio;Rettilineo;VIA VICENZA VIA VISAN;11.4308766;45.6408349;0.0;Asciutto;Verticale;Nebbia;;;;;;;;;;;0;0;0;0
2021;Carabiniere;10;Venerdì;Notte;MALO;SP 046 Pasubio;Intersezione segnalata;VIA VICENZA INCROCIO VIA VISAN;11.43091;45.64078;0.0;Bagnato;Verticale;Pioggia;;;;;;;;;;;0;0;0;0
2021;Carabiniere;11;Martedì;Sera;MALO;SP 046 Pasubio;Intersezione segnalata;VIA VICENZA INCROCIO VIA VISAN;11.43091;45.64078;0.0;Bagnato;Temporanea di cantiere;Nebbia;;;;;;;;;;;0;0;0;0
2021;Carabiniere;9;Venerdì;Sera;MALO;SP 046 Pasubio;Rettilineo;VIA VICENZA, 116;11.43145;45.6403;0.0;Asciutto;Assente;Sereno;;;;;;;;;;;0;0;0;0
2014;Carabiniere;11;Mercoledì;Mattino;MALO;SP 046 Pasubio;Rettilineo;VIA VICENZA, 116;11.43145;45.6403;0.0;Bagnato;Assente;Nebbia;;;;;;;;;;;0;0;0;0
2023;Polizia Municipale;3;Domenica;Notte;PIOVENE ROCCHETTE;SP 350 Val d'Astico;Rettilineo;VIA ALESSANDRO ROSSI, 3;11.4316541;45.7649308;0.0;Sdrucciolevole;Orizzontale;Neve;;;;;;;;;;;0;0;0;0
2010;Polizia Municipale;2;Lunedì;Pomeriggio;PIOVENE ROCCHETTE;SP 350 Val d'Astico;Rettilineo;VIA ALESSANDRO ROSSI, 3;11.4316541;45.7649308;0.0;Sdrucciolevole;Assente;Pioggia;;;;;;;;;;;0;0;0;0
2023;Polizia Municipale;7;Sabato;Notte;ROANA;SP 349 Costo;Rettilineo;VIA CAMPIELLO, SNC;11.4322558;45.8372218;71.6;Bagnato;Orizzontale;Pioggia;;;;;;;;;;;0;0;0;0
2022;Polizia Municipale;1;Giovedì;Mattino;ROANA;SP 349 Costo;Rettilineo;VIA CAMPIELLO, SNC;11.4322558;45.8372218;71.6;Sdrucciolevole;Orizzontale;Neve;;;;;;;;;;;0;0;0;0
2012;Polizia Municipale;6;Mercoledì;Sera;PIOVENE ROCCHETTE;SP 349 Costo;Rettilineo;VIA GORIZIA, 62;11.4327544;45.7543166;0.0;Asciutto;Verticale;Vento forte;;;;;;;;;;;0;0;0;0
2012;Polizia Municipale;2;Sabato;Sera;PIOVENE ROCCHETTE;SP 349 Costo;Rettilineo;VIA GORIZIA, 62;11.4327544;45.7543166;0.0;Asciutto;Verticale;Vento forte;;;;;;;;;;;0;0;0;0
2014;Polizia Municipale;9;Mercoledì;Sera;PIOVENE ROCCHETTE;SP 350 Val d'Astico;Rettilineo;VIA ROMA, 45;11.4333701;45.763934;0.0;Asciutto;Assente;Altro;;;;;;;;;;;0;0;0;0
2018;Polizia Municipale;4;Venerdì;Pomeriggio;PIOVENE ROCCHETTE;SP 350 Val d'Astico;Rettilineo;VIA ROMA, 45;11.4333701;45.763934;0.0;Bagnato;Assente;Nebbia;;;;;;;;;;;0;0;0;0
2019;Carabiniere;4;Domenica;Sera;PIOVENE ROCCHETTE;SP 349 Costo;Rettilineo;VIA THIENE, 80;11.4339977;45.7462842;0.0;Asciutto;Verticale;Sereno;;;;;;;;;;;0;0;0;0
2017;Carabiniere;11;Mercoledì;Notte;PIOVENE ROCCHETTE;SP 349 Costo;Rettilineo;VIA THIENE, 80;11.4339977;45.7462842;0.0;Asciutto;Verticale;Sereno;;;;;;;;;;;0;0;0;0
2020;Carabiniere;6;Mercoledì;Notte;PIOVENE ROCCHETTE;SP 349 Costo;Rettilineo;VIA THIENE, 54/B;11.43401;45.74626;0.0;Bagnato;Verticale;Altro;;;;;;;;;;;0;0;0;0
2023;Carabiniere;6;Domenica;Pomeriggio;PIOVENE ROCCHETTE;SP 349 Costo;Rettilineo;VIA THIENE, 54/B;11.43401;45.74626;0.0;Sdrucciolevole;Assente;Pioggia;;;;;;;;;;;0;0;0;0
2021;Carabiniere;7;Domenica;Notte;MALO;SP 046 Pasubio;Rettilineo;VIA VICENZA, 168;11.4347446;45.6380488;0.0;Asciutto;Temporanea di cantiere;Sereno;;;;;;;;;;;0;0;0;0
2022;Carabiniere;10;Lunedì;Sera;MALO;SP 046 Pasubio;Rettilineo;VIA VICENZA, 168;11.4347446;45.6380488;0.0;Bagnato;Temporanea di cantiere;Altro;;;;;;;;;;;0;0;0;0
2017;Polizia Municipale;1;Venerdì;Sera;PIOVENE ROCCHETTE;SP 349 Costo;Rettilineo;VIA THIENE, 27;11.4355025;45.7444085;0.0;Ghiacciato;Verticale;Neve;;;;;;;;;;;0;0;0;0
2018;Polizia Municipale;2;Sabato;Notte;PIOVENE ROCCHETTE;SP 349 Costo;Rettilineo;VIA THIENE, 27;11.4355025;45.7444085;0.0;Bagnato;Assente;Altro;;;;;;;;;;;0;0;0;0
2016;Polizia Municipale;1;Domenica;Sera;PIOVENE ROCCHETTE;SP 350 Val d'Astico;Intersezione con semaforo o vigile;VIA ROMA INCROCIO VIALE GIACOMO MATTEOTTI;11.4358512;45.7628027;0.0;Ghiacciato;Assente;Neve;;;;;;;;;;;0;0;0;0
2013;Polizia Municipale;12;Mercoledì;Mattino;PIOVENE ROCCHETTE;SP 350 Val d'Astico;Intersezione con semaforo o vigile;VIA ROMA INCROCIO VIALE GIACOMO MATTEOTTI;11.4358512;45.7628027;0.0;Sdrucciolevole;Verticale;Altro;;;;;;;;;;;0;0;0;0
2010;Polizia Municipale;2;Mercoledì;Pomeriggio;PIOVENE ROCCHETTE;SP 349 Costo;Rettilineo;VIA GORIZIA, 11;11.436952;45.7566888;0.0;Sdrucciolevole;Temporanea di cantiere;Pioggia;;;;;;;;;;;0;0;0;0
2017;Polizia Municipale;8;Venerdì;Notte;PIOVENE ROCCHETTE;SP 349 Costo;Rettilineo;VIA GORIZIA, 11;11.436952;45.7566888;0.0;Bagnato;Orizzontale;Nebbia;;;;;;;;;;;0;0;0;0
2011;Polizia Stradale;1;Giovedì;Notte;ROANA;SP 349 Costo;Intersezione segnalata;STRADA PROVINCIALE 349 INTERS. CON VIA ACHILLE PAPA;11.4372712;45.8432542;70.9;Innevato;Assente;Neve;;;;;;;;;;;0;0;0;0
2014;Polizia Stradale;12;Mercoledì;Pomeriggio;ROANA;SP 349 Costo;Intersezione segnalata;STRADA PROVINCIALE 349 INTERS. CON VIA ACHILLE PAPA;11.4372712;45.8432542;70.9;Innevato;Temporanea di cantiere;Neve;;;;;;;;;;;0;0;0;0
2017;Polizia Municipale;9;Martedì;Pomeriggio;ROANA;SP 349 Costo;Rettilineo;VIA XXVII APRILE, SNC;11.4388204;45.8429658;0.0;Sdrucciolevole;Orizzontale;Pioggia;;;;;;;;;;;0;0;0;0
2019;Polizia Municipale;11;Domenica;Mattino;ROANA;SP 349 Costo;Rettilineo;VIA XXVII APRILE, SNC;11.4388204;45.8429658;0.0;Bagnato;Temporanea di cantiere;Nebbia;;;;;;;;;;;0;0;0;0
2021;Polizia Municipale;10;Domenica;Sera;COGOLLO DEL CENGIO;SP 349 Costo;Rettilineo;VIA DEL COSTO, 0;11.4415604;45.7843033;83.9;Sdrucciolevole;Temporanea di cantiere;Pioggia;;;;;;;;;;;0;0;0;0
2017;Polizia Municipale;12;Martedì;Pomeriggio;COGOLLO DEL CENGIO;SP 349 Costo;Rettilineo;VIA DEL COSTO, 0;11.4415604;45.7843033;83.9;Ghiacciato;Verticale;Neve;;;;;;;;;;;0;0;0;0
2016;Polizia Municipale;1;Martedì;Notte;ISOLA VICENTINA;SP 046 Pasubio;Rettilineo;VIA MARCONI, 81;11.4422946;45.6290977;0.0;Bagnato;Orizzontale;Nebbia;;;;;;;;;;;0;0;0;0
2013;Polizia Municipale;11;Mercoledì;Sera;ISOLA VICENTINA;SP 046 Pasubio;Rettilineo;VIA MARCONI, 81;11.4422946;45.6290977;0.0;Sdrucciolevole;Orizzontale;Neve;;;;;;;;;;;0;0;0;0
2012;Polizia Stradale;2;Lunedì;Notte;ISOLA VICENTINA;SP 046 Pasubio;Incrocio;STRADA PROVINCIALE 46 VIA MARCONI CIVICO N? 78;11.4425609;45.6289285;0.0;Ghiacciato;Assente;Neve;;;;;;;;;;;0;0;0;0
2012;Polizia Stradale;11;Martedì;Mattino;ISOLA VICENTINA;SP 046 Pasubio;Incrocio;STRADA PROVINCIALE 46 VIA MARCONI CIVICO N? 78;11.4425609;45.6289285;0.0;Asciutto;Assente;Sereno;;;;;;;;;;;0;0;0;0
2017;Polizia Municipale;6;Venerdì;Mattino;ISOLA VICENTINA;SP 046 Pasubio;Rettilineo;VIA ARASELLA, 41;11.4449117;45.6279608;0.0;Asciutto;Verticale;Nebbia;;;;;;;;;;;0;0;0;0
2011;Polizia Municipale;1;Lunedì;Pomeriggio;ISOLA VICENTINA;SP 046 Pasubio;Rettilineo;VIA ARASELLA, 41;11.4449117;45.6279608;0.0;Innevato;Orizzontale;Neve;;;;;;;;;;;0;0;0;0
2010;Polizia Municipale;8;Lunedì;Pomeriggio;ISOLA VICENTINA;SP 046 Pasubio;Rettilineo;VIA EUROPA, 19;11.447532;45.6262766;0.0;Bagnato;Verticale;Vento forte;;;;;;;;;;;0;0;0;0
2010;Polizia Municipale;9;Venerdì;Notte;ISOLA VICENTINA;SP 046 Pasubio;Rettilineo;VIA EUROPA, 19;11.447532;45.6262766;0.0;Sdrucciolevole;Assente;Altro;;;;;;;;;;;0;0;0;0
2020;Polizia Municipale;7;Domenica;Notte;ZANE';SP 349 var Costo Variante;Rettilineo;NUOVO RACCORDO THIENE SCHIO;11.4495553;45.7066512;2.5;Bagnato;Verticale;Vento forte;;;;;;;;;;;0;0;0;0
2012;Polizia Municipale;6;Giovedì;Pomeriggio;ZANE';SP 349 var Costo Variante;Rettilineo;NUOVO RACCORDO THIENE SCHIO;11.4495553;45.7066512;2.5;Bagnato;Temporanea di cantiere;Nebbia;;;;;;;;;;;0;0;0;0
2019;Polizia Municipale;12;Venerdì;Mattino;CHIUPPANO;SP 349 Costo;Intersezione segnalata;VIA PONTE DEI GRANATIERI VIA COSTO;11.4573145;45.7680546;0.0;Bagnato;Temporanea di cantiere;Nebbia;;;;;;;;;;;0;0;0;0
2012;Polizia Municipale;1;Giovedì;Mattino;CHIUPPANO;SP 349 Costo;Intersezione segnalata;VIA PONTE DEI GRANATIERI VIA COSTO;11.4573145;45.7680546;0.0;Bagnato;Orizzontale;Nebbia;;;;;;;;;;;0;0;0;0
2013;Polizia Municipale;2;Giovedì;Notte;THIENE;SP 349 var Costo Variante;Rotatoria;VIA CAPPUCCINI NSA 384;11.4598948;45.697651;0.0;Sdrucciolevole;Orizzontale;Neve;;;;;;;;;;;0;0;0;0
2018;Polizia Municipale;12;Domenica;Notte;THIENE;SP 349 var Costo Variante;Rotatoria;VIA CAPPUCCINI NSA 384;11.4598948;45.697651;0.0;Ghiacciato;Verticale;Neve;;;;;;;;;;;0;0;0;0
2015;Polizia Municipale;8;Mercoledì;Mattino;ISOLA VICENTINA;SP 046 Pasubio;Incrocio;VIA FOSSANIGO VIA VICENZA;11.461159;45.6196652;0.0;Asciutto;Orizzontale;Vento forte;;;;;;;;;;;0;0;0;0
2017;Polizia Municipale;4;Giovedì;Mattino;ISOLA VICENTINA;SP 046 Pasubio;Incrocio;VIA FOSSANIGO VIA VICENZA;11.461159;45.6196652;0.0;Asciutto;Verticale;Vento forte;;;;;;;;;;;0;0;0;0
2016;Polizia Municipale;12;Mercoledì;Sera;THIENE;SP 349 Costo;Intersezione segnalata;VIA LAMPERTICO VIA CA' BEREGANE;11.4845913;45.6843733;0.0;Bagnato;Assente;Nebbia;;;;;;;;;;;0;0;0;0
2019;Polizia Municipale;5;Venerdì;Notte;THIENE;SP 349 Costo;Intersezione segnalata;VIA LAMPERTICO VIA CA' BEREGANE;11.4845913;45.6843733;0.0;Bagnato;Orizzontale;Nebbia;;;;;;;;;;;0;0;0;0
2015;Polizia Municipale;1;Giovedì;Notte;THIENE;SP 349 Costo;Rettilineo;VIA SANTO, 101+50;11.4861699;45.6793991;101.05;Innevato;Verticale;Neve;;;;;;;;;;;0;0;0;0
2014;Polizia Municipale;7;Lunedì;Notte;THIENE;SP 349 Costo;Rettilineo;VIA SANTO, 101+50;11.4861699;45.6793991;101.05;Bagnato;Assente;Nebbia;;;;;;;;;;;0;0;0;0
2016;Carabiniere;11;Domenica;Notte;THIENE;SP 349 Costo;Incrocio;VIA SANTO INCROCIO VIA DON ZILIOTTO;11.4876209;45.6747565;0.0;Bagnato;Orizzontale;Vento forte;;;;;;;;;;;0;0;0;0
2022;Carabiniere;2;Mercoledì;Notte;THIENE;SP 349 Costo;Incrocio;VIA SANTO INCROCIO VIA DON ZILIOTTO;11.4876209;45.6747565;0.0;Sdrucciolevole;Orizzontale;Pioggia;;;;;;;;;;;0;0;0;0
2017;Polizia Municipale;4;Venerdì;Notte;THIENE;SP 349 Costo;Rettilineo;VIA SANTO;11.4881086;45.6732113;0.0;Asciutto;Assente;Sereno;;;;;;;;;;;0;0;0;0
2014;Polizia Municipale;2;Venerdì;Mattino;THIENE;SP 349 Costo;Rettilineo;VIA SANTO;11.4881086;45.6732113;0.0;Asciutto;Orizzontale;Sereno;;;;;;;;;;;0;0;0;0
2013;Carabiniere;4;Sabato;Notte;ROANA;SP 349 Costo;Rettilineo;VIA SECONDA COSTO, 101;11.4887;45.86938;0.0;Bagnato;Orizzontale;Nebbia;;;;;;;;;;;0;0;0;0
2019;Carabiniere;2;Domenica;Notte;ROANA;SP 349 Costo;Rettilineo;VIA SECONDA COSTO, 101;11.4887;45.86938;0.0;Bagnato;Assente;Altro;;;;;;;;;;;0;0;0;0
2018;Polizia Municipale;7;Martedì;Sera;THIENE;SP 349 Costo;Rettilineo;VIA SANTO, 101,500;11.4892598;45.6696386;101.5;Sdrucciolevole;Temporanea di cantiere;Altro;;;;;;;;;;;0;0;0;0
2015;Polizia Municipale;2;Lunedì;Mattino;THIENE;SP 349 Costo;Rettilineo;VIA SANTO, 101,500;11.4892598;45.6696386;101.5;Sdrucciolevole;Assente;Altro;;;;;;;;;;;0;0;0;0
2015;Carabiniere;7;Domenica;Mattino;ASIAGO;SP 349 Costo;Curva;SP349 AL KM. 63.9;11.48954;45.86966;63.9;Bagnato;Orizzontale;Altro;;;;;;;;;;;0;0;0;0
2015;Carabiniere;2;Lunedì;Mattino;ASIAGO;SP 349 Costo;Curva;SP349 AL KM. 63.9;11.48954;45.86966;63.9;Asciutto;Orizzontale;Altro;;;;;;;;;;;0;0;0;0
2023;Polizia Municipale;4;Martedì;Notte;THIENE;SP 349 Costo;Rettilineo;VIA SANTO, 101,550;11.4899894;45.6672844;101.55;Bagnato;Orizzontale;Vento forte;;;;;;;;;;;0;0;0;0
2018;Polizia Municipale;7;Martedì;Pomeriggio;THIENE;SP 349 Costo;Rettilineo;VIA SANTO, 101,550;11.4899894;45.6672844;101.55;Bagnato;Assente;Altro;;;;;;;;;;;0;0;0;0
2019;Carabiniere;11;Domenica;Mattino;CALDOGNO;SP 349 Costo;Intersezione segnalata;VIA ALTURA INCROCIO VIA SETTE;11.4904497;45.6135859;0.0;Sdrucciolevole;Orizzontale;Neve;;;;;;;;;;;0;0;0;0
2013;Carabiniere;3;Giovedì;Pomeriggio;CALDOGNO;SP 349 Costo;Intersezione segnalata;VIA ALTURA INCROCIO VIA SETTE;11.4904497;45.6135859;0.0;Bagnato;Assente;Sereno;;;;;;;;;;;0;0;0;0
2023;Carabiniere;10;Venerdì;Notte;CALDOGNO;SP 349 Costo;Intersezione segnalata;VIA PASUBIO INCROCIO VIA SETTE;11.4904588;45.6136475;0.0;Sdrucciolevole;Verticale;Pioggia;;;;;;;;;;;0;0;0;0
2018;Carabiniere;9;Domenica;Notte;CALDOGNO;SP 349 Costo;Intersezione segnalata;VIA PASUBIO INCROCIO VIA SETTE;11.4904588;45.6136475;0.0;Asciutto;Temporanea di cantiere;Sereno;;;;;;;;;;;0;0;0;0
2018;Polizia Municipale;5;Venerdì;Mattino;CALDOGNO;SP 349 Costo;Intersezione segnalata;S.P. 349 VIA ALTURA CALDOGNO VIA CHIODO;11.4911669;45.6193417;0.0;Sdrucciolevole;Orizzontale;Pioggia;;;;;;;;;;;0;0;0;0
2018;Polizia Municipale;8;Mercoledì;Pomeriggio;CALDOGNO;SP 349 Costo;Intersezione segnalata;S.P. 349 VIA ALTURA CALDOGNO VIA CHIODO;11.4911669;45.6193417;0.0;Bagnato;Temporanea di cantiere;Vento forte;;;;;;;;;;;0;0;0;0
2019;Polizia Municipale;12;Giovedì;Mattino;VILLAVERLA;SP 349 Costo;Rettilineo;VIA ROMA, 104+800;11.4920277;45.6394287;104.8;Bagnato;Temporanea di cantiere;Vento forte;;;;;;;;;;;0;0;0;0
2022;Polizia Municipale;2;Mercoledì;Sera;VILLAVERLA;SP 349 Costo;Rettilineo;VIA ROMA, 104+800;11.4920277;45.6394287;104.8;Sdrucciolevole;Assente;Pioggia;;;;;;;;;;;0;0;0;0
2013;Carabiniere;11;Domenica;Pomeriggio;VILLAVERLA;SP 349 Costo;Rettilineo;PIAZZA DEL POPOLO, 1;11.4942689;45.6513156;0.0;Bagnato;Verticale;Sereno;;;;;;;;;;;0;0;0;0
2020;Carabiniere;4;Sabato;Notte;VILLAVERLA;SP 349 Costo;Rettilineo;PIAZZA DEL POPOLO, 1;11.4942689;45.6513156;0.0;Bagnato;Orizzontale;Pioggia;;;;;;;;;;;0;0;0;0
2023;Polizia Municipale;11;Martedì;Pomeriggio;ASIAGO;SP 349 Costo;Intersezione segnalata;VIA VERDI VIA BARACCA VIA MOSELE;11.4965942;45.8690119;0.0;Ghiacciato;Verticale;Neve;;;;;;;;;;;0;0;0;0
2012;Polizia Municipale;10;Mercoledì;Mattino;ASIAGO;SP 349 Costo;Intersezione segnalata;VIA VERDI VIA BARACCA VIA MOSELE;11.4965942;45.8690119;0.0;Asciutto;Verticale;Sereno;;;;;;;;;;;0;0;0;0
2014;Carabiniere;3;Martedì;Notte;COSTABISSARA;SP 046 Pasubio;Rettilineo;STRADA STATALE PASUBIO AL KM. 5.5;11.5022166;45.5867763;5.5;Bagnato;Temporanea di cantiere;Vento forte;;;;;;;;;;;0;0;0;0
2019;Carabiniere;3;Lunedì;Notte;COSTABISSARA;SP 046 Pasubio;Rettilineo;STRADA STATALE PASUBIO AL KM. 5.5;11.5022166;45.5867763;5.5;Asciutto;Verticale;Sereno;;;;;;;;;;;0;0;0;0
2011;Carabiniere;3;Giovedì;Sera;VICENZA;SP 046 Pasubio;Intersezione segnalata;STRADA DEL PASUBIO INCROCIO CONTRA CAMILLO BENSO CONTE DI;11.5063079;45.5820207;0.0;Ghiacciato;Assente;Neve;;;;;;;;;;;0;0;0;0
2014;Carabiniere;7;Sabato;Pomeriggio;VICENZA;SP 046 Pasubio;Intersezione segnalata;STRADA DEL PASUBIO INCROCIO CONTRA CAMILLO BENSO CONTE DI;11.5063079;45.5820207;0.0;Sdrucciolevole;Orizzontale;Pioggia;;;;;;;;;;;0;0;0;0
2012;Polizia Municipale;12;Mercoledì;Mattino;VICENZA;SP 046 rac Pasubio Raccordo del Sole;Rettilineo;VIALE DEL SOLE PRESSI DELL'IMMISIONE DELLO SVINCOLO NORD;11.50823;45.53936;0.0;Asciutto;Assente;Sereno;;;;;;;;;;;0;0;0;0
2013;Polizia Municipale;11;Lunedì;Pomeriggio;VICENZA;SP 046 rac Pasubio Raccordo del Sole;Rettilineo;VIALE DEL SOLE PRESSI DELL'IMMISIONE DELLO SVINCOLO NORD;11.50823;45.53936;0.0;Innevato;Temporanea di cantiere;Neve;;;;;;;;;;;0;0;0;0
2019;Polizia Municipale;3;Martedì;Sera;VICENZA;SP 046 rac Pasubio Raccordo del Sole;Intersezione segnalata;STRADA PADANA VERSO VERONA INCROCIO VIALE DEL SOLE RACCOR;11.50868;45.53499;0.0;Bagnato;Assente;Nebbia;;;;;;;;;;;0;0;0;0
2012;Polizia Municipale;11;Martedì;Pomeriggio;VICENZA;SP 046 rac Pasubio Raccordo del Sole;Intersezione segnalata;STRADA PADANA VERSO VERONA INCROCIO VIALE DEL SOLE RACCOR;11.50868;45.53499;0.0;Bagnato;Orizzontale;Vento forte;;;;;;;;;;;0;0;0;0
2018;Polizia Municipale;9;Mercoledì;Notte;VICENZA;SP 046 rac Pasubio Raccordo del Sole;Rettilineo;VIALE DEL SOLE PRESSI KM V 1;11.50895;45.54466;5.1;Asciutto;Temporanea di cantiere;Vento forte;;;;;;;;;;;0;0;0;0
2023;Polizia Municipale;1;Venerdì;Pomeriggio;VICENZA;SP 046 rac Pasubio Raccordo del Sole;Rettilineo;VIALE DEL SOLE PRESSI KM V 1;11.50895;45.54466;5.1;Bagnato;Assente;Pioggia;;;;;;;;;;;0;0;0;0
2021;Carabiniere;8;Lunedì;Pomeriggio;VICENZA;SP 046 rac Pasubio Raccordo del Sole;Rotatoria;VIALE DEL SOLE INCROCIO STRADA DELLE CATTANE;11.5091173;45.5467517;0.0;Bagnato;Assente;Pioggia;;;;;;;;;;;0;0;0;0
2022;Carabiniere;7;Venerdì;Notte;VICENZA;SP 046 rac Pasubio Raccordo del Sole;Rotatoria;VIALE DEL SOLE INCROCIO STRADA DELLE CATTANE;11.5091173;45.5467517;0.0;Sdrucciolevole;Orizzontale;Pioggia;;;;;;;;;;;0;0;0;0
2012;Polizia Municipale;2;Giovedì;Pomeriggio;VICENZA;SP 046 rac Pasubio Raccordo del Sole;Rotatoria;VIALE DEL SOLE INCROCIO STRADA DELLE CATTANE;11.50932;45.54709;0.0;Bagnato;Verticale;Vento forte;;;;;;;;;;;0;0;0;0
2018;Polizia Municipale;10;Martedì;Mattino;VICENZA;SP 046 rac Pasubio Raccordo del Sole;Rotatoria;VIALE DEL SOLE INCROCIO STRADA DELLE CATTANE;11.50932;45.54709;0.0;Asciutto;Assente;Sereno;;;;;;;;;;;0;0;0;0
2011;Carabiniere;1;Sabato;Pomeriggio;VICENZA;SP 046 rac Pasubio Raccordo del Sole;Intersezione con semaforo o vigile;VIALE DEL SOLE INCROCIO STRADA DELLE CATTANE;11.5093283;45.5470081;0.0;Sdrucciolevole;Temporanea di cantiere;Pioggia;;;;;;;;;;;0;0;0;0
2014;Carabiniere;11;Domenica;Pomeriggio;VICENZA;SP 046 rac Pasubio Raccordo del Sole;Intersezione con semaforo o vigile;VIALE DEL SOLE INCROCIO STRADA DELLE CATTANE;11.5093283;45.5470081;0.0;Sdrucciolevole;Verticale;Neve;;;;;;;;;;;0;0;0;0
2022;Polizia Municipale;4;Venerdì;Pomeriggio;VICENZA;SP 046 rac Pasubio Raccordo del Sole;Intersezione con semaforo o vigile;VIA BRIGATA GRANATIERI DI SARDEGNA INCROCIO VIALE DEL SOL;11.51864;45.55469;0.0;Bagnato;Orizzontale;Pioggia;;;;;;;;;;;0;0;0;0
2022;Polizia Municipale;4;Martedì;Pomeriggio;VICENZA;SP 046 rac Pasubio Raccordo del Sole;Intersezione con semaforo o vigile;VIA BRIGATA GRANATIERI DI SARDEGNA INCROCIO VIALE DEL SOL;11.51864;45.55469;0.0;Bagnato;Verticale;Vento forte;;;;;;;;;;;0;0;0;0
2014;Carabiniere;7;Venerdì;Notte;VALLI DEL PASUBIO;SP 046 Pasubio;Rettilineo;VIA BRUNO BRANDELLERO, 36;11.2611184;45.7404768;0.0;Bagnato;Orizzontale;Pioggia;;;;;;;;;;;0;0;0;0
2018;Carabiniere;9;Venerdì;Notte;VALLI DEL PASUBIO;SP 046 Pasubio;Rettilineo;VIA BRUNO BRANDELLERO, 36;11.2611184;45.7404768;0.0;Asciutto;Temporanea di cantiere;Nebbia;;;;;;;;;;;0;0;0;0
2011;Polizia Municipale;5;Sabato;Mattino;TORREBELVICINO;SP 046 var Torrebelvicino;Intersezione segnalata;VIA PIEVE INCROCIO VIA RIMEMBRANZA;11.3197009;45.7136717;0.0;Bagnato;Verticale;Pioggia;;;;;;;;;;;0;0;0;0
2018;Polizia Municipale;8;Sabato;Mattino;TORREBELVICINO;SP 046 var Torrebelvicino;Intersezione segnalata;VIA PIEVE INCROCIO VIA RIMEMBRANZA;11.3197009;45.7136717;0.0;Asciutto;Verticale;Altro;;;;;;;;;;;0;0;0;0
2013;Polizia Municipale;5;Sabato;Notte;TORREBELVICINO;SP 046 var Torrebelvicino;Intersezione segnalata;NUOVA VARIANTE SP46 DEL PASUBIO INCROCIO VIA PIEVE;11.3198196;45.713666;0.0;Asciutto;Assente;Nebbia;;;;;;;;;;;0;0;0;0
2020;Polizia Municipale;9;Martedì;Pomeriggio;TORREBELVICINO;SP 046 var Torrebelvicino;Intersezione segnalata;NUOVA VARIANTE SP46 DEL PASUBIO INCROCIO VIA PIEVE;11.3198196;45.713666;0.0;Asciutto;Assente;Altro;;;;;;;;;;;0;0;0;0
2018;Polizia Municipale;7;Lunedì;Mattino;ARSIERO;SP 350 Val d'Astico;Rettilineo;VIA GRUMOLO, 10;11.3768443;45.8018048;0.0;Bagnato;Assente;Pioggia;;;;;;;;;;;0;0;0;0
2016;Polizia Municipale;10;Venerdì;Mattino;ARSIERO;SP 350 Val d'Astico;Rettilineo;VIA GRUMOLO, 10;11.3768443;45.8018048;0.0;Sdrucciolevole;Temporanea di cantiere;Altro;;;;;;;;;;;0;0;0;0
2016;Carabiniere;3;Sabato;Sera;SANTORSO;SP 350 Val d'Astico;Rettilineo;VIA 4 NOVEMBRE, 50;11.3804323;45.7306626;0.0;Sdrucciolevole;Temporanea di cantiere;Pioggia;;;;;;;;;;;0;0;0;0
2012;Carabiniere;3;Lunedì;Mattino;SANTORSO;SP 350 Val d'Astico;Rettilineo;VIA 4 NOVEMBRE, 50;11.3804323;45.7306626;0.0;Sdrucciolevole;Assente;Altro;;;;;;;;;;;0;0;0;0
2020;Carabiniere;1;Martedì;Sera;SANTORSO;SP 350 Val d'Astico;Rettilineo;VIA 4 NOVEMBRE, 53;11.3845997;45.7317675;0.0;Bagnato;Verticale;Vento forte;;;;;;;;;;;0;0;0;0
2012;Carabiniere;8;Mercoledì;Pomeriggio;SANTORSO;SP 350 Val d'Astico;Rettilineo;VIA 4 NOVEMBRE, 53;11.3845997;45.7317675;0.0;Asciutto;Assente;Nebbia;;;;;;;;;;;0;0;0;0
2018;Carabiniere;12;Giovedì;Mattino;COGOLLO DEL CENGIO;SP 350 Val d'Astico;Intersezione segnalata;SP350 INCROCIO VIA MARIO SCHIRO;11.3863721;45.7976597;0.0;Innevato;Assente;Neve;;;;;;;;;;;0;0;0;0
2014;Carabiniere;11;Sabato;Notte;COGOLLO DEL CENGIO;SP 350 Val d'Astico;Intersezione segnalata;SP350 INCROCIO VIA MARIO SCHIRO;11.3863721;45.7976597;0.0;Bagnato;Orizzontale;Pioggia;;;;;;;;;;;0;0;0;0
2012;Carabiniere;8;Mercoledì;Sera;SCHIO;SP 046 Pasubio;Rettilineo;VIA VICENZA AL KM. 22;11.3881905;45.6940985;22.0;Bagnato;Assente;Altro;;;;;;;;;;;0;0;0;0
2017;Carabiniere;1;Lunedì;Notte;SCHIO;SP 046 Pasubio;Rettilineo;VIA VICENZA AL KM. 22;11.3881905;45.6940985;22.0;Asciutto;Verticale;Nebbia;;;;;;;;;;;0;0;0;0
2022;Polizia Municipale;11;Domenica;Pomeriggio;SCHIO;SP 046 Pasubio;Rotatoria;VIA VICENZA INCROCIO VIA KENNEDY;11.3945348;45.6893681;0.0;Ghiacciato;Temporanea di cantiere;Neve;;;;;;;;;;;0;0;0;0
2011;Polizia Municipale;8;Martedì;Pomeriggio;SCHIO;SP 046 Pasubio;Rotatoria;VIA VICENZA INCROCIO VIA KENNEDY;11.3945348;45.6893681;0.0;Asciutto;Orizzontale;Nebbia;;;;;;;;;;;0;0;0;0
2011;Polizia Municipale;3;Mercoledì;Sera;MALO;SP 046 Pasubio;Rettilineo;VIA SCHIO, 103;11.4004182;45.6823244;0.0;Bagnato;Orizzontale;Pioggia;;;;;;;;;;;0;0;0;0
2017;Polizia Municipale;10;Sabato;Pomeriggio;MALO;SP 046 Pasubio;Rettilineo;VIA SCHIO, 103;11.4004182;45.6823244;0.0;Bagnato;Assente;Vento forte;;;;;;;;;;;0;0;0;0
2017;Polizia Municipale;9;Giovedì;Pomeriggio;SANTORSO;SP 350 Val d'Astico;Curva;VIA EUROPA PRIMA DELLA ROTATORIA AD INTERSEZIONE VIA GARZ;11.4031132;45.7364661;0.0;Asciutto;Orizzontale;Nebbia;;;;;;;;;;;0;0;0;0
2012;Polizia Municipale;11;Giovedì;Mattino;SANTORSO;SP 350 Val d'Astico;Curva;VIA EUROPA PRIMA DELLA ROTATORIA AD INTERSEZIONE VIA GARZ;11.4031132;45.7364661;0.0;Asciutto;Verticale;Altro;;;;;;;;;;;0;0;0;0
2010;Polizia Municipale;11;Mercoledì;Notte;MALO;SP 046 Pasubio;Rettilineo;VIA SCHIO, 52;11.4051668;45.6716413;18.135;Asciutto;Orizzontale;Sereno;;;;;;;;;;;0;0;0;0
2012;Polizia Municipale;4;Mercoledì;Pomeriggio;MALO;SP 046 Pasubio;Rettilineo;VIA SCHIO, 52;11.4051668;45.6716413;18.135;Bagnato;Verticale;Nebbia;;;;;;;;;;;0;0;0;0
2023;Polizia Municipale;1;Martedì;Pomeriggio;SANTORSO;SP 350 Val d'Astico;Intersezione segnalata;VIA MARTIRI D.LIBERTA' INCROCIO VIA STRADELLE;11.4087249;45.7381084;0.0;Bagnato;Orizzontale;Pioggia;;;;;;;;;;;0;0;0;0
2018;Polizia Municipale;2;Sabato;Sera;SANTORSO;SP 350 Val d'Astico;Intersezione segnalata;VIA MARTIRI D.LIBERTA' INCROCIO VIA STRADELLE;11.4087249;45.7381084;0.0;Innevato;Temporanea di cantiere;Neve;;;;;;;;;;;0;0;0;0
2023;Polizia Municipale;1;Mercoledì;Mattino;MALO;SP 046 Pasubio;Rettilineo;VIA PASUBIO, 63, 63;11.4136129;45.6591856;0.0;Asciutto;Temporanea di cantiere;Nebbia;;;;;;;;;;;0;0;0;0
2018;Polizia Municipale;9;Martedì;Notte;MALO;SP 046 Pasubio;Rettilineo;VIA PASUBIO, 63, 63;11.4136129;45.6591856;0.0;Bagnato;Orizzontale;Pioggia;;;;;;;;;;;0;0;0;0
2012;Carabiniere;2;Giovedì;Sera;PIOVENE ROCCHETTE;SP 350 Val d'Astico;Intersezione non segnalata;VIA MONTE PASUBIO INCROCIO VIA VAL VOLPARA;11.4236473;45.7465921;0.0;Bagnato;Verticale;Nebbia;;;;;;;;;;;0;0;0;0
2019;Carabiniere;4;Mercoledì;Pomeriggio;PIOVENE ROCCHETTE;SP 350 Val d'Astico;Intersezione non segnalata;VIA MONTE PASUBIO INCROCIO VIA VAL VOLPARA;11.4236473;45.7465921;0.0;Sdrucciolevole;Orizzontale;Pioggia;;;;;;;;;;;0;0;0;0
2016;Polizia Municipale;10;Domenica;Notte;PIOVENE ROCCHETTE;SP 350 Val d'Astico;Incrocio;VIA MONTE PASUBIO INCROCIO VIA GARZIERE;11.4273391;45.7498404;0.0;Asciutto;Temporanea di cantiere;Vento forte;;;;;;;;;;;0;0;0;0
2013;Polizia Municipale;7;Domenica;Sera;PIOVENE ROCCHETTE;SP 350 Val d'Astico;Incrocio;VIA MONTE PASUBIO INCROCIO VIA GARZIERE;11.4273391;45.7498404;0.0;Bagnato;Temporanea di cantiere;Pioggia;;;;;;;;;;;0;0;0;0
2015;Polizia Municipale;2;Mercoledì;Pomeriggio;PIOVENE ROCCHETTE;SP 349 Costo;Rettilineo;LARGO A.PEUGEOT ENTRATA AREA DI SOSTA PRIVATA;11.4291256;45.7522307;0.0;Bagnato;Temporanea di cantiere;Vento forte;;;;;;;;;;;0;0;0;0
2013;Polizia Municipale;1;Giovedì;Sera;PIOVENE ROCCHETTE;SP 349 Costo;Rettilineo;LARGO A.PEUGEOT ENTRATA AREA DI SOSTA PRIVATA;11.4291256;45.7522307;0.0;Asciutto;Verticale;Sereno;;;;;;;;;;;0;0;0;0
2010;Polizia Municipale;1;Domenica;Pomeriggio;PIOVENE ROCCHETTE;SP 349 Costo;Rotatoria;LARGO A.PEUGEOT INCROCIO VIA TRENTO;11.4291899;45.7525095;0.0;Ghiacciato;Assente;Neve;;;;;;;;;;;0;0;0;0
2018;Polizia Municipale;4;Mercoledì;Mattino;PIOVENE ROCCHETTE;SP 349 Costo;Rotatoria;LARGO A.PEUGEOT INCROCIO VIA TRENTO;11.4291899;45.7525095;0.0;Asciutto;Verticale;Nebbia;;;;;;;;;;;0;0;0;0
2021;Carabiniere;4;Sabato;Sera;PIOVENE ROCCHETTE;SP 349 Costo;Curva;VIA GORIZIA ALL'INTERNO DELLA ROTATORIA;11.4294166;45.7514308;0.0;Asciutto;Assente;Sereno;;;;;;;;;;;0;0;0;0
2012;Carabiniere;9;Lunedì;Mattino;PIOVENE ROCCHETTE;SP 349 Costo;Curva;VIA GORIZIA ALL'INTERNO DELLA ROTATORIA;11.4294166;45.7514308;0.0;Asciutto;Assente;Vento forte;;;;;;;;;;;0;0;0;0
2018;Polizia Municipale;2;Sabato;Mattino;MALO;SP 046 Pasubio;Rettilineo;VIA VICENZA, 100 INTERSEZIONE VIA PONTE, 100;11.4300891;45.641499;0.0;Asciutto;Verticale;Nebbia;;;;;;;;;;;0;0;0;0
2016;Polizia Municipale;3;Sabato;Notte;MALO;SP 046 Pasubio;Rettilineo;VIA VICENZA, 100 INTERSEZIONE VIA PONTE, 100;11.4300891;45.641499;0.0;Asciutto;Assente;Sereno;;;;;;;;;;;0;0;0;0
2022;Polizia Municipale;10;Venerdì;Mattino;PIOVENE ROCCHETTE;SP 349 Costo;Rettilineo;"VIA GORIZIA SUL PASSAGGIO PEDONALE FRONTE FARMACIA ""SUMMA";11.432731;45.7542827;0.0;Asciutto;Verticale;Altro;;;;;;;;;;;0;0;0;0
2023;Polizia Municipale;12;Domenica;Notte;PIOVENE ROCCHETTE;SP 349 Costo;Rettilineo;"VIA GORIZIA SUL PASSAGGIO PEDONALE FRONTE FARMACIA ""SUMMA";11.432731;45.7542827;0.0;Asciutto;Temporanea di cantiere;Altro;;;;;;;;;;;0;0;0;0
2019;Polizia Municipale;1;Mercoledì;Notte;PIOVENE ROCCHETTE;SP 349 Costo;Incrocio;VIA GORIZIA INCROCIO VIA TONDELLE;11.4345443;45.755386;0.0;Asciutto;Assente;Sereno;;;;;;;;;;;0;0;0;0
2021;Polizia Municipale;1;Martedì;Mattino;PIOVENE ROCCHETTE;SP 349 Costo;Incrocio;VIA GORIZIA INCROCIO VIA TONDELLE;11.4345443;45.755386;0.0;Bagnato;Verticale;Pioggia;;;;;;;;;;;0;0;0;0
2019;Carabiniere;11;Venerdì;Pomeriggio;MALO;SP 046 Pasubio;Rettilineo;VIA VICENZA, 168;11.43498;45.63779;0.0;Ghiacciato;Orizzontale;Neve;;;;;;;;;;;0;0;0;0
2011;Carabiniere;1;Lunedì;Sera;MALO;SP 046 Pasubio;Rettilineo;VIA VICENZA, 168;11.43498;45.63779;0.0;Asciutto;Orizzontale;Vento forte;;;;;;;;;;;0;0;0;0
2017;Polizia Municipale;1;Martedì;Pomeriggio;PIOVENE ROCCHETTE;SP 349 Costo;Rettilineo;VIA GORIZIA, 26;11.4352383;45.7557906;0.0;Asciutto;Verticale;Vento forte;;;;;;;;;;;0;0;0;0
2021;Polizia Municipale;6;Mercoledì;Notte;PIOVENE ROCCHETTE;SP 349 Costo;Rettilineo;VIA GORIZIA, 26;11.4352383;45.7557906;0.0;Sdrucciolevole;Assente;Pioggia;;;;;;;;;;;0;0;0;0
2020;Carabiniere;12;Mercoledì;Pomeriggio;MALO;SP 046 Pasubio;Rotatoria;VIA VICENZA INCROCIO VIA VALLUGANA;11.43559;45.6375914;0.0;Asciutto;Assente;Altro;;;;;;;;;;;0;0;0;0
2014;Carabiniere;4;Mercoledì;Sera;MALO;SP 046 Pasubio;Rotatoria;VIA VICENZA INCROCIO VIA VALLUGANA;11.43559;45.6375914;0.0;Asciutto;Assente;Sereno;;;;;;;;;;;0;0;0;0
2019;Polizia Municipale;6;Mercoledì;Sera;PIOVENE ROCCHETTE;SP 349 Costo;Incrocio;VIA THIENE INCROCIO VIA PILASTRI;11.435928;45.7438114;0.0;Bagnato;Verticale;Pioggia;;;;;;;;;;;0;0;0;0
2018;Polizia Municipale;7;Domenica;Sera;PIOVENE ROCCHETTE;SP 349 Costo;Incrocio;VIA THIENE INCROCIO VIA PILASTRI;11.435928;45.7438114;0.0;Asciutto;Assente;Nebbia;;;;;;;;;;;0;0;0;0
2020;Polizia Municipale;1;Sabato;Pomeriggio;PIOVENE ROCCHETTE;SP 349 Costo;Intersezione non segnalata;VIA THIENE INCROCIO VIA PILASTRI;11.4359481;45.7437899;0.0;Ghiacciato;Verticale;Neve;;;;;;;;;;;0;0;0;0
2017;Polizia Municipale;8;Lunedì;Pomeriggio;PIOVENE ROCCHETTE;SP 349 Costo;Intersezione non segnalata;VIA THIENE INCROCIO VIA PILASTRI;11.4359481;45.7437899;0.0;Sdrucciolevole;Orizzontale;Altro;;;;;;;;;;;0;0;0;0
2010;Carabiniere;3;Mercoledì;Notte;CARRE';SP 349 Costo;Incrocio;VIA VAL D'ASSA INCROCIO VIA PILASTRI;11.4374985;45.7418004;0.0;Asciutto;Verticale;Sereno;;;;;;;;;;;0;0;0;0
2012;Carabiniere;5;Martedì;Pomeriggio;CARRE';SP 349 Costo;Incrocio;VIA VAL D'ASSA INCROCIO VIA PILASTRI;11.4374985;45.7418004;0.0;Asciutto;Verticale;Sereno;;;;;;;;;;;0;0;0;0
2012;Polizia Municipale;9;Giovedì;Sera;ISOLA VICENTINA;SP 046 Pasubio;Rettilineo;VIA PASUBIO, 49;11.4390431;45.63337;0.0;Bagnato;Orizzontale;Altro;;;;;;;;;;;0;0;0;0
2021;Polizia Municipale;1;Mercoledì;Notte;ISOLA VICENTINA;SP 046 Pasubio;Rettilineo;VIA PASUBIO, 49;11.4390431;45.63337;0.0;Bagnato;Orizzontale;Nebbia;;;;;;;;;;;0;0;0;0
2021;Polizia Municipale;7;Domenica;Pomeriggio;ZANE';SP 349 Costo;Rettilineo;VIA M. SUMMANO VIA M. CIMONE;11.4448077;45.7323034;0.0;Asciutto;Orizzontale;Altro;;;;;;;;;;;0;0;0;0
2021;Polizia Municipale;2;Giovedì;Pomeriggio;ZANE';SP 349 Costo;Rettilineo;VIA M. SUMMANO VIA M. CIMONE;11.4448077;45.7323034;0.0;Asciutto;Temporanea di cantiere;Vento forte;;;;;;;;;;;0;0;0;0
2019;Polizia Municipale;4;Sabato;Mattino;ZANE';SP 349 var Costo Variante;Rettilineo;NSA 384;11.4468202;45.7080542;0.0;Asciutto;Assente;Nebbia;;;;;;;;;;;0;0;0;0
2011;Polizia Municipale;2;Venerdì;Mattino;ZANE';SP 349 var Costo Variante;Rettilineo;NSA 384;11.4468202;45.7080542;0.0;Asciutto;Assente;Nebbia;;;;;;;;;;;0;0;0;0
2011;Polizia Municipale;11;Venerdì;Pomeriggio;ISOLA VICENTINA;SP 046 Pasubio;Rettilineo;VIA EUROPA, 3;11.4473886;45.6264332;0.0;Innevato;Assente;Neve;;;;;;;;;;;0;0;0;0
2020;Polizia Municipale;5;Sabato;Sera;ISOLA VICENTINA;SP 046 Pasubio;Rettilineo;VIA EUROPA, 3;11.4473886;45.6264332;0.0;Bagnato;Verticale;Pioggia;;;;;;;;;;;0;0;0;0
2022;Polizia Municipale;9;Giovedì;Mattino;ZANE';SP 349 Costo;Rettilineo;VIA PALLADIO;11.4518855;45.7215007;0.0;Bagnato;Assente;Altro;;;;;;;;;;;0;0;0;0
2014;Polizia Municipale;7;Sabato;Mattino;ZANE';SP 349 Costo;Rettilineo;VIA PALLADIO;11.4518855;45.7215007;0.0;Bagnato;Verticale;Sereno;;;;;;;;;;;0;0;0;0
2016;Carabiniere;12;Domenica;Pomeriggio;ZANE';SP 349 Costo;Rettilineo;VIA ALESSANDRO MANZONI, 2;11.4562894;45.7171791;0.0;Ghiacciato;Temporanea di cantiere;Neve;;;;;;;;;;;0;0;0;0
2023;Carabiniere;12;Venerdì;Sera;ZANE';SP 349 Costo;Rettilineo;VIA ALESSANDRO MANZONI, 2;11.4562894;45.7171791;0.0;Sdrucciolevole;Assente;Neve;;;;;;;;;;;0;0;0;0
2011;Polizia Municipale;2;Giovedì;Mattino;THIENE;SP 349 var Costo Variante;Rettilineo;NSA 384, 3+800;11.4566694;45.7010318;3.8;Sdrucciolevole;Orizzontale;Pioggia;;;;;;;;;;;0;0;0;0
2010;Polizia Municipale;11;Domenica;Notte;THIENE;SP 349 var Costo Variante;Rettilineo;NSA 384, 3+800;11.4566694;45.7010318;3.8;Innevato;Temporanea di cantiere;Neve;;;;;;;;;;;0;0;0;0
2016;Polizia Municipale;1;Giovedì;Mattino;ISOLA VICENTINA;SP 046 Pasubio;Intersezione segnalata;VIA VICENZA VIA FOSSANIGO;11.4610463;45.6197315;0.0;Bagnato;Assente;Pioggia;;;;;;;;;;;0;0;0;0
2023;Polizia Municipale;3;Giovedì;Mattino;ISOLA VICENTINA;SP 046 Pasubio;Intersezione segnalata;VIA VICENZA VIA FOSSANIGO;11.4610463;45.6197315;0.0;Bagnato;Verticale;Pioggia;;;;;;;;;;;0;0;0;0
2023;Polizia Municipale;12;Sabato;Sera;ZANE';SP 349 Costo;Incrocio;VIA MANZONI, 124;11.4637253;45.7131312;0.0;Bagnato;Assente;Pioggia;;;;;;;;;;;0;0;0;0
2017;Polizia Municipale;2;Martedì;Sera;ZANE';SP 349 Costo;Incrocio;VIA MANZONI, 124;11.4637253;45.7131312;0.0;Ghiacciato;Verticale;Neve;;;;;;;;;;;0;0;0;0
2017;Polizia Municipale;5;Domenica;Mattino;ISOLA VICENTINA;SP 046 Pasubio;Intersezione con semaforo o vigile;VIA VICENZA VIA ROMA;11.4668274;45.6143259;0.0;Bagnato;Verticale;Pioggia;;;;;;;;;;;0;0;0;0
2016;Polizia Municipale;8;Domenica;Notte;ISOLA VICENTINA;SP 046 Pasubio;Intersezione con semaforo o vigile;VIA VICENZA VIA ROMA;11.4668274;45.6143259;0.0;Asciutto;Orizzontale;Sereno;;;;;;;;;;;0;0;0;0
2012;Carabiniere;2;Giovedì;Sera;THIENE;SP 349 Costo;Intersezione segnalata;SP349 INCROCIO VIA DON ZILIOTTO;11.4875887;45.674764;0.0;Asciutto;Assente;Sereno;;;;;;;;;;;0;0;0;0
2010;Carabiniere;1;Domenica;Notte;THIENE;SP 349 Costo;Intersezione segnalata;SP349 INCROCIO VIA DON ZILIOTTO;11.4875887;45.674764;0.0;Innevato;Orizzontale;Neve;;;;;;;;;;;0;0;0;0
2020;Polizia Municipale;8;Giovedì;Sera;THIENE;SP 349 Costo;Rettilineo;VIA SANTO, 16;11.4879388;45.6737062;0.0;Asciutto;Temporanea di cantiere;Nebbia;;;;;;;;;;;0;0;0;0
2010;Polizia Municipale;6;Lunedì;Mattino;THIENE;SP 349 Costo;Rettilineo;VIA SANTO, 16;11.4879388;45.6737062;0.0;Asciutto;Verticale;Nebbia;;;;;;;;;;;0;0;0;0
2016;Polizia Municipale;11;Domenica;Notte;VILLAVERLA;SP 349 Costo;Rotatoria;VIA ROMA VIA GRASSURE;11.4921007;45.6435808;0.0;Bagnato;Assente;Altro;;;;;;;;;;;0;0;0;0
2016;Polizia Municipale;4;Mercoledì;Pomeriggio;VILLAVERLA;SP 349 Costo;Rotatoria;VIA ROMA VIA GRASSURE;11.4921007;45.6435808;0.0;Bagnato;Verticale;Altro;;;;;;;;;;;0;0;0;0
2010;Polizia Municipale;5;Lunedì;Notte;VILLAVERLA;SP 349 Costo;Incrocio;VIA ROMA VIA TRIESTE;11.4935652;45.6490945;0.0;Asciutto;Assente;Sereno;;;;;;;;;;;0;0;0;0
2014;Polizia Municipale;8;Domenica;Notte;VILLAVERLA;SP 349 Costo;Incrocio;VIA ROMA VIA TRIESTE;11.4935652;45.6490945;0.0;Asciutto;Verticale;Sereno;;;;;;;;;;;0;0;0;0
2017;Polizia Municipale;7;Giovedì;Sera;COSTABISSARA;SP 046 Pasubio;Rettilineo;VIA PASUBIO, 117;11.495864;45.59747;0.0;Bagnato;Orizzontale;Vento forte;;;;;;;;;;;0;0;0;0
2012;Polizia Municipale;1;Giovedì;Pomeriggio;COSTABISSARA;SP 046 Pasubio;Rettilineo;VIA PASUBIO, 117;11.495864;45.59747;0.0;Bagnato;Assente;Pioggia;;;;;;;;;;;0;0;0;0
2014;Carabiniere;10;Sabato;Notte;ASIAGO;SP 349 Costo;Incrocio;VIA GIUSEPPE VERDI INCROCIO VIA FRANCESCO BARACCA;11.4965495;45.8690145;0.0;Asciutto;Verticale;Sereno;;;;;;;;;;;0;0;0;0
2011;Carabiniere;9;Giovedì;Sera;ASIAGO;SP 349 Costo;Incrocio;VIA GIUSEPPE VERDI INCROCIO VIA FRANCESCO BARACCA;11.4965495;45.8690145;0.0;Bagnato;Temporanea di cantiere;Nebbia;;;;;;;;;;;0;0;0;0
2015;Carabiniere;12;Domenica;Pomeriggio;COSTABISSARA;SP 046 Pasubio;Rettilineo;STRADA STATALE PASUBIO, 6;11.4995978;45.589867;0.0;Sdrucciolevole;Verticale;Pioggia;;;;;;;;;;;0;0;0;0
2010;Carabiniere;12;Lunedì;Mattino;COSTABISSARA;SP 046 Pasubio;Rettilineo;STRADA STATALE PASUBIO, 6;11.4995978;45.589867;0.0;Sdrucciolevole;Orizzontale;Neve;;;;;;;;;;;0;0;0;0
2013;Polizia Stradale;1;Venerdì;Mattino;VICENZA;SP 046 rac Pasubio Raccordo del Sole;Intersezione segnalata;STRADA PROVINCIALE 46 INTERSEZIONE CON STRADA CATTANE;11.509362;45.5471018;1.1;Asciutto;Assente;Vento forte;;;;;;;;;;;0;0;0;0
2017;Polizia Stradale;7;Lunedì;Pomeriggio;VICENZA;SP 046 rac Pasubio Raccordo del Sole;Intersezione segnalata;STRADA PROVINCIALE 46 INTERSEZIONE CON STRADA CATTANE;11.509362;45.5471018;1.1;Asciutto;Orizzontale;Nebbia;;;;;;;;;;;0;0;0;0
2014;Polizia Municipale;3;Giovedì;Pomeriggio;VICENZA;SP 046 rac Pasubio Raccordo del Sole;Rettilineo;VIALE DEL SOLE PROSSIMITA SVINCOLO RACCORDO NORD OVEST;11.50944;45.54717;0.0;Bagnato;Orizzontale;Altro;;;;;;;;;;;0;0;0;0
2019;Polizia Municipale;2;Venerdì;Mattino;VICENZA;SP 046 rac Pasubio Raccordo del Sole;Rettilineo;VIALE DEL SOLE PROSSIMITA SVINCOLO RACCORDO NORD OVEST;11.50944;45.54717;0.0;Asciutto;Temporanea di cantiere;Sereno;;;;;;;;;;;0;0;0;0
2018;Polizia Municipale;2;Lunedì;Pomeriggio;VICENZA;SP 046 rac Pasubio Raccordo del Sole;Curva;VIALE DEL SOLE DIREZIONE ALBERA;11.5100656;45.5484146;0.0;Bagnato;Orizzontale;Vento forte;;;;;;;;;;;0;0;0;0
2017;Polizia Municipale;1;Domenica;Pomeriggio;VICENZA;SP 046 rac Pasubio Raccordo del Sole;Curva;VIALE DEL SOLE DIREZIONE ALBERA;11.5100656;45.5484146;0.0;Bagnato;Assente;Nebbia;;;;;;;;;;;0;0;0;0
2016;Polizia Municipale;3;Sabato;Mattino;VICENZA;SP 046 rac Pasubio Raccordo del Sole;Incrocio;VIALE DEL SOLE INCROCIO VIA BRIGATA GRANATIERI DI SARDEGN;11.51854;45.55476;0.0;Asciutto;Temporanea di cantiere;Sereno;;;;;;;;;;;0;0;0;0
2017;Polizia Municipale;1;Martedì;Notte;VICENZA;SP 046 rac Pasubio Raccordo del Sole;Incrocio;VIALE DEL SOLE INCROCIO VIA BRIGATA GRANATIERI DI SARDEGN;11.51854;45.55476;0.0;Ghiacciato;Temporanea di cantiere;Neve;;;;;;;;;;;0;0;0;0
2014;Polizia Stradale;3;Mercoledì;Sera;VALLI DEL PASUBIO;SP 046 Pasubio;Rettilineo;"STRADA PROVINCIALE S.P. 46 ""PASUBIO""";11.2534226;45.7432952;36.0;Asciutto;Verticale;Altro;;;;;;;;;;;0;0;0;0
2019;Polizia Stradale;12;Sabato;Sera;VALLI DEL PASUBIO;SP 046 Pasubio;Rettilineo;"STRADA PROVINCIALE S.P. 46 ""PASUBIO""";11.2534226;45.7432952;36.0;Innevato;Temporanea di cantiere;Neve;;;;;;;;;;;0;0;0;0
2011;Polizia Municipale;5;Sabato;Mattino;TORREBELVICINO;SP 046 var Torrebelvicino;Intersezione segnalata;VIA RIMEMBRANZA INCROCIO VIA 25 LUGLIO;11.3117877;45.7145288;0.0;Bagnato;Assente;Pioggia;;;;;;;;;;;0;0;0;0
2022;Polizia Municipale;1;Giovedì;Notte;TORREBELVICINO;SP 046 var Torrebelvicino;Intersezione segnalata;VIA RIMEMBRANZA INCROCIO VIA 25 LUGLIO;11.3117877;45.7145288;0.0;Bagnato;Assente;Altro;;;;;;;;;;;0;0;0;0
2015;Polizia Municipale;9;Martedì;Notte;ARSIERO;SP 350 Val d'Astico;Curva;VIA CRISSI, 3;11.3695998;45.8337093;0.0;Bagnato;Temporanea di cantiere;Nebbia;;;;;;;;;;;0;0;0;0
2014;Polizia Municipale;6;Lunedì;Notte;ARSIERO;SP 350 Val d'Astico;Curva;VIA CRISSI, 3;11.3695998;45.8337093;0.0;Bagnato;Orizzontale;Altro;;;;;;;;;;;0;0;0;0
2022;Polizia Municipale;6;Martedì;Sera;SCHIO;SP 350 Val d'Astico;Rettilineo;VIA SS. TRINITA' SEMAFORO VIA IV NOVEMBRE DI SANTORSO;11.373136;45.728806;0.0;Bagnato;Temporanea di cantiere;Sereno;;;;;;;;;;;0;0;0;0
2023;Polizia Municipale;9;Venerdì;Pomeriggio;SCHIO;SP 350 Val d'Astico;Rettilineo;VIA SS. TRINITA' SEMAFORO VIA IV NOVEMBRE DI SANTORSO;11.373136;45.728806;0.0;Bagnato;Verticale;Pioggia;;;;;;;;;;;0;0;0;0
2013;Carabiniere;11;Lunedì;Notte;ARSIERO;SP 350 Val d'Astico;Curva;VIA GRUMOLO, 4;11.3736588;45.803167;0.0;Sdrucciolevole;Orizzontale;Neve;;;;;;;;;;;0;0;0;0
2019;Carabiniere;12;Domenica;Notte;ARSIERO;SP 350 Val d'Astico;Curva;VIA GRUMOLO, 4;11.3736588;45.803167;0.0;Asciutto;Temporanea di cantiere;Vento forte;;;;;;;;;;;0;0;0;0
2011;Polizia Municipale;11;Giovedì;Notte;ARSIERO;SP 350 Val d'Astico;Rettilineo;VIA GRUMOLO, 4;11.3743951;45.8029722;0.0;Sdrucciolevole;Assente;Altro;;;;;;;;;;;0;0;0;0
2021;Polizia Municipale;8;Domenica;Sera;ARSIERO;SP 350 Val d'Astico;Rettilineo;VIA GRUMOLO, 4;11.3743951;45.8029722;0.0;Asciutto;Verticale;Vento forte;;;;;;;;;;;0;0;0;0
2022;Carabiniere;6;Domenica;Pomeriggio;SANTORSO;SP 350 Val d'Astico;Intersezione con semaforo o vigile;VIA EUROPA INCROCIO VIA DELL'OLMO;11.3871368;45.7324451;0.0;Bagnato;Verticale;Nebbia;;;;;;;;;;;0;0;0;0
2015;Carabiniere;7;Mercoledì;Pomeriggio;SANTORSO;SP 350 Val d'Astico;Intersezione con semaforo o vigile;VIA EUROPA INCROCIO VIA DELL'OLMO;11.3871368;45.7324451;0.0;Asciutto;Temporanea di cantiere;Vento forte;;;;;;;;;;;0;0;0;0
2019;Polizia Municipale;10;Lunedì;Notte;SAN VITO DI LEGUZZANO;SP 046 Pasubio;Intersezione segnalata;VIA VICENZA INCROCIO VIA LEOGRA;11.3970114;45.6871348;0.0;Asciutto;Temporanea di cantiere;Vento forte;;;;;;;;;;;0;0;0;0
2016;Polizia Municipale;11;Sabato;Sera;SAN VITO DI LEGUZZANO;SP 046 Pasubio;Intersezione segnalata;VIA VICENZA INCROCIO VIA LEOGRA;11.3970114;45.6871348;0.0;Sdrucciolevole;Assente;Neve;;;;;;;;;;;0;0;0;0
2021;Polizia Municipale;1;Giovedì;Notte;MALO;SP 046 Pasubio;Rettilineo;VIA SCHIO INTERSEZIONE ROTATORIA CON VIA THIENE;11.403155;45.6775235;0.0;Bagnato;Assente;Nebbia;;;;;;;;;;;0;0;0;0
2016;Polizia Municipale;11;Sabato;Mattino;MALO;SP 046 Pasubio;Rettilineo;VIA SCHIO INTERSEZIONE ROTATORIA CON VIA THIENE;11.403155;45.6775235;0.0;Asciutto;Temporanea di cantiere;Altro;;;;;;;;;;;0;0;0;0
2012;Polizia Municipale;5;Sabato;Sera;MALO;SP 046 Pasubio;Rotatoria;VIA PASUBIO, MUZZANA,VITTORIOVENETO ROTATORIA N.61, 1;11.4144325;45.6582074;0.0;Asciutto;Temporanea di cantiere;Sereno;;;;;;;;;;;0;0;0;0
2019;Polizia Municipale;11;Lunedì;Mattino;MALO;SP 046 Pasubio;Rotatoria;VIA PASUBIO, MUZZANA,VITTORIOVENETO ROTATORIA N.61, 1;11.4144325;45.6582074;0.0;Bagnato;Verticale;Sereno;;;;;;;;;;;0;0;0;0
2017;Polizia Municipale;3;Lunedì;Pomeriggio;SANTORSO;SP 350 Val d'Astico;Rettilineo;"VIA MARTIRI DELLA LIBERTA' ALTEZZA DISTRIBUTORE ""BEYFIN""";11.416554;45.7421254;0.0;Bagnato;Orizzontale;Vento forte;;;;;;;;;;;0;0;0;0
2012;Polizia Municipale;1;Venerdì;Pomeriggio;SANTORSO;SP 350 Val d'Astico;Rettilineo;"VIA MARTIRI DELLA LIBERTA' ALTEZZA DISTRIBUTORE ""BEYFIN""";11.416554;45.7421254;0.0;Sdrucciolevole;Orizzontale;Pioggia;;;;;;;;;;;0;0;0;0
2010;Carabiniere;6;Martedì;Sera;MALO;SP 046 Pasubio;Incrocio;VIA LEONARDO DA VINCI INCROCIO VIA CA' CROSARA;11.41818;45.65399;0.0;Asciutto;Orizzontale;Nebbia;;;;;;;;;;;0;0;0;0
2010;Carabiniere;3;Domenica;Pomeriggio;MALO;SP 046 Pasubio;Incrocio;VIA LEONARDO DA VINCI INCROCIO VIA CA' CROSARA;11.41818;45.65399;0.0;Sdrucciolevole;Orizzontale;Pioggia;;;;;;;;;;;0;0;0;0
2014;Polizia Municipale;2;Domenica;Sera;MALO;SP 046 Pasubio;Incrocio;VIA PASUBIO, SAN GIOVANNI, CA' CROSARA;11.4181932;45.6540296;0.0;Bagnato;Temporanea di cantiere;Sereno;;;;;;;;;;;0;0;0;0
2023;Polizia Municipale;4;Giovedì;Notte;MALO;SP 046 Pasubio;Incrocio;VIA PASUBIO, SAN GIOVANNI, CA' CROSARA;11.4181932;45.6540296;0.0;Asciutto;Temporanea di cantiere;Vento forte;;;;;;;;;;;0;0;0;0
2010;Carabiniere;8;Domenica;Notte;MALO;SP 046 Pasubio;Intersezione con semaforo o vigile;VIA LEONARDO DA VINCI INCROCIO VIA SAN GIOVANNI;11.41823;45.654;0.0;Bagnato;Assente;Vento forte;;;;;;;;;;;0;0;0;0
2014;Carabiniere;10;Lunedì;Notte;MALO;SP 046 Pasubio;Intersezione con semaforo o vigile;VIA LEONARDO DA VINCI INCROCIO VIA SAN GIOVANNI;11.41823;45.654;0.0;Bagnato;Verticale;Altro;;;;;;;;;;;0;0;0;0
2021;Polizia Municipale;1;Mercoledì;Mattino;MALO;SP 046 Pasubio;Rettilineo;VIA L. DA VINCI, 43;11.4226007;45.6492047;0.0;Asciutto;Orizzontale;Sereno;;;;;;;;;;;0;0;0;0
2015;Polizia Municipale;1;Sabato;Sera;MALO;SP 046 Pasubio;Rettilineo;VIA L. DA VINCI, 43;11.4226007;45.6492047;0.0;Asciutto;Verticale;Vento forte;;;;;;;;;;;0;0;0;0
2018;Polizia Municipale;1;Sabato;Mattino;MALO;SP 046 Pasubio;Rettilineo;VIA L. DA VINCI;11.4228503;45.6488878;15.56;Bagnato;Orizzontale;Sereno;;;;;;;;;;;0;0;0;0
2021;Polizia Municipale;12;Venerdì;Sera;MALO;SP 046 Pasubio;Rettilineo;VIA L. DA VINCI;11.4228503;45.6488878;15.56;Sdrucciolevole;Orizzontale;Pioggia;;;;;;;;;;;0;0;0;0
2015;Carabiniere;6;Sabato;Sera;MALO;SP 046 Pasubio;Incrocio;VIA LEONARDO DA VINCI INCROCIO VIA MARCO POLO;11.42353;45.64824;0.0;Bagnato;Temporanea di cantiere;Vento forte;;;;;;;;;;;0;0;0;0
2016;Carabiniere;10;Lunedì;Notte;MALO;SP 046 Pasubio;Incrocio;VIA LEONARDO DA VINCI INCROCIO VIA MARCO POLO;11.42353;45.64824;0.0;Bagnato;Verticale;Nebbia;;;;;;;;;;;0;0;0;0
2016;Polizia Municipale;4;Sabato;Sera;COGOLLO DEL CENGIO;SP 350 Val d'Astico;Incrocio;VIA GIOVANNI XXIII INCROCIO VIA CONTRO;11.4238338;45.7840723;0.0;Bagnato;Assente;Pioggia;;;;;;;;;;;0;0;0;0
2017;Polizia Municipale;7;Martedì;Notte;COGOLLO DEL CENGIO;SP 350 Val d'Astico;Incrocio;VIA GIOVANNI XXIII INCROCIO VIA CONTRO;11.4238338;45.7840723;0.0;Sdrucciolevole;Temporanea di cantiere;Altro;;;;;;;;;;;0;0;0;0
2020;Polizia Stradale;4;Giovedì;Notte;PIOVENE ROCCHETTE;SP 350 Val d'Astico;Intersezione segnalata;STRADA PROVINCIALE S.P. 350;11.425744;45.769617;54.2;Sdrucciolevole;Temporanea di cantiere;Pioggia;;;;;;;;;;;0;0;0;0
2023;Polizia Stradale;8;Domenica;Pomeriggio;PIOVENE ROCCHETTE;SP 350 Val d'Astico;Intersezione segnalata;STRADA PROVINCIALE S.P. 350;11.425744;45.769617;54.2;Asciutto;Verticale;Nebbia;;;;;;;;;;;0;0;0;0
2011;Polizia Municipale;12;Martedì;Pomeriggio;PIOVENE ROCCHETTE;SP 349 Costo;Rotatoria;LARGO A.PEUGEOT INCROCIO VIA LIBERTA';11.4292128;45.7524656;0.0;Sdrucciolevole;Assente;Neve;;;;;;;;;;;0;0;0;0
2014;Polizia Municipale;10;Sabato;Mattino;PIOVENE ROCCHETTE;SP 349 Costo;Rotatoria;LARGO A.PEUGEOT INCROCIO VIA LIBERTA';11.4292128;45.7524656;0.0;Bagnato;Verticale;Vento forte;;;;;;;;;;;0;0;0;0
2017;Polizia Stradale;12;Sabato;Notte;PIOVENE ROCCHETTE;SP 349 Costo;Rotatoria;STRADA PROVINCIALE S9 349;11.429428;45.751482;0.0;Bagnato;Temporanea di cantiere;Altro;;;;;;;;;;;0;0;0;0
2010;Polizia Stradale;2;Venerdì;Sera;PIOVENE ROCCHETTE;SP 349 Costo;Rotatoria;STRADA PROVINCIALE S9 349;11.429428;45.751482;0.0;Ghiacciato;Orizzontale;Neve;;;;;;;;;;;0;0;0;0
2019;Carabiniere;8;Venerdì;Mattino;COGOLLO DEL CENGIO;SP 349 Costo;Rettilineo;SP349 AL KM. 81.4;11.42982;45.7941;81.4;Bagnato;Temporanea di cantiere;Nebbia;;;;;;;;;;;0;0;0;0
2011;Carabiniere;9;Lunedì;Notte;COGOLLO DEL CENGIO;SP 349 Costo;Rettilineo;SP349 AL KM. 81.4;11.42982;45.7941;81.4;Bagnato;Verticale;Altro;;;;;;;;;;;0;0;0;0
2020;Carabiniere;11;Lunedì;Sera;ROANA;SP 349 Costo;Rettilineo;VIA CAMPIELLO, 125;11.4323614;45.8371258;0.0;Bagnato;Verticale;Nebbia;;;;;;;;;;;0;0;0;0
2021;Carabiniere;7;Giovedì;Sera;ROANA;SP 349 Costo;Rettilineo;VIA CAMPIELLO, 125;11.4323614;45.8371258;0.0;Bagnato;Temporanea di cantiere;Pioggia;;;;;;;;;;;0;0;0;0
2011;Carabiniere;3;Martedì;Mattino;MALO;SP 046 Pasubio;Rettilineo;VIA VICENZA, 132;11.4328428;45.6393463;0.0;Ghiacciato;Verticale;Neve;;;;;;;;;;;0;0;0;0
2019;Carabiniere;1;Domenica;Pomeriggio;MALO;SP 046 Pasubio;Rettilineo;VIA VICENZA, 132;11.4328428;45.6393463;0.0;Ghiacciato;Assente;Neve;;;;;;;;;;;0;0;0;0
2016;Polizia Municipale;12;Venerdì;Notte;PIOVENE ROCCHETTE;SP 349 Costo;Curva;VIA GORIZIA, 93;11.4335579;45.7548131;0.0;Bagnato;Verticale;Nebbia;;;;;;;;;;;0;0;0;0
2010;Polizia Municipale;6;Mercoledì;Sera;PIOVENE ROCCHETTE;SP 349 Costo;Curva;VIA GORIZIA, 93;11.4335579;45.7548131;0.0;Asciutto;Temporanea di cantiere;Sereno;;;;;;;;;;;0;0;0;0
2013;Polizia Municipale;8;Martedì;Sera;PIOVENE ROCCHETTE;SP 349 Costo;Incrocio;VIA THIENE INCROCIO VIA DEL MARONARO;11.4358716;45.7438942;0.0;Sdrucciolevole;Verticale;Pioggia;;;;;;;;;;;0;0;0;0
2014;Polizia Municipale;4;Lunedì;Sera;PIOVENE ROCCHETTE;SP 349 Costo;Incrocio;VIA THIENE INCROCIO VIA DEL MARONARO;11.4358716;45.7438942;0.0;Asciutto;Temporanea di cantiere;Sereno;;;;;;;;;;;0;0;0;0
2013;Polizia Municipale;1;Domenica;Mattino;PIOVENE ROCCHETTE;SP 349 Costo;Intersezione segnalata;VIA THIENE INCROCIO VIA DEL MARONARO;11.435885;45.7439101;0.0;Ghiacciato;Temporanea di cantiere;Neve;;;;;;;;;;;0;0;0;0
2023;Polizia Municipale;6;Lunedì;Notte;PIOVENE ROCCHETTE;SP 349 Costo;Intersezione segnalata;VIA THIENE INCROCIO VIA DEL MARONARO;11.435885;45.7439101;0.0;Asciutto;Assente;Nebbia;;;;;;;;;;;0;0;0;0
2022;Polizia Municipale;6;Martedì;Sera;PIOVENE ROCCHETTE;SP 349 Costo;Intersezione non segnalata;VIA GORIZIA INCROCIO VIA STADIO;11.436391;45.7563919;0.0;Sdrucciolevole;Orizzontale;Pioggia;;;;;;;;;;;0;0;0;0
2013;Polizia Municipale;7;Sabato;Notte;PIOVENE ROCCHETTE;SP 349 Costo;Intersezione non segnalata;VIA GORIZIA INCROCIO VIA STADIO;11.436391;45.7563919;0.0;Asciutto;Verticale;Nebbia;;;;;;;;;;;0;0;0;0
2022;Carabiniere;7;Venerdì;Sera;PIOVENE ROCCHETTE;SP 350 Val d'Astico;Rettilineo;VIA TRIESTE AL KM. 55.5;11.438263;45.757855;55.5;Bagnato;Orizzontale;Altro;;;;;;;;;;;0;0;0;0
2018;Carabiniere;2;Venerdì;Notte;PIOVENE ROCCHETTE;SP 350 Val d'Astico;Rettilineo;VIA TRIESTE AL KM. 55.5;11.438263;45.757855;55.5;Sdrucciolevole;Verticale;Neve;;;;;;;;;;;0;0;0;0
2023;Polizia Municipale;4;Sabato;Pomeriggio;ISOLA VICENTINA;SP 046 Pasubio;Rettilineo;VIA PASUBIO FRONTE PARCHEGGIO CHIESA;11.4412349;45.6299332;0.0;Asciutto;Verticale;Altro;;;;;;;;;;;0;0;0;0
2017;Polizia Municipale;6;Giovedì;Notte;ISOLA VICENTINA;SP 046 Pasubio;Rettilineo;VIA PASUBIO FRONTE PARCHEGGIO CHIESA;11.4412349;45.6299332;0.0;Asciutto;Orizzontale;Altro;;;;;;;;;;;0;0;0;0
2011;Polizia Municipale;12;Mercoledì;Mattino;ISOLA VICENTINA;SP 046 Pasubio;Rettilineo;VIA MARCONI, 76;11.44263;45.62893;0.0;Sdrucciolevole;Verticale;Pioggia;;;;;;;;;;;0;0;0;0
2018;Polizia Municipale;4;Sabato;Notte;ISOLA VICENTINA;SP 046 Pasubio;Rettilineo;VIA MARCONI, 76;11.44263;45.62893;0.0;Asciutto;Verticale;Nebbia;;;;;;;;;;;0;0;0;0
2020;Polizia Municipale;9;Mercoledì;Notte;PIOVENE ROCCHETTE;SP 349 Costo;Rettilineo;VIA FOGAZZARO, 8/D;11.4429551;45.7600333;0.0;Asciutto;Assente;Nebbia;;;;;;;;;;;0;0;0;0
2018;Polizia Municipale;10;Sabato;Sera;PIOVENE ROCCHETTE;SP 349 Costo;Rettilineo;VIA FOGAZZARO, 8/D;11.4429551;45.7600333;0.0;Bagnato;Temporanea di cantiere;Vento forte;;;;;;;;;;;0;0;0;0
2021;Polizia Municipale;11;Lunedì;Mattino;ZANE';SP 349 Costo;Incrocio;VIA SUMMANO VIA KENNEDY;11.4483012;45.7275532;0.0;Bagnato;Assente;Nebbia;;;;;;;;;;;0;0;0;0
2015;Polizia Municipale;10;Sabato;Mattino;ZANE';SP 349 Costo;Incrocio;VIA SUMMANO VIA KENNEDY;11.4483012;45.7275532;0.0;Bagnato;Verticale;Nebbia;;;;;;;;;;;0;0;0;0
2021;Polizia Municipale;3;Venerdì;Notte;ZANE';SP 349 Costo;Incrocio;VIA BATTISTI CESARE VIA MANZONI;11.4588814;45.7158477;0.0;Asciutto;Orizzontale;Sereno;;;;;;;;;;;0;0;0;0
2017;Polizia Municipale;12;Lunedì;Sera;ZANE';SP 349 Costo;Incrocio;VIA BATTISTI CESARE VIA MANZONI;11.4588814;45.7158477;0.0;Asciutto;Verticale;Sereno;;;;;;;;;;;0;0;0;0
2016;Polizia Municipale;3;Martedì;Mattino;ISOLA VICENTINA;SP 046 Pasubio;Rettilineo;"VIA VICENZA PRESSO DISTRIBUTORE ""TAMOIL""";11.46418;45.61688;0.0;Sdrucciolevole;Orizzontale;Pioggia;;;;;;;;;;;0;0;0;0
2023;Polizia Municipale;7;Mercoledì;Mattino;ISOLA VICENTINA;SP 046 Pasubio;Rettilineo;"VIA VICENZA PRESSO DISTRIBUTORE ""TAMOIL""";11.46418;45.61688;0.0;Asciutto;Verticale;Sereno;;;;;;;;;;;0;0;0;0
2012;Polizia Municipale;7;Mercoledì;Notte;THIENE;SP 349 Costo;Incrocio;VIA CA' BEREGANE VIA LAMPERTICO;11.4845943;45.6843591;0.0;Asciutto;Temporanea di cantiere;Vento forte;;;;;;;;;;;0;0;0;0
2014;Polizia Municipale;3;Martedì;Mattino;THIENE;SP 349 Costo;Incrocio;VIA CA' BEREGANE VIA LAMPERTICO;11.4845943;45.6843591;0.0;Bagnato;Orizzontale;Pioggia;;;;;;;;;;;0;0;0;0
2022;Polizia Municipale;11;Lunedì;Sera;THIENE;SP 349 Costo;Rettilineo;VIA SANTO VIA DELLA PIEVE;11.4871235;45.6763047;0.0;Sdrucciolevole;Temporanea di cantiere;Neve;;;;;;;;;;;0;0;0;0
2014;Polizia Municipale;5;Mercoledì;Pomeriggio;THIENE;SP 349 Costo;Rettilineo;VIA SANTO VIA DELLA PIEVE;11.4871235;45.6763047;0.0;Asciutto;Orizzontale;Vento forte;;;;;;;;;;;0;0;0;0
2018;Carabiniere;7;Mercoledì;Mattino;THIENE;SP 349 Costo;Incrocio;VIA SANTO INCROCIO VIA DON ZILIOTTO;11.4876215;45.6747008;0.0;Sdrucciolevole;Temporanea di cantiere;Pioggia;;;;;;;;;;;0;0;0;0
2015;Carabiniere;11;Martedì;Mattino;THIENE;SP 349 Costo;Incrocio;VIA SANTO INCROCIO VIA DON ZILIOTTO;11.4876215;45.6747008;0.0;Asciutto;Temporanea di cantiere;Nebbia;;;;;;;;;;;0;0;0;0
2019;Polizia Municipale;3;Lunedì;Sera;THIENE;SP 349 Costo;Rettilineo;VIA SANTO;11.4891083;45.6700855;0.0;Bagnato;Assente;Vento forte;;;;;;;;;;;0;0;0;0
2020;Polizia Municipale;2;Lunedì;Sera;THIENE;SP 349 Costo;Rettilineo;VIA SANTO;11.4891083;45.6700855;0.0;Bagnato;Temporanea di cantiere;Pioggia;;;;;;;;;;;0;0;0;0
2018;Carabiniere;6;Sabato;Notte;CALDOGNO;SP 349 Costo;Intersezione segnalata;STRADA STATALE PASUBIO INCROCIO VIA SETTE;11.4904599;45.6136232;0.0;Asciutto;Temporanea di cantiere;Vento forte;;;;;;;;;;;0;0;0;0
2013;Carabiniere;3;Giovedì;Sera;CALDOGNO;SP 349 Costo;Intersezione segnalata;STRADA STATALE PASUBIO INCROCIO VIA SETTE;11.4904599;45.6136232;0.0;Asciutto;Temporanea di cantiere;Vento forte;;;;;;;;;;;0;0;0;0
2010;Polizia Municipale;2;Domenica;Pomeriggio;COSTABISSARA;SP 046 Pasubio;Rettilineo;VIA ROVERETO AL KM. 8.15;11.49113;45.6049;8.15;Innevato;Temporanea di cantiere;Neve;;;;;;;;;;;0;0;0;0
2019;Polizia Municipale;1;Giovedì;Mattino;COSTABISSARA;SP 046 Pasubio;Rettilineo;VIA ROVERETO AL KM. 8.15;11.49113;45.6049;8.15;Bagnato;Orizzontale;Pioggia;;;;;;;;;;;0;0;0;0
2013;Polizia Municipale;4;Venerdì;Pomeriggio;VILLAVERLA;SP 349 Costo;Curva;VIA CAPOVILLA;11.4921459;45.6620499;0.0;Bagnato;Verticale;Pioggia;;;;;;;;;;;0;0;0;0
2022;Polizia Municipale;3;Sabato;Sera;VILLAVERLA;SP 349 Costo;Curva;VIA CAPOVILLA;11.4921459;45.6620499;0.0;Sdrucciolevole;Assente;Pioggia;;;;;;;;;;;0;0;0;0
2011;Polizia Stradale;11;Venerdì;Notte;VILLAVERLA;SP 349 Costo;Intersezione segnalata;VIA CAPOVILLA;11.492649;45.659093;0.0;Asciutto;Verticale;Vento forte;;;;;;;;;;;0;0;0;0
2017;Polizia Stradale;11;Domenica;Notte;VILLAVERLA;SP 349 Costo;Intersezione segnalata;VIA CAPOVILLA;11.492649;45.659093;0.0;Bagnato;Assente;Nebbia;;;;;;;;;;;0;0;0;0
2022;Polizia Municipale;6;Mercoledì;Sera;VILLAVERLA;SP 349 Costo;Rettilineo;VIA ROMA;11.4927176;45.6422437;0.0;Sdrucciolevole;Orizzontale;Altro;;;;;;;;;;;0;0;0;0
2014;Polizia Municipale;6;Mercoledì;Mattino;VILLAVERLA;SP 349 Costo;Rettilineo;VIA ROMA;11.4927176;45.6422437;0.0;Bagnato;Assente;Pioggia;;;;;;;;;;;0;0;0;0
2018;Polizia Municipale;2;Lunedì;Mattino;VILLAVERLA;SP 349 Costo;Incrocio;VIA ROMA VIA TRIESTE;11.4935786;45.6490861;0.0;Bagnato;Verticale;Altro;;;;;;;;;;;0;0;0;0
2010;Polizia Municipale;12;Sabato;Pomeriggio;VILLAVERLA;SP 349 Costo;Incrocio;VIA ROMA VIA TRIESTE;11.4935786;45.6490861;0.0;Ghiacciato;Verticale;Neve;;;;;;;;;;;0;0;0;0
2014;Polizia Municipale;5;Lunedì;Sera;VILLAVERLA;SP 349 Costo;Incrocio;VIA ROMA VIA MILANO;11.4935892;45.6490924;0.0;Bagnato;Orizzontale;Vento forte;;;;;;;;;;;0;0;0;0
2010;Polizia Municipale;1;Giovedì;Notte;VILLAVERLA;SP 349 Costo;Incrocio;VIA ROMA VIA MILANO;11.4935892;45.6490924;0.0;Sdrucciolevole;Assente;Pioggia;;;;;;;;;;;0;0;0;0
2016;Polizia Stradale;9;Domenica;Notte;VILLAVERLA;SP 349 Costo;Intersezione segnalata;"STRADA PROVINCIALE S.P. 349 ""COSTO""";11.493599;45.6491176;0.0;Bagnato;Verticale;Altro;;;;;;;;;;;0;0;0;0
2015;Polizia Stradale;5;Lunedì;Sera;VILLAVERLA;SP 349 Costo;Intersezione segnalata;"STRADA PROVINCIALE S.P. 349 ""COSTO""";11.493599;45.6491176;0.0;Asciutto;Temporanea di cantiere;Sereno;;;;;;;;;;;0;0;0;0
2010;Carabiniere;9;Mercoledì;Sera;VILLAVERLA;SP 349 Costo;Intersezione segnalata;VIA ROMA INCROCIO VIA ROARE;11.4937662;45.6500301;0.0;Asciutto;Temporanea di cantiere;Nebbia;;;;;;;;;;;0;0;0;0
2013;Carabiniere;7;Giovedì;Pomeriggio;VILLAVERLA;SP 349 Costo;Intersezione segnalata;VIA ROMA INCROCIO VIA ROARE;11.4937662;45.6500301;0.0;Bagnato;Orizzontale;Sereno;;;;;;;;;;;0;0;0;0
2010;Polizia Municipale;8;Venerdì;Notte;COSTABISSARA;SP 046 Pasubio;Rettilineo;VIA PASUBIO S.P. 46, 88;11.4941784;45.6020223;0.0;Bagnato;Assente;Pioggia;;;;;;;;;;;0;0;0;0
2011;Polizia Municipale;11;Mercoledì;Mattino;COSTABISSARA;SP 046 Pasubio;Rettilineo;VIA PASUBIO S.P. 46, 88;11.4941784;45.6020223;0.0;Bagnato;Temporanea di cantiere;Nebbia;;;;;;;;;;;0;0;0;0
2010;Polizia Municipale;7;Domenica;Notte;COSTABISSARA;SP 046 Pasubio;Rettilineo;VIA PASUBIO, 125;11.4957043;45.5979795;0.0;Sdrucciolevole;Temporanea di cantiere;Altro;;;;;;;;;;;0;0;0;0
2021;Polizia Municipale;9;Venerdì;Pomeriggio;COSTABISSARA;SP 046 Pasubio;Rettilineo;VIA PASUBIO, 125;11.4957043;45.5979795;0.0;Bagnato;Temporanea di cantiere;Pioggia;;;;;;;;;;;0;0;0;0
2020;Polizia Municipale;3;Lunedì;Pomeriggio;COSTABISSARA;SP 046 Pasubio;Rettilineo;VIA PASUBIO, 127;11.4957399;45.597846;0.0;Bagnato;Temporanea di cantiere;Vento forte;;;;;;;;;;;0;0;0;0
2022;Polizia Municipale;11;Giovedì;Mattino;COSTABISSARA;SP 046 Pasubio;Rettilineo;VIA PASUBIO, 127;11.4957399;45.597846;0.0;Bagnato;Temporanea di cantiere;Vento forte;;;;;;;;;;;0;0;0;0
2023;Polizia Municipale;10;Martedì;Mattino;COSTABISSARA;SP 046 Pasubio;Rettilineo;VIA PASUBIO S.P. 46 PASSAGGIO PEDONALE CHIESA DI MOTTA;11.4958018;45.597834;0.0;Bagnato;Assente;Nebbia;;;;;;;;;;;0;0;0;0
2019;Polizia Municipale;1;Giovedì;Notte;COSTABISSARA;SP 046 Pasubio;Rettilineo;VIA PASUBIO S.P. 46 PASSAGGIO PEDONALE CHIESA DI MOTTA;11.4958018;45.597834;0.0;Sdrucciolevole;Orizzontale;Neve;;;;;;;;;;;0;0;0;0
2021;Polizia Municipale;10;Giovedì;Pomeriggio;COSTABISSARA;SP 046 Pasubio;Rettilineo;VIA PASUBIO S.P. 46 AL KM. 5.5;11.50388;45.58488;5.5;Bagnato;Temporanea di cantiere;Vento forte;;;;;;;;;;;0;0;0;0
2011;Polizia Municipale;9;Giovedì;Sera;COSTABISSARA;SP 046 Pasubio;Rettilineo;VIA PASUBIO S.P. 46 AL KM. 5.5;11.50388;45.58488;5.5;Bagnato;Verticale;Pioggia;;;;;;;;;;;0;0;0;0
2018;Polizia Stradale;6;Martedì;Sera;VICENZA;SP 046 Pasubio;Incrocio;STRADA PROVINCIALE SP 46 DEL PASUBIO;11.506254;45.5820754;0.0;Sdrucciolevole;Verticale;Pioggia;;;;;;;;;;;0;0;0;0
2013;Polizia Stradale;12;Mercoledì;Mattino;VICENZA;SP 046 Pasubio;Incrocio;STRADA PROVINCIALE SP 46 DEL PASUBIO;11.506254;45.5820754;0.0;Sdrucciolevole;Temporanea di cantiere;Pioggia;;;;;;;;;;;0;0;0;0
2016;Polizia Municipale;10;Martedì;Notte;VICENZA;SP 046 rac Pasubio Raccordo del Sole;Intersezione segnalata;VIA DEI MONTECCHI INCROCIO VIALE DEL SOLE;11.5082414;45.5338497;0.0;Sdrucciolevole;Orizzontale;Altro;;;;;;;;;;;0;0;0;0
2021;Polizia Municipale;11;Venerdì;Notte;VICENZA;SP 046 rac Pasubio Raccordo del Sole;Intersezione segnalata;VIA DEI MONTECCHI INCROCIO VIALE DEL SOLE;11.5082414;45.5338497;0.0;Bagnato;Assente;Pioggia;;;;;;;;;;;0;0;0;0
2013;Polizia Stradale;3;Lunedì;Pomeriggio;VICENZA;SP 046 rac Pasubio Raccordo del Sole;Rettilineo;VIALE DEL SOLE INTERS. CON STRADA DELLE CATTANE;11.509455;45.5469408;0.0;Asciutto;Verticale;Sereno;;;;;;;;;;;0;0;0;0
2022;Polizia Stradale;3;Domenica;Sera;VICENZA;SP 046 rac Pasubio Raccordo del Sole;Rettilineo;VIALE DEL SOLE INTERS. CON STRADA DELLE CATTANE;11.509455;45.5469408;0.0;Bagnato;Temporanea di cantiere;Pioggia;;;;;;;;;;;0;0;0;0
2020;Carabiniere;2;Martedì;Mattino;VALDASTICO;SP 350 Val d'Astico;Curva;SP350 AL KM. 37.3;11.35578;45.88418;37.3;Asciutto;Orizzontale;Vento forte;;;;;;;;;;;0;0;0;0
2013;Carabiniere;4;Mercoledì;Notte;VALDASTICO;SP 350 Val d'Astico;Curva;SP350 AL KM. 37.3;11.35578;45.88418;37.3;Asciutto;Verticale;Nebbia;;;;;;;;;;;0;0;0;0
2023;Carabiniere;2;Venerdì;Mattino;SANTORSO;SP 350 Val d'Astico;Rettilineo;VIA 4 NOVEMBRE, 47;11.3812679;45.7309159;61.5;Bagnato;Orizzontale;Pioggia;;;;;;;;;;;0;0;0;0
2021;Carabiniere;3;Domenica;Mattino;SANTORSO;SP 350 Val d'Astico;Rettilineo;VIA 4 NOVEMBRE, 47;11.3812679;45.7309159;61.5;Asciutto;Verticale;Sereno;;;;;;;;;;;0;0;0;0
2014;Polizia Stradale;3;Mercoledì;Sera;SANTORSO;SP 350 Val d'Astico;Rettilineo;VIA IV NOVEMBRE;11.386147;45.732152;61.1;Bagnato;Orizzontale;Altro;;;;;;;;;;;0;0;0;0
2015;Polizia Stradale;3;Lunedì;Mattino;SANTORSO;SP 350 Val d'Astico;Rettilineo;VIA IV NOVEMBRE;11.386147;45.732152;61.1;Sdrucciolevole;Temporanea di cantiere;Neve;;;;;;;;;;;0;0;0;0
2021;Polizia Municipale;1;Sabato;Mattino;MALO;SP 046 Pasubio;Intersezione con semaforo o vigile;VIA PASUBIO, CA' CROSARA, SAN GIOVANNI, L. DA VINC;11.4182117;45.6540436;16.25;Ghiacciato;Orizzontale;Neve;;;;;;;;;;;0;0;0;0
2021;Polizia Municipale;1;Giovedì;Notte;MALO;SP 046 Pasubio;Intersezione con semaforo o vigile;VIA PASUBIO, CA' CROSARA, SAN GIOVANNI, L. DA VINC;11.4182117;45.6540436;16.25;Bagnato;Verticale;Vento forte;;;;;;;;;;;0;0;0;0
2021;Carabiniere;1;Mercoledì;Pomeriggio;MALO;SP 046 Pasubio;Rettilineo;SP46, 10;11.4184785;45.6535506;0.0;Innevato;Orizzontale;Neve;;;;;;;;;;;0;0;0;0
2019;Carabiniere;7;Lunedì;Notte;MALO;SP 046 Pasubio;Rettilineo;SP46, 10;11.4184785;45.6535506;0.0;Bagnato;Verticale;Pioggia;;;;;;;;;;;0;0;0;0
2014;Polizia Municipale;3;Martedì;Sera;MALO;SP 046 Pasubio;Rettilineo;VIA LEONARDO DA VINCI, 18;11.4188238;45.6530391;0.0;Innevato;Assente;Neve;;;;;;;;;;;0;0;0;0
2010;Polizia Municipale;4;Domenica;Pomeriggio;MALO;SP 046 Pasubio;Rettilineo;VIA LEONARDO DA VINCI, 18;11.4188238;45.6530391;0.0;Sdrucciolevole;Assente;Pioggia;;;;;;;;;;;0;0;0;0
2019;Carabiniere;2;Venerdì;Sera;PIOVENE ROCCHETTE;SP 350 Val d'Astico;Curva;VIA MONTE PASUBIO, 61;11.4217324;45.7448346;57.95;Asciutto;Orizzontale;Sereno;;;;;;;;;;;0;0;0;0
2010;Carabiniere;5;Mercoledì;Notte;PIOVENE ROCCHETTE;SP 350 Val d'Astico;Curva;VIA MONTE PASUBIO, 61;11.4217324;45.7448346;57.95;Bagnato;Assente;Vento forte;;;;;;;;;;;0;0;0;0
2014;Polizia Municipale;1;Venerdì;Notte;MALO;SP 046 Pasubio;Rettilineo;"VIA VICENZA SP N. 46 ""DEL PASUBIO""";11.4247863;45.6467801;14.6;Bagnato;Orizzontale;Pioggia;;;;;;;;;;;0;0;0;0
2016;Polizia Municipale;2;Martedì;Pomeriggio;MALO;SP 046 Pasubio;Rettilineo;"VIA VICENZA SP N. 46 ""DEL PASUBIO""";11.4247863;45.6467801;14.6;Asciutto;Temporanea di cantiere;Sereno;;;;;;;;;;;0;0;0;0
2021;Polizia Stradale;12;Lunedì;Sera;MALO;SP 046 Pasubio;Incrocio;STRADA PROVINCIALE SP 46 DEL PASUBIO;11.426858;45.644787;0.0;Ghiacciato;Verticale;Neve;;;;;;;;;;;0;0;0;0
2013;Polizia Stradale;7;Domenica;Sera;MALO;SP 046 Pasubio;Incrocio;STRADA PROVINCIALE SP 46 DEL PASUBIO;11.426858;45.644787;0.0;Bagnato;Orizzontale;Sereno;;;;;;;;;;;0;0;0;0
2015;Polizia Municipale;12;Domenica;Mattino;COGOLLO DEL CENGIO;SP 350 Val d'Astico;Curva;VIA TRIESTE;11.4290871;45.7817087;52.7;Bagnato;Assente;Pioggia;;;;;;;;;;;0;0;0;0
2018;Polizia Municipale;11;Giovedì;Mattino;COGOLLO DEL CENGIO;SP 350 Val d'Astico;Curva;VIA TRIESTE;11.4290871;45.7817087;52.7;Bagnato;Temporanea di cantiere;Vento forte;;;;;;;;;;;0;0;0;0
2010;Polizia Municipale;7;Venerdì;Sera;PIOVENE ROCCHETTE;SP 350 Val d'Astico;Incrocio;QUARTIERE GEN. DALLA CHIESA S.P. 350;11.4312736;45.7663041;54.775;Asciutto;Orizzontale;Sereno;;;;;;;;;;;0;0;0;0
2011;Polizia Municipale;12;Sabato;Pomeriggio;PIOVENE ROCCHETTE;SP 350 Val d'Astico;Incrocio;QUARTIERE GEN. DALLA CHIESA S.P. 350;11.4312736;45.7663041;54.775;Innevato;Verticale;Neve;;;;;;;;;;;0;0;0;0
2016;Carabiniere;2;Sabato;Sera;ZANE';SP 349 var Costo Variante;Rettilineo;SP349 AL KM. 1600;11.43453;45.71428;1.6;Sdrucciolevole;Verticale;Neve;;;;;;;;;;;0;0;0;0
2013;Carabiniere;6;Sabato;Notte;ZANE';SP 349 var Costo Variante;Rettilineo;SP349 AL KM. 1600;11.43453;45.71428;1.6;Bagnato;Orizzontale;Nebbia;;;;;;;;;;;0;0;0;0
2010;Polizia Municipale;12;Giovedì;Pomeriggio;ISOLA VICENTINA;SP 046 Pasubio;Rettilineo;VIA PASUBIO, 3;11.4410707;45.6303331;0.0;Bagnato;Orizzontale;Vento forte;;;;;;;;;;;0;0;0;0
2022;Polizia Municipale;9;Martedì;Sera;ISOLA VICENTINA;SP 046 Pasubio;Rettilineo;VIA PASUBIO, 3;11.4410707;45.6303331;0.0;Bagnato;Temporanea di cantiere;Pioggia;;;;;;;;;;;0;0;0;0
2023;Polizia Municipale;1;Lunedì;Sera;ISOLA VICENTINA;SP 046 Pasubio;Intersezione segnalata;VIA MARCONI INCROCIO VIA GIARRE;11.44221;45.62917;12.86;Asciutto;Orizzontale;Sereno;;;;;;;;;;;0;0;0;0
2017;Polizia Municipale;9;Mercoledì;Notte;ISOLA VICENTINA;SP 046 Pasubio;Intersezione segnalata;VIA MARCONI INCROCIO VIA GIARRE;11.44221;45.62917;12.86;Bagnato;Orizzontale;Vento forte;;;;;;;;;;;0;0;0;0
2013;Carabiniere;1;Lunedì;Mattino;ROANA;SP 349 Costo;Rettilineo;VIA 25 APRILE AL KM. 70.5;11.443087;45.845408;70.5;Sdrucciolevole;Verticale;Neve;;;;;;;;;;;0;0;0;0
2013;Carabiniere;8;Mercoledì;Mattino;ROANA;SP 349 Costo;Rettilineo;VIA 25 APRILE AL KM. 70.5;11.443087;45.845408;70.5;Asciutto;Verticale;Nebbia;;;;;;;;;;;0;0;0;0
2019;Carabiniere;9;Venerdì;Notte;CALTRANO;SP 349 Costo;Rotatoria;VIA SETTE COMUNI INCROCIO VIA SAN LORENZO;11.44922;45.77548;0.0;Asciutto;Assente;Sereno;;;;;;;;;;;0;0;0;0
2022;Carabiniere;1;Martedì;Notte;CALTRANO;SP 349 Costo;Rotatoria;VIA SETTE COMUNI INCROCIO VIA SAN LORENZO;11.44922;45.77548;0.0;Bagnato;Orizzontale;Nebbia;;;;;;;;;;;0;0;0;0
2014;Polizia Municipale;7;Mercoledì;Sera;THIENE;SP 349 var Costo Variante;Rettilineo;NSA 384, 3+VII;11.4550842;45.702742;3.7;Sdrucciolevole;Assente;Pioggia;;;;;;;;;;;0;0;0;0
2019;Polizia Municipale;8;Venerdì;Notte;THIENE;SP 349 var Costo Variante;Rettilineo;NSA 384, 3+VII;11.4550842;45.702742;3.7;Bagnato;Orizzontale;Pioggia;;;;;;;;;;;0;0;0;0
2011;Carabiniere;2;Giovedì;Notte;ZANE';SP 349 Costo;Incrocio;VIA ALESSANDRO MANZONI INCROCIO VIA CORTE;11.45878;45.71589;0.0;Asciutto;Temporanea di cantiere;Altro;;;;;;;;;;;0;0;0;0
2012;Carabiniere;5;Domenica;Notte;ZANE';SP 349 Costo;Incrocio;VIA ALESSANDRO MANZONI INCROCIO VIA CORTE;11.45878;45.71589;0.0;Bagnato;Verticale;Altro;;;;;;;;;;;0;0;0;0
2015;Carabiniere;10;Sabato;Sera;ISOLA VICENTINA;SP 046 Pasubio;Rettilineo;VIA VICENZA KM 11;11.4617029;45.6193056;11.0;Asciutto;Temporanea di cantiere;Sereno;;;;;;;;;;;0;0;0;0
2022;Carabiniere;9;Venerdì;Mattino;ISOLA VICENTINA;SP 046 Pasubio;Rettilineo;VIA VICENZA KM 11;11.4617029;45.6193056;11.0;Bagnato;Verticale;Altro;;;;;;;;;;;0;0;0;0
2023;Polizia Stradale;7;Domenica;Pomeriggio;ROANA;SP 349 Costo;Incrocio;"STRADA PROVINCIALE SP 349 ""COSTO""";11.469412;45.889919;58.0;Bagnato;Verticale;Pioggia;;;;;;;;;;;0;0;0;0
2017;Polizia Stradale;4;Domenica;Pomeriggio;ROANA;SP 349 Costo;Incrocio;"STRADA PROVINCIALE SP 349 ""COSTO""";11.469412;45.889919;58.0;Bagnato;Temporanea di cantiere;Altro;;;;;;;;;;;0;0;0;0
2017;Polizia Municipale;9;Giovedì;Pomeriggio;THIENE;SP 349 Costo;Incrocio;VIA SANTO VIA DELLA PIEVE;11.4871168;45.6763115;0.0;Bagnato;Verticale;Nebbia;;;;;;;;;;;0;0;0;0
2010;Polizia Municipale;12;Sabato;Pomeriggio;THIENE;SP 349 Costo;Incrocio;VIA SANTO VIA DELLA PIEVE;11.4871168;45.6763115;0.0;Ghiacciato;Assente;Neve;;;;;;;;;;;0;0;0;0
2012;Polizia Municipale;1;Giovedì;Pomeriggio;THIENE;SP 349 Costo;Intersezione con semaforo o vigile;VIA SANTO VIA DELL'AEROPORTO;11.4885974;45.671673;0.0;Innevato;Verticale;Neve;;;;;;;;;;;0;0;0;0
2011;Polizia Municipale;7;Sabato;Sera;THIENE;SP 349 Costo;Intersezione con semaforo o vigile;VIA SANTO VIA DELL'AEROPORTO;11.4885974;45.671673;0.0;Asciutto;Temporanea di cantiere;Vento forte;;;;;;;;;;;0;0;0;0
2022;Polizia Municipale;6;Venerdì;Sera;VILLAVERLA;SP 349 Costo;Curva;VIA CAPOVILLA;11.4912849;45.6619599;0.0;Bagnato;Temporanea di cantiere;Sereno;;;;;;;;;;;0;0;0;0
2010;Polizia Municipale;7;Venerdì;Pomeriggio;VILLAVERLA;SP 349 Costo;Curva;VIA CAPOVILLA;11.4912849;45.6619599;0.0;Asciutto;Verticale;Vento forte;;;;;;;;;;;0;0;0;0
2015;Carabiniere;7;Mercoledì;Mattino;VILLAVERLA;SP 349 Costo;Rettilineo;VIA ROMA, 92;11.491494;45.6347119;0.0;Bagnato;Orizzontale;Pioggia;;;;;;;;;;;0;0;0;0
2015;Carabiniere;1;Martedì;Pomeriggio;VILLAVERLA;SP 349 Costo;Rettilineo;VIA ROMA, 92;11.491494;45.6347119;0.0;Ghiacciato;Orizzontale;Neve;;;;;;;;;;;0;0;0;0
2022;Carabiniere;11;Mercoledì;Mattino;VILLAVERLA;SP 349 Costo;Incrocio;VIA ENRICO FERMI INCROCIO VIA PALLADIO;11.4925051;45.6409687;0.0;Asciutto;Orizzontale;Nebbia;;;;;;;;;;;0;0;0;0
2014;Carabiniere;3;Venerdì;Notte;VILLAVERLA;SP 349 Costo;Incrocio;VIA ENRICO FERMI INCROCIO VIA PALLADIO;11.4925051;45.6409687;0.0;Asciutto;Temporanea di cantiere;Altro;;;;;;;;;;;0;0;0;0
2011;Polizia Municipale;2;Domenica;Pomeriggio;COSTABISSARA;SP 046 Pasubio;Rotatoria;VIA PASUBIO INCROCIO VIA ROVERETO;11.49293;45.60352;7.8;Bagnato;Temporanea di cantiere;Vento forte;;;;;;;;;;;0;0;0;0
2013;Polizia Municipale;1;Venerdì;Sera;COSTABISSARA;SP 046 Pasubio;Rotatoria;VIA PASUBIO INCROCIO VIA ROVERETO;11.49293;45.60352;7.8;Ghiacciato;Assente;Neve;;;;;;;;;;;0;0;0;0
2013;Polizia Municipale;11;Venerdì;Mattino;VILLAVERLA;SP 349 Costo;Rettilineo;VIA CAPOVILLA, 26;11.4935466;45.6568909;0.0;Sdrucciolevole;Orizzontale;Neve;;;;;;;;;;;0;0;0;0
2021;Polizia Municipale;1;Domenica;Mattino;VILLAVERLA;SP 349 Costo;Rettilineo;VIA CAPOVILLA, 26;11.4935466;45.6568909;0.0;Sdrucciolevole;Assente;Neve;;;;;;;;;;;0;0;0;0
2012;Polizia Municipale;10;Sabato;Sera;VILLAVERLA;SP 349 Costo;Rettilineo;PIAZZA DEL POPOLO;11.4942645;45.651135;0.0;Asciutto;Verticale;Altro;;;;;;;;;;;0;0;0;0
2014;Polizia Municipale;11;Mercoledì;Sera;VILLAVERLA;SP 349 Costo;Rettilineo;PIAZZA DEL POPOLO;11.4942645;45.651135;0.0;Bagnato;Assente;Pioggia;;;;;;;;;;;0;0;0;0
2014;Polizia Municipale;11;Domenica;Mattino;COSTABISSARA;SP 046 Pasubio;Rettilineo;VIA PASUBIO, 36;11.495707;45.5980417;0.0;Sdrucciolevole;Orizzontale;Altro;;;;;;;;;;;0;0;0;0
2020;Polizia Municipale;12;Giovedì;Notte;COSTABISSARA;SP 046 Pasubio;Rettilineo;VIA PASUBIO, 36;11.495707;45.5980417;0.0;Bagnato;Assente;Altro;;;;;;;;;;;0;0;0;0
2023;Polizia Municipale;3;Domenica;Pomeriggio;COSTABISSARA;SP 046 Pasubio;Rettilineo;VIA PASUBIO, 36;11.49581;45.59787;0.0;Asciutto;Temporanea di cantiere;Sereno;;;;;;;;;;;0;0;0;0
2014;Polizia Municipale;5;Sabato;Sera;COSTABISSARA;SP 046 Pasubio;Rettilineo;VIA PASUBIO, 36;11.49581;45.59787;0.0;Asciutto;Assente;Sereno;;;;;;;;;;;0;0;0;0
2013;Polizia Municipale;12;Lunedì;Mattino;COSTABISSARA;SP 046 Pasubio;Rotatoria;VIA PASUBIO INCROCIO VIA MONTE GRAPPA;11.49786;45.59182;6.4;Asciutto;Orizzontale;Sereno;;;;;;;;;;;0;0;0;0
2019;Polizia Municipale;6;Mercoledì;Notte;COSTABISSARA;SP 046 Pasubio;Rotatoria;VIA PASUBIO INCROCIO VIA MONTE GRAPPA;11.49786;45.59182;6.4;Asciutto;Orizzontale;Sereno;;;;;;;;;;;0;0;0;0
2023;Carabiniere;8;Martedì;Notte;ASIAGO;SP 349 Costo;Rettilineo;VIA BERGA, 102;11.4993017;45.8762908;0.0;Asciutto;Verticale;Sereno;;;;;;;;;;;0;0;0;0
2018;Carabiniere;11;Domenica;Sera;ASIAGO;SP 349 Costo;Rettilineo;VIA BERGA, 102;11.4993017;45.8762908;0.0;Ghiacciato;Assente;Neve;;;;;;;;;;;0;0;0;0
2011;Carabiniere;8;Martedì;Mattino;COSTABISSARA;SP 046 Pasubio;Rettilineo;STRADA STATALE PASUBIO AL KM. 6.1;11.5;45.58939;6.1;Asciutto;Verticale;Altro;;;;;;;;;;;0;0;0;0
2018;Carabiniere;11;Venerdì;Notte;COSTABISSARA;SP 046 Pasubio;Rettilineo;STRADA STATALE PASUBIO AL KM. 6.1;11.5;45.58939;6.1;Sdrucciolevole;Temporanea di cantiere;Neve;;;;;;;;;;;0;0;0;0
2015;Polizia Municipale;1;Mercoledì;Notte;COSTABISSARA;SP 046 Pasubio;Rettilineo;VIA PASUBIO S.P. 46, 9;11.5012512;45.5879073;0.0;Bagnato;Orizzontale;Pioggia;;;;;;;;;;;0;0;0;0
2010;Polizia Municipale;6;Lunedì;Mattino;COSTABISSARA;SP 046 Pasubio;Rettilineo;VIA PASUBIO S.P. 46, 9;11.5012512;45.5879073;0.0;Bagnato;Verticale;Pioggia;;;;;;;;;;;0;0;0;0
2015;Polizia Municipale;7;Giovedì;Notte;VICENZA;SP 046 rac Pasubio Raccordo del Sole;Rettilineo;VIALE DEL SOLE PROSSIMITA RACCORDO NORD - EST;11.50814;45.53892;0.0;Sdrucciolevole;Verticale;Altro;;;;;;;;;;;0;0;0;0
2013;Polizia Municipale;3;Domenica;Sera;VICENZA;SP 046 rac Pasubio Raccordo del Sole;Rettilineo;VIALE DEL SOLE PROSSIMITA RACCORDO NORD - EST;11.50814;45.53892;0.0;Bagnato;Assente;Pioggia;;;;;;;;;;;0;0;0;0
2014;Polizia Municipale;9;Domenica;Notte;VICENZA;SP 046 rac Pasubio Raccordo del Sole;Rotatoria;VIALE DEL SOLE INCROCIO STRADA DELLE CATTANE;11.50923;45.54715;0.0;Bagnato;Temporanea di cantiere;Altro;;;;;;;;;;;0;0;0;0
2023;Polizia Municipale;5;Giovedì;Mattino;VICENZA;SP 046 rac Pasubio Raccordo del Sole;Rotatoria;VIALE DEL SOLE INCROCIO STRADA DELLE CATTANE;11.50923;45.54715;0.0;Asciutto;Assente;Vento forte;;;;;;;;;;;0;0;0;0
2012;Polizia Municipale;7;Domenica;Mattino;VICENZA;SP 046 rac Pasubio Raccordo del Sole;Rotatoria;VIALE DEL SOLE INCROCIO STRADA DELLE CATTANE;11.50943;45.54709;0.0;Bagnato;Verticale;Pioggia;;;;;;;;;;;0;0;0;0
2013;Polizia Municipale;2;Martedì;Mattino;VICENZA;SP 046 rac Pasubio Raccordo del Sole;Rotatoria;VIALE DEL SOLE INCROCIO STRADA DELLE CATTANE;11.50943;45.54709;0.0;Asciutto;Orizzontale;Sereno;;;;;;;;;;;0;0;0;0
2023;Polizia Municipale;3;Venerdì;Notte;VICENZA;SP 046 rac Pasubio Raccordo del Sole;Rotatoria;VIALE DEL SOLE INCROCIO VIA BRIGATA GRANATIERI DI SARDEGN;11.51841;45.55472;0.0;Asciutto;Orizzontale;Altro;;;;;;;;;;;0;0;0;0
2019;Polizia Municipale;1;Mercoledì;Pomeriggio;VICENZA;SP 046 rac Pasubio Raccordo del Sole;Rotatoria;VIALE DEL SOLE INCROCIO VIA BRIGATA GRANATIERI DI SARDEGN;11.51841;45.55472;0.0;Innevato;Orizzontale;Neve;;;;;;;;;;;0;0;0;0
2020;Polizia Municipale;4;Lunedì;Notte;VICENZA;SP 046 rac Pasubio Raccordo del Sole;Rotatoria;VIA BRIGATA GRANATIERI DI SARDEGNA INCROCIO VIALE DEL SOL;11.51854;45.55473;0.0;Asciutto;Verticale;Altro;;;;;;;;;;;0;0;0;0
2015;Polizia Municipale;4;Lunedì;Sera;VICENZA;SP 046 rac Pasubio Raccordo del Sole;Rotatoria;VIA BRIGATA GRANATIERI DI SARDEGNA INCROCIO VIALE DEL SOL;11.51854;45.55473;0.0;Bagnato;Verticale;Pioggia;;;;;;;;;;;0;0;0;0
2019;Polizia Municipale;6;Martedì;Sera;VICENZA;SP 046 rac Pasubio Raccordo del Sole;Rotatoria;VIALE DEL SOLE INCROCIO VIA BRIGATA GRANATIERI DI SARDEGN;11.5185937;45.5547345;0.0;Sdrucciolevole;Temporanea di cantiere;Pioggia;;;;;;;;;;;0;0;0;0
2015;Polizia Municipale;11;Venerdì;Notte;VICENZA;SP 046 rac Pasubio Raccordo del Sole;Rotatoria;VIALE DEL SOLE INCROCIO VIA BRIGATA GRANATIERI DI SARDEGN;11.5185937;45.5547345;0.0;Bagnato;Orizzontale;Nebbia;;;;;;;;;;;0;0;0;0
2017;Carabiniere;3;Giovedì;Notte;VALLI DEL PASUBIO;SP 046 Pasubio;Rettilineo;VIA PIERIBONI, 11;11.266941;45.7372176;0.0;Bagnato;Assente;Vento forte;;;;;;;;;;;0;0;0;0
2021;Carabiniere;4;Giovedì;Sera;VALLI DEL PASUBIO;SP 046 Pasubio;Rettilineo;VIA PIERIBONI, 11;11.266941;45.7372176;0.0;Bagnato;Orizzontale;Nebbia;;;;;;;;;;;0;0;0;0
2016;Carabiniere;11;Venerdì;Pomeriggio;VALLI DEL PASUBIO;SP 046 Pasubio;Curva;SP46, 20;11.2704831;45.7349137;0.0;Bagnato;Temporanea di cantiere;Sereno;;;;;;;;;;;0;0;0;0
2020;Carabiniere;12;Venerdì;Sera;VALLI DEL PASUBIO;SP 046 Pasubio;Curva;SP46, 20;11.2704831;45.7349137;0.0;Asciutto;Orizzontale;Sereno;;;;;;;;;;;0;0;0;0
2013;Carabiniere;12;Sabato;Mattino;LASTEBASSE;SP 350 Val d'Astico;Rettilineo;VIA GIACONI AL KM. 31.2;11.29662;45.91166;31.2;Innevato;Assente;Neve;;;;;;;;;;;0;0;0;0
2012;Carabiniere;12;Martedì;Notte;LASTEBASSE;SP 350 Val d'Astico;Rettilineo;VIA GIACONI AL KM. 31.2;11.29662;45.91166;31.2;Asciutto;Temporanea di cantiere;Vento forte;;;;;;;;;;;0;0;0;0
2021;Carabiniere;8;Sabato;Pomeriggio;SCHIO;SP 046 var Torrebelvicino;Rettilineo;VIA PAOLO LIOY IN PROSSIMITA DELLA ROTONDA;11.3329906;45.7140255;0.0;Asciutto;Assente;Nebbia;;;;;;;;;;;0;0;0;0
2011;Carabiniere;12;Sabato;Mattino;SCHIO;SP 046 var Torrebelvicino;Rettilineo;VIA PAOLO LIOY IN PROSSIMITA DELLA ROTONDA;11.3329906;45.7140255;0.0;Bagnato;Verticale;Pioggia;;;;;;;;;;;0;0;0;0
2019;Carabiniere;9;Giovedì;Notte;SCHIO;SP 350 Val d'Astico;Curva;VIA SANTISSIMA TRINITA KM 62+500;11.3706864;45.7281271;62.5;Bagnato;Orizzontale;Nebbia;;;;;;;;;;;0;0;0;0
2011;Carabiniere;11;Giovedì;Sera;SCHIO;SP 350 Val d'Astico;Curva;VIA SANTISSIMA TRINITA KM 62+500;11.3706864;45.7281271;62.5;Innevato;Orizzontale;Neve;;;;;;;;;;;0;0;0;0
2022;Carabiniere;10;Lunedì;Notte;COGOLLO DEL CENGIO;SP 350 Val d'Astico;Rettilineo;SP350 AL KM. 48.4;11.38037;45.80005;48.4;Bagnato;Verticale;Vento forte;;;;;;;;;;;0;0;0;0
2018;Carabiniere;8;Sabato;Pomeriggio;COGOLLO DEL CENGIO;SP 350 Val d'Astico;Rettilineo;SP350 AL KM. 48.4;11.38037;45.80005;48.4;Asciutto;Assente;Nebbia;;;;;;;;;;;0;0;0;0
2015;Carabiniere;10;Venerdì;Sera;ASIAGO;SP 349 Costo;Curva;VIA BERGA AL KM. 46;11.39227;45.95035;46.0;Asciutto;Orizzontale;Sereno;;;;;;;;;;;0;0;0;0
2023;Carabiniere;11;Venerdì;Notte;ASIAGO;SP 349 Costo;Curva;VIA BERGA AL KM. 46;11.39227;45.95035;46.0;Innevato;Orizzontale;Neve;;;;;;;;;;;0;0;0;0
2020;Polizia Municipale;4;Domenica;Mattino;MALO;SP 046 Pasubio;Rettilineo;VIA SCHIO;11.3998495;45.6834968;20.35;Asciutto;Orizzontale;Nebbia;;;;;;;;;;;0;0;0;0
2014;Polizia Municipale;3;Venerdì;Notte;MALO;SP 046 Pasubio;Rettilineo;VIA SCHIO;11.3998495;45.6834968;20.35;Ghiacciato;Temporanea di cantiere;Neve;;;;;;;;;;;0;0;0;0
2012;Polizia Municipale;9;Venerdì;Notte;MALO;SP 046 Pasubio;Rettilineo;VIA SCHIO;11.4025156;45.6778932;0.0;Asciutto;Temporanea di cantiere;Sereno;;;;;;;;;;;0;0;0;0
2016;Polizia Municipale;11;Mercoledì;Notte;MALO;SP 046 Pasubio;Rettilineo;VIA SCHIO;11.4025156;45.6778932;0.0;Bagnato;Assente;Vento forte;;;;;;;;;;;0;0;0;0
2018;Polizia Municipale;3;Mercoledì;Sera;SANTORSO;SP 350 Val d'Astico;Rotatoria;VIA GARZIERE VIA MARTIRI DELLA LIBERTA';11.4047015;45.73647;0.0;Bagnato;Orizzontale;Pioggia;;;;;;;;;;;0;0;0;0
2016;Polizia Municipale;11;Sabato;Sera;SANTORSO;SP 350 Val d'Astico;Rotatoria;VIA GARZIERE VIA MARTIRI DELLA LIBERTA';11.4047015;45.73647;0.0;Bagnato;Temporanea di cantiere;Vento forte;;;;;;;;;;;0;0;0;0
2014;Polizia Municipale;6;Sabato;Pomeriggio;MALO;SP 046 Pasubio;Rotatoria;VIA SCHIO/GALILEO GALILEI/PISA/BRANDELLERO/PASUBIO;11.4066394;45.6663015;0.0;Bagnato;Temporanea di cantiere;Nebbia;;;;;;;;;;;0;0;0;0
2010;Polizia Municipale;9;Giovedì;Sera;MALO;SP 046 Pasubio;Rotatoria;VIA SCHIO/GALILEO GALILEI/PISA/BRANDELLERO/PASUBIO;11.4066394;45.6663015;0.0;Bagnato;Verticale;Sereno;;;;;;;;;;;0;0;0;0
2014;Carabiniere;4;Martedì;Pomeriggio;COGOLLO DEL CENGIO;SP 350 Val d'Astico;Rettilineo;VIA GRANATIERI DI SARDEGNA ALTEZZA STAZIONE ENI;11.41186;45.78877;0.0;Bagnato;Verticale;Nebbia;;;;;;;;;;;0;0;0;0
2014;Carabiniere;7;Giovedì;Mattino;COGOLLO DEL CENGIO;SP 350 Val d'Astico;Rettilineo;VIA GRANATIERI DI SARDEGNA ALTEZZA STAZIONE ENI;11.41186;45.78877;0.0;Bagnato;Orizzontale;Vento forte;;;;;;;;;;;0;0;0;0
2022;Carabiniere;5;Lunedì;Mattino;MALO;SP 046 Pasubio;Rotatoria;VIA MUZZANA INCROCIO SP46;11.41439;45.65821;0.0;Bagnato;Temporanea di cantiere;Altro;;;;;;;;;;;0;0;0;0
2017;Carabiniere;12;Giovedì;Sera;MALO;SP 046 Pasubio;Rotatoria;VIA MUZZANA INCROCIO SP46;11.41439;45.65821;0.0;Bagnato;Verticale;Nebbia;;;;;;;;;;;0;0;0;0
2023;Polizia Municipale;6;Martedì;Notte;MALO;SP 046 Pasubio;Intersezione segnalata;VIA PASUBIO INTERSEZIONE VIA BRAGLIO;11.4154222;45.6574032;0.0;Asciutto;Assente;Nebbia;;;;;;;;;;;0;0;0;0
2017;Polizia Municipale;1;Giovedì;Sera;MALO;SP 046 Pasubio;Intersezione segnalata;VIA PASUBIO INTERSEZIONE VIA BRAGLIO;11.4154222;45.6574032;0.0;Ghiacciato;Verticale;Neve;;;;;;;;;;;0;0;0;0
2018;Carabiniere;2;Domenica;Mattino;MALO;SP 046 Pasubio;Rettilineo;VIA MONTE PASUBIO AL KM. 16.4;11.41668;45.65605;16.4;Ghiacciato;Assente;Neve;;;;;;;;;;;0;0;0;0
2014;Carabiniere;1;Domenica;Notte;MALO;SP 046 Pasubio;Rettilineo;VIA MONTE PASUBIO AL KM. 16.4;11.41668;45.65605;16.4;Innevato;Temporanea di cantiere;Neve;;;;;;;;;;;0;0;0;0
2019;Polizia Municipale;10;Mercoledì;Pomeriggio;MALO;SP 046 Pasubio;Intersezione con semaforo o vigile;VIA PASUBIO INTERSEZIONE VIA SAN GIOVANNI;11.4182358;45.6540173;0.0;Bagnato;Temporanea di cantiere;Sereno;;;;;;;;;;;0;0;0;0
2021;Polizia Municipale;7;Domenica;Notte;MALO;SP 046 Pasubio;Intersezione con semaforo o vigile;VIA PASUBIO INTERSEZIONE VIA SAN GIOVANNI;11.4182358;45.6540173;0.0;Asciutto;Orizzontale;Nebbia;;;;;;;;;;;0;0;0;0
2013;Polizia Municipale;1;Domenica;Notte;PIOVENE ROCCHETTE;SP 350 Val d'Astico;Rettilineo;VIA MONTE PASUBIO, 21;11.4265223;45.7491191;0.0;Sdrucciolevole;Assente;Neve;;;;;;;;;;;0;0;0;0
2011;Polizia Municipale;6;Sabato;Pomeriggio;PIOVENE ROCCHETTE;SP 350 Val d'Astico;Rettilineo;VIA MONTE PASUBIO, 21;11.4265223;45.7491191;0.0;Bagnato;Assente;Vento forte;;;;;;;;;;;0;0;0;0
2016;Polizia Municipale;4;Venerdì;Mattino;MALO;SP 046 Pasubio;Intersezione con semaforo o vigile;VIA VICENZA INTERSEZIONE VIA PONTE;11.4302423;45.6413619;0.0;Bagnato;Temporanea di cantiere;Nebbia;;;;;;;;;;;0;0;0;0
2015;Polizia Municipale;11;Lunedì;Notte;MALO;SP 046 Pasubio;Intersezione con semaforo o vigile;VIA VICENZA INTERSEZIONE VIA PONTE;11.4302423;45.6413619;0.0;Innevato;Assente;Neve;;;;;;;;;;;0;0;0;0
2012;Polizia Municipale;3;Martedì;Sera;MALO;SP 046 Pasubio;Rettilineo;VIA VICENZA, 116;11.4314094;45.6404119;0.0;Asciutto;Temporanea di cantiere;Vento forte;;;;;;;;;;;0;0;0;0
2014;Polizia Municipale;11;Sabato;Notte;MALO;SP 046 Pasubio;Rettilineo;VIA VICENZA, 116;11.4314094;45.6404119;0.0;Bagnato;Temporanea di cantiere;Pioggia;;;;;;;;;;;0;0;0;0
2010;Carabiniere;9;Lunedì;Mattino;COGOLLO DEL CENGIO;SP 349 Costo;Curva;VIA SECONDA COSTO AL KM. 80.3;11.43504;45.79369;80.3;Asciutto;Orizzontale;Sereno;;;;;;;;;;;0;0;0;0
2022;Carabiniere;1;Lunedì;Notte;COGOLLO DEL CENGIO;SP 349 Costo;Curva;VIA SECONDA COSTO AL KM. 80.3;11.43504;45.79369;80.3;Sdrucciolevole;Temporanea di cantiere;Neve;;;;;;;;;;;0;0;0;0
2014;Carabiniere;4;Martedì;Pomeriggio;PIOVENE ROCCHETTE;SP 350 Val d'Astico;Intersezione con semaforo o vigile;VIA ROMA INCROCIO VIA TRENTO;11.43632;45.76252;0.0;Sdrucciolevole;Assente;Pioggia;;;;;;;;;;;0;0;0;0
2017;Carabiniere;2;Lunedì;Pomeriggio;PIOVENE ROCCHETTE;SP 350 Val d'Astico;Intersezione con semaforo o vigile;VIA ROMA INCROCIO VIA TRENTO;11.43632;45.76252;0.0;Sdrucciolevole;Temporanea di cantiere;Neve;;;;;;;;;;;0;0;0;0
2020;Polizia Municipale;3;Giovedì;Notte;PIOVENE ROCCHETTE;SP 349 Costo;Rettilineo;VIA GORIZIA, 5;11.4375412;45.7570199;0.0;Bagnato;Verticale;Vento forte;;;;;;;;;;;0;0;0;0
2016;Polizia Municipale;6;Lunedì;Pomeriggio;PIOVENE ROCCHETTE;SP 349 Costo;Rettilineo;VIA GORIZIA, 5;11.4375412;45.7570199;0.0;Asciutto;Verticale;Vento forte;;;;;;;;;;;0;0;0;0
2011;Polizia Municipale;3;Mercoledì;Notte;ISOLA VICENTINA;SP 046 Pasubio;Intersezione segnalata;VIA PASUBIO INCROCIO VIA ASIAGO;11.4411;45.63062;0.0;Innevato;Verticale;Neve;;;;;;;;;;;0;0;0;0
2015;Polizia Municipale;1;Giovedì;Pomeriggio;ISOLA VICENTINA;SP 046 Pasubio;Intersezione segnalata;VIA PASUBIO INCROCIO VIA ASIAGO;11.4411;45.63062;0.0;Asciutto;Temporanea di cantiere;Nebbia;;;;;;;;;;;0;0;0;0
2013;Polizia Municipale;3;Lunedì;Sera;ISOLA VICENTINA;SP 046 Pasubio;Incrocio;VIA MARCONI INCROCIO VIA GIARRE;11.44224;45.62915;0.0;Ghiacciato;Verticale;Neve;;;;;;;;;;;0;0;0;0
2019;Polizia Municipale;11;Mercoledì;Pomeriggio;ISOLA VICENTINA;SP 046 Pasubio;Incrocio;VIA MARCONI INCROCIO VIA GIARRE;11.44224;45.62915;0.0;Asciutto;Assente;Sereno;;;;;;;;;;;0;0;0;0
2021;Carabiniere;1;Giovedì;Notte;COGOLLO DEL CENGIO;SP 349 Costo;Rettilineo;SP349 AL KM. 85.8;11.44343;45.78109;85.8;Asciutto;Assente;Vento forte;;;;;;;;;;;0;0;0;0
2022;Carabiniere;2;Giovedì;Notte;COGOLLO DEL CENGIO;SP 349 Costo;Rettilineo;SP349 AL KM. 85.8;11.44343;45.78109;85.8;Innevato;Assente;Neve;;;;;;;;;;;0;0;0;0
2016;Polizia Municipale;7;Giovedì;Notte;ISOLA VICENTINA;SP 046 Pasubio;Rettilineo;VIA EUROPA, 11;11.4471496;45.6266585;0.0;Asciutto;Verticale;Vento forte;;;;;;;;;;;0;0;0;0
2010;Polizia Municipale;5;Venerdì;Mattino;ISOLA VICENTINA;SP 046 Pasubio;Rettilineo;VIA EUROPA, 11;11.4471496;45.6266585;0.0;Asciutto;Assente;Vento forte;;;;;;;;;;;0;0;0;0
2012;Carabiniere;11;Domenica;Sera;ZANE';SP 349 Costo;Curva;VIA PALLADIO NEI PRESSI DELLA ROTATORIA;11.4551144;45.7181523;0.0;Sdrucciolevole;Orizzontale;Neve;;;;;;;;;;;0;0;0;0
2013;Carabiniere;12;Martedì;Mattino;ZANE';SP 349 Costo;Curva;VIA PALLADIO NEI PRESSI DELLA ROTATORIA;11.4551144;45.7181523;0.0;Asciutto;Assente;Sereno;;;;;;;;;;;0;0;0;0
2014;Polizia Municipale;9;Venerdì;Notte;ISOLA VICENTINA;SP 046 Pasubio;Rettilineo;VIA EUROPA, 41;11.456;45.62233;0.0;Bagnato;Verticale;Pioggia;;;;;;;;;;;0;0;0;0
2019;Polizia Municipale;11;Martedì;Pomeriggio;ISOLA VICENTINA;SP 046 Pasubio;Rettilineo;VIA EUROPA, 41;11.456;45.62233;0.0;Bagnato;Assente;Pioggia;;;;;;;;;;;0;0;0;0
2013;Carabiniere;5;Giovedì;Pomeriggio;THIENE;SP 349 var Costo Variante;Rettilineo;VIA DELL'AUTOSTRADA SP349 BIS KM 4+300 CIRCA;11.4573451;45.7002844;4.3;Bagnato;Temporanea di cantiere;Altro;;;;;;;;;;;0;0;0;0
2015;Carabiniere;9;Giovedì;Sera;THIENE;SP 349 var Costo Variante;Rettilineo;VIA DELL'AUTOSTRADA SP349 BIS KM 4+300 CIRCA;11.4573451;45.7002844;4.3;Asciutto;Assente;Sereno;;;;;;;;;;;0;0;0;0
2015;Carabiniere;1;Giovedì;Pomeriggio;THIENE;SP 349 var Costo Variante;Rettilineo;VIA DELL'AUTOSTRADA IN PROSSIMITA DELLA ROTATORIA CON L'S;11.45981;45.69785;0.0;Innevato;Orizzontale;Neve;;;;;;;;;;;0;0;0;0
2018;Carabiniere;2;Giovedì;Pomeriggio;THIENE;SP 349 var Costo Variante;Rettilineo;VIA DELL'AUTOSTRADA IN PROSSIMITA DELLA ROTATORIA CON L'S;11.45981;45.69785;0.0;Sdrucciolevole;Verticale;Neve;;;;;;;;;;;0;0;0;0
2017;Polizia Municipale;6;Venerdì;Sera;THIENE;SP 349 var Costo Variante;Rotatoria;NSA 384 VIA CAPPUCCINI;11.460159;45.697879;0.0;Asciutto;Orizzontale;Sereno;;;;;;;;;;;0;0;0;0
2014;Polizia Municipale;11;Domenica;Pomeriggio;THIENE;SP 349 var Costo Variante;Rotatoria;NSA 384 VIA CAPPUCCINI;11.460159;45.697879;0.0;Bagnato;Assente;Pioggia;;;;;;;;;;;0;0;0;0
2014;Polizia Municipale;12;Mercoledì;Notte;THIENE;SP 349 Costo;Rettilineo;VIA SANTO, 65/67;11.4887622;45.671106;0.0;Ghiacciato;Assente;Neve;;;;;;;;;;;0;0;0;0
2010;Polizia Municipale;7;Giovedì;Sera;THIENE;SP 349 Costo;Rettilineo;VIA SANTO, 65/67;11.4887622;45.671106;0.0;Bagnato;Assente;Pioggia;;;;;;;;;;;0;0;0;0
2016;Polizia Municipale;7;Venerdì;Pomeriggio;THIENE;SP 349 Costo;Rettilineo;VIA SANTO, 73;11.4890807;45.6702061;0.0;Asciutto;Verticale;Altro;;;;;;;;;;;0;0;0;0
2020;Polizia Municipale;12;Lunedì;Mattino;THIENE;SP 349 Costo;Rettilineo;VIA SANTO, 73;11.4890807;45.6702061;0.0;Bagnato;Orizzontale;Pioggia;;;;;;;;;;;0;0;0;0
2019;Polizia Municipale;3;Martedì;Sera;CALDOGNO;SP 349 Costo;Intersezione segnalata;VIA PONTARON (SP 349) INCROCIO VIA FOGAZZARO;11.4913524;45.6195232;0.0;Ghiacciato;Orizzontale;Neve;;;;;;;;;;;0;0;0;0
2017;Polizia Municipale;10;Giovedì;Notte;CALDOGNO;SP 349 Costo;Intersezione segnalata;VIA PONTARON (SP 349) INCROCIO VIA FOGAZZARO;11.4913524;45.6195232;0.0;Asciutto;Verticale;Nebbia;;;;;;;;;;;0;0;0;0
2016;Polizia Municipale;1;Domenica;Pomeriggio;CALDOGNO;SP 349 Costo;Rettilineo;VIA PONTARON (SP 349) AL KM. 106;11.491432;45.6283109;106.0;Ghiacciato;Temporanea di cantiere;Neve;;;;;;;;;;;0;0;0;0
2022;Polizia Municipale;3;Domenica;Sera;CALDOGNO;SP 349 Costo;Rettilineo;VIA PONTARON (SP 349) AL KM. 106;11.491432;45.6283109;106.0;Asciutto;Orizzontale;Altro;;;;;;;;;;;0;0;0;0
2014;Polizia Municipale;11;Martedì;Sera;VILLAVERLA;SP 349 Costo;Rettilineo;VIA ROMA;11.4914328;45.63565;0.0;Sdrucciolevole;Verticale;Altro;;;;;;;;;;;0;0;0;0
2011;Polizia Municipale;5;Martedì;Pomeriggio;VILLAVERLA;SP 349 Costo;Rettilineo;VIA ROMA;11.4914328;45.63565;0.0;Bagnato;Assente;Sereno;;;;;;;;;;;0;0;0;0
2012;Polizia Municipale;12;Lunedì;Pomeriggio;VILLAVERLA;SP 349 Costo;Intersezione segnalata;VIA ROMA VIA PALLADIO;11.492517;45.640771;0.0;Bagnato;Verticale;Sereno;;;;;;;;;;;0;0;0;0
2022;Polizia Municipale;12;Martedì;Notte;VILLAVERLA;SP 349 Costo;Intersezione segnalata;VIA ROMA VIA PALLADIO;11.492517;45.640771;0.0;Bagnato;Assente;Pioggia;;;;;;;;;;;0;0;0;0
2011;Polizia Municipale;3;Giovedì;Sera;COSTABISSARA;SP 046 Pasubio;Rettilineo;VIA PASUBIO S.P. 46, 2;11.49997;45.58951;0.0;Bagnato;Temporanea di cantiere;Pioggia;;;;;;;;;;;0;0;0;0
2012;Polizia Municipale;5;Venerdì;Notte;COSTABISSARA;SP 046 Pasubio;Rettilineo;VIA PASUBIO S.P. 46, 2;11.49997;45.58951;0.0;Asciutto;Temporanea di cantiere;Vento forte;;;;;;;;;;;0;0;0;0
2019;Polizia Municipale;4;Giovedì;Mattino;COSTABISSARA;SP 046 Pasubio;Intersezione segnalata;VIA VOLTA INCROCIO VIA PASUBIO;11.50279;45.58637;0.0;Bagnato;Orizzontale;Altro;;;;;;;;;;;0;0;0;0
2014;Polizia Municipale;12;Sabato;Sera;COSTABISSARA;SP 046 Pasubio;Intersezione segnalata;VIA VOLTA INCROCIO VIA PASUBIO;11.50279;45.58637;0.0;Asciutto;Assente;Vento forte;;;;;;;;;;;0;0;0;0
2017;Polizia Municipale;5;Mercoledì;Mattino;VICENZA;SP 046 rac Pasubio Raccordo del Sole;Rotatoria;VIALE DEL SOLE INCROCIO VIA BRIGATA GRANATIERI DI SARDEGN;11.51854;45.55468;0.0;Bagnato;Verticale;Pioggia;;;;;;;;;;;0;0;0;0
2010;Polizia Municipale;8;Venerdì;Pomeriggio;VICENZA;SP 046 rac Pasubio Raccordo del Sole;Rotatoria;VIALE DEL SOLE INCROCIO VIA BRIGATA GRANATIERI DI SARDEGN;11.51854;45.55468;0.0;Asciutto;Verticale;Altro;;;;;;;;;;;0;0;0;0
2021;Polizia Municipale;10;Mercoledì;Notte;VICENZA;SP 046 rac Pasubio Raccordo del Sole;Rotatoria;VIALE DEL SOLE INCROCIO VIA BRIGATA GRANATIERI DI SARDEGN;11.51857;45.55468;0.0;Bagnato;Orizzontale;Pioggia;;;;;;;;;;;0;0;0;0
2021;Polizia Municipale;3;Giovedì;Notte;VICENZA;SP 046 rac Pasubio Raccordo del Sole;Rotatoria;VIALE DEL SOLE INCROCIO VIA BRIGATA GRANATIERI DI SARDEGN;11.51857;45.55468;0.0;Sdrucciolevole;Verticale;Neve;;;;;;;;;;;0;0;0;0
2021;Polizia Municipale;8;Lunedì;Sera;VICENZA;SP 046 rac Pasubio Raccordo del Sole;Rotatoria;VIALE DEL SOLE INCROCIO VIA BRIGATA GRANATIERI DI SARDEGN;11.5186;45.55468;0.0;Asciutto;Assente;Vento forte;;;;;;;;;;;0;0;0;0
2021;Polizia Municipale;11;Mercoledì;Pomeriggio;VICENZA;SP 046 rac Pasubio Raccordo del Sole;Rotatoria;VIALE DEL SOLE INCROCIO VIA BRIGATA GRANATIERI DI SARDEGN;11.5186;45.55468;0.0;Ghiacciato;Temporanea di cantiere;Neve;;;;;;;;;;;0;0;0;0
2020;Carabiniere;1;Sabato;Pomeriggio;VALLI DEL PASUBIO;SP 046 Pasubio;Curva;SP46 AL KM. 34.8;11.2560484;45.7435997;34.8;Bagnato;Assente;Pioggia;;;;;;;;;;;0;0;0;0
2019;Carabiniere;2;Lunedì;Mattino;VALLI DEL PASUBIO;SP 046 Pasubio;Curva;SP46 AL KM. 34.8;11.2560484;45.7435997;34.8;Sdrucciolevole;Assente;Altro;;;;;;;;;;;0;0;0;0
2021;Polizia Municipale;1;Martedì;Notte;VALLI DEL PASUBIO;SP 046 Pasubio;Curva;S.P. 46 DEL PASUBIO CONTRA' PONTE CROCE;11.270647;45.7348461;0.0;Bagnato;Orizzontale;Altro;;;;;;;;;;;0;0;0;0
2021;Polizia Municipale;1;Venerdì;Sera;VALLI DEL PASUBIO;SP 046 Pasubio;Curva;S.P. 46 DEL PASUBIO CONTRA' PONTE CROCE;11.270647;45.7348461;0.0;Bagnato;Verticale;Sereno;;;;;;;;;;;0;0;0;0
2011;Carabiniere;1;Martedì;Sera;TORREBELVICINO;SP 046 Pasubio;Rettilineo;VIA 29 APRILE NELLE ADIACENZE IMBOCCO LOC. SCAVIOZZA;11.29804;45.71898;0.0;Asciutto;Assente;Altro;;;;;;;;;;;0;0;0;0
2014;Carabiniere;9;Lunedì;Pomeriggio;TORREBELVICINO;SP 046 Pasubio;Rettilineo;VIA 29 APRILE NELLE ADIACENZE IMBOCCO LOC. SCAVIOZZA;11.29804;45.71898;0.0;Bagnato;Verticale;Pioggia;;;;;;;;;;;0;0;0;0
2017;Polizia Municipale;9;Venerdì;Pomeriggio;TORREBELVICINO;SP 046 var Torrebelvicino;Incrocio;VIA 29 APRILE VIA RIMEMBRANZA;11.3019151;45.7191976;0.0;Bagnato;Temporanea di cantiere;Nebbia;;;;;;;;;;;0;0;0;0
2019;Polizia Municipale;1;Martedì;Sera;TORREBELVICINO;SP 046 var Torrebelvicino;Incrocio;VIA 29 APRILE VIA RIMEMBRANZA;11.3019151;45.7191976;0.0;Sdrucciolevole;Assente;Pioggia;;;;;;;;;;;0;0;0;0
2019;Polizia Municipale;3;Lunedì;Pomeriggio;TORREBELVICINO;SP 046 var Torrebelvicino;Incrocio;VIA RIMEMBRANZA S.P. 46;11.3019614;45.7191911;0.0;Bagnato;Temporanea di cantiere;Nebbia;;;;;;;;;;;0;0;0;0
2018;Polizia Municipale;6;Giovedì;Sera;TORREBELVICINO;SP 046 var Torrebelvicino;Incrocio;VIA RIMEMBRANZA S.P. 46;11.3019614;45.7191911;0.0;Sdrucciolevole;Assente;Pioggia;;;;;;;;;;;0;0;0;0
2019;Polizia Municipale;12;Lunedì;Pomeriggio;TORREBELVICINO;SP 046 var Torrebelvicino;Intersezione segnalata;VIA RIMEMBRANZA VIA 29 APRILE;11.302072;45.7191592;0.0;Bagnato;Verticale;Vento forte;;;;;;;;;;;0;0;0;0
2015;Polizia Municipale;2;Venerdì;Pomeriggio;TORREBELVICINO;SP 046 var Torrebelvicino;Intersezione segnalata;VIA RIMEMBRANZA VIA 29 APRILE;11.302072;45.7191592;0.0;Bagnato;Temporanea di cantiere;Vento forte;;;;;;;;;;;0;0;0;0
2016;Polizia Municipale;9;Domenica;Mattino;TORREBELVICINO;SP 046 var Torrebelvicino;Rettilineo;VIA RIMEMBRANZA, 22;11.303628;45.7187378;0.0;Asciutto;Verticale;Nebbia;;;;;;;;;;;0;0;0;0
2011;Polizia Municipale;7;Mercoledì;Pomeriggio;TORREBELVICINO;SP 046 var Torrebelvicino;Rettilineo;VIA RIMEMBRANZA, 22;11.303628;45.7187378;0.0;Asciutto;Temporanea di cantiere;Sereno;;;;;;;;;;;0;0;0;0
2020;Polizia Municipale;6;Giovedì;Notte;SCHIO;SP 046 var Torrebelvicino;Rotatoria;VIA RIVA DEL CRISTO VIA PAOLO LIOY;11.3329622;45.7150326;0.0;Bagnato;Temporanea di cantiere;Pioggia;;;;;;;;;;;0;0;0;0
2023;Polizia Municipale;1;Venerdì;Pomeriggio;SCHIO;SP 046 var Torrebelvicino;Rotatoria;VIA RIVA DEL CRISTO VIA PAOLO LIOY;11.3329622;45.7150326;0.0;Asciutto;Orizzontale;Altro;;;;;;;;;;;0;0;0;0
2016;Carabiniere;3;Domenica;Pomeriggio;ARSIERO;SP 350 Val d'Astico;Pendenza;VIA DEI LONGHI AL KM. 47;11.36391;45.8033;47.0;Bagnato;Temporanea di cantiere;Pioggia;;;;;;;;;;;0;0;0;0
2017;Carabiniere;4;Mercoledì;Pomeriggio;ARSIERO;SP 350 Val d'Astico;Pendenza;VIA DEI LONGHI AL KM. 47;11.36391;45.8033;47.0;Bagnato;Temporanea di cantiere;Altro;;;;;;;;;;;0;0;0;0
2012;Polizia Municipale;7;Domenica;Pomeriggio;SANTORSO;SP 350 Val d'Astico;Intersezione con semaforo o vigile;VIA ROMA VIA QUATTRO NOVEMBRE;11.3735;45.7289145;0.0;Asciutto;Orizzontale;Sereno;;;;;;;;;;;0;0;0;0
2010;Polizia Municipale;2;Sabato;Sera;SANTORSO;SP 350 Val d'Astico;Intersezione con semaforo o vigile;VIA ROMA VIA QUATTRO NOVEMBRE;11.3735;45.7289145;0.0;Innevato;Orizzontale;Neve;;;;;;;;;;;0;0;0;0
2020;Polizia Municipale;1;Sabato;Notte;SANTORSO;SP 350 Val d'Astico;Rettilineo;VIA QUATTRO NOVEMBRE, 26;11.3749822;45.7292883;0.0;Innevato;Verticale;Neve;;;;;;;;;;;0;0;0;0
2020;Polizia Municipale;10;Giovedì;Sera;SANTORSO;SP 350 Val d'Astico;Rettilineo;VIA QUATTRO NOVEMBRE, 26;11.3749822;45.7292883;0.0;Bagnato;Assente;Vento forte;;;;;;;;;;;0;0;0;0
2016;Carabiniere;2;Lunedì;Sera;SANTORSO;SP 350 Val d'Astico;Incrocio;VIA 4 NOVEMBRE INCROCIO VIA DEI CAMPILONGHI;11.37706;45.72985;0.0;Innevato;Temporanea di cantiere;Neve;;;;;;;;;;;0;0;0;0
2015;Carabiniere;5;Lunedì;Pomeriggio;SANTORSO;SP 350 Val d'Astico;Incrocio;VIA 4 NOVEMBRE INCROCIO VIA DEI CAMPILONGHI;11.37706;45.72985;0.0;Bagnato;Assente;Altro;;;;;;;;;;;0;0;0;0
2010;Polizia Municipale;8;Martedì;Sera;SCHIO;SP 046 Pasubio;Rettilineo;LOCALITA' PONTE D'ORO;11.3860345;45.6958048;22.3;Asciutto;Assente;Nebbia;;;;;;;;;;;0;0;0;0
2023;Polizia Municipale;4;Giovedì;Pomeriggio;SCHIO;SP 046 Pasubio;Rettilineo;LOCALITA' PONTE D'ORO;11.3860345;45.6958048;22.3;Asciutto;Temporanea di cantiere;Sereno;;;;;;;;;;;0;0;0;0
2010;Polizia Municipale;4;Martedì;Sera;MALO;SP 046 Pasubio;Rettilineo;VIA SCHIO, 0;11.4024298;45.6779944;19.878;Asciutto;Orizzontale;Altro;;;;;;;;;;;0;0;0;0
2017;Polizia Municipale;3;Martedì;Notte;MALO;SP 046 Pasubio;Rettilineo;VIA SCHIO, 0;11.4024298;45.6779944;19.878;Bagnato;Assente;Pioggia;;;;;;;;;;;0;0;0;0
2015;Polizia Municipale;4;Venerdì;Notte;MALO;SP 046 Pasubio;Rettilineo;VIA SCHIO;11.4033847;45.6760379;19.601;Bagnato;Temporanea di cantiere;Nebbia;;;;;;;;;;;0;0;0;0
2014;Polizia Municipale;3;Domenica;Pomeriggio;MALO;SP 046 Pasubio;Rettilineo;VIA SCHIO;11.4033847;45.6760379;19.601;Asciutto;Orizzontale;Sereno;;;;;;;;;;;0;0;0;0
2021;Carabiniere;10;Domenica;Mattino;MALO;SP 046 Pasubio;Rettilineo;VIA SCHIO AL KM. 19;11.4054641;45.6705456;19.0;Bagnato;Temporanea di cantiere;Vento forte;;;;;;;;;;;0;0;0;0
2021;Carabiniere;1;Giovedì;Mattino;MALO;SP 046 Pasubio;Rettilineo;VIA SCHIO AL KM. 19;11.4054641;45.6705456;19.0;Innevato;Assente;Neve;;;;;;;;;;;0;0;0;0
2014;Polizia Municipale;5;Venerdì;Notte;MALO;SP 046 Pasubio;Rotatoria;VIA PASUBIO /VIA MUZZANA, 0;11.4144537;45.6582542;0.0;Bagnato;Orizzontale;Pioggia;;;;;;;;;;;0;0;0;0
2019;Polizia Municipale;11;Lunedì;Sera;MALO;SP 046 Pasubio;Rotatoria;VIA PASUBIO /VIA MUZZANA, 0;11.4144537;45.6582542;0.0;Bagnato;Assente;Pioggia;;;;;;;;;;;0;0;0;0
2015;Polizia Municipale;9;Venerdì;Mattino;MALO;SP 046 Pasubio;Rotatoria;VIA PASUBIO, MUZZANA, PASUIO VITTORIO VENETO;11.4146069;45.6583414;0.0;Bagnato;Orizzontale;Altro;;;;;;;;;;;0;0;0;0
2011;Polizia Municipale;11;Giovedì;Sera;MALO;SP 046 Pasubio;Rotatoria;VIA PASUBIO, MUZZANA, PASUIO VITTORIO VENETO;11.4146069;45.6583414;0.0;Ghiacciato;Verticale;Neve;;;;;;;;;;;0;0;0;0
2019;Polizia Municipale;3;Sabato;Sera;SCHIO;SP 349 var Costo Variante;Rotatoria;VIALE DELL'INDUSTRIA NSA 384;11.4216842;45.7246328;0.0;Sdrucciolevole;Assente;Neve;;;;;;;;;;;0;0;0;0
2019;Polizia Municipale;2;Martedì;Mattino;SCHIO;SP 349 var Costo Variante;Rotatoria;VIALE DELL'INDUSTRIA NSA 384;11.4216842;45.7246328;0.0;Bagnato;Assente;Nebbia;;;;;;;;;;;0;0;0;0
2015;Polizia Municipale;9;Martedì;Mattino;COGOLLO DEL CENGIO;SP 350 Val d'Astico;Incrocio;VIA GIOVANNI XXIII, 44;11.4236063;45.7841253;0.0;Bagnato;Orizzontale;Vento forte;;;;;;;;;;;0;0;0;0
2019;Polizia Municipale;12;Mercoledì;Pomeriggio;COGOLLO DEL CENGIO;SP 350 Val d'Astico;Incrocio;VIA GIOVANNI XXIII, 44;11.4236063;45.7841253;0.0;Bagnato;Assente;Pioggia;;;;;;;;;;;0;0;0;0
2019;Carabiniere;12;Lunedì;Pomeriggio;COGOLLO DEL CENGIO;SP 350 Val d'Astico;Rettilineo;SP350 AL KM. 52.7;11.4271471;45.7828391;52.7;Innevato;Verticale;Neve;;;;;;;;;;;0;0;0;0
2022;Carabiniere;11;Mercoledì;Notte;COGOLLO DEL CENGIO;SP 350 Val d'Astico;Rettilineo;SP350 AL KM. 52.7;11.4271471;45.7828391;52.7;Bagnato;Temporanea di cantiere;Pioggia;;;;;;;;;;;0;0;0;0
2016;Carabiniere;12;Domenica;Sera;PIOVENE ROCCHETTE;SP 350 Val d'Astico;Rettilineo;SP350, 20;11.4272617;45.7498331;0.0;Asciutto;Orizzontale;Sereno;;;;;;;;;;;0;0;0;0
2019;Carabiniere;12;Giovedì;Mattino;PIOVENE ROCCHETTE;SP 350 Val d'Astico;Rettilineo;SP350, 20;11.4272617;45.7498331;0.0;Ghiacciato;Verticale;Neve;;;;;;;;;;;0;0;0;0
2018;Polizia Municipale;11;Lunedì;Pomeriggio;COGOLLO DEL CENGIO;SP 349 Costo;Curva;S.P. 349;11.4291383;45.7980682;77.95;Asciutto;Temporanea di cantiere;Nebbia;;;;;;;;;;;0;0;0;0
2018;Polizia Municipale;11;Mercoledì;Mattino;COGOLLO DEL CENGIO;SP 349 Costo;Curva;S.P. 349;11.4291383;45.7980682;77.95;Bagnato;Verticale;Pioggia;;;;;;;;;;;0;0;0;0
2014;Polizia Municipale;10;Giovedì;Sera;PIOVENE ROCCHETTE;SP 349 Costo;Incrocio;VIA GORIZIA, 66;11.4327373;45.7542834;0.0;Bagnato;Verticale;Pioggia;;;;;;;;;;;0;0;0;0
2012;Polizia Municipale;3;Lunedì;Sera;PIOVENE ROCCHETTE;SP 349 Costo;Incrocio;VIA GORIZIA, 66;11.4327373;45.7542834;0.0;Ghiacciato;Assente;Neve;;;;;;;;;;;0;0;0;0
2015;Polizia Municipale;1;Lunedì;Mattino;PIOVENE ROCCHETTE;SP 350 Val d'Astico;Incrocio;VIA TRENTO VIA ROMA;11.4361183;45.7626471;0.0;Asciutto;Assente;Sereno;;;;;;;;;;;0;0;0;0
2011;Polizia Municipale;11;Giovedì;Mattino;PIOVENE ROCCHETTE;SP 350 Val d'Astico;Incrocio;VIA TRENTO VIA ROMA;11.4361183;45.7626471;0.0;Asciutto;Assente;Nebbia;;;;;;;;;;;0;0;0;0
2018;Carabiniere;10;Giovedì;Mattino;ROANA;SP 349 Costo;Rettilineo;VIA 27 APRILE, 68;11.43778;45.84318;0.0;Asciutto;Assente;Vento forte;;;;;;;;;;;0;0;0;0
2021;Carabiniere;5;Sabato;Pomeriggio;ROANA;SP 349 Costo;Rettilineo;VIA 27 APRILE, 68;11.43778;45.84318;0.0;Asciutto;Assente;Sereno;;;;;;;;;;;0;0;0;0
2014;Polizia Municipale;2;Giovedì;Sera;PIOVENE ROCCHETTE;SP 349 Costo;Rettilineo;VIA GORIZIA, 7;11.4380252;45.75729;0.0;Bagnato;Verticale;Nebbia;;;;;;;;;;;0;0;0;0
2023;Polizia Municipale;3;Domenica;Sera;PIOVENE ROCCHETTE;SP 349 Costo;Rettilineo;VIA GORIZIA, 7;11.4380252;45.75729;0.0;Ghiacciato;Assente;Neve;;;;;;;;;;;0;0;0;0
2016;Polizia Municipale;8;Lunedì;Mattino;ISOLA VICENTINA;SP 046 Pasubio;Rettilineo;VIA PASUBIO, 71;11.4382025;45.6343807;0.0;Bagnato;Temporanea di cantiere;Pioggia;;;;;;;;;;;0;0;0;0
2020;Polizia Municipale;3;Domenica;Sera;ISOLA VICENTINA;SP 046 Pasubio;Rettilineo;VIA PASUBIO, 71;11.4382025;45.6343807;0.0;Bagnato;Orizzontale;Vento forte;;;;;;;;;;;0;0;0;0
2021;Polizia Municipale;12;Sabato;Sera;MARANO VICENTINO;SP 349 var Costo Variante;Rettilineo;NSA 384;11.438554;45.7121729;1.8;Sdrucciolevole;Assente;Altro;;;;;;;;;;;0;0;0;0
2023;Polizia Municipale;2;Martedì;Pomeriggio;MARANO VICENTINO;SP 349 var Costo Variante;Rettilineo;NSA 384;11.438554;45.7121729;1.8;Innevato;Assente;Neve;;;;;;;;;;;0;0;0;0
2020;Polizia Municipale;9;Martedì;Mattino;PIOVENE ROCCHETTE;SP 349 Costo;Rettilineo;VIA THIENE, 104;11.4386193;45.7400626;0.0;Bagnato;Temporanea di cantiere;Altro;;;;;;;;;;;0;0;0;0
2017;Polizia Municipale;1;Venerdì;Notte;PIOVENE ROCCHETTE;SP 349 Costo;Rettilineo;VIA THIENE, 104;11.4386193;45.7400626;0.0;Ghiacciato;Assente;Neve;;;;;;;;;;;0;0;0;0
2022;Polizia Municipale;6;Martedì;Notte;CARRE';SP 349 Costo;Rotatoria;VIA VAL D'ASSA VIA BIANCHE;11.4401582;45.738183;0.0;Asciutto;Assente;Sereno;;;;;;;;;;;0;0;0;0
2012;Polizia Municipale;1;Domenica;Mattino;CARRE';SP 349 Costo;Rotatoria;VIA VAL D'ASSA VIA BIANCHE;11.4401582;45.738183;0.0;Bagnato;Verticale;Nebbia;;;;;;;;;;;0;0;0;0
2014;Polizia Municipale;2;Venerdì;Mattino;ZANE';SP 349 Costo;Intersezione segnalata;VIA SUMMANO VIA BRENTA;11.4418;45.73604;0.0;Asciutto;Temporanea di cantiere;Vento forte;;;;;;;;;;;0;0;0;0
2011;Polizia Municipale;4;Giovedì;Mattino;ZANE';SP 349 Costo;Intersezione segnalata;VIA SUMMANO VIA BRENTA;11.4418;45.73604;0.0;Asciutto;Orizzontale;Altro;;;;;;;;;;;0;0;0;0
2019;Carabiniere;6;Mercoledì;Notte;ISOLA VICENTINA;SP 046 Pasubio;Rettilineo;VIA MARCONI, 23;11.44381;45.62839;0.0;Bagnato;Orizzontale;Pioggia;;;;;;;;;;;0;0;0;0
2012;Carabiniere;4;Giovedì;Pomeriggio;ISOLA VICENTINA;SP 046 Pasubio;Rettilineo;VIA MARCONI, 23;11.44381;45.62839;0.0;Asciutto;Verticale;Vento forte;;;;;;;;;;;0;0;0;0
2010;Polizia Municipale;12;Sabato;Sera;COGOLLO DEL CENGIO;SP 349 Costo;Rettilineo;S.P. 349;11.4442239;45.7827666;84.3;Ghiacciato;Temporanea di cantiere;Neve;;;;;;;;;;;0;0;0;0
2010;Polizia Municipale;3;Mercoledì;Pomeriggio;COGOLLO DEL CENGIO;SP 349 Costo;Rettilineo;S.P. 349;11.4442239;45.7827666;84.3;Sdrucciolevole;Verticale;Altro;;;;;;;;;;;0;0;0;0
2019;Polizia Municipale;7;Lunedì;Pomeriggio;ISOLA VICENTINA;SP 046 Pasubio;Rotatoria;VIA ARASELLA INCROCIO VIA SAN ROCCO;11.44584;45.62772;0.0;Asciutto;Assente;Sereno;;;;;;;;;;;0;0;0;0
2022;Polizia Municipale;7;Martedì;Sera;ISOLA VICENTINA;SP 046 Pasubio;Rotatoria;VIA ARASELLA INCROCIO VIA SAN ROCCO;11.44584;45.62772;0.0;Asciutto;Orizzontale;Sereno;;;;;;;;;;;0;0;0;0
2012;Polizia Municipale;10;Martedì;Mattino;ZANE';SP 349 var Costo Variante;Rettilineo;NSA 384;11.4494515;45.7067275;0.0;Bagnato;Orizzontale;Sereno;;;;;;;;;;;0;0;0;0
2014;Polizia Municipale;3;Giovedì;Pomeriggio;ZANE';SP 349 var Costo Variante;Rettilineo;NSA 384;11.4494515;45.7067275;0.0;Sdrucciolevole;Assente;Altro;;;;;;;;;;;0;0;0;0
2011;Carabiniere;8;Martedì;Sera;ZANE';SP 349 Costo;Intersezione con semaforo o vigile;VIA ALCIDE DE GASPERI INCROCIO VIA PALLADIO;11.4517522;45.7216556;0.0;Bagnato;Temporanea di cantiere;Altro;;;;;;;;;;;0;0;0;0
2020;Carabiniere;11;Lunedì;Sera;ZANE';SP 349 Costo;Intersezione con semaforo o vigile;VIA ALCIDE DE GASPERI INCROCIO VIA PALLADIO;11.4517522;45.7216556;0.0;Bagnato;Temporanea di cantiere;Vento forte;;;;;;;;;;;0;0;0;0
2017;Polizia Municipale;11;Sabato;Pomeriggio;CALTRANO;SP 349 Costo;Intersezione segnalata;VIA SETTE COMUNI, 4 S.P. 349;11.4523855;45.7723166;0.0;Ghiacciato;Assente;Neve;;;;;;;;;;;0;0;0;0
2021;Polizia Municipale;3;Mercoledì;Pomeriggio;CALTRANO;SP 349 Costo;Intersezione segnalata;VIA SETTE COMUNI, 4 S.P. 349;11.4523855;45.7723166;0.0;Innevato;Orizzontale;Neve;;;;;;;;;;;0;0;0;0
2012;Carabiniere;1;Sabato;Notte;ISOLA VICENTINA;SP 046 Pasubio;Rettilineo;VIA EUROPA IN PROSSIMITA DI STERCHELE SPA;11.45286;45.62375;0.0;Sdrucciolevole;Assente;Altro;;;;;;;;;;;0;0;0;0
2013;Carabiniere;6;Mercoledì;Pomeriggio;ISOLA VICENTINA;SP 046 Pasubio;Rettilineo;VIA EUROPA IN PROSSIMITA DI STERCHELE SPA;11.45286;45.62375;0.0;Sdrucciolevole;Orizzontale;Altro;;;;;;;;;;;0;0;0;0
2018;Polizia Municipale;6;Sabato;Pomeriggio;CALTRANO;SP 349 Costo;Curva;S.P. 349;11.45534;45.770781;87.5;Asciutto;Temporanea di cantiere;Sereno;;;;;;;;;;;0;0;0;0
2015;Polizia Municipale;8;Martedì;Sera;CALTRANO;SP 349 Costo;Curva;S.P. 349;11.45534;45.770781;87.5;Bagnato;Orizzontale;Altro;;;;;;;;;;;0;0;0;0
2013;Polizia Municipale;11;Giovedì;Notte;ISOLA VICENTINA;SP 046 Pasubio;Rettilineo;VIA EUROPA AL KM. 11.35;11.4580064;45.6215075;11.35;Sdrucciolevole;Assente;Altro;;;;;;;;;;;0;0;0;0
2016;Polizia Municipale;11;Sabato;Notte;ISOLA VICENTINA;SP 046 Pasubio;Rettilineo;VIA EUROPA AL KM. 11.35;11.4580064;45.6215075;11.35;Asciutto;Temporanea di cantiere;Altro;;;;;;;;;;;0;0;0;0
2014;Polizia Municipale;10;Venerdì;Mattino;THIENE;SP 349 var Costo Variante;Rettilineo;NSA 384;11.4588018;45.6987487;0.0;Asciutto;Temporanea di cantiere;Vento forte;;;;;;;;;;;0;0;0;0
2017;Polizia Municipale;7;Venerdì;Sera;THIENE;SP 349 var Costo Variante;Rettilineo;NSA 384;11.4588018;45.6987487;0.0;Asciutto;Temporanea di cantiere;Sereno;;;;;;;;;;;0;0;0;0
2023;Polizia Municipale;8;Giovedì;Sera;THIENE;SP 349 var Costo Variante;Rotatoria;VIA CAPPUCCINI VIA DELL' AUTOSTRADA;11.4604422;45.6972239;0.0;Bagnato;Verticale;Pioggia;;;;;;;;;;;0;0;0;0
2018;Polizia Municipale;2;Martedì;Mattino;THIENE;SP 349 var Costo Variante;Rotatoria;VIA CAPPUCCINI VIA DELL' AUTOSTRADA;11.4604422;45.6972239;0.0;Bagnato;Verticale;Altro;;;;;;;;;;;0;0;0;0
2012;Polizia Municipale;6;Mercoledì;Mattino;ISOLA VICENTINA;SP 046 Pasubio;Rettilineo;VIA FABBREGA, 9;11.4809354;45.6083717;0.0;Asciutto;Orizzontale;Altro;;;;;;;;;;;0;0;0;0
2018;Polizia Municipale;6;Sabato;Sera;ISOLA VICENTINA;SP 046 Pasubio;Rettilineo;VIA FABBREGA, 9;11.4809354;45.6083717;0.0;Bagnato;Orizzontale;Pioggia;;;;;;;;;;;0;0;0;0
2010;Polizia Municipale;12;Giovedì;Mattino;COSTABISSARA;SP 046 Pasubio;Rettilineo;VIA ROVERETO, 119;11.4856641;45.6068081;0.0;Bagnato;Assente;Vento forte;;;;;;;;;;;0;0;0;0
2023;Polizia Municipale;3;Mercoledì;Sera;COSTABISSARA;SP 046 Pasubio;Rettilineo;VIA ROVERETO, 119;11.4856641;45.6068081;0.0;Asciutto;Assente;Vento forte;;;;;;;;;;;0;0;0;0
2016;Polizia Municipale;1;Venerdì;Notte;CALDOGNO;SP 349 Costo;Rettilineo;"VIA PONTARON (SP 349) IN CORRISPONDENZA DISTRIBUTORE ""BOG";11.49133;45.62679;0.0;Asciutto;Orizzontale;Sereno;;;;;;;;;;;0;0;0;0
2019;Polizia Municipale;12;Lunedì;Notte;CALDOGNO;SP 349 Costo;Rettilineo;"VIA PONTARON (SP 349) IN CORRISPONDENZA DISTRIBUTORE ""BOG";11.49133;45.62679;0.0;Bagnato;Assente;Pioggia;;;;;;;;;;;0;0;0;0
2016;Polizia Municipale;11;Mercoledì;Pomeriggio;CALDOGNO;SP 349 Costo;Rettilineo;VIA PONTARON (SP 349) AL KM. 106.435;11.4913658;45.6244694;106.435;Asciutto;Temporanea di cantiere;Vento forte;;;;;;;;;;;0;0;0;0
2019;Polizia Municipale;2;Domenica;Sera;CALDOGNO;SP 349 Costo;Rettilineo;VIA PONTARON (SP 349) AL KM. 106.435;11.4913658;45.6244694;106.435;Asciutto;Orizzontale;Vento forte;;;;;;;;;;;0;0;0;0
2022;Carabiniere;5;Domenica;Notte;CALDOGNO;SP 349 Costo;Rotatoria;VIA ALTURA INCROCIO VIA BATTISTI;11.49313;45.60467;0.0;Bagnato;Verticale;Vento forte;;;;;;;;;;;0;0;0;0
2014;Carabiniere;11;Martedì;Pomeriggio;CALDOGNO;SP 349 Costo;Rotatoria;VIA ALTURA INCROCIO VIA BATTISTI;11.49313;45.60467;0.0;Sdrucciolevole;Verticale;Neve;;;;;;;;;;;0;0;0;0
2011;Carabiniere;2;Venerdì;Sera;COSTABISSARA;SP 349 Costo;Curva;SP349 ROTATORIA DI VIA CESARE BATTISTI;11.4933847;45.6038597;0.0;Asciutto;Assente;Nebbia;;;;;;;;;;;0;0;0;0
2023;Carabiniere;10;Sabato;Mattino;COSTABISSARA;SP 349 Costo;Curva;SP349 ROTATORIA DI VIA CESARE BATTISTI;11.4933847;45.6038597;0.0;Bagnato;Verticale;Nebbia;;;;;;;;;;;0;0;0;0
2012;Polizia Municipale;9;Venerdì;Mattino;VILLAVERLA;SP 349 Costo;Incrocio;PIAZZA DEL POPOLO VIA CARD. E. DALLA COSTA;11.49424;45.65125;0.0;Asciutto;Verticale;Vento forte;;;;;;;;;;;0;0;0;0
2010;Polizia Municipale;4;Martedì;Sera;VILLAVERLA;SP 349 Costo;Incrocio;PIAZZA DEL POPOLO VIA CARD. E. DALLA COSTA;11.49424;45.65125;0.0;Bagnato;Assente;Sereno;;;;;;;;;;;0;0;0;0
2011;Polizia Municipale;5;Martedì;Notte;VILLAVERLA;SP 349 Costo;Rettilineo;VIA S. ANTONIO, 70;11.4943074;45.6542889;0.0;Asciutto;Verticale;Sereno;;;;;;;;;;;0;0;0;0
2023;Polizia Municipale;12;Domenica;Mattino;VILLAVERLA;SP 349 Costo;Rettilineo;VIA S. ANTONIO, 70;11.4943074;45.6542889;0.0;Sdrucciolevole;Verticale;Altro;;;;;;;;;;;0;0;0;0
2023;Polizia Municipale;10;Sabato;Mattino;COSTABISSARA;SP 046 Pasubio;Rettilineo;VIA PASUBIO S.P. 46, 28;11.4959981;45.5971633;0.0;Bagnato;Assente;Nebbia;;;;;;;;;;;0;0;0;0
2015;Polizia Municipale;6;Giovedì;Pomeriggio;COSTABISSARA;SP 046 Pasubio;Rettilineo;VIA PASUBIO S.P. 46, 28;11.4959981;45.5971633;0.0;Bagnato;Temporanea di cantiere;Pioggia;;;;;;;;;;;0;0;0;0
2013;Carabiniere;9;Sabato;Sera;COSTABISSARA;SP 046 Pasubio;Curva;STRADA STATALE PASUBIO, 31;11.4974319;45.5923068;0.0;Asciutto;Verticale;Sereno;;;;;;;;;;;0;0;0;0
2015;Carabiniere;5;Martedì;Mattino;COSTABISSARA;SP 046 Pasubio;Curva;STRADA STATALE PASUBIO, 31;11.4974319;45.5923068;0.0;Bagnato;Orizzontale;Altro;;;;;;;;;;;0;0;0;0
2017;Carabiniere;3;Lunedì;Pomeriggio;COSTABISSARA;SP 046 Pasubio;Rettilineo;STRADA STATALE PASUBIO, 8;11.49945;45.59001;0.0;Bagnato;Orizzontale;Pioggia;;;;;;;;;;;0;0;0;0
2020;Carabiniere;6;Sabato;Pomeriggio;COSTABISSARA;SP 046 Pasubio;Rettilineo;STRADA STATALE PASUBIO, 8;11.49945;45.59001;0.0;Sdrucciolevole;Orizzontale;Altro;;;;;;;;;;;0;0;0;0
2014;Polizia Municipale;11;Giovedì;Notte;VICENZA;SP 046 rac Pasubio Raccordo del Sole;Curva;VIALE DEL SOLE NUOVA VIA VERSO BIRON DI SOTTO;11.5080112;45.5415753;0.0;Bagnato;Temporanea di cantiere;Pioggia;;;;;;;;;;;0;0;0;0
2011;Polizia Municipale;3;Sabato;Mattino;VICENZA;SP 046 rac Pasubio Raccordo del Sole;Curva;VIALE DEL SOLE NUOVA VIA VERSO BIRON DI SOTTO;11.5080112;45.5415753;0.0;Asciutto;Verticale;Nebbia;;;;;;;;;;;0;0;0;0
2018;Polizia Municipale;4;Venerdì;Pomeriggio;VICENZA;SP 046 rac Pasubio Raccordo del Sole;Rotatoria;VIALE DEL SOLE INCROCIO STRADA DELLE CATTANE;11.5093227;45.5471539;0.0;Asciutto;Orizzontale;Nebbia;;;;;;;;;;;0;0;0;0
2021;Polizia Municipale;11;Sabato;Mattino;VICENZA;SP 046 rac Pasubio Raccordo del Sole;Rotatoria;VIALE DEL SOLE INCROCIO STRADA DELLE CATTANE;11.5093227;45.5471539;0.0;Innevato;Temporanea di cantiere;Neve;;;;;;;;;;;0;0;0;0
2012;Polizia Municipale;5;Sabato;Mattino;VICENZA;SP 046 rac Pasubio Raccordo del Sole;Rettilineo;VIALE DEL SOLE FRONTE DISTRIBUTORE ESSO;11.5138967;45.5511765;0.0;Asciutto;Assente;Sereno;;;;;;;;;;;0;0;0;0
2023;Polizia Municipale;12;Martedì;Pomeriggio;VICENZA;SP 046 rac Pasubio Raccordo del Sole;Rettilineo;VIALE DEL SOLE FRONTE DISTRIBUTORE ESSO;11.5138967;45.5511765;0.0;Ghiacciato;Assente;Neve;;;;;;;;;;;0;0;0;0
2021;Polizia Municipale;9;Mercoledì;Mattino;VICENZA;SP 046 rac Pasubio Raccordo del Sole;Rotatoria;VIA BRIGATA GRANATIERI DI SARDEGNA INCROCIO VIALE DEL SOL;11.5185503;45.5547304;0.0;Asciutto;Assente;Vento forte;;;;;;;;;;;0;0;0;0
2012;Polizia Municipale;1;Sabato;Mattino;VICENZA;SP 046 rac Pasubio Raccordo del Sole;Rotatoria;VIA BRIGATA GRANATIERI DI SARDEGNA INCROCIO VIALE DEL SOL;11.5185503;45.5547304;0.0;Ghiacciato;Verticale;Neve;;;;;;;;;;;0;0;0;0
2013;Polizia Municipale;8;Lunedì;Pomeriggio;VALLI DEL PASUBIO;SP 046 Pasubio;Curva;VIA GISBENTI S.P. 46 DEL PASUBIO;11.2385073;45.7448471;0.0;Asciutto;Orizzontale;Sereno;;;;;;;;;;;0;0;0;0
2012;Polizia Municipale;9;Domenica;Mattino;VALLI DEL PASUBIO;SP 046 Pasubio;Curva;VIA GISBENTI S.P. 46 DEL PASUBIO;11.2385073;45.7448471;0.0;Bagnato;Assente;Vento forte;;;;;;;;;;;0;0;0;0
2012;Polizia Municipale;8;Domenica;Notte;VALLI DEL PASUBIO;SP 046 Pasubio;Curva;VIA GISBENTI S.P. 46 DEL PASUBIO;11.2395015;45.7446504;36.15;Bagnato;Orizzontale;Pioggia;;;;;;;;;;;0;0;0;0
2017;Polizia Municipale;4;Domenica;Notte;VALLI DEL PASUBIO;SP 046 Pasubio;Curva;VIA GISBENTI S.P. 46 DEL PASUBIO;11.2395015;45.7446504;36.15;Asciutto;Assente;Vento forte;;;;;;;;;;;0;0;0;0
2018;Polizia Municipale;1;Sabato;Pomeriggio;VALLI DEL PASUBIO;SP 046 Pasubio;Rettilineo;VIA ROMA, 18;11.2599195;45.7412295;0.0;Sdrucciolevole;Verticale;Neve;;;;;;;;;;;0;0;0;0
2013;Polizia Municipale;3;Venerdì;Notte;VALLI DEL PASUBIO;SP 046 Pasubio;Rettilineo;VIA ROMA, 18;11.2599195;45.7412295;0.0;Bagnato;Orizzontale;Sereno;;;;;;;;;;;0;0;0;0
2022;Carabiniere;10;Mercoledì;Sera;VALLI DEL PASUBIO;SP 046 Pasubio;Intersezione segnalata;SP46 INCROCIO VIA PONTECROCE;11.2707437;45.7347674;0.0;Bagnato;Orizzontale;Pioggia;;;;;;;;;;;0;0;0;0
2015;Carabiniere;12;Domenica;Pomeriggio;VALLI DEL PASUBIO;SP 046 Pasubio;Intersezione segnalata;SP46 INCROCIO VIA PONTECROCE;11.2707437;45.7347674;0.0;Bagnato;Verticale;Nebbia;;;;;;;;;;;0;0;0;0
2017;Polizia Municipale;11;Venerdì;Pomeriggio;TORREBELVICINO;SP 046 Pasubio;Curva;S.P. 46;11.279028;45.727934;32.22;Bagnato;Verticale;Pioggia;;;;;;;;;;;0;0;0;0
2019;Polizia Municipale;1;Mercoledì;Sera;TORREBELVICINO;SP 046 Pasubio;Curva;S.P. 46;11.279028;45.727934;32.22;Innevato;Temporanea di cantiere;Neve;;;;;;;;;;;0;0;0;0
2013;Carabiniere;9;Venerdì;Sera;TORREBELVICINO;SP 046 var Torrebelvicino;Intersezione segnalata;VIA 25 LUGLIO INCROCIO VIALE RIMEMBRANZA;11.3117077;45.714568;0.0;Asciutto;Assente;Sereno;;;;;;;;;;;0;0;0;0
2019;Carabiniere;12;Domenica;Notte;TORREBELVICINO;SP 046 var Torrebelvicino;Intersezione segnalata;VIA 25 LUGLIO INCROCIO VIALE RIMEMBRANZA;11.3117077;45.714568;0.0;Innevato;Orizzontale;Neve;;;;;;;;;;;0;0;0;0
2011;Carabiniere;10;Venerdì;Mattino;VALDASTICO;SP 350 Val d'Astico;Curva;SP350 VALPEGARA;11.35975;45.87479;0.0;Asciutto;Orizzontale;Altro;;;;;;;;;;;0;0;0;0
2020;Carabiniere;4;Martedì;Sera;VALDASTICO;SP 350 Val d'Astico;Curva;SP350 VALPEGARA;11.35975;45.87479;0.0;Bagnato;Orizzontale;Sereno;;;;;;;;;;;0;0;0;0
2022;Polizia Municipale;3;Mercoledì;Sera;SCHIO;SP 046 Pasubio;Rettilineo;VIA VICENZA LOCALITA' PONTE D'ORO;11.3856669;45.6961054;0.0;Ghiacciato;Orizzontale;Neve;;;;;;;;;;;0;0;0;0
2012;Polizia Municipale;11;Sabato;Sera;SCHIO;SP 046 Pasubio;Rettilineo;VIA VICENZA LOCALITA' PONTE D'ORO;11.3856669;45.6961054;0.0;Sdrucciolevole;Temporanea di cantiere;Altro;;;;;;;;;;;0;0;0;0
2019;Carabiniere;2;Venerdì;Mattino;SANTORSO;SP 350 Val d'Astico;Incrocio;VIA 4 NOVEMBRE INCROCIO VIA DELL'OLMO;11.3866002;45.7322732;0.0;Asciutto;Verticale;Nebbia;;;;;;;;;;;0;0;0;0
2023;Carabiniere;4;Lunedì;Sera;SANTORSO;SP 350 Val d'Astico;Incrocio;VIA 4 NOVEMBRE INCROCIO VIA DELL'OLMO;11.3866002;45.7322732;0.0;Bagnato;Orizzontale;Sereno;;;;;;;;;;;0;0;0;0
2012;Carabiniere;12;Venerdì;Mattino;SANTORSO;SP 350 Val d'Astico;Incrocio;VIA EUROPA INCROCIO VIA DELL'OLMO;11.3868188;45.7323369;0.0;Bagnato;Temporanea di cantiere;Pioggia;;;;;;;;;;;0;0;0;0
2017;Carabiniere;10;Venerdì;Notte;SANTORSO;SP 350 Val d'Astico;Incrocio;VIA EUROPA INCROCIO VIA DELL'OLMO;11.3868188;45.7323369;0.0;Bagnato;Assente;Altro;;;;;;;;;;;0;0;0;0
2016;Polizia Municipale;4;Venerdì;Pomeriggio;SCHIO;SP 046 Pasubio;Incrocio;VIA VICENZA LOCALITA' PROE DI SOPRA;11.3919397;45.6911499;0.0;Asciutto;Verticale;Nebbia;;;;;;;;;;;0;0;0;0
2020;Polizia Municipale;5;Martedì;Mattino;SCHIO;SP 046 Pasubio;Incrocio;VIA VICENZA LOCALITA' PROE DI SOPRA;11.3919397;45.6911499;0.0;Asciutto;Orizzontale;Vento forte;;;;;;;;;;;0;0;0;0
2017;Polizia Municipale;3;Mercoledì;Sera;SAN VITO DI LEGUZZANO;SP 046 Pasubio;Rettilineo;VIA VICENZA;11.392452;45.6906864;0.0;Bagnato;Verticale;Nebbia;;;;;;;;;;;0;0;0;0
2019;Polizia Municipale;3;Sabato;Notte;SAN VITO DI LEGUZZANO;SP 046 Pasubio;Rettilineo;VIA VICENZA;11.392452;45.6906864;0.0;Sdrucciolevole;Assente;Neve;;;;;;;;;;;0;0;0;0
2017;Polizia Municipale;9;Lunedì;Sera;SANTORSO;SP 350 Val d'Astico;Rettilineo;VIALE EUROPA, 45;11.397321;45.7350437;0.0;Bagnato;Verticale;Pioggia;;;;;;;;;;;0;0;0;0
2016;Polizia Municipale;2;Mercoledì;Mattino;SANTORSO;SP 350 Val d'Astico;Rettilineo;VIALE EUROPA, 45;11.397321;45.7350437;0.0;Sdrucciolevole;Temporanea di cantiere;Neve;;;;;;;;;;;0;0;0;0
2015;Polizia Municipale;12;Sabato;Mattino;MALO;SP 046 Pasubio;Rettilineo;VIA SCHIO 0;11.4031272;45.6765725;19.7;Bagnato;Verticale;Nebbia;;;;;;;;;;;0;0;0;0
2021;Polizia Municipale;5;Giovedì;Pomeriggio;MALO;SP 046 Pasubio;Rettilineo;VIA SCHIO 0;11.4031272;45.6765725;19.7;Sdrucciolevole;Verticale;Pioggia;;;;;;;;;;;0;0;0;0
2014;Carabiniere;2;Domenica;Sera;MALO;SP 046 Pasubio;Incrocio;SP46 INCROCIO VIA MARANO;11.4095631;45.6631751;0.0;Bagnato;Temporanea di cantiere;Pioggia;;;;;;;;;;;0;0;0;0
2019;Carabiniere;4;Giovedì;Pomeriggio;MALO;SP 046 Pasubio;Incrocio;SP46 INCROCIO VIA MARANO;11.4095631;45.6631751;0.0;Asciutto;Assente;Vento forte;;;;;;;;;;;0;0;0;0
2011;Polizia Municipale;10;Giovedì;Notte;MALO;SP 046 Pasubio;Incrocio;VIA PASUBIO VIA MARNAO;11.409605;45.6631558;17.28;Asciutto;Assente;Nebbia;;;;;;;;;;;0;0;0;0
2019;Polizia Municipale;6;Mercoledì;Sera;MALO;SP 046 Pasubio;Incrocio;VIA PASUBIO VIA MARNAO;11.409605;45.6631558;17.28;Bagnato;Orizzontale;Altro;;;;;;;;;;;0;0;0;0
2014;Polizia Municipale;1;Martedì;Notte;MALO;SP 046 Pasubio;Intersezione segnalata;VIA PASUBIO VIA GORIZIA;11.4133817;45.6592919;0.0;Bagnato;Assente;Pioggia;;;;;;;;;;;0;0;0;0
2020;Polizia Municipale;11;Giovedì;Notte;MALO;SP 046 Pasubio;Intersezione segnalata;VIA PASUBIO VIA GORIZIA;11.4133817;45.6592919;0.0;Sdrucciolevole;Assente;Neve;;;;;;;;;;;0;0;0;0
2021;Polizia Municipale;1;Sabato;Notte;MALO;SP 046 Pasubio;Rettilineo;VIA PASUBIO 87;11.4151501;45.6576197;0.0;Bagnato;Verticale;Nebbia;;;;;;;;;;;0;0;0;0
2017;Polizia Municipale;12;Venerdì;Sera;MALO;SP 046 Pasubio;Rettilineo;VIA PASUBIO 87;11.4151501;45.6576197;0.0;Asciutto;Temporanea di cantiere;Sereno;;;;;;;;;;;0;0;0;0
2013;Polizia Municipale;1;Giovedì;Sera;MALO;SP 046 Pasubio;Rettilineo;VIA PASUBIO 174;11.4175736;45.6548786;0.0;Innevato;Assente;Neve;;;;;;;;;;;0;0;0;0
2023;Polizia Municipale;4;Giovedì;Pomeriggio;MALO;SP 046 Pasubio;Rettilineo;VIA PASUBIO 174;11.4175736;45.6548786;0.0;Asciutto;Temporanea di cantiere;Altro;;;;;;;;;;;0;0;0;0
2014;Polizia Municipale;8;Sabato;Notte;MALO;SP 046 Pasubio;Incrocio;VIA PASUBIO VIA SAN GIOVANNI;11.4181305;45.654015;0.0;Asciutto;Assente;Altro;;;;;;;;;;;0;0;0;0
2014;Polizia Municipale;8;Venerdì;Sera;MALO;SP 046 Pasubio;Incrocio;VIA PASUBIO VIA SAN GIOVANNI;11.4181305;45.654015;0.0;Bagnato;Assente;Nebbia;;;;;;;;;;;0;0;0;0
2018;Carabiniere;12;Martedì;Sera;PIOVENE ROCCHETTE;SP 350 Val d'Astico;Incrocio;VIA MONTE PASUBIO INCROCIO VIA VALSUGANA;11.42163;45.74479;0.0;Ghiacciato;Orizzontale;Neve;;;;;;;;;;;0;0;0;0
2018;Carabiniere;12;Martedì;Mattino;PIOVENE ROCCHETTE;SP 350 Val d'Astico;Incrocio;VIA MONTE PASUBIO INCROCIO VIA VALSUGANA;11.42163;45.74479;0.0;Ghiacciato;Orizzontale;Neve;;;;;;;;;;;0;0;0;0
2012;Carabiniere;8;Lunedì;Sera;PIOVENE ROCCHETTE;SP 350 Val d'Astico;Rettilineo;VIA MONTE PASUBIO IN PROSSIMITA DELL'INTERSEZIONE DI VIA;11.4243732;45.7472181;0.0;Bagnato;Verticale;Altro;;;;;;;;;;;0;0;0;0
2019;Carabiniere;12;Lunedì;Notte;PIOVENE ROCCHETTE;SP 350 Val d'Astico;Rettilineo;VIA MONTE PASUBIO IN PROSSIMITA DELL'INTERSEZIONE DI VIA;11.4243732;45.7472181;0.0;Sdrucciolevole;Verticale;Neve;;;;;;;;;;;0;0;0;0
2019;Carabiniere;2;Giovedì;Mattino;PIOVENE ROCCHETTE;SP 350 Val d'Astico;Curva;SP350, 245;11.4254917;45.7703147;0.0;Asciutto;Temporanea di cantiere;Vento forte;;;;;;;;;;;0;0;0;0
2023;Carabiniere;3;Mercoledì;Mattino;PIOVENE ROCCHETTE;SP 350 Val d'Astico;Curva;SP350, 245;11.4254917;45.7703147;0.0;Asciutto;Orizzontale;Altro;;;;;;;;;;;0;0;0;0
2019;Polizia Municipale;2;Mercoledì;Mattino;PIOVENE ROCCHETTE;SP 350 Val d'Astico;Rettilineo;VIA ALESSANDRO ROSSI S.P. 350;11.4258311;45.7714191;54.0;Innevato;Assente;Neve;;;;;;;;;;;0;0;0;0
2018;Polizia Municipale;7;Lunedì;Sera;PIOVENE ROCCHETTE;SP 350 Val d'Astico;Rettilineo;VIA ALESSANDRO ROSSI S.P. 350;11.4258311;45.7714191;54.0;Sdrucciolevole;Verticale;Pioggia;;;;;;;;;;;0;0;0;0
2014;Polizia Municipale;8;Lunedì;Notte;COGOLLO DEL CENGIO;SP 350 Val d'Astico;Rettilineo;VIA TRIESTE, 2;11.4263052;45.7831247;0.0;Asciutto;Verticale;Vento forte;;;;;;;;;;;0;0;0;0
2023;Polizia Municipale;9;Martedì;Mattino;COGOLLO DEL CENGIO;SP 350 Val d'Astico;Rettilineo;VIA TRIESTE, 2;11.4263052;45.7831247;0.0;Asciutto;Verticale;Altro;;;;;;;;;;;0;0;0;0
2019;Polizia Municipale;12;Venerdì;Notte;PIOVENE ROCCHETTE;SP 350 Val d'Astico;Incrocio;VIA MONTE PASUBIO VIA GARZIERE;11.4272989;45.7498367;0.0;Innevato;Verticale;Neve;;;;;;;;;;;0;0;0;0
2010;Polizia Municipale;6;Sabato;Pomeriggio;PIOVENE ROCCHETTE;SP 350 Val d'Astico;Incrocio;VIA MONTE PASUBIO VIA GARZIERE;11.4272989;45.7498367;0.0;Asciutto;Verticale;Sereno;;;;;;;;;;;0;0;0;0
2021;Polizia Municipale;1;Sabato;Sera;COGOLLO DEL CENGIO;SP 350 Val d'Astico;Rettilineo;VIA MARCO POLO, 7;11.4277144;45.7751839;0.0;Asciutto;Assente;Altro;;;;;;;;;;;0;0;0;0
2011;Polizia Municipale;12;Sabato;Pomeriggio;COGOLLO DEL CENGIO;SP 350 Val d'Astico;Rettilineo;VIA MARCO POLO, 7;11.4277144;45.7751839;0.0;Bagnato;Orizzontale;Vento forte;;;;;;;;;;;0;0;0;0
2013;Polizia Municipale;2;Martedì;Pomeriggio;PIOVENE ROCCHETTE;SP 350 Val d'Astico;Rotatoria;VIA GORIZIA VIA PASUBIO;11.428919;45.7515027;0.0;Innevato;Temporanea di cantiere;Neve;;;;;;;;;;;0;0;0;0
2021;Polizia Municipale;5;Mercoledì;Sera;PIOVENE ROCCHETTE;SP 350 Val d'Astico;Rotatoria;VIA GORIZIA VIA PASUBIO;11.428919;45.7515027;0.0;Asciutto;Orizzontale;Nebbia;;;;;;;;;;;0;0;0;0
2014;Carabiniere;5;Venerdì;Pomeriggio;COGOLLO DEL CENGIO;SP 349 Costo;Rettilineo;SP349 AL KM. 80.7;11.43029;45.79504;80.7;Sdrucciolevole;Verticale;Pioggia;;;;;;;;;;;0;0;0;0
2013;Carabiniere;2;Mercoledì;Mattino;COGOLLO DEL CENGIO;SP 349 Costo;Rettilineo;SP349 AL KM. 80.7;11.43029;45.79504;80.7;Sdrucciolevole;Temporanea di cantiere;Neve;;;;;;;;;;;0;0;0;0
2015;Polizia Municipale;2;Lunedì;Sera;MALO;SP 046 Pasubio;Rettilineo;VIA VICENZA 116;11.4313829;45.6403841;0.0;Innevato;Verticale;Neve;;;;;;;;;;;0;0;0;0
2015;Polizia Municipale;11;Lunedì;Mattino;MALO;SP 046 Pasubio;Rettilineo;VIA VICENZA 116;11.4313829;45.6403841;0.0;Sdrucciolevole;Assente;Neve;;;;;;;;;;;0;0;0;0
2023;Carabiniere;8;Lunedì;Sera;PIOVENE ROCCHETTE;SP 349 Costo;Incrocio;VIA THIENE INCROCIO VIA PILASTRI;11.43594;45.74385;0.0;Bagnato;Temporanea di cantiere;Pioggia;;;;;;;;;;;0;0;0;0
2016;Carabiniere;8;Giovedì;Pomeriggio;PIOVENE ROCCHETTE;SP 349 Costo;Incrocio;VIA THIENE INCROCIO VIA PILASTRI;11.43594;45.74385;0.0;Asciutto;Temporanea di cantiere;Vento forte;;;;;;;;;;;0;0;0;0
2013;Carabiniere;1;Mercoledì;Sera;ISOLA VICENTINA;SP 046 Pasubio;Rettilineo;VIA MONTE PASUBIO, 50;11.43662;45.63636;0.0;Ghiacciato;Temporanea di cantiere;Neve;;;;;;;;;;;0;0;0;0
2018;Carabiniere;12;Mercoledì;Pomeriggio;ISOLA VICENTINA;SP 046 Pasubio;Rettilineo;VIA MONTE PASUBIO, 50;11.43662;45.63636;0.0;Sdrucciolevole;Assente;Pioggia;;;;;;;;;;;0;0;0;0
2013;Carabiniere;7;Domenica;Mattino;PIOVENE ROCCHETTE;SP 349 Costo;Curva;VIA TRIESTE ROTONDA DENOMINATA DELLE CINQUE STRADE;11.4381564;45.7575762;0.0;Bagnato;Temporanea di cantiere;Nebbia;;;;;;;;;;;0;0;0;0
2019;Carabiniere;2;Mercoledì;Notte;PIOVENE ROCCHETTE;SP 349 Costo;Curva;VIA TRIESTE ROTONDA DENOMINATA DELLE CINQUE STRADE;11.4381564;45.7575762;0.0;Asciutto;Orizzontale;Vento forte;;;;;;;;;;;0;0;0;0
2013;Polizia Municipale;12;Sabato;Notte;PIOVENE ROCCHETTE;SP 350 Val d'Astico;Rotatoria;VIA TRIESTE VIA DANTE;11.4382744;45.7575921;0.0;Innevato;Assente;Neve;;;;;;;;;;;0;0;0;0
2018;Polizia Municipale;4;Domenica;Sera;PIOVENE ROCCHETTE;SP 350 Val d'Astico;Rotatoria;VIA TRIESTE VIA DANTE;11.4382744;45.7575921;0.0;Asciutto;Temporanea di cantiere;Nebbia;;;;;;;;;;;0;0;0;0
2010;Polizia Municipale;3;Mercoledì;Mattino;PIOVENE ROCCHETTE;SP 350 Val d'Astico;Incrocio;VIA TRIESTE, 8;11.4384414;45.7599985;0.0;Sdrucciolevole;Temporanea di cantiere;Neve;;;;;;;;;;;0;0;0;0
2015;Polizia Municipale;7;Sabato;Notte;PIOVENE ROCCHETTE;SP 350 Val d'Astico;Incrocio;VIA TRIESTE, 8;11.4384414;45.7599985;0.0;Sdrucciolevole;Orizzontale;Altro;;;;;;;;;;;0;0;0;0
2021;Polizia Municipale;2;Sabato;Pomeriggio;PIOVENE ROCCHETTE;SP 350 Val d'Astico;Curva;VIA TRIESTE;11.438489;45.7611326;0.0;Innevato;Assente;Neve;;;;;;;;;;;0;0;0;0
2019;Polizia Municipale;3;Sabato;Pomeriggio;PIOVENE ROCCHETTE;SP 350 Val d'Astico;Curva;VIA TRIESTE;11.438489;45.7611326;0.0;Sdrucciolevole;Assente;Altro;;;;;;;;;;;0;0;0;0
2014;Polizia Municipale;3;Martedì;Sera;PIOVENE ROCCHETTE;SP 349 Costo;Rettilineo;VIA ANTONIO FOGAZZARO, 37;11.442449;45.7597256;0.0;Bagnato;Temporanea di cantiere;Pioggia;;;;;;;;;;;0;0;0;0
2013;Polizia Municipale;12;Domenica;Mattino;PIOVENE ROCCHETTE;SP 349 Costo;Rettilineo;VIA ANTONIO FOGAZZARO, 37;11.442449;45.7597256;0.0;Bagnato;Assente;Pioggia;;;;;;;;;;;0;0;0;0
2019;Polizia Municipale;4;Venerdì;Mattino;ZANE';SP 349 Costo;Intersezione con semaforo o vigile;VIA M. SUMMANO VIA TRIESTE;11.4458876;45.7306075;0.0;Bagnato;Temporanea di cantiere;Nebbia;;;;;;;;;;;0;0;0;0
2022;Polizia Municipale;12;Mercoledì;Pomeriggio;ZANE';SP 349 Costo;Intersezione con semaforo o vigile;VIA M. SUMMANO VIA TRIESTE;11.4458876;45.7306075;0.0;Innevato;Orizzontale;Neve;;;;;;;;;;;0;0;0;0
2018;Carabiniere;7;Sabato;Notte;ISOLA VICENTINA;SP 046 Pasubio;Rettilineo;VIA EUROPA, 38;11.4512305;45.6242098;0.0;Bagnato;Temporanea di cantiere;Altro;;;;;;;;;;;0;0;0;0
2018;Carabiniere;2;Mercoledì;Pomeriggio;ISOLA VICENTINA;SP 046 Pasubio;Rettilineo;VIA EUROPA, 38;11.4512305;45.6242098;0.0;Innevato;Assente;Neve;;;;;;;;;;;0;0;0;0
2020;Carabiniere;2;Martedì;Sera;CHIUPPANO;SP 349 Costo;Rettilineo;VIA PONTE DEI GRANATIERI SOTTO IL CAVALCAVIA DI VIA DELLA;11.4538276;45.7660044;0.0;Sdrucciolevole;Verticale;Neve;;;;;;;;;;;0;0;0;0
2012;Carabiniere;5;Mercoledì;Sera;CHIUPPANO;SP 349 Costo;Rettilineo;VIA PONTE DEI GRANATIERI SOTTO IL CAVALCAVIA DI VIA DELLA;11.4538276;45.7660044;0.0;Bagnato;Temporanea di cantiere;Vento forte;;;;;;;;;;;0;0;0;0
2020;Polizia Municipale;12;Giovedì;Notte;CHIUPPANO;SP 349 Costo;Curva;VIA PONTE DEI GRANATIERI VIA COSTO;11.4572219;45.7678212;0.0;Asciutto;Assente;Sereno;;;;;;;;;;;0;0;0;0
2020;Polizia Municipale;7;Venerdì;Mattino;CHIUPPANO;SP 349 Costo;Curva;VIA PONTE DEI GRANATIERI VIA COSTO;11.4572219;45.7678212;0.0;Sdrucciolevole;Temporanea di cantiere;Pioggia;;;;;;;;;;;0;0;0;0
2022;Polizia Municipale;8;Sabato;Pomeriggio;THIENE;SP 349 var Costo Variante;Rettilineo;NSA 384;11.4574606;45.700103;0.0;Bagnato;Temporanea di cantiere;Altro;;;;;;;;;;;0;0;0;0
2014;Polizia Municipale;8;Martedì;Mattino;THIENE;SP 349 var Costo Variante;Rettilineo;NSA 384;11.4574606;45.700103;0.0;Bagnato;Temporanea di cantiere;Altro;;;;;;;;;;;0;0;0;0
2014;Polizia Municipale;6;Giovedì;Sera;ZANE';SP 349 Costo;Rettilineo;VIA MANZONI, 34;11.4574715;45.7165658;0.0;Asciutto;Temporanea di cantiere;Vento forte;;;;;;;;;;;0;0;0;0
2021;Polizia Municipale;1;Giovedì;Notte;ZANE';SP 349 Costo;Rettilineo;VIA MANZONI, 34;11.4574715;45.7165658;0.0;Asciutto;Assente;Sereno;;;;;;;;;;;0;0;0;0
2018;Carabiniere;4;Mercoledì;Notte;ZANE';SP 349 Costo;Rotatoria;VIA ALESSANDRO MANZONI INCROCIO VIA GIACOMO LEOPARDI;11.4615867;45.7143211;0.0;Bagnato;Orizzontale;Vento forte;;;;;;;;;;;0;0;0;0
2017;Carabiniere;3;Lunedì;Pomeriggio;ZANE';SP 349 Costo;Rotatoria;VIA ALESSANDRO MANZONI INCROCIO VIA GIACOMO LEOPARDI;11.4615867;45.7143211;0.0;Sdrucciolevole;Verticale;Altro;;;;;;;;;;;0;0;0;0
2012;Polizia Municipale;3;Mercoledì;Mattino;ZANE';SP 349 Costo;Rettilineo;VIA MANZONI, 124;11.4632224;45.713339;0.0;Asciutto;Temporanea di cantiere;Sereno;;;;;;;;;;;0;0;0;0
2012;Polizia Municipale;3;Lunedì;Sera;ZANE';SP 349 Costo;Rettilineo;VIA MANZONI, 124;11.4632224;45.713339;0.0;Asciutto;Assente;Nebbia;;;;;;;;;;;0;0;0;0
2012;Polizia Municipale;12;Martedì;Pomeriggio;THIENE;SP 349 Costo;Rettilineo;VIA CA' BEREGANE, 6;11.4849496;45.6832102;0.0;Bagnato;Verticale;Vento forte;;;;;;;;;;;0;0;0;0
2016;Polizia Municipale;6;Venerdì;Pomeriggio;THIENE;SP 349 Costo;Rettilineo;VIA CA' BEREGANE, 6;11.4849496;45.6832102;0.0;Sdrucciolevole;Assente;Pioggia;;;;;;;;;;;0;0;0;0
2013;Polizia Municipale;1;Domenica;Sera;COSTABISSARA;SP 046 Pasubio;Incrocio;VIA FABBREGA INCROCIO VIA FABIO FILZI;11.487973;45.6060096;0.0;Ghiacciato;Temporanea di cantiere;Neve;;;;;;;;;;;0;0;0;0
2017;Polizia Municipale;2;Domenica;Sera;COSTABISSARA;SP 046 Pasubio;Incrocio;VIA FABBREGA INCROCIO VIA FABIO FILZI;11.487973;45.6060096;0.0;Ghiacciato;Assente;Neve;;;;;;;;;;;0;0;0;0
2014;Carabiniere;11;Venerdì;Notte;THIENE;SP 349 Costo;Intersezione con semaforo o vigile;VIA SANTO INCROCIO VIA BRAGLIO;11.4887;45.67146;0.0;Asciutto;Assente;Vento forte;;;;;;;;;;;0;0;0;0
2023;Carabiniere;7;Martedì;Notte;THIENE;SP 349 Costo;Intersezione con semaforo o vigile;VIA SANTO INCROCIO VIA BRAGLIO;11.4887;45.67146;0.0;Asciutto;Orizzontale;Altro;;;;;;;;;;;0;0;0;0
2017;Polizia Municipale;3;Sabato;Mattino;CALDOGNO;SP 349 Costo;Rettilineo;VIA ALTURA AL KM. 108;11.490409;45.611437;108.0;Asciutto;Orizzontale;Nebbia;;;;;;;;;;;0;0;0;0
2023;Polizia Municipale;6;Venerdì;Sera;CALDOGNO;SP 349 Costo;Rettilineo;VIA ALTURA AL KM. 108;11.490409;45.611437;108.0;Asciutto;Verticale;Nebbia;;;;;;;;;;;0;0;0;0
2016;Carabiniere;12;Venerdì;Notte;CALDOGNO;SP 349 Costo;Curva;VIA ALTURA, 110;11.4904197;45.6108322;0.0;Innevato;Assente;Neve;;;;;;;;;;;0;0;0;0
2021;Carabiniere;9;Mercoledì;Mattino;CALDOGNO;SP 349 Costo;Curva;VIA ALTURA, 110;11.4904197;45.6108322;0.0;Bagnato;Temporanea di cantiere;Nebbia;;;;;;;;;;;0;0;0;0
2010;Polizia Municipale;5;Lunedì;Pomeriggio;THIENE;SP 349 Costo;Rettilineo;VIA SANTO;11.4907539;45.6649103;0.0;Asciutto;Assente;Nebbia;;;;;;;;;;;0;0;0;0
2023;Polizia Municipale;10;Sabato;Sera;THIENE;SP 349 Costo;Rettilineo;VIA SANTO;11.4907539;45.6649103;0.0;Bagnato;Verticale;Nebbia;;;;;;;;;;;0;0;0;0
2015;Polizia Municipale;10;Domenica;Pomeriggio;CALDOGNO;SP 349 Costo;Intersezione segnalata;SP 349 VIA ALTURA INCROCIO VIA CHIODO;11.49131;45.61942;0.0;Asciutto;Verticale;Vento forte;;;;;;;;;;;0;0;0;0
2011;Polizia Municipale;5;Lunedì;Notte;CALDOGNO;SP 349 Costo;Intersezione segnalata;SP 349 VIA ALTURA INCROCIO VIA CHIODO;11.49131;45.61942;0.0;Asciutto;Temporanea di cantiere;Nebbia;;;;;;;;;;;0;0;0;0
2019;Carabiniere;11;Martedì;Pomeriggio;CALDOGNO;SP 349 Costo;Rettilineo;VIA ALTURA, 28;11.4931624;45.604623;0.0;Asciutto;Verticale;Sereno;;;;;;;;;;;0;0;0;0
2021;Carabiniere;7;Sabato;Sera;CALDOGNO;SP 349 Costo;Rettilineo;VIA ALTURA, 28;11.4931624;45.604623;0.0;Asciutto;Assente;Altro;;;;;;;;;;;0;0;0;0
2021;Carabiniere;9;Mercoledì;Mattino;COSTABISSARA;SP 046 Pasubio;Rotatoria;SP349 INCROCIO VIA PREAZZI;11.49355;45.60361;0.0;Bagnato;Verticale;Altro;;;;;;;;;;;0;0;0;0
2018;Carabiniere;4;Venerdì;Sera;COSTABISSARA;SP 046 Pasubio;Rotatoria;SP349 INCROCIO VIA PREAZZI;11.49355;45.60361;0.0;Bagnato;Verticale;Sereno;;;;;;;;;;;0;0;0;0
2018;Polizia Municipale;6;Giovedì;Pomeriggio;VILLAVERLA;SP 349 Costo;Rettilineo;VIA ROMA, 25;11.4936116;45.6492186;0.0;Asciutto;Orizzontale;Nebbia;;;;;;;;;;;0;0;0;0
2010;Polizia Municipale;2;Lunedì;Notte;VILLAVERLA;SP 349 Costo;Rettilineo;VIA ROMA, 25;11.4936116;45.6492186;0.0;Asciutto;Temporanea di cantiere;Altro;;;;;;;;;;;0;0;0;0
2010;Polizia Municipale;12;Sabato;Sera;VILLAVERLA;SP 349 Costo;Intersezione segnalata;VIA CAPOVILLA VIA CAVOUR;11.4936666;45.6565086;0.0;Bagnato;Temporanea di cantiere;Vento forte;;;;;;;;;;;0;0;0;0
2011;Polizia Municipale;12;Venerdì;Mattino;VILLAVERLA;SP 349 Costo;Intersezione segnalata;VIA CAPOVILLA VIA CAVOUR;11.4936666;45.6565086;0.0;Sdrucciolevole;Temporanea di cantiere;Neve;;;;;;;;;;;0;0;0;0
2010;Polizia Municipale;7;Martedì;Mattino;VILLAVERLA;SP 349 Costo;Rettilineo;VIA S. ANTONIO;11.4940656;45.6549197;0.0;Bagnato;Assente;Vento forte;;;;;;;;;;;0;0;0;0
2017;Polizia Municipale;12;Lunedì;Notte;VILLAVERLA;SP 349 Costo;Rettilineo;VIA S. ANTONIO;11.4940656;45.6549197;0.0;Sdrucciolevole;Orizzontale;Pioggia;;;;;;;;;;;0;0;0;0
2013;Carabiniere;8;Sabato;Mattino;VILLAVERLA;SP 349 Costo;Rettilineo;PIAZZA DEL POPOLO, 26;11.4941203;45.6509834;0.0;Asciutto;Orizzontale;Altro;;;;;;;;;;;0;0;0;0
2017;Carabiniere;7;Domenica;Notte;VILLAVERLA;SP 349 Costo;Rettilineo;PIAZZA DEL POPOLO, 26;11.4941203;45.6509834;0.0;Sdrucciolevole;Assente;Altro;;;;;;;;;;;0;0;0;0
2021;Polizia Municipale;5;Martedì;Sera;COSTABISSARA;SP 046 Pasubio;Rotatoria;VIA PASUBIO S.P. 46 INCROCIO VIA OBERDAN;11.4948;45.60014;0.0;Asciutto;Assente;Altro;;;;;;;;;;;0;0;0;0
2020;Polizia Municipale;12;Lunedì;Mattino;COSTABISSARA;SP 046 Pasubio;Rotatoria;VIA PASUBIO S.P. 46 INCROCIO VIA OBERDAN;11.4948;45.60014;0.0;Sdrucciolevole;Orizzontale;Neve;;;;;;;;;;;0;0;0;0
2022;Polizia Municipale;1;Giovedì;Mattino;COSTABISSARA;SP 046 Pasubio;Curva;VIA MONTE GRAPPA IN CORRISPONDENZA ATTRAVERSAMENTO CICLOP;11.49732;45.59201;0.0;Sdrucciolevole;Temporanea di cantiere;Pioggia;;;;;;;;;;;0;0;0;0
2010;Polizia Municipale;4;Martedì;Notte;COSTABISSARA;SP 046 Pasubio;Curva;VIA MONTE GRAPPA IN CORRISPONDENZA ATTRAVERSAMENTO CICLOP;11.49732;45.59201;0.0;Sdrucciolevole;Assente;Altro;;;;;;;;;;;0;0;0;0
2013;Carabiniere;8;Domenica;Notte;ASIAGO;SP 349 Costo;Rettilineo;VIA GIUSEPPE VERDI, 91;11.49834;45.8701;0.0;Bagnato;Orizzontale;Altro;;;;;;;;;;;0;0;0;0
2017;Carabiniere;4;Martedì;Mattino;ASIAGO;SP 349 Costo;Rettilineo;VIA GIUSEPPE VERDI, 91;11.49834;45.8701;0.0;Asciutto;Orizzontale;Sereno;;;;;;;;;;;0;0;0;0
2023;Polizia Municipale;12;Venerdì;Pomeriggio;VICENZA;SP 046 rac Pasubio Raccordo del Sole;Rettilineo;VIALE DEL SOLE DIR. CASELLO VI OVEST DOPO DISTRIBUTORE IP;11.5175625;45.5537993;0.0;Asciutto;Temporanea di cantiere;Sereno;;;;;;;;;;;0;0;0;0
2018;Polizia Municipale;5;Martedì;Mattino;VICENZA;SP 046 rac Pasubio Raccordo del Sole;Rettilineo;VIALE DEL SOLE DIR. CASELLO VI OVEST DOPO DISTRIBUTORE IP;11.5175625;45.5537993;0.0;Bagnato;Temporanea di cantiere;Sereno;;;;;;;;;;;0;0;0;0
