segment_id,meteo,fascia_oraria,risk
1,Sereno,Mattino,0.1067
2,Sereno,Mattino,0.1067
3,Sereno,Mattino,0.1067
4,Sereno,Mattino,0.1067
5,Sereno,Mattino,0.1067
6,Sereno,Mattino,0.1067
7,Sereno,Mattino,0.1067
8,Sereno,Mattino,0.1067
9,Sereno,Mattino,0.1067
10,Sereno,Mattino,0.1067
11,Sereno,Mattino,0.1067
12,Sereno,Mattino,0.1067
13,Sereno,Mattino,0.1267
14,Sereno,Mattino,0.1267
15,Sereno,Mattino,0.1267
16,Sereno,Mattino,0.1067
17,Sereno,Mattino,0.1067
18,Sereno,Mattino,0.1733
19,Sereno,Mattino,0.1733
20,Sereno,Mattino,0.1733
21,Sereno,Mattino,0.1733
22,Sereno,Mattino,0.1733
23,Sereno,Mattino,0.1733
24,Sereno,Mattino,0.1733
25,Sereno,Mattino,0.1733
26,Sereno,Mattino,0.1067
27,Sereno,Mattino,0.1067
28,Sereno,Mattino,0.1067
29,Sereno,Mattino,0.1067
30,Sereno,Mattino,0.1067
31,Sereno,Mattino,0.1067
32,Sereno,Mattino,0.1067
33,Sereno,Mattino,0.1067
34,Sereno,Mattino,0.2133
35,Sereno,Mattino,0.2133
36,Sereno,Mattino,0.2133
37,Sereno,Mattino,0.2133
38,Sereno,Mattino,0.2133
39,Sereno,Mattino,0.2133
40,Sereno,Mattino,0.2133
41,Sereno,Mattino,0.2133
42,Sereno,Mattino,0.2133
43,Sereno,Mattino,0.0533
44,Sereno,Mattino,0.0533
45,Sereno,Mattino,0.0533
46,Sereno,Mattino,0.0533
47,Sereno,Mattino,0.0533
48,Sereno,Mattino,0.2133
49,Sereno,Mattino,0.0533
50,Sereno,Mattino,0.0533
51,Sereno,Mattino,0.0533
52,Sereno,Mattino,0.0533
53,Sereno,Mattino,0.0533
54,Sereno,Mattino,0.0533
55,Sereno,Mattino,0.0533
56,Sereno,Mattino,0.0533
57,Sereno,Mattino,0.0533
58,Sereno,Mattino,0.0533
59,Sereno,Mattino,0.0533
60,Sereno,Mattino,0.0533
61,Sereno,Mattino,0.0533
62,Sereno,Mattino,0.0533
63,Sereno,Mattino,0.34
64,Sereno,Mattino,0.34
65,Sereno,Mattino,0.34
66,Sereno,Mattino,0.34
67,Sereno,Mattino,0.34
68,Sereno,Mattino,0.34
69,Sereno,Mattino,0.1133
70,Sereno,Mattino,0.1133
71,Sereno,Mattino,0.1133
72,Sereno,Mattino,0.1067
73,Sereno,Mattino,0.1133
74,Sereno,Mattino,0.1133
75,Sereno,Mattino,0.1133
76,Sereno,Mattino,0.0667
77,Sereno,Mattino,0.0667
78,Sereno,Mattino,0.0333
79,Sereno,Mattino,0.0333
80,Sereno,Mattino,0.0333
81,Sereno,Mattino,0.0333
82,Sereno,Mattino,0.0333
83,Sereno,Mattino,0.0333
84,Sereno,Mattino,0.0333
85,Sereno,Mattino,0.0333
86,Sereno,Mattino,0.0333
87,Sereno,Mattino,0.0333
88,Sereno,Mattino,0.0333
89,Sereno,Mattino,0.0333
90,Sereno,Mattino,0.0667
91,Sereno,Mattino,0.0667
92,Sereno,Mattino,0.1067
93,Sereno,Mattino,0.28
94,Sereno,Mattino,0.1133
95,Sereno,Mattino,0.1133
96,Sereno,Mattino,0.28
97,Sereno,Mattino,0.28
98,Sereno,Mattino,0.1267
99,Sereno,Mattino,0.0333
100,Sereno,Mattino,0.0333
101,Sereno,Mattino,0.0333
102,Sereno,Mattino,0.0667
103,Sereno,Mattino,0.0667
104,Sereno,Mattino,0.0667
105,Sereno,Mattino,0.0667
106,Sereno,Mattino,0.0667
107,Sereno,Mattino,0.0667
108,Sereno,Mattino,0.0667
109,Sereno,Mattino,0.0667
110,Sereno,Mattino,0.0667
111,Sereno,Mattino,0.0667
112,Sereno,Mattino,0.0667
113,Sereno,Mattino,0.0667
114,Sereno,Mattino,0.0867
115,Sereno,Mattino,0.28
116,Sereno,Mattino,0.0333
117,Sereno,Mattino,0.0333
118,Sereno,Mattino,0.0333
119,Sereno,Mattino,0.0333
120,Sereno,Mattino,0.0333
121,Sereno,Mattino,0.0333
122,Sereno,Mattino,0.28
123,Sereno,Mattino,0.28
124,Sereno,Mattino,0.1267
125,Sereno,Mattino,0.2267
126,Sereno,Mattino,0.2267
127,Sereno,Mattino,0.2267
128,Sereno,Mattino,0.0867
129,Sereno,Mattino,0.1267
130,Sereno,Mattino,0.2267
131,Sereno,Mattino,0.2267
132,Sereno,Mattino,0.0333
133,Sereno,Mattino,0.0667
134,Sereno,Mattino,0.0667
135,Sereno,Mattino,0.0333
136,Sereno,Mattino,0.0933
137,Sereno,Mattino,0.0933
138,Sereno,Mattino,0.0933
139,Sereno,Mattino,0.12
140,Sereno,Mattino,0.12
141,Sereno,Mattino,0.12
142,Sereno,Mattino,0.1267
143,Sereno,Mattino,0.1267
144,Sereno,Mattino,0.1267
145,Sereno,Mattino,0.1067
146,Sereno,Mattino,0.2267
147,Sereno,Mattino,0.2267
148,Sereno,Mattino,0.0933
149,Sereno,Mattino,0.0933
150,Sereno,Mattino,0.0933
151,Sereno,Mattino,0.08
152,Sereno,Mattino,0.08
153,Sereno,Mattino,0.08
154,Sereno,Mattino,0.08
155,Sereno,Mattino,0.14
156,Sereno,Mattino,0.14
157,Sereno,Mattino,0.08
158,Sereno,Mattino,0.14
159,Sereno,Mattino,0.14
160,Sereno,Mattino,0.14
161,Sereno,Mattino,0.14
162,Sereno,Mattino,0.14
163,Sereno,Mattino,0.14
164,Sereno,Mattino,0.14
165,Sereno,Mattino,0.14
166,Sereno,Mattino,0.14
167,Sereno,Mattino,0.14
168,Sereno,Mattino,0.14
169,Sereno,Mattino,0.14
170,Sereno,Mattino,0.14
171,Sereno,Mattino,0.1067
172,Sereno,Mattino,0.1067
173,Sereno,Mattino,0.1067
174,Sereno,Mattino,0.1067
175,Sereno,Mattino,0.1067
176,Sereno,Mattino,0.1067
177,Sereno,Mattino,0.2733
178,Sereno,Mattino,0.2733
179,Sereno,Mattino,0.2733
1,Sereno,Notte,0.12
2,Sereno,Notte,0.12
3,Sereno,Notte,0.12
4,Sereno,Notte,0.12
5,Sereno,Notte,0.12
6,Sereno,Notte,0.12
7,Sereno,Notte,0.12
8,Sereno,Notte,0.12
9,Sereno,Notte,0.12
10,Sereno,Notte,0.12
11,Sereno,Notte,0.12
12,Sereno,Notte,0.12
13,Sereno,Notte,0.18
14,Sereno,Notte,0.18
15,Sereno,Notte,0.18
16,Sereno,Notte,0.12
17,Sereno,Notte,0.12
18,Sereno,Notte,0.16
19,Sereno,Notte,0.16
20,Sereno,Notte,0.16
21,Sereno,Notte,0.16
22,Sereno,Notte,0.16
23,Sereno,Notte,0.16
24,Sereno,Notte,0.16
25,Sereno,Notte,0.16
26,Sereno,Notte,0.12
27,Sereno,Notte,0.12
28,Sereno,Notte,0.12
29,Sereno,Notte,0.12
30,Sereno,Notte,0.12
31,Sereno,Notte,0.12
32,Sereno,Notte,0.12
33,Sereno,Notte,0.12
34,Sereno,Notte,0.2067
35,Sereno,Notte,0.2067
36,Sereno,Notte,0.2067
37,Sereno,Notte,0.2067
38,Sereno,Notte,0.2067
39,Sereno,Notte,0.2067
40,Sereno,Notte,0.2067
41,Sereno,Notte,0.2067
42,Sereno,Notte,0.2067
43,Sereno,Notte,0.06
44,Sereno,Notte,0.06
45,Sereno,Notte,0.06
46,Sereno,Notte,0.06
47,Sereno,Notte,0.06
48,Sereno,Notte,0.2067
49,Sereno,Notte,0.06
50,Sereno,Notte,0.06
51,Sereno,Notte,0.06
52,Sereno,Notte,0.06
53,Sereno,Notte,0.06
54,Sereno,Notte,0.06
55,Sereno,Notte,0.06
56,Sereno,Notte,0.06
57,Sereno,Notte,0.06
58,Sereno,Notte,0.06
59,Sereno,Notte,0.06
60,Sereno,Notte,0.06
61,Sereno,Notte,0.06
62,Sereno,Notte,0.06
63,Sereno,Notte,0.3933
64,Sereno,Notte,0.3933
65,Sereno,Notte,0.3933
66,Sereno,Notte,0.3933
67,Sereno,Notte,0.3933
68,Sereno,Notte,0.3933
69,Sereno,Notte,0.18
70,Sereno,Notte,0.18
71,Sereno,Notte,0.18
72,Sereno,Notte,0.12
73,Sereno,Notte,0.1533
74,Sereno,Notte,0.1533
75,Sereno,Notte,0.1533
76,Sereno,Notte,0.1067
77,Sereno,Notte,0.1067
78,Sereno,Notte,0.04
79,Sereno,Notte,0.04
80,Sereno,Notte,0.04
81,Sereno,Notte,0.04
82,Sereno,Notte,0.04
83,Sereno,Notte,0.04
84,Sereno,Notte,0.04
85,Sereno,Notte,0.04
86,Sereno,Notte,0.04
87,Sereno,Notte,0.04
88,Sereno,Notte,0.04
89,Sereno,Notte,0.04
90,Sereno,Notte,0.1067
91,Sereno,Notte,0.1067
92,Sereno,Notte,0.12
93,Sereno,Notte,0.2867
94,Sereno,Notte,0.1533
95,Sereno,Notte,0.1533
96,Sereno,Notte,0.2867
97,Sereno,Notte,0.2867
98,Sereno,Notte,0.16
99,Sereno,Notte,0.04
100,Sereno,Notte,0.04
101,Sereno,Notte,0.04
102,Sereno,Notte,0.1267
103,Sereno,Notte,0.1267
104,Sereno,Notte,0.1267
105,Sereno,Notte,0.1267
106,Sereno,Notte,0.1267
107,Sereno,Notte,0.1267
108,Sereno,Notte,0.1267
109,Sereno,Notte,0.1267
110,Sereno,Notte,0.1267
111,Sereno,Notte,0.1267
112,Sereno,Notte,0.1267
113,Sereno,Notte,0.1267
114,Sereno,Notte,0.1067
115,Sereno,Notte,0.2867
116,Sereno,Notte,0.04
117,Sereno,Notte,0.04
118,Sereno,Notte,0.04
119,Sereno,Notte,0.04
120,Sereno,Notte,0.04
121,Sereno,Notte,0.04
122,Sereno,Notte,0.2867
123,Sereno,Notte,0.2867
124,Sereno,Notte,0.14
125,Sereno,Notte,0.2067
126,Sereno,Notte,0.2067
127,Sereno,Notte,0.2067
128,Sereno,Notte,0.1067
129,Sereno,Notte,0.14
130,Sereno,Notte,0.2067
131,Sereno,Notte,0.2067
132,Sereno,Notte,0.04
133,Sereno,Notte,0.1067
134,Sereno,Notte,0.1067
135,Sereno,Notte,0.04
136,Sereno,Notte,0.1267
137,Sereno,Notte,0.1267
138,Sereno,Notte,0.1267
139,Sereno,Notte,0.18
140,Sereno,Notte,0.18
141,Sereno,Notte,0.18
142,Sereno,Notte,0.18
143,Sereno,Notte,0.18
144,Sereno,Notte,0.18
145,Sereno,Notte,0.12
146,Sereno,Notte,0.2067
147,Sereno,Notte,0.2067
148,Sereno,Notte,0.1267
149,Sereno,Notte,0.1267
150,Sereno,Notte,0.1267
151,Sereno,Notte,0.0467
152,Sereno,Notte,0.0467
153,Sereno,Notte,0.0467
154,Sereno,Notte,0.0467
155,Sereno,Notte,0.1067
156,Sereno,Notte,0.1067
157,Sereno,Notte,0.0467
158,Sereno,Notte,0.1067
159,Sereno,Notte,0.1067
160,Sereno,Notte,0.1067
161,Sereno,Notte,0.1067
162,Sereno,Notte,0.1067
163,Sereno,Notte,0.1067
164,Sereno,Notte,0.1067
165,Sereno,Notte,0.1067
166,Sereno,Notte,0.1067
167,Sereno,Notte,0.1067
168,Sereno,Notte,0.1067
169,Sereno,Notte,0.1067
170,Sereno,Notte,0.1067
171,Sereno,Notte,0.1133
172,Sereno,Notte,0.1133
173,Sereno,Notte,0.1133
174,Sereno,Notte,0.1133
175,Sereno,Notte,0.1133
176,Sereno,Notte,0.1133
177,Sereno,Notte,0.2867
178,Sereno,Notte,0.2867
179,Sereno,Notte,0.2867
1,Sereno,Pomeriggio,0.1133
2,Sereno,Pomeriggio,0.1133
3,Sereno,Pomeriggio,0.1133
4,Sereno,Pomeriggio,0.1133
5,Sereno,Pomeriggio,0.1133
6,Sereno,Pomeriggio,0.1133
7,Sereno,Pomeriggio,0.1133
8,Sereno,Pomeriggio,0.1133
9,Sereno,Pomeriggio,0.1133
10,Sereno,Pomeriggio,0.1133
11,Sereno,Pomeriggio,0.1133
12,Sereno,Pomeriggio,0.1133
13,Sereno,Pomeriggio,0.1467
14,Sereno,Pomeriggio,0.1467
15,Sereno,Pomeriggio,0.1467
16,Sereno,Pomeriggio,0.12
17,Sereno,Pomeriggio,0.12
18,Sereno,Pomeriggio,0.1333
19,Sereno,Pomeriggio,0.1333
20,Sereno,Pomeriggio,0.1333
21,Sereno,Pomeriggio,0.1333
22,Sereno,Pomeriggio,0.1333
23,Sereno,Pomeriggio,0.1333
24,Sereno,Pomeriggio,0.1333
25,Sereno,Pomeriggio,0.1333
26,Sereno,Pomeriggio,0.1133
27,Sereno,Pomeriggio,0.1133
28,Sereno,Pomeriggio,0.1133
29,Sereno,Pomeriggio,0.1133
30,Sereno,Pomeriggio,0.1133
31,Sereno,Pomeriggio,0.1133
32,Sereno,Pomeriggio,0.1133
33,Sereno,Pomeriggio,0.1133
34,Sereno,Pomeriggio,0.1733
35,Sereno,Pomeriggio,0.1733
36,Sereno,Pomeriggio,0.1733
37,Sereno,Pomeriggio,0.1733
38,Sereno,Pomeriggio,0.1733
39,Sereno,Pomeriggio,0.1733
40,Sereno,Pomeriggio,0.1733
41,Sereno,Pomeriggio,0.1733
42,Sereno,Pomeriggio,0.1733
43,Sereno,Pomeriggio,0.1067
44,Sereno,Pomeriggio,0.1067
45,Sereno,Pomeriggio,0.1067
46,Sereno,Pomeriggio,0.1067
47,Sereno,Pomeriggio,0.1067
48,Sereno,Pomeriggio,0.1733
49,Sereno,Pomeriggio,0.1067
50,Sereno,Pomeriggio,0.1067
51,Sereno,Pomeriggio,0.1067
52,Sereno,Pomeriggio,0.1067
53,Sereno,Pomeriggio,0.1067
54,Sereno,Pomeriggio,0.1067
55,Sereno,Pomeriggio,0.1067
56,Sereno,Pomeriggio,0.1067
57,Sereno,Pomeriggio,0.1067
58,Sereno,Pomeriggio,0.1067
59,Sereno,Pomeriggio,0.1067
60,Sereno,Pomeriggio,0.1067
61,Sereno,Pomeriggio,0.1067
62,Sereno,Pomeriggio,0.1067
63,Sereno,Pomeriggio,0.42
64,Sereno,Pomeriggio,0.42
65,Sereno,Pomeriggio,0.42
66,Sereno,Pomeriggio,0.42
67,Sereno,Pomeriggio,0.42
68,Sereno,Pomeriggio,0.42
69,Sereno,Pomeriggio,0.1267
70,Sereno,Pomeriggio,0.1267
71,Sereno,Pomeriggio,0.1267
72,Sereno,Pomeriggio,0.12
73,Sereno,Pomeriggio,0.1067
74,Sereno,Pomeriggio,0.1067
75,Sereno,Pomeriggio,0.1067
76,Sereno,Pomeriggio,0.12
77,Sereno,Pomeriggio,0.12
78,Sereno,Pomeriggio,0.04
79,Sereno,Pomeriggio,0.04
80,Sereno,Pomeriggio,0.04
81,Sereno,Pomeriggio,0.04
82,Sereno,Pomeriggio,0.04
83,Sereno,Pomeriggio,0.04
84,Sereno,Pomeriggio,0.04
85,Sereno,Pomeriggio,0.04
86,Sereno,Pomeriggio,0.04
87,Sereno,Pomeriggio,0.04
88,Sereno,Pomeriggio,0.04
89,Sereno,Pomeriggio,0.04
90,Sereno,Pomeriggio,0.12
91,Sereno,Pomeriggio,0.12
92,Sereno,Pomeriggio,0.12
93,Sereno,Pomeriggio,0.3133
94,Sereno,Pomeriggio,0.1067
95,Sereno,Pomeriggio,0.1067
96,Sereno,Pomeriggio,0.3133
97,Sereno,Pomeriggio,0.3133
98,Sereno,Pomeriggio,0.1333
99,Sereno,Pomeriggio,0.04
100,Sereno,Pomeriggio,0.04
101,Sereno,Pomeriggio,0.04
102,Sereno,Pomeriggio,0.1
103,Sereno,Pomeriggio,0.1
104,Sereno,Pomeriggio,0.1
105,Sereno,Pomeriggio,0.1
106,Sereno,Pomeriggio,0.1
107,Sereno,Pomeriggio,0.1
108,Sereno,Pomeriggio,0.1
109,Sereno,Pomeriggio,0.1
110,Sereno,Pomeriggio,0.1
111,Sereno,Pomeriggio,0.1
112,Sereno,Pomeriggio,0.1
113,Sereno,Pomeriggio,0.1
114,Sereno,Pomeriggio,0.1
115,Sereno,Pomeriggio,0.3133
116,Sereno,Pomeriggio,0.04
117,Sereno,Pomeriggio,0.04
118,Sereno,Pomeriggio,0.04
119,Sereno,Pomeriggio,0.04
120,Sereno,Pomeriggio,0.04
121,Sereno,Pomeriggio,0.04
122,Sereno,Pomeriggio,0.3133
123,Sereno,Pomeriggio,0.3133
124,Sereno,Pomeriggio,0.1333
125,Sereno,Pomeriggio,0.16
126,Sereno,Pomeriggio,0.16
127,Sereno,Pomeriggio,0.16
128,Sereno,Pomeriggio,0.1
129,Sereno,Pomeriggio,0.1333
130,Sereno,Pomeriggio,0.16
131,Sereno,Pomeriggio,0.16
132,Sereno,Pomeriggio,0.04
133,Sereno,Pomeriggio,0.12
134,Sereno,Pomeriggio,0.12
135,Sereno,Pomeriggio,0.04
136,Sereno,Pomeriggio,0.1133
137,Sereno,Pomeriggio,0.1133
138,Sereno,Pomeriggio,0.1133
139,Sereno,Pomeriggio,0.1467
140,Sereno,Pomeriggio,0.1467
141,Sereno,Pomeriggio,0.1467
142,Sereno,Pomeriggio,0.1467
143,Sereno,Pomeriggio,0.1467
144,Sereno,Pomeriggio,0.1467
145,Sereno,Pomeriggio,0.12
146,Sereno,Pomeriggio,0.16
147,Sereno,Pomeriggio,0.16
148,Sereno,Pomeriggio,0.1133
149,Sereno,Pomeriggio,0.1133
150,Sereno,Pomeriggio,0.1133
151,Sereno,Pomeriggio,0.0733
152,Sereno,Pomeriggio,0.0733
153,Sereno,Pomeriggio,0.0733
154,Sereno,Pomeriggio,0.0733
155,Sereno,Pomeriggio,0.1133
156,Sereno,Pomeriggio,0.1133
157,Sereno,Pomeriggio,0.0733
158,Sereno,Pomeriggio,0.1133
159,Sereno,Pomeriggio,0.12
160,Sereno,Pomeriggio,0.12
161,Sereno,Pomeriggio,0.12
162,Sereno,Pomeriggio,0.12
163,Sereno,Pomeriggio,0.12
164,Sereno,Pomeriggio,0.12
165,Sereno,Pomeriggio,0.12
166,Sereno,Pomeriggio,0.1133
167,Sereno,Pomeriggio,0.1133
168,Sereno,Pomeriggio,0.1133
169,Sereno,Pomeriggio,0.1133
170,Sereno,Pomeriggio,0.1133
171,Sereno,Pomeriggio,0.0933
172,Sereno,Pomeriggio,0.0933
173,Sereno,Pomeriggio,0.0933
174,Sereno,Pomeriggio,0.0933
175,Sereno,Pomeriggio,0.0933
176,Sereno,Pomeriggio,0.0933
177,Sereno,Pomeriggio,0.3133
178,Sereno,Pomeriggio,0.3133
179,Sereno,Pomeriggio,0.3133
1,Sereno,Sera,0.0933
2,Sereno,Sera,0.0933
3,Sereno,Sera,0.0933
4,Sereno,Sera,0.0933
5,Sereno,Sera,0.0933
6,Sereno,Sera,0.0933
7,Sereno,Sera,0.0933
8,Sereno,Sera,0.0933
9,Sereno,Sera,0.0933
10,Sereno,Sera,0.0933
11,Sereno,Sera,0.0933
12,Sereno,Sera,0.0933
13,Sereno,Sera,0.1333
14,Sereno,Sera,0.1333
15,Sereno,Sera,0.1333
16,Sereno,Sera,0.1067
17,Sereno,Sera,0.1067
18,Sereno,Sera,0.14
19,Sereno,Sera,0.14
20,Sereno,Sera,0.14
21,Sereno,Sera,0.14
22,Sereno,Sera,0.14
23,Sereno,Sera,0.14
24,Sereno,Sera,0.14
25,Sereno,Sera,0.14
26,Sereno,Sera,0.1
27,Sereno,Sera,0.1
28,Sereno,Sera,0.1
29,Sereno,Sera,0.1
30,Sereno,Sera,0.1
31,Sereno,Sera,0.1
32,Sereno,Sera,0.1
33,Sereno,Sera,0.1
34,Sereno,Sera,0.1933
35,Sereno,Sera,0.1933
36,Sereno,Sera,0.1933
37,Sereno,Sera,0.1933
38,Sereno,Sera,0.1933
39,Sereno,Sera,0.1933
40,Sereno,Sera,0.1933
41,Sereno,Sera,0.1933
42,Sereno,Sera,0.1933
43,Sereno,Sera,0.0933
44,Sereno,Sera,0.0933
45,Sereno,Sera,0.0933
46,Sereno,Sera,0.0933
47,Sereno,Sera,0.0933
48,Sereno,Sera,0.1933
49,Sereno,Sera,0.0933
50,Sereno,Sera,0.0933
51,Sereno,Sera,0.0933
52,Sereno,Sera,0.0933
53,Sereno,Sera,0.0933
54,Sereno,Sera,0.0933
55,Sereno,Sera,0.0933
56,Sereno,Sera,0.0933
57,Sereno,Sera,0.0933
58,Sereno,Sera,0.0933
59,Sereno,Sera,0.0933
60,Sereno,Sera,0.0933
61,Sereno,Sera,0.0933
62,Sereno,Sera,0.0933
63,Sereno,Sera,0.4333
64,Sereno,Sera,0.4333
65,Sereno,Sera,0.4333
66,Sereno,Sera,0.4333
67,Sereno,Sera,0.4333
68,Sereno,Sera,0.4333
69,Sereno,Sera,0.1333
70,Sereno,Sera,0.1333
71,Sereno,Sera,0.1333
72,Sereno,Sera,0.1067
73,Sereno,Sera,0.0933
74,Sereno,Sera,0.0933
75,Sereno,Sera,0.0933
76,Sereno,Sera,0.0867
77,Sereno,Sera,0.0867
78,Sereno,Sera,0.08
79,Sereno,Sera,0.08
80,Sereno,Sera,0.08
81,Sereno,Sera,0.08
82,Sereno,Sera,0.08
83,Sereno,Sera,0.08
84,Sereno,Sera,0.08
85,Sereno,Sera,0.08
86,Sereno,Sera,0.08
87,Sereno,Sera,0.08
88,Sereno,Sera,0.08
89,Sereno,Sera,0.08
90,Sereno,Sera,0.0867
91,Sereno,Sera,0.0867
92,Sereno,Sera,0.1067
93,Sereno,Sera,0.2867
94,Sereno,Sera,0.0933
95,Sereno,Sera,0.0933
96,Sereno,Sera,0.2867
97,Sereno,Sera,0.2867
98,Sereno,Sera,0.1467
99,Sereno,Sera,0.08
100,Sereno,Sera,0.08
101,Sereno,Sera,0.08
102,Sereno,Sera,0.08
103,Sereno,Sera,0.08
104,Sereno,Sera,0.08
105,Sereno,Sera,0.08
106,Sereno,Sera,0.08
107,Sereno,Sera,0.08
108,Sereno,Sera,0.08
109,Sereno,Sera,0.08
110,Sereno,Sera,0.08
111,Sereno,Sera,0.08
112,Sereno,Sera,0.08
113,Sereno,Sera,0.08
114,Sereno,Sera,0.08
115,Sereno,Sera,0.2867
116,Sereno,Sera,0.08
117,Sereno,Sera,0.08
118,Sereno,Sera,0.08
119,Sereno,Sera,0.08
120,Sereno,Sera,0.08
121,Sereno,Sera,0.08
122,Sereno,Sera,0.2867
123,Sereno,Sera,0.2867
124,Sereno,Sera,0.1267
125,Sereno,Sera,0.2333
126,Sereno,Sera,0.2333
127,Sereno,Sera,0.2333
128,Sereno,Sera,0.08
129,Sereno,Sera,0.1267
130,Sereno,Sera,0.2333
131,Sereno,Sera,0.2333
132,Sereno,Sera,0.08
133,Sereno,Sera,0.0867
134,Sereno,Sera,0.0867
135,Sereno,Sera,0.08
136,Sereno,Sera,0.12
137,Sereno,Sera,0.12
138,Sereno,Sera,0.12
139,Sereno,Sera,0.1333
140,Sereno,Sera,0.1333
141,Sereno,Sera,0.1333
142,Sereno,Sera,0.1333
143,Sereno,Sera,0.1333
144,Sereno,Sera,0.1333
145,Sereno,Sera,0.1067
146,Sereno,Sera,0.2333
147,Sereno,Sera,0.2333
148,Sereno,Sera,0.12
149,Sereno,Sera,0.12
150,Sereno,Sera,0.12
151,Sereno,Sera,0.1
152,Sereno,Sera,0.1
153,Sereno,Sera,0.1
154,Sereno,Sera,0.1
155,Sereno,Sera,0.1267
156,Sereno,Sera,0.1267
157,Sereno,Sera,0.1
158,Sereno,Sera,0.1267
159,Sereno,Sera,0.12
160,Sereno,Sera,0.12
161,Sereno,Sera,0.12
162,Sereno,Sera,0.12
163,Sereno,Sera,0.12
164,Sereno,Sera,0.12
165,Sereno,Sera,0.12
166,Sereno,Sera,0.1267
167,Sereno,Sera,0.1267
168,Sereno,Sera,0.1267
169,Sereno,Sera,0.1267
170,Sereno,Sera,0.1267
171,Sereno,Sera,0.1
172,Sereno,Sera,0.1
173,Sereno,Sera,0.1
174,Sereno,Sera,0.1
175,Sereno,Sera,0.1
176,Sereno,Sera,0.1
177,Sereno,Sera,0.2867
178,Sereno,Sera,0.2867
179,Sereno,Sera,0.2867
1,Pioggia,Mattino,0.0733
2,Pioggia,Mattino,0.0733
3,Pioggia,Mattino,0.0733
4,Pioggia,Mattino,0.0733
5,Pioggia,Mattino,0.0733
6,Pioggia,Mattino,0.0733
7,Pioggia,Mattino,0.0733
8,Pioggia,Mattino,0.0733
9,Pioggia,Mattino,0.0733
10,Pioggia,Mattino,0.0733
11,Pioggia,Mattino,0.0733
12,Pioggia,Mattino,0.0733
13,Pioggia,Mattino,0.1133
14,Pioggia,Mattino,0.1133
15,Pioggia,Mattino,0.1133
16,Pioggia,Mattino,0.0733
17,Pioggia,Mattino,0.0733
18,Pioggia,Mattino,0.0733
19,Pioggia,Mattino,0.0733
20,Pioggia,Mattino,0.0733
21,Pioggia,Mattino,0.0733
22,Pioggia,Mattino,0.0733
23,Pioggia,Mattino,0.0733
24,Pioggia,Mattino,0.0733
25,Pioggia,Mattino,0.0733
26,Pioggia,Mattino,0.0733
27,Pioggia,Mattino,0.0733
28,Pioggia,Mattino,0.0733
29,Pioggia,Mattino,0.0733
30,Pioggia,Mattino,0.0733
31,Pioggia,Mattino,0.0733
32,Pioggia,Mattino,0.0733
33,Pioggia,Mattino,0.0733
34,Pioggia,Mattino,0.18
35,Pioggia,Mattino,0.18
36,Pioggia,Mattino,0.18
37,Pioggia,Mattino,0.18
38,Pioggia,Mattino,0.18
39,Pioggia,Mattino,0.18
40,Pioggia,Mattino,0.18
41,Pioggia,Mattino,0.18
42,Pioggia,Mattino,0.18
43,Pioggia,Mattino,0.0533
44,Pioggia,Mattino,0.0533
45,Pioggia,Mattino,0.0533
46,Pioggia,Mattino,0.0533
47,Pioggia,Mattino,0.0533
48,Pioggia,Mattino,0.18
49,Pioggia,Mattino,0.0533
50,Pioggia,Mattino,0.0533
51,Pioggia,Mattino,0.0533
52,Pioggia,Mattino,0.0533
53,Pioggia,Mattino,0.0533
54,Pioggia,Mattino,0.0533
55,Pioggia,Mattino,0.0533
56,Pioggia,Mattino,0.0533
57,Pioggia,Mattino,0.0533
58,Pioggia,Mattino,0.0533
59,Pioggia,Mattino,0.0533
60,Pioggia,Mattino,0.0533
61,Pioggia,Mattino,0.0533
62,Pioggia,Mattino,0.0533
63,Pioggia,Mattino,0.38
64,Pioggia,Mattino,0.38
65,Pioggia,Mattino,0.38
66,Pioggia,Mattino,0.38
67,Pioggia,Mattino,0.38
68,Pioggia,Mattino,0.38
69,Pioggia,Mattino,0.1
70,Pioggia,Mattino,0.1
71,Pioggia,Mattino,0.1
72,Pioggia,Mattino,0.0733
73,Pioggia,Mattino,0.0867
74,Pioggia,Mattino,0.0867
75,Pioggia,Mattino,0.0867
76,Pioggia,Mattino,0.0733
77,Pioggia,Mattino,0.0733
78,Pioggia,Mattino,0.0333
79,Pioggia,Mattino,0.0333
80,Pioggia,Mattino,0.0333
81,Pioggia,Mattino,0.0333
82,Pioggia,Mattino,0.0333
83,Pioggia,Mattino,0.0333
84,Pioggia,Mattino,0.0333
85,Pioggia,Mattino,0.0333
86,Pioggia,Mattino,0.0333
87,Pioggia,Mattino,0.0333
88,Pioggia,Mattino,0.0333
89,Pioggia,Mattino,0.0333
90,Pioggia,Mattino,0.0733
91,Pioggia,Mattino,0.0733
92,Pioggia,Mattino,0.0733
93,Pioggia,Mattino,0.3333
94,Pioggia,Mattino,0.0867
95,Pioggia,Mattino,0.0867
96,Pioggia,Mattino,0.3333
97,Pioggia,Mattino,0.3333
98,Pioggia,Mattino,0.0733
99,Pioggia,Mattino,0.0333
100,Pioggia,Mattino,0.0333
101,Pioggia,Mattino,0.0333
102,Pioggia,Mattino,0.0533
103,Pioggia,Mattino,0.0533
104,Pioggia,Mattino,0.0533
105,Pioggia,Mattino,0.0533
106,Pioggia,Mattino,0.0533
107,Pioggia,Mattino,0.0533
108,Pioggia,Mattino,0.0533
109,Pioggia,Mattino,0.0533
110,Pioggia,Mattino,0.0533
111,Pioggia,Mattino,0.0533
112,Pioggia,Mattino,0.0533
113,Pioggia,Mattino,0.0533
114,Pioggia,Mattino,0.0667
115,Pioggia,Mattino,0.3333
116,Pioggia,Mattino,0.0333
117,Pioggia,Mattino,0.0333
118,Pioggia,Mattino,0.0333
119,Pioggia,Mattino,0.0333
120,Pioggia,Mattino,0.0333
121,Pioggia,Mattino,0.0333
122,Pioggia,Mattino,0.3333
123,Pioggia,Mattino,0.3333
124,Pioggia,Mattino,0.0867
125,Pioggia,Mattino,0.1733
126,Pioggia,Mattino,0.1733
127,Pioggia,Mattino,0.1733
128,Pioggia,Mattino,0.0667
129,Pioggia,Mattino,0.0867
130,Pioggia,Mattino,0.1733
131,Pioggia,Mattino,0.1733
132,Pioggia,Mattino,0.0333
133,Pioggia,Mattino,0.0733
134,Pioggia,Mattino,0.0733
135,Pioggia,Mattino,0.0333
136,Pioggia,Mattino,0.0867
137,Pioggia,Mattino,0.0867
138,Pioggia,Mattino,0.0867
139,Pioggia,Mattino,0.1133
140,Pioggia,Mattino,0.1133
141,Pioggia,Mattino,0.1133
142,Pioggia,Mattino,0.1133
143,Pioggia,Mattino,0.1133
144,Pioggia,Mattino,0.1133
145,Pioggia,Mattino,0.0733
146,Pioggia,Mattino,0.1733
147,Pioggia,Mattino,0.1733
148,Pioggia,Mattino,0.0867
149,Pioggia,Mattino,0.0867
150,Pioggia,Mattino,0.0867
151,Pioggia,Mattino,0.0533
152,Pioggia,Mattino,0.0533
153,Pioggia,Mattino,0.0533
154,Pioggia,Mattino,0.0533
155,Pioggia,Mattino,0.08
156,Pioggia,Mattino,0.08
157,Pioggia,Mattino,0.0533
158,Pioggia,Mattino,0.08
159,Pioggia,Mattino,0.0933
160,Pioggia,Mattino,0.0933
161,Pioggia,Mattino,0.0933
162,Pioggia,Mattino,0.0933
163,Pioggia,Mattino,0.0933
164,Pioggia,Mattino,0.0933
165,Pioggia,Mattino,0.0933
166,Pioggia,Mattino,0.08
167,Pioggia,Mattino,0.08
168,Pioggia,Mattino,0.08
169,Pioggia,Mattino,0.08
170,Pioggia,Mattino,0.08
171,Pioggia,Mattino,0.06
172,Pioggia,Mattino,0.06
173,Pioggia,Mattino,0.06
174,Pioggia,Mattino,0.06
175,Pioggia,Mattino,0.06
176,Pioggia,Mattino,0.06
177,Pioggia,Mattino,0.3333
178,Pioggia,Mattino,0.3333
179,Pioggia,Mattino,0.3333
1,Pioggia,Notte,0.1
2,Pioggia,Notte,0.1
3,Pioggia,Notte,0.1
4,Pioggia,Notte,0.1
5,Pioggia,Notte,0.1
6,Pioggia,Notte,0.1
7,Pioggia,Notte,0.1
8,Pioggia,Notte,0.1
9,Pioggia,Notte,0.1
10,Pioggia,Notte,0.1
11,Pioggia,Notte,0.1
12,Pioggia,Notte,0.1
13,Pioggia,Notte,0.1267
14,Pioggia,Notte,0.1267
15,Pioggia,Notte,0.1267
16,Pioggia,Notte,0.1067
17,Pioggia,Notte,0.1067
18,Pioggia,Notte,0.1067
19,Pioggia,Notte,0.1067
20,Pioggia,Notte,0.1067
21,Pioggia,Notte,0.1067
22,Pioggia,Notte,0.1067
23,Pioggia,Notte,0.1067
24,Pioggia,Notte,0.1067
25,Pioggia,Notte,0.1067
26,Pioggia,Notte,0.1067
27,Pioggia,Notte,0.1067
28,Pioggia,Notte,0.1067
29,Pioggia,Notte,0.1067
30,Pioggia,Notte,0.1067
31,Pioggia,Notte,0.1067
32,Pioggia,Notte,0.1067
33,Pioggia,Notte,0.1067
34,Pioggia,Notte,0.1667
35,Pioggia,Notte,0.1667
36,Pioggia,Notte,0.1667
37,Pioggia,Notte,0.1667
38,Pioggia,Notte,0.1667
39,Pioggia,Notte,0.1667
40,Pioggia,Notte,0.1667
41,Pioggia,Notte,0.1667
42,Pioggia,Notte,0.1667
43,Pioggia,Notte,0.0867
44,Pioggia,Notte,0.0867
45,Pioggia,Notte,0.0867
46,Pioggia,Notte,0.0867
47,Pioggia,Notte,0.0867
48,Pioggia,Notte,0.1667
49,Pioggia,Notte,0.0867
50,Pioggia,Notte,0.0867
51,Pioggia,Notte,0.0867
52,Pioggia,Notte,0.0867
53,Pioggia,Notte,0.0867
54,Pioggia,Notte,0.0867
55,Pioggia,Notte,0.0867
56,Pioggia,Notte,0.0867
57,Pioggia,Notte,0.0867
58,Pioggia,Notte,0.0867
59,Pioggia,Notte,0.0867
60,Pioggia,Notte,0.0867
61,Pioggia,Notte,0.0867
62,Pioggia,Notte,0.0867
63,Pioggia,Notte,0.3867
64,Pioggia,Notte,0.3867
65,Pioggia,Notte,0.3867
66,Pioggia,Notte,0.3867
67,Pioggia,Notte,0.3867
68,Pioggia,Notte,0.3867
69,Pioggia,Notte,0.1067
70,Pioggia,Notte,0.1067
71,Pioggia,Notte,0.1067
72,Pioggia,Notte,0.1067
73,Pioggia,Notte,0.1067
74,Pioggia,Notte,0.1067
75,Pioggia,Notte,0.1067
76,Pioggia,Notte,0.08
77,Pioggia,Notte,0.08
78,Pioggia,Notte,0.0333
79,Pioggia,Notte,0.0333
80,Pioggia,Notte,0.0333
81,Pioggia,Notte,0.0333
82,Pioggia,Notte,0.0333
83,Pioggia,Notte,0.0333
84,Pioggia,Notte,0.0333
85,Pioggia,Notte,0.0333
86,Pioggia,Notte,0.0333
87,Pioggia,Notte,0.0333
88,Pioggia,Notte,0.0333
89,Pioggia,Notte,0.0333
90,Pioggia,Notte,0.08
91,Pioggia,Notte,0.08
92,Pioggia,Notte,0.1067
93,Pioggia,Notte,0.3533
94,Pioggia,Notte,0.1067
95,Pioggia,Notte,0.1067
96,Pioggia,Notte,0.3533
97,Pioggia,Notte,0.3533
98,Pioggia,Notte,0.1067
99,Pioggia,Notte,0.0333
100,Pioggia,Notte,0.0333
101,Pioggia,Notte,0.0333
102,Pioggia,Notte,0.08
103,Pioggia,Notte,0.08
104,Pioggia,Notte,0.08
105,Pioggia,Notte,0.08
106,Pioggia,Notte,0.08
107,Pioggia,Notte,0.08
108,Pioggia,Notte,0.08
109,Pioggia,Notte,0.08
110,Pioggia,Notte,0.08
111,Pioggia,Notte,0.08
112,Pioggia,Notte,0.08
113,Pioggia,Notte,0.08
114,Pioggia,Notte,0.0933
115,Pioggia,Notte,0.3533
116,Pioggia,Notte,0.0333
117,Pioggia,Notte,0.0333
118,Pioggia,Notte,0.0333
119,Pioggia,Notte,0.0333
120,Pioggia,Notte,0.0333
121,Pioggia,Notte,0.0333
122,Pioggia,Notte,0.3533
123,Pioggia,Notte,0.3533
124,Pioggia,Notte,0.1267
125,Pioggia,Notte,0.1933
126,Pioggia,Notte,0.1933
127,Pioggia,Notte,0.1933
128,Pioggia,Notte,0.0933
129,Pioggia,Notte,0.1267
130,Pioggia,Notte,0.1933
131,Pioggia,Notte,0.1933
132,Pioggia,Notte,0.0333
133,Pioggia,Notte,0.08
134,Pioggia,Notte,0.08
135,Pioggia,Notte,0.0333
136,Pioggia,Notte,0.0933
137,Pioggia,Notte,0.0933
138,Pioggia,Notte,0.0933
139,Pioggia,Notte,0.1267
140,Pioggia,Notte,0.1267
141,Pioggia,Notte,0.1267
142,Pioggia,Notte,0.1267
143,Pioggia,Notte,0.1267
144,Pioggia,Notte,0.1267
145,Pioggia,Notte,0.1067
146,Pioggia,Notte,0.1933
147,Pioggia,Notte,0.1933
148,Pioggia,Notte,0.0933
149,Pioggia,Notte,0.0933
150,Pioggia,Notte,0.0933
151,Pioggia,Notte,0.0667
152,Pioggia,Notte,0.0667
153,Pioggia,Notte,0.0667
154,Pioggia,Notte,0.0667
155,Pioggia,Notte,0.12
156,Pioggia,Notte,0.12
157,Pioggia,Notte,0.0667
158,Pioggia,Notte,0.12
159,Pioggia,Notte,0.1067
160,Pioggia,Notte,0.1067
161,Pioggia,Notte,0.1067
162,Pioggia,Notte,0.1067
163,Pioggia,Notte,0.1067
164,Pioggia,Notte,0.1067
165,Pioggia,Notte,0.1067
166,Pioggia,Notte,0.12
167,Pioggia,Notte,0.12
168,Pioggia,Notte,0.12
169,Pioggia,Notte,0.12
170,Pioggia,Notte,0.12
171,Pioggia,Notte,0.0933
172,Pioggia,Notte,0.0933
173,Pioggia,Notte,0.0933
174,Pioggia,Notte,0.0933
175,Pioggia,Notte,0.0933
176,Pioggia,Notte,0.0933
177,Pioggia,Notte,0.3533
178,Pioggia,Notte,0.3533
179,Pioggia,Notte,0.3533
1,Pioggia,Pomeriggio,0.0933
2,Pioggia,Pomeriggio,0.0933
3,Pioggia,Pomeriggio,0.0933
4,Pioggia,Pomeriggio,0.0933
5,Pioggia,Pomeriggio,0.0933
6,Pioggia,Pomeriggio,0.0933
7,Pioggia,Pomeriggio,0.0933
8,Pioggia,Pomeriggio,0.0933
9,Pioggia,Pomeriggio,0.0933
10,Pioggia,Pomeriggio,0.0933
11,Pioggia,Pomeriggio,0.0933
12,Pioggia,Pomeriggio,0.0933
13,Pioggia,Pomeriggio,0.1267
14,Pioggia,Pomeriggio,0.1267
15,Pioggia,Pomeriggio,0.1267
16,Pioggia,Pomeriggio,0.0933
17,Pioggia,Pomeriggio,0.0933
18,Pioggia,Pomeriggio,0.0933
19,Pioggia,Pomeriggio,0.0933
20,Pioggia,Pomeriggio,0.0933
21,Pioggia,Pomeriggio,0.0933
22,Pioggia,Pomeriggio,0.0933
23,Pioggia,Pomeriggio,0.0933
24,Pioggia,Pomeriggio,0.0933
25,Pioggia,Pomeriggio,0.0933
26,Pioggia,Pomeriggio,0.0933
27,Pioggia,Pomeriggio,0.0933
28,Pioggia,Pomeriggio,0.0933
29,Pioggia,Pomeriggio,0.0933
30,Pioggia,Pomeriggio,0.0933
31,Pioggia,Pomeriggio,0.0933
32,Pioggia,Pomeriggio,0.0933
33,Pioggia,Pomeriggio,0.0933
34,Pioggia,Pomeriggio,0.16
35,Pioggia,Pomeriggio,0.16
36,Pioggia,Pomeriggio,0.16
37,Pioggia,Pomeriggio,0.16
38,Pioggia,Pomeriggio,0.16
39,Pioggia,Pomeriggio,0.16
40,Pioggia,Pomeriggio,0.16
41,Pioggia,Pomeriggio,0.16
42,Pioggia,Pomeriggio,0.16
43,Pioggia,Pomeriggio,0.0733
44,Pioggia,Pomeriggio,0.0733
45,Pioggia,Pomeriggio,0.0733
46,Pioggia,Pomeriggio,0.0733
47,Pioggia,Pomeriggio,0.0733
48,Pioggia,Pomeriggio,0.16
49,Pioggia,Pomeriggio,0.0733
50,Pioggia,Pomeriggio,0.0733
51,Pioggia,Pomeriggio,0.0733
52,Pioggia,Pomeriggio,0.0733
53,Pioggia,Pomeriggio,0.0733
54,Pioggia,Pomeriggio,0.0733
55,Pioggia,Pomeriggio,0.0733
56,Pioggia,Pomeriggio,0.0733
57,Pioggia,Pomeriggio,0.0733
58,Pioggia,Pomeriggio,0.0733
59,Pioggia,Pomeriggio,0.0733
60,Pioggia,Pomeriggio,0.0733
61,Pioggia,Pomeriggio,0.0733
62,Pioggia,Pomeriggio,0.0733
63,Pioggia,Pomeriggio,0.3733
64,Pioggia,Pomeriggio,0.3733
65,Pioggia,Pomeriggio,0.3733
66,Pioggia,Pomeriggio,0.3733
67,Pioggia,Pomeriggio,0.3733
68,Pioggia,Pomeriggio,0.3733
69,Pioggia,Pomeriggio,0.1
70,Pioggia,Pomeriggio,0.1
71,Pioggia,Pomeriggio,0.1
72,Pioggia,Pomeriggio,0.0933
73,Pioggia,Pomeriggio,0.1133
74,Pioggia,Pomeriggio,0.1133
75,Pioggia,Pomeriggio,0.1133
76,Pioggia,Pomeriggio,0.08
77,Pioggia,Pomeriggio,0.08
78,Pioggia,Pomeriggio,0.0333
79,Pioggia,Pomeriggio,0.0333
80,Pioggia,Pomeriggio,0.0333
81,Pioggia,Pomeriggio,0.0333
82,Pioggia,Pomeriggio,0.0333
83,Pioggia,Pomeriggio,0.0333
84,Pioggia,Pomeriggio,0.0333
85,Pioggia,Pomeriggio,0.0333
86,Pioggia,Pomeriggio,0.0333
87,Pioggia,Pomeriggio,0.0333
88,Pioggia,Pomeriggio,0.0333
89,Pioggia,Pomeriggio,0.0333
90,Pioggia,Pomeriggio,0.08
91,Pioggia,Pomeriggio,0.08
92,Pioggia,Pomeriggio,0.0933
93,Pioggia,Pomeriggio,0.3267
94,Pioggia,Pomeriggio,0.1133
95,Pioggia,Pomeriggio,0.1133
96,Pioggia,Pomeriggio,0.3267
97,Pioggia,Pomeriggio,0.3267
98,Pioggia,Pomeriggio,0.0933
99,Pioggia,Pomeriggio,0.0333
100,Pioggia,Pomeriggio,0.0333
101,Pioggia,Pomeriggio,0.0333
102,Pioggia,Pomeriggio,0.0667
103,Pioggia,Pomeriggio,0.0667
104,Pioggia,Pomeriggio,0.0667
105,Pioggia,Pomeriggio,0.0667
106,Pioggia,Pomeriggio,0.0667
107,Pioggia,Pomeriggio,0.0667
108,Pioggia,Pomeriggio,0.0667
109,Pioggia,Pomeriggio,0.0667
110,Pioggia,Pomeriggio,0.0667
111,Pioggia,Pomeriggio,0.0667
112,Pioggia,Pomeriggio,0.0667
113,Pioggia,Pomeriggio,0.0667
114,Pioggia,Pomeriggio,0.08
115,Pioggia,Pomeriggio,0.3267
116,Pioggia,Pomeriggio,0.0333
117,Pioggia,Pomeriggio,0.0333
118,Pioggia,Pomeriggio,0.0333
119,Pioggia,Pomeriggio,0.0333
120,Pioggia,Pomeriggio,0.0333
121,Pioggia,Pomeriggio,0.0333
122,Pioggia,Pomeriggio,0.3267
123,Pioggia,Pomeriggio,0.3267
124,Pioggia,Pomeriggio,0.1067
125,Pioggia,Pomeriggio,0.1867
126,Pioggia,Pomeriggio,0.1867
127,Pioggia,Pomeriggio,0.1867
128,Pioggia,Pomeriggio,0.08
129,Pioggia,Pomeriggio,0.1067
130,Pioggia,Pomeriggio,0.1867
131,Pioggia,Pomeriggio,0.1867
132,Pioggia,Pomeriggio,0.0333
133,Pioggia,Pomeriggio,0.08
134,Pioggia,Pomeriggio,0.08
135,Pioggia,Pomeriggio,0.0333
136,Pioggia,Pomeriggio,0.1
137,Pioggia,Pomeriggio,0.1
138,Pioggia,Pomeriggio,0.1
139,Pioggia,Pomeriggio,0.12
140,Pioggia,Pomeriggio,0.12
141,Pioggia,Pomeriggio,0.12
142,Pioggia,Pomeriggio,0.1267
143,Pioggia,Pomeriggio,0.1267
144,Pioggia,Pomeriggio,0.1267
145,Pioggia,Pomeriggio,0.0933
146,Pioggia,Pomeriggio,0.1867
147,Pioggia,Pomeriggio,0.1867
148,Pioggia,Pomeriggio,0.1
149,Pioggia,Pomeriggio,0.1
150,Pioggia,Pomeriggio,0.1
151,Pioggia,Pomeriggio,0.06
152,Pioggia,Pomeriggio,0.06
153,Pioggia,Pomeriggio,0.06
154,Pioggia,Pomeriggio,0.06
155,Pioggia,Pomeriggio,0.0867
156,Pioggia,Pomeriggio,0.0867
157,Pioggia,Pomeriggio,0.06
158,Pioggia,Pomeriggio,0.0867
159,Pioggia,Pomeriggio,0.08
160,Pioggia,Pomeriggio,0.08
161,Pioggia,Pomeriggio,0.08
162,Pioggia,Pomeriggio,0.08
163,Pioggia,Pomeriggio,0.08
164,Pioggia,Pomeriggio,0.08
165,Pioggia,Pomeriggio,0.08
166,Pioggia,Pomeriggio,0.0867
167,Pioggia,Pomeriggio,0.0867
168,Pioggia,Pomeriggio,0.0867
169,Pioggia,Pomeriggio,0.0867
170,Pioggia,Pomeriggio,0.0867
171,Pioggia,Pomeriggio,0.0667
172,Pioggia,Pomeriggio,0.0667
173,Pioggia,Pomeriggio,0.0667
174,Pioggia,Pomeriggio,0.0667
175,Pioggia,Pomeriggio,0.0667
176,Pioggia,Pomeriggio,0.0667
177,Pioggia,Pomeriggio,0.32
178,Pioggia,Pomeriggio,0.32
179,Pioggia,Pomeriggio,0.32
1,Pioggia,Sera,0.12
2,Pioggia,Sera,0.12
3,Pioggia,Sera,0.12
4,Pioggia,Sera,0.12
5,Pioggia,Sera,0.12
6,Pioggia,Sera,0.12
7,Pioggia,Sera,0.12
8,Pioggia,Sera,0.12
9,Pioggia,Sera,0.12
10,Pioggia,Sera,0.12
11,Pioggia,Sera,0.12
12,Pioggia,Sera,0.12
13,Pioggia,Sera,0.1533
14,Pioggia,Sera,0.1533
15,Pioggia,Sera,0.1533
16,Pioggia,Sera,0.1333
17,Pioggia,Sera,0.1333
18,Pioggia,Sera,0.12
19,Pioggia,Sera,0.12
20,Pioggia,Sera,0.12
21,Pioggia,Sera,0.12
22,Pioggia,Sera,0.12
23,Pioggia,Sera,0.12
24,Pioggia,Sera,0.12
25,Pioggia,Sera,0.12
26,Pioggia,Sera,0.1333
27,Pioggia,Sera,0.1333
28,Pioggia,Sera,0.1333
29,Pioggia,Sera,0.1333
30,Pioggia,Sera,0.1333
31,Pioggia,Sera,0.1333
32,Pioggia,Sera,0.1333
33,Pioggia,Sera,0.1333
34,Pioggia,Sera,0.1933
35,Pioggia,Sera,0.1933
36,Pioggia,Sera,0.1933
37,Pioggia,Sera,0.1933
38,Pioggia,Sera,0.1933
39,Pioggia,Sera,0.1933
40,Pioggia,Sera,0.1933
41,Pioggia,Sera,0.1933
42,Pioggia,Sera,0.1933
43,Pioggia,Sera,0.1
44,Pioggia,Sera,0.1
45,Pioggia,Sera,0.1
46,Pioggia,Sera,0.1
47,Pioggia,Sera,0.1
48,Pioggia,Sera,0.1933
49,Pioggia,Sera,0.1
50,Pioggia,Sera,0.1
51,Pioggia,Sera,0.1
52,Pioggia,Sera,0.1
53,Pioggia,Sera,0.1
54,Pioggia,Sera,0.1
55,Pioggia,Sera,0.1
56,Pioggia,Sera,0.1
57,Pioggia,Sera,0.1
58,Pioggia,Sera,0.1
59,Pioggia,Sera,0.1
60,Pioggia,Sera,0.1
61,Pioggia,Sera,0.1
62,Pioggia,Sera,0.1
63,Pioggia,Sera,0.3667
64,Pioggia,Sera,0.3667
65,Pioggia,Sera,0.3667
66,Pioggia,Sera,0.3667
67,Pioggia,Sera,0.3667
68,Pioggia,Sera,0.3667
69,Pioggia,Sera,0.1467
70,Pioggia,Sera,0.1467
71,Pioggia,Sera,0.1467
72,Pioggia,Sera,0.1333
73,Pioggia,Sera,0.1333
74,Pioggia,Sera,0.1333
75,Pioggia,Sera,0.1333
76,Pioggia,Sera,0.1133
77,Pioggia,Sera,0.1133
78,Pioggia,Sera,0.04
79,Pioggia,Sera,0.04
80,Pioggia,Sera,0.04
81,Pioggia,Sera,0.04
82,Pioggia,Sera,0.04
83,Pioggia,Sera,0.04
84,Pioggia,Sera,0.04
85,Pioggia,Sera,0.04
86,Pioggia,Sera,0.04
87,Pioggia,Sera,0.04
88,Pioggia,Sera,0.04
89,Pioggia,Sera,0.04
90,Pioggia,Sera,0.1133
91,Pioggia,Sera,0.1133
92,Pioggia,Sera,0.1333
93,Pioggia,Sera,0.44
94,Pioggia,Sera,0.1333
95,Pioggia,Sera,0.1333
96,Pioggia,Sera,0.44
97,Pioggia,Sera,0.44
98,Pioggia,Sera,0.1333
99,Pioggia,Sera,0.04
100,Pioggia,Sera,0.04
101,Pioggia,Sera,0.04
102,Pioggia,Sera,0.1
103,Pioggia,Sera,0.1
104,Pioggia,Sera,0.1
105,Pioggia,Sera,0.1
106,Pioggia,Sera,0.1
107,Pioggia,Sera,0.1
108,Pioggia,Sera,0.1
109,Pioggia,Sera,0.1
110,Pioggia,Sera,0.1
111,Pioggia,Sera,0.1
112,Pioggia,Sera,0.1
113,Pioggia,Sera,0.1
114,Pioggia,Sera,0.12
115,Pioggia,Sera,0.44
116,Pioggia,Sera,0.04
117,Pioggia,Sera,0.04
118,Pioggia,Sera,0.04
119,Pioggia,Sera,0.04
120,Pioggia,Sera,0.04
121,Pioggia,Sera,0.04
122,Pioggia,Sera,0.44
123,Pioggia,Sera,0.44
124,Pioggia,Sera,0.1467
125,Pioggia,Sera,0.2
126,Pioggia,Sera,0.2
127,Pioggia,Sera,0.2
128,Pioggia,Sera,0.12
129,Pioggia,Sera,0.1467
130,Pioggia,Sera,0.2
131,Pioggia,Sera,0.2
132,Pioggia,Sera,0.04
133,Pioggia,Sera,0.1133
134,Pioggia,Sera,0.1133
135,Pioggia,Sera,0.04
136,Pioggia,Sera,0.1
137,Pioggia,Sera,0.1
138,Pioggia,Sera,0.1
139,Pioggia,Sera,0.14
140,Pioggia,Sera,0.14
141,Pioggia,Sera,0.14
142,Pioggia,Sera,0.1533
143,Pioggia,Sera,0.1533
144,Pioggia,Sera,0.1533
145,Pioggia,Sera,0.1333
146,Pioggia,Sera,0.2
147,Pioggia,Sera,0.2
148,Pioggia,Sera,0.1
149,Pioggia,Sera,0.1
150,Pioggia,Sera,0.1
151,Pioggia,Sera,0.04
152,Pioggia,Sera,0.04
153,Pioggia,Sera,0.04
154,Pioggia,Sera,0.04
155,Pioggia,Sera,0.1133
156,Pioggia,Sera,0.1133
157,Pioggia,Sera,0.04
158,Pioggia,Sera,0.1133
159,Pioggia,Sera,0.1133
160,Pioggia,Sera,0.1133
161,Pioggia,Sera,0.1133
162,Pioggia,Sera,0.1133
163,Pioggia,Sera,0.1133
164,Pioggia,Sera,0.1133
165,Pioggia,Sera,0.1133
166,Pioggia,Sera,0.1133
167,Pioggia,Sera,0.1133
168,Pioggia,Sera,0.1133
169,Pioggia,Sera,0.1133
170,Pioggia,Sera,0.1133
171,Pioggia,Sera,0.0933
172,Pioggia,Sera,0.0933
173,Pioggia,Sera,0.0933
174,Pioggia,Sera,0.0933
175,Pioggia,Sera,0.0933
176,Pioggia,Sera,0.0933
177,Pioggia,Sera,0.4267
178,Pioggia,Sera,0.4267
179,Pioggia,Sera,0.4267
1,Nebbia,Mattino,0.0733
2,Nebbia,Mattino,0.0733
3,Nebbia,Mattino,0.0733
4,Nebbia,Mattino,0.0733
5,Nebbia,Mattino,0.0733
6,Nebbia,Mattino,0.0733
7,Nebbia,Mattino,0.0733
8,Nebbia,Mattino,0.0733
9,Nebbia,Mattino,0.0733
10,Nebbia,Mattino,0.0733
11,Nebbia,Mattino,0.0733
12,Nebbia,Mattino,0.0733
13,Nebbia,Mattino,0.1133
14,Nebbia,Mattino,0.1133
15,Nebbia,Mattino,0.1133
16,Nebbia,Mattino,0.0933
17,Nebbia,Mattino,0.0933
18,Nebbia,Mattino,0.1333
19,Nebbia,Mattino,0.1333
20,Nebbia,Mattino,0.1333
21,Nebbia,Mattino,0.1333
22,Nebbia,Mattino,0.1333
23,Nebbia,Mattino,0.1333
24,Nebbia,Mattino,0.1333
25,Nebbia,Mattino,0.1333
26,Nebbia,Mattino,0.0933
27,Nebbia,Mattino,0.0933
28,Nebbia,Mattino,0.0933
29,Nebbia,Mattino,0.0933
30,Nebbia,Mattino,0.0933
31,Nebbia,Mattino,0.0933
32,Nebbia,Mattino,0.0933
33,Nebbia,Mattino,0.0933
34,Nebbia,Mattino,0.1533
35,Nebbia,Mattino,0.1533
36,Nebbia,Mattino,0.1533
37,Nebbia,Mattino,0.1533
38,Nebbia,Mattino,0.1533
39,Nebbia,Mattino,0.1533
40,Nebbia,Mattino,0.1533
41,Nebbia,Mattino,0.1533
42,Nebbia,Mattino,0.1533
43,Nebbia,Mattino,0.0667
44,Nebbia,Mattino,0.0667
45,Nebbia,Mattino,0.0667
46,Nebbia,Mattino,0.0667
47,Nebbia,Mattino,0.0667
48,Nebbia,Mattino,0.1533
49,Nebbia,Mattino,0.0667
50,Nebbia,Mattino,0.0667
51,Nebbia,Mattino,0.0667
52,Nebbia,Mattino,0.0667
53,Nebbia,Mattino,0.0667
54,Nebbia,Mattino,0.0667
55,Nebbia,Mattino,0.0667
56,Nebbia,Mattino,0.0667
57,Nebbia,Mattino,0.0667
58,Nebbia,Mattino,0.0667
59,Nebbia,Mattino,0.0667
60,Nebbia,Mattino,0.0667
61,Nebbia,Mattino,0.0667
62,Nebbia,Mattino,0.0667
63,Nebbia,Mattino,0.3667
64,Nebbia,Mattino,0.3667
65,Nebbia,Mattino,0.3667
66,Nebbia,Mattino,0.3667
67,Nebbia,Mattino,0.3667
68,Nebbia,Mattino,0.3667
69,Nebbia,Mattino,0.1
70,Nebbia,Mattino,0.1
71,Nebbia,Mattino,0.1
72,Nebbia,Mattino,0.0933
73,Nebbia,Mattino,0.1
74,Nebbia,Mattino,0.1
75,Nebbia,Mattino,0.1
76,Nebbia,Mattino,0.0667
77,Nebbia,Mattino,0.0667
78,Nebbia,Mattino,0.0333
79,Nebbia,Mattino,0.0333
80,Nebbia,Mattino,0.0333
81,Nebbia,Mattino,0.0333
82,Nebbia,Mattino,0.0333
83,Nebbia,Mattino,0.0333
84,Nebbia,Mattino,0.0333
85,Nebbia,Mattino,0.0333
86,Nebbia,Mattino,0.0333
87,Nebbia,Mattino,0.0333
88,Nebbia,Mattino,0.0333
89,Nebbia,Mattino,0.0333
90,Nebbia,Mattino,0.0667
91,Nebbia,Mattino,0.0667
92,Nebbia,Mattino,0.0933
93,Nebbia,Mattino,0.3533
94,Nebbia,Mattino,0.1
95,Nebbia,Mattino,0.1
96,Nebbia,Mattino,0.3533
97,Nebbia,Mattino,0.3533
98,Nebbia,Mattino,0.14
99,Nebbia,Mattino,0.0333
100,Nebbia,Mattino,0.0333
101,Nebbia,Mattino,0.0333
102,Nebbia,Mattino,0.0667
103,Nebbia,Mattino,0.0667
104,Nebbia,Mattino,0.0667
105,Nebbia,Mattino,0.0667
106,Nebbia,Mattino,0.0667
107,Nebbia,Mattino,0.0667
108,Nebbia,Mattino,0.0667
109,Nebbia,Mattino,0.0667
110,Nebbia,Mattino,0.0667
111,Nebbia,Mattino,0.0667
112,Nebbia,Mattino,0.0667
113,Nebbia,Mattino,0.0667
114,Nebbia,Mattino,0.0667
115,Nebbia,Mattino,0.3533
116,Nebbia,Mattino,0.0333
117,Nebbia,Mattino,0.0333
118,Nebbia,Mattino,0.0333
119,Nebbia,Mattino,0.0333
120,Nebbia,Mattino,0.0333
121,Nebbia,Mattino,0.0333
122,Nebbia,Mattino,0.3533
123,Nebbia,Mattino,0.3533
124,Nebbia,Mattino,0.1
125,Nebbia,Mattino,0.1733
126,Nebbia,Mattino,0.1733
127,Nebbia,Mattino,0.1733
128,Nebbia,Mattino,0.0667
129,Nebbia,Mattino,0.1
130,Nebbia,Mattino,0.1733
131,Nebbia,Mattino,0.1733
132,Nebbia,Mattino,0.0333
133,Nebbia,Mattino,0.0667
134,Nebbia,Mattino,0.0667
135,Nebbia,Mattino,0.0333
136,Nebbia,Mattino,0.0933
137,Nebbia,Mattino,0.0933
138,Nebbia,Mattino,0.0933
139,Nebbia,Mattino,0.1067
140,Nebbia,Mattino,0.1067
141,Nebbia,Mattino,0.1067
142,Nebbia,Mattino,0.1133
143,Nebbia,Mattino,0.1133
144,Nebbia,Mattino,0.1133
145,Nebbia,Mattino,0.0933
146,Nebbia,Mattino,0.1733
147,Nebbia,Mattino,0.1733
148,Nebbia,Mattino,0.0933
149,Nebbia,Mattino,0.0933
150,Nebbia,Mattino,0.0933
151,Nebbia,Mattino,0.06
152,Nebbia,Mattino,0.06
153,Nebbia,Mattino,0.06
154,Nebbia,Mattino,0.06
155,Nebbia,Mattino,0.1067
156,Nebbia,Mattino,0.1067
157,Nebbia,Mattino,0.06
158,Nebbia,Mattino,0.1067
159,Nebbia,Mattino,0.1067
160,Nebbia,Mattino,0.1067
161,Nebbia,Mattino,0.1067
162,Nebbia,Mattino,0.1067
163,Nebbia,Mattino,0.1067
164,Nebbia,Mattino,0.1067
165,Nebbia,Mattino,0.1067
166,Nebbia,Mattino,0.1067
167,Nebbia,Mattino,0.1067
168,Nebbia,Mattino,0.1067
169,Nebbia,Mattino,0.1067
170,Nebbia,Mattino,0.1067
171,Nebbia,Mattino,0.0867
172,Nebbia,Mattino,0.0867
173,Nebbia,Mattino,0.0867
174,Nebbia,Mattino,0.0867
175,Nebbia,Mattino,0.0867
176,Nebbia,Mattino,0.0867
177,Nebbia,Mattino,0.3467
178,Nebbia,Mattino,0.3467
179,Nebbia,Mattino,0.3467
1,Nebbia,Notte,0.1333
2,Nebbia,Notte,0.1333
3,Nebbia,Notte,0.1333
4,Nebbia,Notte,0.1333
5,Nebbia,Notte,0.1333
6,Nebbia,Notte,0.1333
7,Nebbia,Notte,0.1333
8,Nebbia,Notte,0.1333
9,Nebbia,Notte,0.1333
10,Nebbia,Notte,0.1333
11,Nebbia,Notte,0.1333
12,Nebbia,Notte,0.1333
13,Nebbia,Notte,0.1533
14,Nebbia,Notte,0.1533
15,Nebbia,Notte,0.1533
16,Nebbia,Notte,0.14
17,Nebbia,Notte,0.14
18,Nebbia,Notte,0.2133
19,Nebbia,Notte,0.2133
20,Nebbia,Notte,0.2133
21,Nebbia,Notte,0.2133
22,Nebbia,Notte,0.2133
23,Nebbia,Notte,0.2133
24,Nebbia,Notte,0.2133
25,Nebbia,Notte,0.2133
26,Nebbia,Notte,0.1333
27,Nebbia,Notte,0.1333
28,Nebbia,Notte,0.1333
29,Nebbia,Notte,0.1333
30,Nebbia,Notte,0.1333
31,Nebbia,Notte,0.1333
32,Nebbia,Notte,0.1333
33,Nebbia,Notte,0.1333
34,Nebbia,Notte,0.2333
35,Nebbia,Notte,0.2333
36,Nebbia,Notte,0.2333
37,Nebbia,Notte,0.2333
38,Nebbia,Notte,0.2333
39,Nebbia,Notte,0.2333
40,Nebbia,Notte,0.2333
41,Nebbia,Notte,0.2333
42,Nebbia,Notte,0.2333
43,Nebbia,Notte,0.1133
44,Nebbia,Notte,0.1133
45,Nebbia,Notte,0.1133
46,Nebbia,Notte,0.1133
47,Nebbia,Notte,0.1133
48,Nebbia,Notte,0.2333
49,Nebbia,Notte,0.1133
50,Nebbia,Notte,0.1133
51,Nebbia,Notte,0.1133
52,Nebbia,Notte,0.1133
53,Nebbia,Notte,0.1133
54,Nebbia,Notte,0.1133
55,Nebbia,Notte,0.1133
56,Nebbia,Notte,0.1133
57,Nebbia,Notte,0.1133
58,Nebbia,Notte,0.1133
59,Nebbia,Notte,0.1133
60,Nebbia,Notte,0.1133
61,Nebbia,Notte,0.1133
62,Nebbia,Notte,0.1133
63,Nebbia,Notte,0.3333
64,Nebbia,Notte,0.3333
65,Nebbia,Notte,0.3333
66,Nebbia,Notte,0.3333
67,Nebbia,Notte,0.3333
68,Nebbia,Notte,0.3333
69,Nebbia,Notte,0.1333
70,Nebbia,Notte,0.1333
71,Nebbia,Notte,0.1333
72,Nebbia,Notte,0.14
73,Nebbia,Notte,0.1067
74,Nebbia,Notte,0.1067
75,Nebbia,Notte,0.1067
76,Nebbia,Notte,0.1333
77,Nebbia,Notte,0.1333
78,Nebbia,Notte,0.0667
79,Nebbia,Notte,0.0667
80,Nebbia,Notte,0.0667
81,Nebbia,Notte,0.0667
82,Nebbia,Notte,0.0667
83,Nebbia,Notte,0.0667
84,Nebbia,Notte,0.0667
85,Nebbia,Notte,0.0667
86,Nebbia,Notte,0.0667
87,Nebbia,Notte,0.0667
88,Nebbia,Notte,0.0667
89,Nebbia,Notte,0.0667
90,Nebbia,Notte,0.1333
91,Nebbia,Notte,0.1333
92,Nebbia,Notte,0.14
93,Nebbia,Notte,0.2667
94,Nebbia,Notte,0.1067
95,Nebbia,Notte,0.1067
96,Nebbia,Notte,0.2667
97,Nebbia,Notte,0.2667
98,Nebbia,Notte,0.1933
99,Nebbia,Notte,0.0667
100,Nebbia,Notte,0.0667
101,Nebbia,Notte,0.0667
102,Nebbia,Notte,0.1067
103,Nebbia,Notte,0.1067
104,Nebbia,Notte,0.1067
105,Nebbia,Notte,0.1067
106,Nebbia,Notte,0.1067
107,Nebbia,Notte,0.1067
108,Nebbia,Notte,0.1067
109,Nebbia,Notte,0.1067
110,Nebbia,Notte,0.1067
111,Nebbia,Notte,0.1067
112,Nebbia,Notte,0.1067
113,Nebbia,Notte,0.1067
114,Nebbia,Notte,0.0933
115,Nebbia,Notte,0.2667
116,Nebbia,Notte,0.0667
117,Nebbia,Notte,0.0667
118,Nebbia,Notte,0.0667
119,Nebbia,Notte,0.0667
120,Nebbia,Notte,0.0667
121,Nebbia,Notte,0.0667
122,Nebbia,Notte,0.2667
123,Nebbia,Notte,0.2667
124,Nebbia,Notte,0.18
125,Nebbia,Notte,0.2133
126,Nebbia,Notte,0.2133
127,Nebbia,Notte,0.2133
128,Nebbia,Notte,0.0933
129,Nebbia,Notte,0.18
130,Nebbia,Notte,0.2133
131,Nebbia,Notte,0.2133
132,Nebbia,Notte,0.0667
133,Nebbia,Notte,0.1333
134,Nebbia,Notte,0.1333
135,Nebbia,Notte,0.0667
136,Nebbia,Notte,0.12
137,Nebbia,Notte,0.12
138,Nebbia,Notte,0.12
139,Nebbia,Notte,0.1533
140,Nebbia,Notte,0.1533
141,Nebbia,Notte,0.1533
142,Nebbia,Notte,0.1533
143,Nebbia,Notte,0.1533
144,Nebbia,Notte,0.1533
145,Nebbia,Notte,0.14
146,Nebbia,Notte,0.2133
147,Nebbia,Notte,0.2133
148,Nebbia,Notte,0.12
149,Nebbia,Notte,0.12
150,Nebbia,Notte,0.12
151,Nebbia,Notte,0.1067
152,Nebbia,Notte,0.1067
153,Nebbia,Notte,0.1067
154,Nebbia,Notte,0.1067
155,Nebbia,Notte,0.1467
156,Nebbia,Notte,0.1467
157,Nebbia,Notte,0.1067
158,Nebbia,Notte,0.1467
159,Nebbia,Notte,0.14
160,Nebbia,Notte,0.14
161,Nebbia,Notte,0.14
162,Nebbia,Notte,0.14
163,Nebbia,Notte,0.14
164,Nebbia,Notte,0.14
165,Nebbia,Notte,0.14
166,Nebbia,Notte,0.1467
167,Nebbia,Notte,0.1467
168,Nebbia,Notte,0.1467
169,Nebbia,Notte,0.1467
170,Nebbia,Notte,0.1467
171,Nebbia,Notte,0.1133
172,Nebbia,Notte,0.1133
173,Nebbia,Notte,0.1133
174,Nebbia,Notte,0.1133
175,Nebbia,Notte,0.1133
176,Nebbia,Notte,0.1133
177,Nebbia,Notte,0.2667
178,Nebbia,Notte,0.2667
179,Nebbia,Notte,0.2667
1,Nebbia,Pomeriggio,0.12
2,Nebbia,Pomeriggio,0.12
3,Nebbia,Pomeriggio,0.12
4,Nebbia,Pomeriggio,0.12
5,Nebbia,Pomeriggio,0.12
6,Nebbia,Pomeriggio,0.12
7,Nebbia,Pomeriggio,0.12
8,Nebbia,Pomeriggio,0.12
9,Nebbia,Pomeriggio,0.12
10,Nebbia,Pomeriggio,0.12
11,Nebbia,Pomeriggio,0.12
12,Nebbia,Pomeriggio,0.12
13,Nebbia,Pomeriggio,0.1533
14,Nebbia,Pomeriggio,0.1533
15,Nebbia,Pomeriggio,0.1533
16,Nebbia,Pomeriggio,0.1333
17,Nebbia,Pomeriggio,0.1333
18,Nebbia,Pomeriggio,0.1733
19,Nebbia,Pomeriggio,0.1733
20,Nebbia,Pomeriggio,0.1733
21,Nebbia,Pomeriggio,0.1733
22,Nebbia,Pomeriggio,0.1733
23,Nebbia,Pomeriggio,0.1733
24,Nebbia,Pomeriggio,0.1733
25,Nebbia,Pomeriggio,0.1733
26,Nebbia,Pomeriggio,0.12
27,Nebbia,Pomeriggio,0.12
28,Nebbia,Pomeriggio,0.12
29,Nebbia,Pomeriggio,0.12
30,Nebbia,Pomeriggio,0.12
31,Nebbia,Pomeriggio,0.12
32,Nebbia,Pomeriggio,0.12
33,Nebbia,Pomeriggio,0.12
34,Nebbia,Pomeriggio,0.1933
35,Nebbia,Pomeriggio,0.1933
36,Nebbia,Pomeriggio,0.1933
37,Nebbia,Pomeriggio,0.1933
38,Nebbia,Pomeriggio,0.1933
39,Nebbia,Pomeriggio,0.1933
40,Nebbia,Pomeriggio,0.1933
41,Nebbia,Pomeriggio,0.1933
42,Nebbia,Pomeriggio,0.1933
43,Nebbia,Pomeriggio,0.1133
44,Nebbia,Pomeriggio,0.1133
45,Nebbia,Pomeriggio,0.1133
46,Nebbia,Pomeriggio,0.1133
47,Nebbia,Pomeriggio,0.1133
48,Nebbia,Pomeriggio,0.1933
49,Nebbia,Pomeriggio,0.1133
50,Nebbia,Pomeriggio,0.1133
51,Nebbia,Pomeriggio,0.1133
52,Nebbia,Pomeriggio,0.1133
53,Nebbia,Pomeriggio,0.1133
54,Nebbia,Pomeriggio,0.1133
55,Nebbia,Pomeriggio,0.1133
56,Nebbia,Pomeriggio,0.1133
57,Nebbia,Pomeriggio,0.1133
58,Nebbia,Pomeriggio,0.1133
59,Nebbia,Pomeriggio,0.1133
60,Nebbia,Pomeriggio,0.1133
61,Nebbia,Pomeriggio,0.1133
62,Nebbia,Pomeriggio,0.1133
63,Nebbia,Pomeriggio,0.3467
64,Nebbia,Pomeriggio,0.3467
65,Nebbia,Pomeriggio,0.3467
66,Nebbia,Pomeriggio,0.3467
67,Nebbia,Pomeriggio,0.3467
68,Nebbia,Pomeriggio,0.3467
69,Nebbia,Pomeriggio,0.1333
70,Nebbia,Pomeriggio,0.1333
71,Nebbia,Pomeriggio,0.1333
72,Nebbia,Pomeriggio,0.1333
73,Nebbia,Pomeriggio,0.1133
74,Nebbia,Pomeriggio,0.1133
75,Nebbia,Pomeriggio,0.1133
76,Nebbia,Pomeriggio,0.1133
77,Nebbia,Pomeriggio,0.1133
78,Nebbia,Pomeriggio,0.0667
79,Nebbia,Pomeriggio,0.0667
80,Nebbia,Pomeriggio,0.0667
81,Nebbia,Pomeriggio,0.0667
82,Nebbia,Pomeriggio,0.0667
83,Nebbia,Pomeriggio,0.0667
84,Nebbia,Pomeriggio,0.0667
85,Nebbia,Pomeriggio,0.0667
86,Nebbia,Pomeriggio,0.0667
87,Nebbia,Pomeriggio,0.0667
88,Nebbia,Pomeriggio,0.0667
89,Nebbia,Pomeriggio,0.0667
90,Nebbia,Pomeriggio,0.1133
91,Nebbia,Pomeriggio,0.1133
92,Nebbia,Pomeriggio,0.1333
93,Nebbia,Pomeriggio,0.3333
94,Nebbia,Pomeriggio,0.1133
95,Nebbia,Pomeriggio,0.1133
96,Nebbia,Pomeriggio,0.3333
97,Nebbia,Pomeriggio,0.3333
98,Nebbia,Pomeriggio,0.1667
99,Nebbia,Pomeriggio,0.0667
100,Nebbia,Pomeriggio,0.0667
101,Nebbia,Pomeriggio,0.0667
102,Nebbia,Pomeriggio,0.0933
103,Nebbia,Pomeriggio,0.0933
104,Nebbia,Pomeriggio,0.0933
105,Nebbia,Pomeriggio,0.0933
106,Nebbia,Pomeriggio,0.0933
107,Nebbia,Pomeriggio,0.0933
108,Nebbia,Pomeriggio,0.0933
109,Nebbia,Pomeriggio,0.0933
110,Nebbia,Pomeriggio,0.0933
111,Nebbia,Pomeriggio,0.0933
112,Nebbia,Pomeriggio,0.0933
113,Nebbia,Pomeriggio,0.0933
114,Nebbia,Pomeriggio,0.08
115,Nebbia,Pomeriggio,0.3333
116,Nebbia,Pomeriggio,0.0667
117,Nebbia,Pomeriggio,0.0667
118,Nebbia,Pomeriggio,0.0667
119,Nebbia,Pomeriggio,0.0667
120,Nebbia,Pomeriggio,0.0667
121,Nebbia,Pomeriggio,0.0667
122,Nebbia,Pomeriggio,0.3333
123,Nebbia,Pomeriggio,0.3333
124,Nebbia,Pomeriggio,0.1467
125,Nebbia,Pomeriggio,0.2333
126,Nebbia,Pomeriggio,0.2333
127,Nebbia,Pomeriggio,0.2333
128,Nebbia,Pomeriggio,0.08
129,Nebbia,Pomeriggio,0.1467
130,Nebbia,Pomeriggio,0.2333
131,Nebbia,Pomeriggio,0.2333
132,Nebbia,Pomeriggio,0.0667
133,Nebbia,Pomeriggio,0.1133
134,Nebbia,Pomeriggio,0.1133
135,Nebbia,Pomeriggio,0.0667
136,Nebbia,Pomeriggio,0.14
137,Nebbia,Pomeriggio,0.14
138,Nebbia,Pomeriggio,0.14
139,Nebbia,Pomeriggio,0.1467
140,Nebbia,Pomeriggio,0.1467
141,Nebbia,Pomeriggio,0.1467
142,Nebbia,Pomeriggio,0.1533
143,Nebbia,Pomeriggio,0.1533
144,Nebbia,Pomeriggio,0.1533
145,Nebbia,Pomeriggio,0.1333
146,Nebbia,Pomeriggio,0.2333
147,Nebbia,Pomeriggio,0.2333
148,Nebbia,Pomeriggio,0.14
149,Nebbia,Pomeriggio,0.14
150,Nebbia,Pomeriggio,0.14
151,Nebbia,Pomeriggio,0.0933
152,Nebbia,Pomeriggio,0.0933
153,Nebbia,Pomeriggio,0.0933
154,Nebbia,Pomeriggio,0.0933
155,Nebbia,Pomeriggio,0.12
156,Nebbia,Pomeriggio,0.12
157,Nebbia,Pomeriggio,0.0933
158,Nebbia,Pomeriggio,0.12
159,Nebbia,Pomeriggio,0.12
160,Nebbia,Pomeriggio,0.12
161,Nebbia,Pomeriggio,0.12
162,Nebbia,Pomeriggio,0.12
163,Nebbia,Pomeriggio,0.12
164,Nebbia,Pomeriggio,0.12
165,Nebbia,Pomeriggio,0.12
166,Nebbia,Pomeriggio,0.12
167,Nebbia,Pomeriggio,0.12
168,Nebbia,Pomeriggio,0.12
169,Nebbia,Pomeriggio,0.12
170,Nebbia,Pomeriggio,0.12
171,Nebbia,Pomeriggio,0.0867
172,Nebbia,Pomeriggio,0.0867
173,Nebbia,Pomeriggio,0.0867
174,Nebbia,Pomeriggio,0.0867
175,Nebbia,Pomeriggio,0.0867
176,Nebbia,Pomeriggio,0.0867
177,Nebbia,Pomeriggio,0.3267
178,Nebbia,Pomeriggio,0.3267
179,Nebbia,Pomeriggio,0.3267
1,Nebbia,Sera,0.0933
2,Nebbia,Sera,0.0933
3,Nebbia,Sera,0.0933
4,Nebbia,Sera,0.0933
5,Nebbia,Sera,0.0933
6,Nebbia,Sera,0.0933
7,Nebbia,Sera,0.0933
8,Nebbia,Sera,0.0933
9,Nebbia,Sera,0.0933
10,Nebbia,Sera,0.0933
11,Nebbia,Sera,0.0933
12,Nebbia,Sera,0.0933
13,Nebbia,Sera,0.1467
14,Nebbia,Sera,0.1467
15,Nebbia,Sera,0.1467
16,Nebbia,Sera,0.1067
17,Nebbia,Sera,0.1067
18,Nebbia,Sera,0.1333
19,Nebbia,Sera,0.1333
20,Nebbia,Sera,0.1333
21,Nebbia,Sera,0.1333
22,Nebbia,Sera,0.1333
23,Nebbia,Sera,0.1333
24,Nebbia,Sera,0.1333
25,Nebbia,Sera,0.1333
26,Nebbia,Sera,0.1
27,Nebbia,Sera,0.1
28,Nebbia,Sera,0.1
29,Nebbia,Sera,0.1
30,Nebbia,Sera,0.1
31,Nebbia,Sera,0.1
32,Nebbia,Sera,0.1
33,Nebbia,Sera,0.1
34,Nebbia,Sera,0.1333
35,Nebbia,Sera,0.1333
36,Nebbia,Sera,0.1333
37,Nebbia,Sera,0.1333
38,Nebbia,Sera,0.1333
39,Nebbia,Sera,0.1333
40,Nebbia,Sera,0.1333
41,Nebbia,Sera,0.1333
42,Nebbia,Sera,0.1333
43,Nebbia,Sera,0.0733
44,Nebbia,Sera,0.0733
45,Nebbia,Sera,0.0733
46,Nebbia,Sera,0.0733
47,Nebbia,Sera,0.0733
48,Nebbia,Sera,0.1333
49,Nebbia,Sera,0.0733
50,Nebbia,Sera,0.0733
51,Nebbia,Sera,0.0733
52,Nebbia,Sera,0.0733
53,Nebbia,Sera,0.0733
54,Nebbia,Sera,0.0733
55,Nebbia,Sera,0.0733
56,Nebbia,Sera,0.0733
57,Nebbia,Sera,0.0733
58,Nebbia,Sera,0.0733
59,Nebbia,Sera,0.0733
60,Nebbia,Sera,0.0733
61,Nebbia,Sera,0.0733
62,Nebbia,Sera,0.0733
63,Nebbia,Sera,0.3
64,Nebbia,Sera,0.3
65,Nebbia,Sera,0.3
66,Nebbia,Sera,0.3
67,Nebbia,Sera,0.3
68,Nebbia,Sera,0.3
69,Nebbia,Sera,0.12
70,Nebbia,Sera,0.12
71,Nebbia,Sera,0.12
72,Nebbia,Sera,0.1067
73,Nebbia,Sera,0.1267
74,Nebbia,Sera,0.1267
75,Nebbia,Sera,0.1267
76,Nebbia,Sera,0.1
77,Nebbia,Sera,0.1
78,Nebbia,Sera,0.04
79,Nebbia,Sera,0.04
80,Nebbia,Sera,0.04
81,Nebbia,Sera,0.04
82,Nebbia,Sera,0.04
83,Nebbia,Sera,0.04
84,Nebbia,Sera,0.04
85,Nebbia,Sera,0.04
86,Nebbia,Sera,0.04
87,Nebbia,Sera,0.04
88,Nebbia,Sera,0.04
89,Nebbia,Sera,0.04
90,Nebbia,Sera,0.1
91,Nebbia,Sera,0.1
92,Nebbia,Sera,0.1067
93,Nebbia,Sera,0.2667
94,Nebbia,Sera,0.1267
95,Nebbia,Sera,0.1267
96,Nebbia,Sera,0.2667
97,Nebbia,Sera,0.2667
98,Nebbia,Sera,0.16
99,Nebbia,Sera,0.04
100,Nebbia,Sera,0.04
101,Nebbia,Sera,0.04
102,Nebbia,Sera,0.0733
103,Nebbia,Sera,0.0733
104,Nebbia,Sera,0.0733
105,Nebbia,Sera,0.0733
106,Nebbia,Sera,0.0733
107,Nebbia,Sera,0.0733
108,Nebbia,Sera,0.0733
109,Nebbia,Sera,0.0733
110,Nebbia,Sera,0.0733
111,Nebbia,Sera,0.0733
112,Nebbia,Sera,0.0733
113,Nebbia,Sera,0.0733
114,Nebbia,Sera,0.0933
115,Nebbia,Sera,0.2667
116,Nebbia,Sera,0.04
117,Nebbia,Sera,0.04
118,Nebbia,Sera,0.04
119,Nebbia,Sera,0.04
120,Nebbia,Sera,0.04
121,Nebbia,Sera,0.04
122,Nebbia,Sera,0.2667
123,Nebbia,Sera,0.2667
124,Nebbia,Sera,0.1067
125,Nebbia,Sera,0.18
126,Nebbia,Sera,0.18
127,Nebbia,Sera,0.18
128,Nebbia,Sera,0.0933
129,Nebbia,Sera,0.1067
130,Nebbia,Sera,0.18
131,Nebbia,Sera,0.18
132,Nebbia,Sera,0.04
133,Nebbia,Sera,0.1
134,Nebbia,Sera,0.1
135,Nebbia,Sera,0.04
136,Nebbia,Sera,0.1267
137,Nebbia,Sera,0.1267
138,Nebbia,Sera,0.1267
139,Nebbia,Sera,0.1467
140,Nebbia,Sera,0.1467
141,Nebbia,Sera,0.1467
142,Nebbia,Sera,0.1467
143,Nebbia,Sera,0.1467
144,Nebbia,Sera,0.1467
145,Nebbia,Sera,0.1067
146,Nebbia,Sera,0.18
147,Nebbia,Sera,0.18
148,Nebbia,Sera,0.1267
149,Nebbia,Sera,0.1267
150,Nebbia,Sera,0.1267
151,Nebbia,Sera,0.0933
152,Nebbia,Sera,0.0933
153,Nebbia,Sera,0.0933
154,Nebbia,Sera,0.0933
155,Nebbia,Sera,0.1267
156,Nebbia,Sera,0.1267
157,Nebbia,Sera,0.0933
158,Nebbia,Sera,0.1267
159,Nebbia,Sera,0.1333
160,Nebbia,Sera,0.1333
161,Nebbia,Sera,0.1333
162,Nebbia,Sera,0.1333
163,Nebbia,Sera,0.1333
164,Nebbia,Sera,0.1333
165,Nebbia,Sera,0.1333
166,Nebbia,Sera,0.1267
167,Nebbia,Sera,0.1267
168,Nebbia,Sera,0.1267
169,Nebbia,Sera,0.1267
170,Nebbia,Sera,0.1267
171,Nebbia,Sera,0.0933
172,Nebbia,Sera,0.0933
173,Nebbia,Sera,0.0933
174,Nebbia,Sera,0.0933
175,Nebbia,Sera,0.0933
176,Nebbia,Sera,0.0933
177,Nebbia,Sera,0.2667
178,Nebbia,Sera,0.2667
179,Nebbia,Sera,0.2667
1,Neve,Mattino,0.1
2,Neve,Mattino,0.1
3,Neve,Mattino,0.1
4,Neve,Mattino,0.1
5,Neve,Mattino,0.1
6,Neve,Mattino,0.1
7,Neve,Mattino,0.1
8,Neve,Mattino,0.1
9,Neve,Mattino,0.1
10,Neve,Mattino,0.1
11,Neve,Mattino,0.1
12,Neve,Mattino,0.1
13,Neve,Mattino,0.1333
14,Neve,Mattino,0.1333
15,Neve,Mattino,0.1333
16,Neve,Mattino,0.1
17,Neve,Mattino,0.1
18,Neve,Mattino,0.1
19,Neve,Mattino,0.1
20,Neve,Mattino,0.1
21,Neve,Mattino,0.1
22,Neve,Mattino,0.1
23,Neve,Mattino,0.1
24,Neve,Mattino,0.1
25,Neve,Mattino,0.1
26,Neve,Mattino,0.0933
27,Neve,Mattino,0.0933
28,Neve,Mattino,0.0933
29,Neve,Mattino,0.0933
30,Neve,Mattino,0.0933
31,Neve,Mattino,0.0933
32,Neve,Mattino,0.0933
33,Neve,Mattino,0.0933
34,Neve,Mattino,0.1733
35,Neve,Mattino,0.1733
36,Neve,Mattino,0.1733
37,Neve,Mattino,0.1733
38,Neve,Mattino,0.1733
39,Neve,Mattino,0.1733
40,Neve,Mattino,0.1733
41,Neve,Mattino,0.1733
42,Neve,Mattino,0.1733
43,Neve,Mattino,0.1
44,Neve,Mattino,0.1
45,Neve,Mattino,0.1
46,Neve,Mattino,0.1
47,Neve,Mattino,0.1
48,Neve,Mattino,0.1733
49,Neve,Mattino,0.1
50,Neve,Mattino,0.1
51,Neve,Mattino,0.1
52,Neve,Mattino,0.1
53,Neve,Mattino,0.1
54,Neve,Mattino,0.1
55,Neve,Mattino,0.1
56,Neve,Mattino,0.1
57,Neve,Mattino,0.1
58,Neve,Mattino,0.1
59,Neve,Mattino,0.1
60,Neve,Mattino,0.1
61,Neve,Mattino,0.1
62,Neve,Mattino,0.1
63,Neve,Mattino,0.3133
64,Neve,Mattino,0.3133
65,Neve,Mattino,0.3133
66,Neve,Mattino,0.3133
67,Neve,Mattino,0.3133
68,Neve,Mattino,0.3133
69,Neve,Mattino,0.1067
70,Neve,Mattino,0.1067
71,Neve,Mattino,0.1067
72,Neve,Mattino,0.1
73,Neve,Mattino,0.0867
74,Neve,Mattino,0.0867
75,Neve,Mattino,0.0867
76,Neve,Mattino,0.0867
77,Neve,Mattino,0.0867
78,Neve,Mattino,0.06
79,Neve,Mattino,0.06
80,Neve,Mattino,0.06
81,Neve,Mattino,0.06
82,Neve,Mattino,0.06
83,Neve,Mattino,0.06
84,Neve,Mattino,0.06
85,Neve,Mattino,0.06
86,Neve,Mattino,0.06
87,Neve,Mattino,0.06
88,Neve,Mattino,0.06
89,Neve,Mattino,0.06
90,Neve,Mattino,0.0867
91,Neve,Mattino,0.0867
92,Neve,Mattino,0.1
93,Neve,Mattino,0.3067
94,Neve,Mattino,0.0867
95,Neve,Mattino,0.0867
96,Neve,Mattino,0.3067
97,Neve,Mattino,0.3067
98,Neve,Mattino,0.1
99,Neve,Mattino,0.06
100,Neve,Mattino,0.06
101,Neve,Mattino,0.06
102,Neve,Mattino,0.0667
103,Neve,Mattino,0.0667
104,Neve,Mattino,0.0667
105,Neve,Mattino,0.0667
106,Neve,Mattino,0.0667
107,Neve,Mattino,0.0667
108,Neve,Mattino,0.0667
109,Neve,Mattino,0.0667
110,Neve,Mattino,0.0667
111,Neve,Mattino,0.0667
112,Neve,Mattino,0.0667
113,Neve,Mattino,0.0667
114,Neve,Mattino,0.0667
115,Neve,Mattino,0.3067
116,Neve,Mattino,0.06
117,Neve,Mattino,0.06
118,Neve,Mattino,0.06
119,Neve,Mattino,0.06
120,Neve,Mattino,0.06
121,Neve,Mattino,0.06
122,Neve,Mattino,0.3067
123,Neve,Mattino,0.3067
124,Neve,Mattino,0.1067
125,Neve,Mattino,0.22
126,Neve,Mattino,0.22
127,Neve,Mattino,0.22
128,Neve,Mattino,0.0667
129,Neve,Mattino,0.1067
130,Neve,Mattino,0.22
131,Neve,Mattino,0.22
132,Neve,Mattino,0.06
133,Neve,Mattino,0.0867
134,Neve,Mattino,0.0867
135,Neve,Mattino,0.06
136,Neve,Mattino,0.1267
137,Neve,Mattino,0.1267
138,Neve,Mattino,0.1267
139,Neve,Mattino,0.12
140,Neve,Mattino,0.12
141,Neve,Mattino,0.12
142,Neve,Mattino,0.1333
143,Neve,Mattino,0.1333
144,Neve,Mattino,0.1333
145,Neve,Mattino,0.1
146,Neve,Mattino,0.22
147,Neve,Mattino,0.22
148,Neve,Mattino,0.1267
149,Neve,Mattino,0.1267
150,Neve,Mattino,0.1267
151,Neve,Mattino,0.0867
152,Neve,Mattino,0.0867
153,Neve,Mattino,0.0867
154,Neve,Mattino,0.0867
155,Neve,Mattino,0.0933
156,Neve,Mattino,0.0933
157,Neve,Mattino,0.0867
158,Neve,Mattino,0.0933
159,Neve,Mattino,0.1
160,Neve,Mattino,0.1
161,Neve,Mattino,0.1
162,Neve,Mattino,0.1
163,Neve,Mattino,0.1
164,Neve,Mattino,0.1
165,Neve,Mattino,0.1
166,Neve,Mattino,0.0933
167,Neve,Mattino,0.0933
168,Neve,Mattino,0.0933
169,Neve,Mattino,0.0933
170,Neve,Mattino,0.0933
171,Neve,Mattino,0.0733
172,Neve,Mattino,0.0733
173,Neve,Mattino,0.0733
174,Neve,Mattino,0.0733
175,Neve,Mattino,0.0733
176,Neve,Mattino,0.0733
177,Neve,Mattino,0.2933
178,Neve,Mattino,0.2933
179,Neve,Mattino,0.2933
1,Neve,Notte,0.1667
2,Neve,Notte,0.1667
3,Neve,Notte,0.1667
4,Neve,Notte,0.1667
5,Neve,Notte,0.1667
6,Neve,Notte,0.1667
7,Neve,Notte,0.1667
8,Neve,Notte,0.1667
9,Neve,Notte,0.1667
10,Neve,Notte,0.1667
11,Neve,Notte,0.1667
12,Neve,Notte,0.1667
13,Neve,Notte,0.1933
14,Neve,Notte,0.1933
15,Neve,Notte,0.1933
16,Neve,Notte,0.18
17,Neve,Notte,0.18
18,Neve,Notte,0.1733
19,Neve,Notte,0.1733
20,Neve,Notte,0.1733
21,Neve,Notte,0.1733
22,Neve,Notte,0.1733
23,Neve,Notte,0.1733
24,Neve,Notte,0.1733
25,Neve,Notte,0.1733
26,Neve,Notte,0.1733
27,Neve,Notte,0.1733
28,Neve,Notte,0.1733
29,Neve,Notte,0.1733
30,Neve,Notte,0.1733
31,Neve,Notte,0.1733
32,Neve,Notte,0.1733
33,Neve,Notte,0.1733
34,Neve,Notte,0.2733
35,Neve,Notte,0.2733
36,Neve,Notte,0.2733
37,Neve,Notte,0.2733
38,Neve,Notte,0.2733
39,Neve,Notte,0.2733
40,Neve,Notte,0.2733
41,Neve,Notte,0.2733
42,Neve,Notte,0.2733
43,Neve,Notte,0.14
44,Neve,Notte,0.14
45,Neve,Notte,0.14
46,Neve,Notte,0.14
47,Neve,Notte,0.14
48,Neve,Notte,0.2733
49,Neve,Notte,0.14
50,Neve,Notte,0.14
51,Neve,Notte,0.14
52,Neve,Notte,0.14
53,Neve,Notte,0.14
54,Neve,Notte,0.14
55,Neve,Notte,0.14
56,Neve,Notte,0.14
57,Neve,Notte,0.14
58,Neve,Notte,0.14
59,Neve,Notte,0.14
60,Neve,Notte,0.14
61,Neve,Notte,0.14
62,Neve,Notte,0.14
63,Neve,Notte,0.3267
64,Neve,Notte,0.3267
65,Neve,Notte,0.3267
66,Neve,Notte,0.3267
67,Neve,Notte,0.3267
68,Neve,Notte,0.3267
69,Neve,Notte,0.16
70,Neve,Notte,0.16
71,Neve,Notte,0.16
72,Neve,Notte,0.18
73,Neve,Notte,0.1267
74,Neve,Notte,0.1267
75,Neve,Notte,0.1267
76,Neve,Notte,0.1733
77,Neve,Notte,0.1733
78,Neve,Notte,0.0867
79,Neve,Notte,0.0867
80,Neve,Notte,0.0867
81,Neve,Notte,0.0867
82,Neve,Notte,0.0867
83,Neve,Notte,0.0867
84,Neve,Notte,0.0867
85,Neve,Notte,0.0867
86,Neve,Notte,0.0867
87,Neve,Notte,0.0867
88,Neve,Notte,0.0867
89,Neve,Notte,0.0867
90,Neve,Notte,0.1733
91,Neve,Notte,0.1733
92,Neve,Notte,0.18
93,Neve,Notte,0.4067
94,Neve,Notte,0.1267
95,Neve,Notte,0.1267
96,Neve,Notte,0.4067
97,Neve,Notte,0.4067
98,Neve,Notte,0.18
99,Neve,Notte,0.0867
100,Neve,Notte,0.0867
101,Neve,Notte,0.0867
102,Neve,Notte,0.1333
103,Neve,Notte,0.1333
104,Neve,Notte,0.1333
105,Neve,Notte,0.1333
106,Neve,Notte,0.1333
107,Neve,Notte,0.1333
108,Neve,Notte,0.1333
109,Neve,Notte,0.1333
110,Neve,Notte,0.1333
111,Neve,Notte,0.1333
112,Neve,Notte,0.1333
113,Neve,Notte,0.1333
114,Neve,Notte,0.1067
115,Neve,Notte,0.4067
116,Neve,Notte,0.0867
117,Neve,Notte,0.0867
118,Neve,Notte,0.0867
119,Neve,Notte,0.0867
120,Neve,Notte,0.0867
121,Neve,Notte,0.0867
122,Neve,Notte,0.4067
123,Neve,Notte,0.4067
124,Neve,Notte,0.1933
125,Neve,Notte,0.26
126,Neve,Notte,0.26
127,Neve,Notte,0.26
128,Neve,Notte,0.1067
129,Neve,Notte,0.1933
130,Neve,Notte,0.26
131,Neve,Notte,0.26
132,Neve,Notte,0.0867
133,Neve,Notte,0.1733
134,Neve,Notte,0.1733
135,Neve,Notte,0.0867
136,Neve,Notte,0.1533
137,Neve,Notte,0.1533
138,Neve,Notte,0.1533
139,Neve,Notte,0.1933
140,Neve,Notte,0.1933
141,Neve,Notte,0.1933
142,Neve,Notte,0.1933
143,Neve,Notte,0.1933
144,Neve,Notte,0.1933
145,Neve,Notte,0.18
146,Neve,Notte,0.26
147,Neve,Notte,0.26
148,Neve,Notte,0.1533
149,Neve,Notte,0.1533
150,Neve,Notte,0.1533
151,Neve,Notte,0.1267
152,Neve,Notte,0.1267
153,Neve,Notte,0.1267
154,Neve,Notte,0.1267
155,Neve,Notte,0.18
156,Neve,Notte,0.18
157,Neve,Notte,0.1267
158,Neve,Notte,0.18
159,Neve,Notte,0.18
160,Neve,Notte,0.18
161,Neve,Notte,0.18
162,Neve,Notte,0.18
163,Neve,Notte,0.18
164,Neve,Notte,0.18
165,Neve,Notte,0.18
166,Neve,Notte,0.18
167,Neve,Notte,0.18
168,Neve,Notte,0.18
169,Neve,Notte,0.18
170,Neve,Notte,0.18
171,Neve,Notte,0.1333
172,Neve,Notte,0.1333
173,Neve,Notte,0.1333
174,Neve,Notte,0.1333
175,Neve,Notte,0.1333
176,Neve,Notte,0.1333
177,Neve,Notte,0.4067
178,Neve,Notte,0.4067
179,Neve,Notte,0.4067
1,Neve,Pomeriggio,0.1067
2,Neve,Pomeriggio,0.1067
3,Neve,Pomeriggio,0.1067
4,Neve,Pomeriggio,0.1067
5,Neve,Pomeriggio,0.1067
6,Neve,Pomeriggio,0.1067
7,Neve,Pomeriggio,0.1067
8,Neve,Pomeriggio,0.1067
9,Neve,Pomeriggio,0.1067
10,Neve,Pomeriggio,0.1067
11,Neve,Pomeriggio,0.1067
12,Neve,Pomeriggio,0.1067
13,Neve,Pomeriggio,0.14
14,Neve,Pomeriggio,0.14
15,Neve,Pomeriggio,0.14
16,Neve,Pomeriggio,0.1067
17,Neve,Pomeriggio,0.1067
18,Neve,Pomeriggio,0.1067
19,Neve,Pomeriggio,0.1067
20,Neve,Pomeriggio,0.1067
21,Neve,Pomeriggio,0.1067
22,Neve,Pomeriggio,0.1067
23,Neve,Pomeriggio,0.1067
24,Neve,Pomeriggio,0.1067
25,Neve,Pomeriggio,0.1067
26,Neve,Pomeriggio,0.0933
27,Neve,Pomeriggio,0.0933
28,Neve,Pomeriggio,0.0933
29,Neve,Pomeriggio,0.0933
30,Neve,Pomeriggio,0.0933
31,Neve,Pomeriggio,0.0933
32,Neve,Pomeriggio,0.0933
33,Neve,Pomeriggio,0.0933
34,Neve,Pomeriggio,0.2067
35,Neve,Pomeriggio,0.2067
36,Neve,Pomeriggio,0.2067
37,Neve,Pomeriggio,0.2067
38,Neve,Pomeriggio,0.2067
39,Neve,Pomeriggio,0.2067
40,Neve,Pomeriggio,0.2067
41,Neve,Pomeriggio,0.2067
42,Neve,Pomeriggio,0.2067
43,Neve,Pomeriggio,0.0733
44,Neve,Pomeriggio,0.0733
45,Neve,Pomeriggio,0.0733
46,Neve,Pomeriggio,0.0733
47,Neve,Pomeriggio,0.0733
48,Neve,Pomeriggio,0.2067
49,Neve,Pomeriggio,0.0733
50,Neve,Pomeriggio,0.0733
51,Neve,Pomeriggio,0.0733
52,Neve,Pomeriggio,0.0733
53,Neve,Pomeriggio,0.0733
54,Neve,Pomeriggio,0.0733
55,Neve,Pomeriggio,0.0733
56,Neve,Pomeriggio,0.0733
57,Neve,Pomeriggio,0.0733
58,Neve,Pomeriggio,0.0733
59,Neve,Pomeriggio,0.0733
60,Neve,Pomeriggio,0.0733
61,Neve,Pomeriggio,0.0733
62,Neve,Pomeriggio,0.0733
63,Neve,Pomeriggio,0.38
64,Neve,Pomeriggio,0.38
65,Neve,Pomeriggio,0.38
66,Neve,Pomeriggio,0.38
67,Neve,Pomeriggio,0.38
68,Neve,Pomeriggio,0.38
69,Neve,Pomeriggio,0.14
70,Neve,Pomeriggio,0.14
71,Neve,Pomeriggio,0.14
72,Neve,Pomeriggio,0.1067
73,Neve,Pomeriggio,0.1133
74,Neve,Pomeriggio,0.1133
75,Neve,Pomeriggio,0.1133
76,Neve,Pomeriggio,0.08
77,Neve,Pomeriggio,0.08
78,Neve,Pomeriggio,0.0533
79,Neve,Pomeriggio,0.0533
80,Neve,Pomeriggio,0.0533
81,Neve,Pomeriggio,0.0533
82,Neve,Pomeriggio,0.0533
83,Neve,Pomeriggio,0.0533
84,Neve,Pomeriggio,0.0533
85,Neve,Pomeriggio,0.0533
86,Neve,Pomeriggio,0.0533
87,Neve,Pomeriggio,0.0533
88,Neve,Pomeriggio,0.0533
89,Neve,Pomeriggio,0.0533
90,Neve,Pomeriggio,0.08
91,Neve,Pomeriggio,0.08
92,Neve,Pomeriggio,0.1067
93,Neve,Pomeriggio,0.3533
94,Neve,Pomeriggio,0.1133
95,Neve,Pomeriggio,0.1133
96,Neve,Pomeriggio,0.3533
97,Neve,Pomeriggio,0.3533
98,Neve,Pomeriggio,0.1067
99,Neve,Pomeriggio,0.0533
100,Neve,Pomeriggio,0.0533
101,Neve,Pomeriggio,0.0533
102,Neve,Pomeriggio,0.1067
103,Neve,Pomeriggio,0.1067
104,Neve,Pomeriggio,0.1067
105,Neve,Pomeriggio,0.1067
106,Neve,Pomeriggio,0.1067
107,Neve,Pomeriggio,0.1067
108,Neve,Pomeriggio,0.1067
109,Neve,Pomeriggio,0.1067
110,Neve,Pomeriggio,0.1067
111,Neve,Pomeriggio,0.1067
112,Neve,Pomeriggio,0.1067
113,Neve,Pomeriggio,0.1067
114,Neve,Pomeriggio,0.0867
115,Neve,Pomeriggio,0.3533
116,Neve,Pomeriggio,0.0533
117,Neve,Pomeriggio,0.0533
118,Neve,Pomeriggio,0.0533
119,Neve,Pomeriggio,0.0533
120,Neve,Pomeriggio,0.0533
121,Neve,Pomeriggio,0.0533
122,Neve,Pomeriggio,0.3533
123,Neve,Pomeriggio,0.3533
124,Neve,Pomeriggio,0.1333
125,Neve,Pomeriggio,0.2467
126,Neve,Pomeriggio,0.2467
127,Neve,Pomeriggio,0.2467
128,Neve,Pomeriggio,0.0867
129,Neve,Pomeriggio,0.1333
130,Neve,Pomeriggio,0.2467
131,Neve,Pomeriggio,0.2467
132,Neve,Pomeriggio,0.0533
133,Neve,Pomeriggio,0.08
134,Neve,Pomeriggio,0.08
135,Neve,Pomeriggio,0.0533
136,Neve,Pomeriggio,0.1067
137,Neve,Pomeriggio,0.1067
138,Neve,Pomeriggio,0.1067
139,Neve,Pomeriggio,0.14
140,Neve,Pomeriggio,0.14
141,Neve,Pomeriggio,0.14
142,Neve,Pomeriggio,0.14
143,Neve,Pomeriggio,0.14
144,Neve,Pomeriggio,0.14
145,Neve,Pomeriggio,0.1067
146,Neve,Pomeriggio,0.2467
147,Neve,Pomeriggio,0.2467
148,Neve,Pomeriggio,0.1067
149,Neve,Pomeriggio,0.1067
150,Neve,Pomeriggio,0.1067
151,Neve,Pomeriggio,0.0733
152,Neve,Pomeriggio,0.0733
153,Neve,Pomeriggio,0.0733
154,Neve,Pomeriggio,0.0733
155,Neve,Pomeriggio,0.1133
156,Neve,Pomeriggio,0.1133
157,Neve,Pomeriggio,0.0733
158,Neve,Pomeriggio,0.1133
159,Neve,Pomeriggio,0.1
160,Neve,Pomeriggio,0.1
161,Neve,Pomeriggio,0.1
162,Neve,Pomeriggio,0.1
163,Neve,Pomeriggio,0.1
164,Neve,Pomeriggio,0.1
165,Neve,Pomeriggio,0.1
166,Neve,Pomeriggio,0.1133
167,Neve,Pomeriggio,0.1133
168,Neve,Pomeriggio,0.1133
169,Neve,Pomeriggio,0.1133
170,Neve,Pomeriggio,0.1133
171,Neve,Pomeriggio,0.12
172,Neve,Pomeriggio,0.12
173,Neve,Pomeriggio,0.12
174,Neve,Pomeriggio,0.12
175,Neve,Pomeriggio,0.12
176,Neve,Pomeriggio,0.12
177,Neve,Pomeriggio,0.3467
178,Neve,Pomeriggio,0.3467
179,Neve,Pomeriggio,0.3467
1,Neve,Sera,0.1067
2,Neve,Sera,0.1067
3,Neve,Sera,0.1067
4,Neve,Sera,0.1067
5,Neve,Sera,0.1067
6,Neve,Sera,0.1067
7,Neve,Sera,0.1067
8,Neve,Sera,0.1067
9,Neve,Sera,0.1067
10,Neve,Sera,0.1067
11,Neve,Sera,0.1067
12,Neve,Sera,0.1067
13,Neve,Sera,0.1267
14,Neve,Sera,0.1267
15,Neve,Sera,0.1267
16,Neve,Sera,0.12
17,Neve,Sera,0.12
18,Neve,Sera,0.1067
19,Neve,Sera,0.1067
20,Neve,Sera,0.1067
21,Neve,Sera,0.1067
22,Neve,Sera,0.1067
23,Neve,Sera,0.1067
24,Neve,Sera,0.1067
25,Neve,Sera,0.1067
26,Neve,Sera,0.1133
27,Neve,Sera,0.1133
28,Neve,Sera,0.1133
29,Neve,Sera,0.1133
30,Neve,Sera,0.1133
31,Neve,Sera,0.1133
32,Neve,Sera,0.1133
33,Neve,Sera,0.1133
34,Neve,Sera,0.18
35,Neve,Sera,0.18
36,Neve,Sera,0.18
37,Neve,Sera,0.18
38,Neve,Sera,0.18
39,Neve,Sera,0.18
40,Neve,Sera,0.18
41,Neve,Sera,0.18
42,Neve,Sera,0.18
43,Neve,Sera,0.0867
44,Neve,Sera,0.0867
45,Neve,Sera,0.0867
46,Neve,Sera,0.0867
47,Neve,Sera,0.0867
48,Neve,Sera,0.18
49,Neve,Sera,0.0867
50,Neve,Sera,0.0867
51,Neve,Sera,0.0867
52,Neve,Sera,0.0867
53,Neve,Sera,0.0867
54,Neve,Sera,0.0867
55,Neve,Sera,0.0867
56,Neve,Sera,0.0867
57,Neve,Sera,0.0867
58,Neve,Sera,0.0867
59,Neve,Sera,0.0867
60,Neve,Sera,0.0867
61,Neve,Sera,0.0867
62,Neve,Sera,0.0867
63,Neve,Sera,0.3
64,Neve,Sera,0.3
65,Neve,Sera,0.3
66,Neve,Sera,0.3
67,Neve,Sera,0.3
68,Neve,Sera,0.3
69,Neve,Sera,0.12
70,Neve,Sera,0.12
71,Neve,Sera,0.12
72,Neve,Sera,0.12
73,Neve,Sera,0.1
74,Neve,Sera,0.1
75,Neve,Sera,0.1
76,Neve,Sera,0.08
77,Neve,Sera,0.08
78,Neve,Sera,0.0733
79,Neve,Sera,0.0733
80,Neve,Sera,0.0733
81,Neve,Sera,0.0733
82,Neve,Sera,0.0733
83,Neve,Sera,0.0733
84,Neve,Sera,0.0733
85,Neve,Sera,0.0733
86,Neve,Sera,0.0733
87,Neve,Sera,0.0733
88,Neve,Sera,0.0733
89,Neve,Sera,0.0733
90,Neve,Sera,0.08
91,Neve,Sera,0.08
92,Neve,Sera,0.12
93,Neve,Sera,0.3267
94,Neve,Sera,0.1
95,Neve,Sera,0.1
96,Neve,Sera,0.3267
97,Neve,Sera,0.3267
98,Neve,Sera,0.12
99,Neve,Sera,0.0733
100,Neve,Sera,0.0733
101,Neve,Sera,0.0733
102,Neve,Sera,0.1
103,Neve,Sera,0.1
104,Neve,Sera,0.1
105,Neve,Sera,0.1
106,Neve,Sera,0.1
107,Neve,Sera,0.1
108,Neve,Sera,0.1
109,Neve,Sera,0.1
110,Neve,Sera,0.1
111,Neve,Sera,0.1
112,Neve,Sera,0.1
113,Neve,Sera,0.1
114,Neve,Sera,0.0733
115,Neve,Sera,0.3267
116,Neve,Sera,0.0733
117,Neve,Sera,0.0733
118,Neve,Sera,0.0733
119,Neve,Sera,0.0733
120,Neve,Sera,0.0733
121,Neve,Sera,0.0733
122,Neve,Sera,0.3267
123,Neve,Sera,0.3267
124,Neve,Sera,0.1333
125,Neve,Sera,0.2267
126,Neve,Sera,0.2267
127,Neve,Sera,0.2267
128,Neve,Sera,0.0733
129,Neve,Sera,0.1333
130,Neve,Sera,0.2267
131,Neve,Sera,0.2267
132,Neve,Sera,0.0733
133,Neve,Sera,0.08
134,Neve,Sera,0.08
135,Neve,Sera,0.0733
136,Neve,Sera,0.1067
137,Neve,Sera,0.1067
138,Neve,Sera,0.1067
139,Neve,Sera,0.12
140,Neve,Sera,0.12
141,Neve,Sera,0.12
142,Neve,Sera,0.1267
143,Neve,Sera,0.1267
144,Neve,Sera,0.1267
145,Neve,Sera,0.12
146,Neve,Sera,0.2267
147,Neve,Sera,0.2267
148,Neve,Sera,0.1067
149,Neve,Sera,0.1067
150,Neve,Sera,0.1067
151,Neve,Sera,0.1
152,Neve,Sera,0.1
153,Neve,Sera,0.1
154,Neve,Sera,0.1
155,Neve,Sera,0.1333
156,Neve,Sera,0.1333
157,Neve,Sera,0.1
158,Neve,Sera,0.1333
159,Neve,Sera,0.1
160,Neve,Sera,0.1
161,Neve,Sera,0.1
162,Neve,Sera,0.1
163,Neve,Sera,0.1
164,Neve,Sera,0.1
165,Neve,Sera,0.1
166,Neve,Sera,0.1333
167,Neve,Sera,0.1333
168,Neve,Sera,0.1333
169,Neve,Sera,0.1333
170,Neve,Sera,0.1333
171,Neve,Sera,0.12
172,Neve,Sera,0.12
173,Neve,Sera,0.12
174,Neve,Sera,0.12
175,Neve,Sera,0.12
176,Neve,Sera,0.12
177,Neve,Sera,0.32
178,Neve,Sera,0.32
179,Neve,Sera,0.32
1,Vento forte,Mattino,0.1133
2,Vento forte,Mattino,0.1133
3,Vento forte,Mattino,0.1133
4,Vento forte,Mattino,0.1133
5,Vento forte,Mattino,0.1133
6,Vento forte,Mattino,0.1133
7,Vento forte,Mattino,0.1133
8,Vento forte,Mattino,0.1133
9,Vento forte,Mattino,0.1133
10,Vento forte,Mattino,0.1133
11,Vento forte,Mattino,0.1133
12,Vento forte,Mattino,0.1133
13,Vento forte,Mattino,0.1533
14,Vento forte,Mattino,0.1533
15,Vento forte,Mattino,0.1533
16,Vento forte,Mattino,0.1133
17,Vento forte,Mattino,0.1133
18,Vento forte,Mattino,0.1733
19,Vento forte,Mattino,0.1733
20,Vento forte,Mattino,0.1733
21,Vento forte,Mattino,0.1733
22,Vento forte,Mattino,0.1733
23,Vento forte,Mattino,0.1733
24,Vento forte,Mattino,0.1733
25,Vento forte,Mattino,0.1733
26,Vento forte,Mattino,0.1133
27,Vento forte,Mattino,0.1133
28,Vento forte,Mattino,0.1133
29,Vento forte,Mattino,0.1133
30,Vento forte,Mattino,0.1133
31,Vento forte,Mattino,0.1133
32,Vento forte,Mattino,0.1133
33,Vento forte,Mattino,0.1133
34,Vento forte,Mattino,0.1733
35,Vento forte,Mattino,0.1733
36,Vento forte,Mattino,0.1733
37,Vento forte,Mattino,0.1733
38,Vento forte,Mattino,0.1733
39,Vento forte,Mattino,0.1733
40,Vento forte,Mattino,0.1733
41,Vento forte,Mattino,0.1733
42,Vento forte,Mattino,0.1733
43,Vento forte,Mattino,0.1133
44,Vento forte,Mattino,0.1133
45,Vento forte,Mattino,0.1133
46,Vento forte,Mattino,0.1133
47,Vento forte,Mattino,0.1133
48,Vento forte,Mattino,0.1733
49,Vento forte,Mattino,0.1133
50,Vento forte,Mattino,0.1133
51,Vento forte,Mattino,0.1133
52,Vento forte,Mattino,0.1133
53,Vento forte,Mattino,0.1133
54,Vento forte,Mattino,0.1133
55,Vento forte,Mattino,0.1133
56,Vento forte,Mattino,0.1133
57,Vento forte,Mattino,0.1133
58,Vento forte,Mattino,0.1133
59,Vento forte,Mattino,0.1133
60,Vento forte,Mattino,0.1133
61,Vento forte,Mattino,0.1133
62,Vento forte,Mattino,0.1133
63,Vento forte,Mattino,0.4267
64,Vento forte,Mattino,0.4267
65,Vento forte,Mattino,0.4267
66,Vento forte,Mattino,0.4267
67,Vento forte,Mattino,0.4267
68,Vento forte,Mattino,0.4267
69,Vento forte,Mattino,0.1333
70,Vento forte,Mattino,0.1333
71,Vento forte,Mattino,0.1333
72,Vento forte,Mattino,0.1133
73,Vento forte,Mattino,0.14
74,Vento forte,Mattino,0.14
75,Vento forte,Mattino,0.14
76,Vento forte,Mattino,0.1
77,Vento forte,Mattino,0.1
78,Vento forte,Mattino,0.04
79,Vento forte,Mattino,0.04
80,Vento forte,Mattino,0.04
81,Vento forte,Mattino,0.04
82,Vento forte,Mattino,0.04
83,Vento forte,Mattino,0.04
84,Vento forte,Mattino,0.04
85,Vento forte,Mattino,0.04
86,Vento forte,Mattino,0.04
87,Vento forte,Mattino,0.04
88,Vento forte,Mattino,0.04
89,Vento forte,Mattino,0.04
90,Vento forte,Mattino,0.1
91,Vento forte,Mattino,0.1
92,Vento forte,Mattino,0.1133
93,Vento forte,Mattino,0.3
94,Vento forte,Mattino,0.14
95,Vento forte,Mattino,0.14
96,Vento forte,Mattino,0.3
97,Vento forte,Mattino,0.3
98,Vento forte,Mattino,0.1533
99,Vento forte,Mattino,0.04
100,Vento forte,Mattino,0.04
101,Vento forte,Mattino,0.04
102,Vento forte,Mattino,0.0933
103,Vento forte,Mattino,0.0933
104,Vento forte,Mattino,0.0933
105,Vento forte,Mattino,0.0933
106,Vento forte,Mattino,0.0933
107,Vento forte,Mattino,0.0933
108,Vento forte,Mattino,0.0933
109,Vento forte,Mattino,0.0933
110,Vento forte,Mattino,0.0933
111,Vento forte,Mattino,0.0933
112,Vento forte,Mattino,0.0933
113,Vento forte,Mattino,0.0933
114,Vento forte,Mattino,0.12
115,Vento forte,Mattino,0.3
116,Vento forte,Mattino,0.04
117,Vento forte,Mattino,0.04
118,Vento forte,Mattino,0.04
119,Vento forte,Mattino,0.04
120,Vento forte,Mattino,0.04
121,Vento forte,Mattino,0.04
122,Vento forte,Mattino,0.3
123,Vento forte,Mattino,0.3
124,Vento forte,Mattino,0.1533
125,Vento forte,Mattino,0.24
126,Vento forte,Mattino,0.24
127,Vento forte,Mattino,0.24
128,Vento forte,Mattino,0.12
129,Vento forte,Mattino,0.1533
130,Vento forte,Mattino,0.24
131,Vento forte,Mattino,0.24
132,Vento forte,Mattino,0.04
133,Vento forte,Mattino,0.1
134,Vento forte,Mattino,0.1
135,Vento forte,Mattino,0.04
136,Vento forte,Mattino,0.1267
137,Vento forte,Mattino,0.1267
138,Vento forte,Mattino,0.1267
139,Vento forte,Mattino,0.1467
140,Vento forte,Mattino,0.1467
141,Vento forte,Mattino,0.1467
142,Vento forte,Mattino,0.1533
143,Vento forte,Mattino,0.1533
144,Vento forte,Mattino,0.1533
145,Vento forte,Mattino,0.1133
146,Vento forte,Mattino,0.24
147,Vento forte,Mattino,0.24
148,Vento forte,Mattino,0.1267
149,Vento forte,Mattino,0.1267
150,Vento forte,Mattino,0.1267
151,Vento forte,Mattino,0.0667
152,Vento forte,Mattino,0.0667
153,Vento forte,Mattino,0.0667
154,Vento forte,Mattino,0.0667
155,Vento forte,Mattino,0.0933
156,Vento forte,Mattino,0.0933
157,Vento forte,Mattino,0.0667
158,Vento forte,Mattino,0.0933
159,Vento forte,Mattino,0.1
160,Vento forte,Mattino,0.1
161,Vento forte,Mattino,0.1
162,Vento forte,Mattino,0.1
163,Vento forte,Mattino,0.1
164,Vento forte,Mattino,0.1
165,Vento forte,Mattino,0.1
166,Vento forte,Mattino,0.0933
167,Vento forte,Mattino,0.0933
168,Vento forte,Mattino,0.0933
169,Vento forte,Mattino,0.0933
170,Vento forte,Mattino,0.0933
171,Vento forte,Mattino,0.08
172,Vento forte,Mattino,0.08
173,Vento forte,Mattino,0.08
174,Vento forte,Mattino,0.08
175,Vento forte,Mattino,0.08
176,Vento forte,Mattino,0.08
177,Vento forte,Mattino,0.2933
178,Vento forte,Mattino,0.2933
179,Vento forte,Mattino,0.2933
1,Vento forte,Notte,0.1333
2,Vento forte,Notte,0.1333
3,Vento forte,Notte,0.1333
4,Vento forte,Notte,0.1333
5,Vento forte,Notte,0.1333
6,Vento forte,Notte,0.1333
7,Vento forte,Notte,0.1333
8,Vento forte,Notte,0.1333
9,Vento forte,Notte,0.1333
10,Vento forte,Notte,0.1333
11,Vento forte,Notte,0.1333
12,Vento forte,Notte,0.1333
13,Vento forte,Notte,0.1533
14,Vento forte,Notte,0.1533
15,Vento forte,Notte,0.1533
16,Vento forte,Notte,0.1333
17,Vento forte,Notte,0.1333
18,Vento forte,Notte,0.2
19,Vento forte,Notte,0.2
20,Vento forte,Notte,0.2
21,Vento forte,Notte,0.2
22,Vento forte,Notte,0.2
23,Vento forte,Notte,0.2
24,Vento forte,Notte,0.2
25,Vento forte,Notte,0.2
26,Vento forte,Notte,0.1267
27,Vento forte,Notte,0.1267
28,Vento forte,Notte,0.1267
29,Vento forte,Notte,0.1267
30,Vento forte,Notte,0.1267
31,Vento forte,Notte,0.1267
32,Vento forte,Notte,0.1267
33,Vento forte,Notte,0.1267
34,Vento forte,Notte,0.1733
35,Vento forte,Notte,0.1733
36,Vento forte,Notte,0.1733
37,Vento forte,Notte,0.1733
38,Vento forte,Notte,0.1733
39,Vento forte,Notte,0.1733
40,Vento forte,Notte,0.1733
41,Vento forte,Notte,0.1733
42,Vento forte,Notte,0.1733
43,Vento forte,Notte,0.1133
44,Vento forte,Notte,0.1133
45,Vento forte,Notte,0.1133
46,Vento forte,Notte,0.1133
47,Vento forte,Notte,0.1133
48,Vento forte,Notte,0.1733
49,Vento forte,Notte,0.1133
50,Vento forte,Notte,0.1133
51,Vento forte,Notte,0.1133
52,Vento forte,Notte,0.1133
53,Vento forte,Notte,0.1133
54,Vento forte,Notte,0.1133
55,Vento forte,Notte,0.1133
56,Vento forte,Notte,0.1133
57,Vento forte,Notte,0.1133
58,Vento forte,Notte,0.1133
59,Vento forte,Notte,0.1133
60,Vento forte,Notte,0.1133
61,Vento forte,Notte,0.1133
62,Vento forte,Notte,0.1133
63,Vento forte,Notte,0.3933
64,Vento forte,Notte,0.3933
65,Vento forte,Notte,0.3933
66,Vento forte,Notte,0.3933
67,Vento forte,Notte,0.3933
68,Vento forte,Notte,0.3933
69,Vento forte,Notte,0.14
70,Vento forte,Notte,0.14
71,Vento forte,Notte,0.14
72,Vento forte,Notte,0.1333
73,Vento forte,Notte,0.12
74,Vento forte,Notte,0.12
75,Vento forte,Notte,0.12
76,Vento forte,Notte,0.1067
77,Vento forte,Notte,0.1067
78,Vento forte,Notte,0.0667
79,Vento forte,Notte,0.0667
80,Vento forte,Notte,0.0667
81,Vento forte,Notte,0.0667
82,Vento forte,Notte,0.0667
83,Vento forte,Notte,0.0667
84,Vento forte,Notte,0.0667
85,Vento forte,Notte,0.0667
86,Vento forte,Notte,0.0667
87,Vento forte,Notte,0.0667
88,Vento forte,Notte,0.0667
89,Vento forte,Notte,0.0667
90,Vento forte,Notte,0.1067
91,Vento forte,Notte,0.1067
92,Vento forte,Notte,0.1333
93,Vento forte,Notte,0.28
94,Vento forte,Notte,0.12
95,Vento forte,Notte,0.12
96,Vento forte,Notte,0.28
97,Vento forte,Notte,0.28
98,Vento forte,Notte,0.1933
99,Vento forte,Notte,0.0667
100,Vento forte,Notte,0.0667
101,Vento forte,Notte,0.0667
102,Vento forte,Notte,0.1067
103,Vento forte,Notte,0.1067
104,Vento forte,Notte,0.1067
105,Vento forte,Notte,0.1067
106,Vento forte,Notte,0.1067
107,Vento forte,Notte,0.1067
108,Vento forte,Notte,0.1067
109,Vento forte,Notte,0.1067
110,Vento forte,Notte,0.1067
111,Vento forte,Notte,0.1067
112,Vento forte,Notte,0.1067
113,Vento forte,Notte,0.1067
114,Vento forte,Notte,0.1
115,Vento forte,Notte,0.28
116,Vento forte,Notte,0.0667
117,Vento forte,Notte,0.0667
118,Vento forte,Notte,0.0667
119,Vento forte,Notte,0.0667
120,Vento forte,Notte,0.0667
121,Vento forte,Notte,0.0667
122,Vento forte,Notte,0.28
123,Vento forte,Notte,0.28
124,Vento forte,Notte,0.1467
125,Vento forte,Notte,0.22
126,Vento forte,Notte,0.22
127,Vento forte,Notte,0.22
128,Vento forte,Notte,0.1
129,Vento forte,Notte,0.1467
130,Vento forte,Notte,0.22
131,Vento forte,Notte,0.22
132,Vento forte,Notte,0.0667
133,Vento forte,Notte,0.1067
134,Vento forte,Notte,0.1067
135,Vento forte,Notte,0.0667
136,Vento forte,Notte,0.1267
137,Vento forte,Notte,0.1267
138,Vento forte,Notte,0.1267
139,Vento forte,Notte,0.1533
140,Vento forte,Notte,0.1533
141,Vento forte,Notte,0.1533
142,Vento forte,Notte,0.1533
143,Vento forte,Notte,0.1533
144,Vento forte,Notte,0.1533
145,Vento forte,Notte,0.1333
146,Vento forte,Notte,0.22
147,Vento forte,Notte,0.22
148,Vento forte,Notte,0.1267
149,Vento forte,Notte,0.1267
150,Vento forte,Notte,0.1267
151,Vento forte,Notte,0.0933
152,Vento forte,Notte,0.0933
153,Vento forte,Notte,0.0933
154,Vento forte,Notte,0.0933
155,Vento forte,Notte,0.1267
156,Vento forte,Notte,0.1267
157,Vento forte,Notte,0.0933
158,Vento forte,Notte,0.1267
159,Vento forte,Notte,0.12
160,Vento forte,Notte,0.12
161,Vento forte,Notte,0.12
162,Vento forte,Notte,0.12
163,Vento forte,Notte,0.12
164,Vento forte,Notte,0.12
165,Vento forte,Notte,0.12
166,Vento forte,Notte,0.1267
167,Vento forte,Notte,0.1267
168,Vento forte,Notte,0.1267
169,Vento forte,Notte,0.1267
170,Vento forte,Notte,0.1267
171,Vento forte,Notte,0.1
172,Vento forte,Notte,0.1
173,Vento forte,Notte,0.1
174,Vento forte,Notte,0.1
175,Vento forte,Notte,0.1
176,Vento forte,Notte,0.1
177,Vento forte,Notte,0.28
178,Vento forte,Notte,0.28
179,Vento forte,Notte,0.28
1,Vento forte,Pomeriggio,0.08
2,Vento forte,Pomeriggio,0.08
3,Vento forte,Pomeriggio,0.08
4,Vento forte,Pomeriggio,0.08
5,Vento forte,Pomeriggio,0.08
6,Vento forte,Pomeriggio,0.08
7,Vento forte,Pomeriggio,0.08
8,Vento forte,Pomeriggio,0.08
9,Vento forte,Pomeriggio,0.08
10,Vento forte,Pomeriggio,0.08
11,Vento forte,Pomeriggio,0.08
12,Vento forte,Pomeriggio,0.08
13,Vento forte,Pomeriggio,0.0933
14,Vento forte,Pomeriggio,0.0933
15,Vento forte,Pomeriggio,0.0933
16,Vento forte,Pomeriggio,0.08
17,Vento forte,Pomeriggio,0.08
18,Vento forte,Pomeriggio,0.18
19,Vento forte,Pomeriggio,0.18
20,Vento forte,Pomeriggio,0.18
21,Vento forte,Pomeriggio,0.18
22,Vento forte,Pomeriggio,0.18
23,Vento forte,Pomeriggio,0.18
24,Vento forte,Pomeriggio,0.18
25,Vento forte,Pomeriggio,0.18
26,Vento forte,Pomeriggio,0.0733
27,Vento forte,Pomeriggio,0.0733
28,Vento forte,Pomeriggio,0.0733
29,Vento forte,Pomeriggio,0.0733
30,Vento forte,Pomeriggio,0.0733
31,Vento forte,Pomeriggio,0.0733
32,Vento forte,Pomeriggio,0.0733
33,Vento forte,Pomeriggio,0.0733
34,Vento forte,Pomeriggio,0.1733
35,Vento forte,Pomeriggio,0.1733
36,Vento forte,Pomeriggio,0.1733
37,Vento forte,Pomeriggio,0.1733
38,Vento forte,Pomeriggio,0.1733
39,Vento forte,Pomeriggio,0.1733
40,Vento forte,Pomeriggio,0.1733
41,Vento forte,Pomeriggio,0.1733
42,Vento forte,Pomeriggio,0.1733
43,Vento forte,Pomeriggio,0.08
44,Vento forte,Pomeriggio,0.08
45,Vento forte,Pomeriggio,0.08
46,Vento forte,Pomeriggio,0.08
47,Vento forte,Pomeriggio,0.08
48,Vento forte,Pomeriggio,0.1733
49,Vento forte,Pomeriggio,0.08
50,Vento forte,Pomeriggio,0.08
51,Vento forte,Pomeriggio,0.08
52,Vento forte,Pomeriggio,0.08
53,Vento forte,Pomeriggio,0.08
54,Vento forte,Pomeriggio,0.08
55,Vento forte,Pomeriggio,0.08
56,Vento forte,Pomeriggio,0.08
57,Vento forte,Pomeriggio,0.08
58,Vento forte,Pomeriggio,0.08
59,Vento forte,Pomeriggio,0.08
60,Vento forte,Pomeriggio,0.08
61,Vento forte,Pomeriggio,0.08
62,Vento forte,Pomeriggio,0.08
63,Vento forte,Pomeriggio,0.44
64,Vento forte,Pomeriggio,0.44
65,Vento forte,Pomeriggio,0.44
66,Vento forte,Pomeriggio,0.44
67,Vento forte,Pomeriggio,0.44
68,Vento forte,Pomeriggio,0.44
69,Vento forte,Pomeriggio,0.0867
70,Vento forte,Pomeriggio,0.0867
71,Vento forte,Pomeriggio,0.0867
72,Vento forte,Pomeriggio,0.08
73,Vento forte,Pomeriggio,0.06
74,Vento forte,Pomeriggio,0.06
75,Vento forte,Pomeriggio,0.06
76,Vento forte,Pomeriggio,0.0733
77,Vento forte,Pomeriggio,0.0733
78,Vento forte,Pomeriggio,0.0533
79,Vento forte,Pomeriggio,0.0533
80,Vento forte,Pomeriggio,0.0533
81,Vento forte,Pomeriggio,0.0533
82,Vento forte,Pomeriggio,0.0533
83,Vento forte,Pomeriggio,0.0533
84,Vento forte,Pomeriggio,0.0533
85,Vento forte,Pomeriggio,0.0533
86,Vento forte,Pomeriggio,0.0533
87,Vento forte,Pomeriggio,0.0533
88,Vento forte,Pomeriggio,0.0533
89,Vento forte,Pomeriggio,0.0533
90,Vento forte,Pomeriggio,0.0733
91,Vento forte,Pomeriggio,0.0733
92,Vento forte,Pomeriggio,0.08
93,Vento forte,Pomeriggio,0.2667
94,Vento forte,Pomeriggio,0.06
95,Vento forte,Pomeriggio,0.06
96,Vento forte,Pomeriggio,0.2667
97,Vento forte,Pomeriggio,0.2667
98,Vento forte,Pomeriggio,0.1267
99,Vento forte,Pomeriggio,0.0533
100,Vento forte,Pomeriggio,0.0533
101,Vento forte,Pomeriggio,0.0533
102,Vento forte,Pomeriggio,0.08
103,Vento forte,Pomeriggio,0.08
104,Vento forte,Pomeriggio,0.08
105,Vento forte,Pomeriggio,0.08
106,Vento forte,Pomeriggio,0.08
107,Vento forte,Pomeriggio,0.08
108,Vento forte,Pomeriggio,0.08
109,Vento forte,Pomeriggio,0.08
110,Vento forte,Pomeriggio,0.08
111,Vento forte,Pomeriggio,0.08
112,Vento forte,Pomeriggio,0.08
113,Vento forte,Pomeriggio,0.08
114,Vento forte,Pomeriggio,0.0667
115,Vento forte,Pomeriggio,0.2667
116,Vento forte,Pomeriggio,0.0533
117,Vento forte,Pomeriggio,0.0533
118,Vento forte,Pomeriggio,0.0533
119,Vento forte,Pomeriggio,0.0533
120,Vento forte,Pomeriggio,0.0533
121,Vento forte,Pomeriggio,0.0533
122,Vento forte,Pomeriggio,0.2667
123,Vento forte,Pomeriggio,0.2667
124,Vento forte,Pomeriggio,0.1
125,Vento forte,Pomeriggio,0.1867
126,Vento forte,Pomeriggio,0.1867
127,Vento forte,Pomeriggio,0.1867
128,Vento forte,Pomeriggio,0.0667
129,Vento forte,Pomeriggio,0.1
130,Vento forte,Pomeriggio,0.1867
131,Vento forte,Pomeriggio,0.1867
132,Vento forte,Pomeriggio,0.0533
133,Vento forte,Pomeriggio,0.0733
134,Vento forte,Pomeriggio,0.0733
135,Vento forte,Pomeriggio,0.0533
136,Vento forte,Pomeriggio,0.0867
137,Vento forte,Pomeriggio,0.0867
138,Vento forte,Pomeriggio,0.0867
139,Vento forte,Pomeriggio,0.0933
140,Vento forte,Pomeriggio,0.0933
141,Vento forte,Pomeriggio,0.0933
142,Vento forte,Pomeriggio,0.0933
143,Vento forte,Pomeriggio,0.0933
144,Vento forte,Pomeriggio,0.0933
145,Vento forte,Pomeriggio,0.08
146,Vento forte,Pomeriggio,0.1867
147,Vento forte,Pomeriggio,0.1867
148,Vento forte,Pomeriggio,0.0867
149,Vento forte,Pomeriggio,0.0867
150,Vento forte,Pomeriggio,0.0867
151,Vento forte,Pomeriggio,0.0733
152,Vento forte,Pomeriggio,0.0733
153,Vento forte,Pomeriggio,0.0733
154,Vento forte,Pomeriggio,0.0733
155,Vento forte,Pomeriggio,0.08
156,Vento forte,Pomeriggio,0.08
157,Vento forte,Pomeriggio,0.0733
158,Vento forte,Pomeriggio,0.08
159,Vento forte,Pomeriggio,0.0867
160,Vento forte,Pomeriggio,0.0867
161,Vento forte,Pomeriggio,0.0867
162,Vento forte,Pomeriggio,0.0867
163,Vento forte,Pomeriggio,0.0867
164,Vento forte,Pomeriggio,0.0867
165,Vento forte,Pomeriggio,0.0867
166,Vento forte,Pomeriggio,0.08
167,Vento forte,Pomeriggio,0.08
168,Vento forte,Pomeriggio,0.08
169,Vento forte,Pomeriggio,0.08
170,Vento forte,Pomeriggio,0.08
171,Vento forte,Pomeriggio,0.08
172,Vento forte,Pomeriggio,0.08
173,Vento forte,Pomeriggio,0.08
174,Vento forte,Pomeriggio,0.08
175,Vento forte,Pomeriggio,0.08
176,Vento forte,Pomeriggio,0.08
177,Vento forte,Pomeriggio,0.2667
178,Vento forte,Pomeriggio,0.2667
179,Vento forte,Pomeriggio,0.2667
1,Vento forte,Sera,0.12
2,Vento forte,Sera,0.12
3,Vento forte,Sera,0.12
4,Vento forte,Sera,0.12
5,Vento forte,Sera,0.12
6,Vento forte,Sera,0.12
7,Vento forte,Sera,0.12
8,Vento forte,Sera,0.12
9,Vento forte,Sera,0.12
10,Vento forte,Sera,0.12
11,Vento forte,Sera,0.12
12,Vento forte,Sera,0.12
13,Vento forte,Sera,0.1533
14,Vento forte,Sera,0.1533
15,Vento forte,Sera,0.1533
16,Vento forte,Sera,0.1333
17,Vento forte,Sera,0.1333
18,Vento forte,Sera,0.1533
19,Vento forte,Sera,0.1533
20,Vento forte,Sera,0.1533
21,Vento forte,Sera,0.1533
22,Vento forte,Sera,0.1533
23,Vento forte,Sera,0.1533
24,Vento forte,Sera,0.1533
25,Vento forte,Sera,0.1533
26,Vento forte,Sera,0.12
27,Vento forte,Sera,0.12
28,Vento forte,Sera,0.12
29,Vento forte,Sera,0.12
30,Vento forte,Sera,0.12
31,Vento forte,Sera,0.12
32,Vento forte,Sera,0.12
33,Vento forte,Sera,0.12
34,Vento forte,Sera,0.2133
35,Vento forte,Sera,0.2133
36,Vento forte,Sera,0.2133
37,Vento forte,Sera,0.2133
38,Vento forte,Sera,0.2133
39,Vento forte,Sera,0.2133
40,Vento forte,Sera,0.2133
41,Vento forte,Sera,0.2133
42,Vento forte,Sera,0.2133
43,Vento forte,Sera,0.1133
44,Vento forte,Sera,0.1133
45,Vento forte,Sera,0.1133
46,Vento forte,Sera,0.1133
47,Vento forte,Sera,0.1133
48,Vento forte,Sera,0.2133
49,Vento forte,Sera,0.1133
50,Vento forte,Sera,0.1133
51,Vento forte,Sera,0.1133
52,Vento forte,Sera,0.1133
53,Vento forte,Sera,0.1133
54,Vento forte,Sera,0.1133
55,Vento forte,Sera,0.1133
56,Vento forte,Sera,0.1133
57,Vento forte,Sera,0.1133
58,Vento forte,Sera,0.1133
59,Vento forte,Sera,0.1133
60,Vento forte,Sera,0.1133
61,Vento forte,Sera,0.1133
62,Vento forte,Sera,0.1133
63,Vento forte,Sera,0.3933
64,Vento forte,Sera,0.3933
65,Vento forte,Sera,0.3933
66,Vento forte,Sera,0.3933
67,Vento forte,Sera,0.3933
68,Vento forte,Sera,0.3933
69,Vento forte,Sera,0.14
70,Vento forte,Sera,0.14
71,Vento forte,Sera,0.14
72,Vento forte,Sera,0.1333
73,Vento forte,Sera,0.0867
74,Vento forte,Sera,0.0867
75,Vento forte,Sera,0.0867
76,Vento forte,Sera,0.1267
77,Vento forte,Sera,0.1267
78,Vento forte,Sera,0.08
79,Vento forte,Sera,0.08
80,Vento forte,Sera,0.08
81,Vento forte,Sera,0.08
82,Vento forte,Sera,0.08
83,Vento forte,Sera,0.08
84,Vento forte,Sera,0.08
85,Vento forte,Sera,0.08
86,Vento forte,Sera,0.08
87,Vento forte,Sera,0.08
88,Vento forte,Sera,0.08
89,Vento forte,Sera,0.08
90,Vento forte,Sera,0.1267
91,Vento forte,Sera,0.1267
92,Vento forte,Sera,0.1333
93,Vento forte,Sera,0.2467
94,Vento forte,Sera,0.0867
95,Vento forte,Sera,0.0867
96,Vento forte,Sera,0.2467
97,Vento forte,Sera,0.2467
98,Vento forte,Sera,0.1733
99,Vento forte,Sera,0.08
100,Vento forte,Sera,0.08
101,Vento forte,Sera,0.08
102,Vento forte,Sera,0.1067
103,Vento forte,Sera,0.1067
104,Vento forte,Sera,0.1067
105,Vento forte,Sera,0.1067
106,Vento forte,Sera,0.1067
107,Vento forte,Sera,0.1067
108,Vento forte,Sera,0.1067
109,Vento forte,Sera,0.1067
110,Vento forte,Sera,0.1067
111,Vento forte,Sera,0.1067
112,Vento forte,Sera,0.1067
113,Vento forte,Sera,0.1067
114,Vento forte,Sera,0.0733
115,Vento forte,Sera,0.2467
116,Vento forte,Sera,0.08
117,Vento forte,Sera,0.08
118,Vento forte,Sera,0.08
119,Vento forte,Sera,0.08
120,Vento forte,Sera,0.08
121,Vento forte,Sera,0.08
122,Vento forte,Sera,0.2467
123,Vento forte,Sera,0.2467
124,Vento forte,Sera,0.16
125,Vento forte,Sera,0.24
126,Vento forte,Sera,0.24
127,Vento forte,Sera,0.24
128,Vento forte,Sera,0.0733
129,Vento forte,Sera,0.16
130,Vento forte,Sera,0.24
131,Vento forte,Sera,0.24
132,Vento forte,Sera,0.08
133,Vento forte,Sera,0.1267
134,Vento forte,Sera,0.1267
135,Vento forte,Sera,0.08
136,Vento forte,Sera,0.1467
137,Vento forte,Sera,0.1467
138,Vento forte,Sera,0.1467
139,Vento forte,Sera,0.1533
140,Vento forte,Sera,0.1533
141,Vento forte,Sera,0.1533
142,Vento forte,Sera,0.1533
143,Vento forte,Sera,0.1533
144,Vento forte,Sera,0.1533
145,Vento forte,Sera,0.1333
146,Vento forte,Sera,0.24
147,Vento forte,Sera,0.24
148,Vento forte,Sera,0.1467
149,Vento forte,Sera,0.1467
150,Vento forte,Sera,0.1467
151,Vento forte,Sera,0.0933
152,Vento forte,Sera,0.0933
153,Vento forte,Sera,0.0933
154,Vento forte,Sera,0.0933
155,Vento forte,Sera,0.1133
156,Vento forte,Sera,0.1133
157,Vento forte,Sera,0.0933
158,Vento forte,Sera,0.1133
159,Vento forte,Sera,0.1267
160,Vento forte,Sera,0.1267
161,Vento forte,Sera,0.1267
162,Vento forte,Sera,0.1267
163,Vento forte,Sera,0.1267
164,Vento forte,Sera,0.1267
165,Vento forte,Sera,0.1267
166,Vento forte,Sera,0.1133
167,Vento forte,Sera,0.1133
168,Vento forte,Sera,0.1133
169,Vento forte,Sera,0.1133
170,Vento forte,Sera,0.1133
171,Vento forte,Sera,0.0867
172,Vento forte,Sera,0.0867
173,Vento forte,Sera,0.0867
174,Vento forte,Sera,0.0867
175,Vento forte,Sera,0.0867
176,Vento forte,Sera,0.0867
177,Vento forte,Sera,0.2467
178,Vento forte,Sera,0.2467
179,Vento forte,Sera,0.2467
1,Altro,Mattino,0.0933
2,Altro,Mattino,0.0933
3,Altro,Mattino,0.0933
4,Altro,Mattino,0.0933
5,Altro,Mattino,0.0933
6,Altro,Mattino,0.0933
7,Altro,Mattino,0.0933
8,Altro,Mattino,0.0933
9,Altro,Mattino,0.0933
10,Altro,Mattino,0.0933
11,Altro,Mattino,0.0933
12,Altro,Mattino,0.0933
13,Altro,Mattino,0.1267
14,Altro,Mattino,0.1267
15,Altro,Mattino,0.1267
16,Altro,Mattino,0.1
17,Altro,Mattino,0.1
18,Altro,Mattino,0.1467
19,Altro,Mattino,0.1467
20,Altro,Mattino,0.1467
21,Altro,Mattino,0.1467
22,Altro,Mattino,0.1467
23,Altro,Mattino,0.1467
24,Altro,Mattino,0.1467
25,Altro,Mattino,0.1467
26,Altro,Mattino,0.1
27,Altro,Mattino,0.1
28,Altro,Mattino,0.1
29,Altro,Mattino,0.1
30,Altro,Mattino,0.1
31,Altro,Mattino,0.1
32,Altro,Mattino,0.1
33,Altro,Mattino,0.1
34,Altro,Mattino,0.1867
35,Altro,Mattino,0.1867
36,Altro,Mattino,0.1867
37,Altro,Mattino,0.1867
38,Altro,Mattino,0.1867
39,Altro,Mattino,0.1867
40,Altro,Mattino,0.1867
41,Altro,Mattino,0.1867
42,Altro,Mattino,0.1867
43,Altro,Mattino,0.0667
44,Altro,Mattino,0.0667
45,Altro,Mattino,0.0667
46,Altro,Mattino,0.0667
47,Altro,Mattino,0.0667
48,Altro,Mattino,0.1867
49,Altro,Mattino,0.0667
50,Altro,Mattino,0.0667
51,Altro,Mattino,0.0667
52,Altro,Mattino,0.0667
53,Altro,Mattino,0.0667
54,Altro,Mattino,0.0667
55,Altro,Mattino,0.0667
56,Altro,Mattino,0.0667
57,Altro,Mattino,0.0667
58,Altro,Mattino,0.0667
59,Altro,Mattino,0.0667
60,Altro,Mattino,0.0667
61,Altro,Mattino,0.0667
62,Altro,Mattino,0.0667
63,Altro,Mattino,0.3533
64,Altro,Mattino,0.3533
65,Altro,Mattino,0.3533
66,Altro,Mattino,0.3533
67,Altro,Mattino,0.3533
68,Altro,Mattino,0.3533
69,Altro,Mattino,0.1133
70,Altro,Mattino,0.1133
71,Altro,Mattino,0.1133
72,Altro,Mattino,0.1
73,Altro,Mattino,0.0933
74,Altro,Mattino,0.0933
75,Altro,Mattino,0.0933
76,Altro,Mattino,0.0867
77,Altro,Mattino,0.0867
78,Altro,Mattino,0.04
79,Altro,Mattino,0.04
80,Altro,Mattino,0.04
81,Altro,Mattino,0.04
82,Altro,Mattino,0.04
83,Altro,Mattino,0.04
84,Altro,Mattino,0.04
85,Altro,Mattino,0.04
86,Altro,Mattino,0.04
87,Altro,Mattino,0.04
88,Altro,Mattino,0.04
89,Altro,Mattino,0.04
90,Altro,Mattino,0.0867
91,Altro,Mattino,0.0867
92,Altro,Mattino,0.1
93,Altro,Mattino,0.2867
94,Altro,Mattino,0.0933
95,Altro,Mattino,0.0933
96,Altro,Mattino,0.2867
97,Altro,Mattino,0.2867
98,Altro,Mattino,0.1133
99,Altro,Mattino,0.04
100,Altro,Mattino,0.04
101,Altro,Mattino,0.04
102,Altro,Mattino,0.0733
103,Altro,Mattino,0.0733
104,Altro,Mattino,0.0733
105,Altro,Mattino,0.0733
106,Altro,Mattino,0.0733
107,Altro,Mattino,0.0733
108,Altro,Mattino,0.0733
109,Altro,Mattino,0.0733
110,Altro,Mattino,0.0733
111,Altro,Mattino,0.0733
112,Altro,Mattino,0.0733
113,Altro,Mattino,0.0733
114,Altro,Mattino,0.0733
115,Altro,Mattino,0.2867
116,Altro,Mattino,0.04
117,Altro,Mattino,0.04
118,Altro,Mattino,0.04
119,Altro,Mattino,0.04
120,Altro,Mattino,0.04
121,Altro,Mattino,0.04
122,Altro,Mattino,0.2867
123,Altro,Mattino,0.2867
124,Altro,Mattino,0.1133
125,Altro,Mattino,0.16
126,Altro,Mattino,0.16
127,Altro,Mattino,0.16
128,Altro,Mattino,0.0733
129,Altro,Mattino,0.1133
130,Altro,Mattino,0.16
131,Altro,Mattino,0.16
132,Altro,Mattino,0.04
133,Altro,Mattino,0.0867
134,Altro,Mattino,0.0867
135,Altro,Mattino,0.04
136,Altro,Mattino,0.1067
137,Altro,Mattino,0.1067
138,Altro,Mattino,0.1067
139,Altro,Mattino,0.1267
140,Altro,Mattino,0.1267
141,Altro,Mattino,0.1267
142,Altro,Mattino,0.12
143,Altro,Mattino,0.12
144,Altro,Mattino,0.12
145,Altro,Mattino,0.1
146,Altro,Mattino,0.16
147,Altro,Mattino,0.16
148,Altro,Mattino,0.1067
149,Altro,Mattino,0.1067
150,Altro,Mattino,0.1067
151,Altro,Mattino,0.06
152,Altro,Mattino,0.06
153,Altro,Mattino,0.06
154,Altro,Mattino,0.06
155,Altro,Mattino,0.1
156,Altro,Mattino,0.1
157,Altro,Mattino,0.06
158,Altro,Mattino,0.1
159,Altro,Mattino,0.12
160,Altro,Mattino,0.12
161,Altro,Mattino,0.12
162,Altro,Mattino,0.12
163,Altro,Mattino,0.12
164,Altro,Mattino,0.12
165,Altro,Mattino,0.12
166,Altro,Mattino,0.1
167,Altro,Mattino,0.1
168,Altro,Mattino,0.1
169,Altro,Mattino,0.1
170,Altro,Mattino,0.1
171,Altro,Mattino,0.0733
172,Altro,Mattino,0.0733
173,Altro,Mattino,0.0733
174,Altro,Mattino,0.0733
175,Altro,Mattino,0.0733
176,Altro,Mattino,0.0733
177,Altro,Mattino,0.2867
178,Altro,Mattino,0.2867
179,Altro,Mattino,0.2867
1,Altro,Notte,0.1267
2,Altro,Notte,0.1267
3,Altro,Notte,0.1267
4,Altro,Notte,0.1267
5,Altro,Notte,0.1267
6,Altro,Notte,0.1267
7,Altro,Notte,0.1267
8,Altro,Notte,0.1267
9,Altro,Notte,0.1267
10,Altro,Notte,0.1267
11,Altro,Notte,0.1267
12,Altro,Notte,0.1267
13,Altro,Notte,0.1533
14,Altro,Notte,0.1533
15,Altro,Notte,0.1533
16,Altro,Notte,0.1267
17,Altro,Notte,0.1267
18,Altro,Notte,0.1333
19,Altro,Notte,0.1333
20,Altro,Notte,0.1333
21,Altro,Notte,0.1333
22,Altro,Notte,0.1333
23,Altro,Notte,0.1333
24,Altro,Notte,0.1333
25,Altro,Notte,0.1333
26,Altro,Notte,0.1133
27,Altro,Notte,0.1133
28,Altro,Notte,0.1133
29,Altro,Notte,0.1133
30,Altro,Notte,0.1133
31,Altro,Notte,0.1133
32,Altro,Notte,0.1133
33,Altro,Notte,0.1133
34,Altro,Notte,0.1667
35,Altro,Notte,0.1667
36,Altro,Notte,0.1667
37,Altro,Notte,0.1667
38,Altro,Notte,0.1667
39,Altro,Notte,0.1667
40,Altro,Notte,0.1667
41,Altro,Notte,0.1667
42,Altro,Notte,0.1667
43,Altro,Notte,0.12
44,Altro,Notte,0.12
45,Altro,Notte,0.12
46,Altro,Notte,0.12
47,Altro,Notte,0.12
48,Altro,Notte,0.1667
49,Altro,Notte,0.12
50,Altro,Notte,0.12
51,Altro,Notte,0.12
52,Altro,Notte,0.12
53,Altro,Notte,0.12
54,Altro,Notte,0.12
55,Altro,Notte,0.12
56,Altro,Notte,0.12
57,Altro,Notte,0.12
58,Altro,Notte,0.12
59,Altro,Notte,0.12
60,Altro,Notte,0.12
61,Altro,Notte,0.12
62,Altro,Notte,0.12
63,Altro,Notte,0.36
64,Altro,Notte,0.36
65,Altro,Notte,0.36
66,Altro,Notte,0.36
67,Altro,Notte,0.36
68,Altro,Notte,0.36
69,Altro,Notte,0.1133
70,Altro,Notte,0.1133
71,Altro,Notte,0.1133
72,Altro,Notte,0.1267
73,Altro,Notte,0.12
74,Altro,Notte,0.12
75,Altro,Notte,0.12
76,Altro,Notte,0.1067
77,Altro,Notte,0.1067
78,Altro,Notte,0.0667
79,Altro,Notte,0.0667
80,Altro,Notte,0.0667
81,Altro,Notte,0.0667
82,Altro,Notte,0.0667
83,Altro,Notte,0.0667
84,Altro,Notte,0.0667
85,Altro,Notte,0.0667
86,Altro,Notte,0.0667
87,Altro,Notte,0.0667
88,Altro,Notte,0.0667
89,Altro,Notte,0.0667
90,Altro,Notte,0.1067
91,Altro,Notte,0.1067
92,Altro,Notte,0.1267
93,Altro,Notte,0.2933
94,Altro,Notte,0.12
95,Altro,Notte,0.12
96,Altro,Notte,0.2933
97,Altro,Notte,0.2933
98,Altro,Notte,0.1467
99,Altro,Notte,0.0667
100,Altro,Notte,0.0667
101,Altro,Notte,0.0667
102,Altro,Notte,0.0867
103,Altro,Notte,0.0867
104,Altro,Notte,0.0867
105,Altro,Notte,0.0867
106,Altro,Notte,0.0867
107,Altro,Notte,0.0867
108,Altro,Notte,0.0867
109,Altro,Notte,0.0867
110,Altro,Notte,0.0867
111,Altro,Notte,0.0867
112,Altro,Notte,0.0867
113,Altro,Notte,0.0867
114,Altro,Notte,0.08
115,Altro,Notte,0.2933
116,Altro,Notte,0.0667
117,Altro,Notte,0.0667
118,Altro,Notte,0.0667
119,Altro,Notte,0.0667
120,Altro,Notte,0.0667
121,Altro,Notte,0.0667
122,Altro,Notte,0.2933
123,Altro,Notte,0.2933
124,Altro,Notte,0.1533
125,Altro,Notte,0.22
126,Altro,Notte,0.22
127,Altro,Notte,0.22
128,Altro,Notte,0.08
129,Altro,Notte,0.1533
130,Altro,Notte,0.22
131,Altro,Notte,0.22
132,Altro,Notte,0.0667
133,Altro,Notte,0.1067
134,Altro,Notte,0.1067
135,Altro,Notte,0.0667
136,Altro,Notte,0.1467
137,Altro,Notte,0.1467
138,Altro,Notte,0.1467
139,Altro,Notte,0.1533
140,Altro,Notte,0.1533
141,Altro,Notte,0.1533
142,Altro,Notte,0.1467
143,Altro,Notte,0.1467
144,Altro,Notte,0.1467
145,Altro,Notte,0.1267
146,Altro,Notte,0.22
147,Altro,Notte,0.22
148,Altro,Notte,0.1467
149,Altro,Notte,0.1467
150,Altro,Notte,0.1467
151,Altro,Notte,0.1133
152,Altro,Notte,0.1133
153,Altro,Notte,0.1133
154,Altro,Notte,0.1133
155,Altro,Notte,0.1267
156,Altro,Notte,0.1267
157,Altro,Notte,0.1133
158,Altro,Notte,0.1267
159,Altro,Notte,0.1267
160,Altro,Notte,0.1267
161,Altro,Notte,0.1267
162,Altro,Notte,0.1267
163,Altro,Notte,0.1267
164,Altro,Notte,0.1267
165,Altro,Notte,0.1267
166,Altro,Notte,0.1267
167,Altro,Notte,0.1267
168,Altro,Notte,0.1267
169,Altro,Notte,0.1267
170,Altro,Notte,0.1267
171,Altro,Notte,0.0867
172,Altro,Notte,0.0867
173,Altro,Notte,0.0867
174,Altro,Notte,0.0867
175,Altro,Notte,0.0867
176,Altro,Notte,0.0867
177,Altro,Notte,0.2933
178,Altro,Notte,0.2933
179,Altro,Notte,0.2933
1,Altro,Pomeriggio,0.1133
2,Altro,Pomeriggio,0.1133
3,Altro,Pomeriggio,0.1133
4,Altro,Pomeriggio,0.1133
5,Altro,Pomeriggio,0.1133
6,Altro,Pomeriggio,0.1133
7,Altro,Pomeriggio,0.1133
8,Altro,Pomeriggio,0.1133
9,Altro,Pomeriggio,0.1133
10,Altro,Pomeriggio,0.1133
11,Altro,Pomeriggio,0.1133
12,Altro,Pomeriggio,0.1133
13,Altro,Pomeriggio,0.1533
14,Altro,Pomeriggio,0.1533
15,Altro,Pomeriggio,0.1533
16,Altro,Pomeriggio,0.1333
17,Altro,Pomeriggio,0.1333
18,Altro,Pomeriggio,0.16
19,Altro,Pomeriggio,0.16
20,Altro,Pomeriggio,0.16
21,Altro,Pomeriggio,0.16
22,Altro,Pomeriggio,0.16
23,Altro,Pomeriggio,0.16
24,Altro,Pomeriggio,0.16
25,Altro,Pomeriggio,0.16
26,Altro,Pomeriggio,0.1267
27,Altro,Pomeriggio,0.1267
28,Altro,Pomeriggio,0.1267
29,Altro,Pomeriggio,0.1267
30,Altro,Pomeriggio,0.1267
31,Altro,Pomeriggio,0.1267
32,Altro,Pomeriggio,0.1267
33,Altro,Pomeriggio,0.1267
34,Altro,Pomeriggio,0.24
35,Altro,Pomeriggio,0.24
36,Altro,Pomeriggio,0.24
37,Altro,Pomeriggio,0.24
38,Altro,Pomeriggio,0.24
39,Altro,Pomeriggio,0.24
40,Altro,Pomeriggio,0.24
41,Altro,Pomeriggio,0.24
42,Altro,Pomeriggio,0.24
43,Altro,Pomeriggio,0.1267
44,Altro,Pomeriggio,0.1267
45,Altro,Pomeriggio,0.1267
46,Altro,Pomeriggio,0.1267
47,Altro,Pomeriggio,0.1267
48,Altro,Pomeriggio,0.24
49,Altro,Pomeriggio,0.1267
50,Altro,Pomeriggio,0.1267
51,Altro,Pomeriggio,0.1267
52,Altro,Pomeriggio,0.1267
53,Altro,Pomeriggio,0.1267
54,Altro,Pomeriggio,0.1267
55,Altro,Pomeriggio,0.1267
56,Altro,Pomeriggio,0.1267
57,Altro,Pomeriggio,0.1267
58,Altro,Pomeriggio,0.1267
59,Altro,Pomeriggio,0.1267
60,Altro,Pomeriggio,0.1267
61,Altro,Pomeriggio,0.1267
62,Altro,Pomeriggio,0.1267
63,Altro,Pomeriggio,0.3733
64,Altro,Pomeriggio,0.3733
65,Altro,Pomeriggio,0.3733
66,Altro,Pomeriggio,0.3733
67,Altro,Pomeriggio,0.3733
68,Altro,Pomeriggio,0.3733
69,Altro,Pomeriggio,0.1267
70,Altro,Pomeriggio,0.1267
71,Altro,Pomeriggio,0.1267
72,Altro,Pomeriggio,0.1333
73,Altro,Pomeriggio,0.12
74,Altro,Pomeriggio,0.12
75,Altro,Pomeriggio,0.12
76,Altro,Pomeriggio,0.12
77,Altro,Pomeriggio,0.12
78,Altro,Pomeriggio,0.0467
79,Altro,Pomeriggio,0.0467
80,Altro,Pomeriggio,0.0467
81,Altro,Pomeriggio,0.0467
82,Altro,Pomeriggio,0.0467
83,Altro,Pomeriggio,0.0467
84,Altro,Pomeriggio,0.0467
85,Altro,Pomeriggio,0.0467
86,Altro,Pomeriggio,0.0467
87,Altro,Pomeriggio,0.0467
88,Altro,Pomeriggio,0.0467
89,Altro,Pomeriggio,0.0467
90,Altro,Pomeriggio,0.12
91,Altro,Pomeriggio,0.12
92,Altro,Pomeriggio,0.1333
93,Altro,Pomeriggio,0.34
94,Altro,Pomeriggio,0.12
95,Altro,Pomeriggio,0.12
96,Altro,Pomeriggio,0.34
97,Altro,Pomeriggio,0.34
98,Altro,Pomeriggio,0.14
99,Altro,Pomeriggio,0.0467
100,Altro,Pomeriggio,0.0467
101,Altro,Pomeriggio,0.0467
102,Altro,Pomeriggio,0.0733
103,Altro,Pomeriggio,0.0733
104,Altro,Pomeriggio,0.0733
105,Altro,Pomeriggio,0.0733
106,Altro,Pomeriggio,0.0733
107,Altro,Pomeriggio,0.0733
108,Altro,Pomeriggio,0.0733
109,Altro,Pomeriggio,0.0733
110,Altro,Pomeriggio,0.0733
111,Altro,Pomeriggio,0.0733
112,Altro,Pomeriggio,0.0733
113,Altro,Pomeriggio,0.0733
114,Altro,Pomeriggio,0.1
115,Altro,Pomeriggio,0.34
116,Altro,Pomeriggio,0.0467
117,Altro,Pomeriggio,0.0467
118,Altro,Pomeriggio,0.0467
119,Altro,Pomeriggio,0.0467
120,Altro,Pomeriggio,0.0467
121,Altro,Pomeriggio,0.0467
122,Altro,Pomeriggio,0.34
123,Altro,Pomeriggio,0.34
124,Altro,Pomeriggio,0.1533
125,Altro,Pomeriggio,0.26
126,Altro,Pomeriggio,0.26
127,Altro,Pomeriggio,0.26
128,Altro,Pomeriggio,0.1
129,Altro,Pomeriggio,0.1533
130,Altro,Pomeriggio,0.26
131,Altro,Pomeriggio,0.26
132,Altro,Pomeriggio,0.0467
133,Altro,Pomeriggio,0.12
134,Altro,Pomeriggio,0.12
135,Altro,Pomeriggio,0.0467
136,Altro,Pomeriggio,0.1333
137,Altro,Pomeriggio,0.1333
138,Altro,Pomeriggio,0.1333
139,Altro,Pomeriggio,0.1467
140,Altro,Pomeriggio,0.1467
141,Altro,Pomeriggio,0.1467
142,Altro,Pomeriggio,0.1533
143,Altro,Pomeriggio,0.1533
144,Altro,Pomeriggio,0.1533
145,Altro,Pomeriggio,0.1333
146,Altro,Pomeriggio,0.26
147,Altro,Pomeriggio,0.26
148,Altro,Pomeriggio,0.1333
149,Altro,Pomeriggio,0.1333
150,Altro,Pomeriggio,0.1333
151,Altro,Pomeriggio,0.0733
152,Altro,Pomeriggio,0.0733
153,Altro,Pomeriggio,0.0733
154,Altro,Pomeriggio,0.0733
155,Altro,Pomeriggio,0.1133
156,Altro,Pomeriggio,0.1133
157,Altro,Pomeriggio,0.0733
158,Altro,Pomeriggio,0.1133
159,Altro,Pomeriggio,0.1067
160,Altro,Pomeriggio,0.1067
161,Altro,Pomeriggio,0.1067
162,Altro,Pomeriggio,0.1067
163,Altro,Pomeriggio,0.1067
164,Altro,Pomeriggio,0.1067
165,Altro,Pomeriggio,0.1067
166,Altro,Pomeriggio,0.1133
167,Altro,Pomeriggio,0.1133
168,Altro,Pomeriggio,0.1133
169,Altro,Pomeriggio,0.1133
170,Altro,Pomeriggio,0.1133
171,Altro,Pomeriggio,0.06
172,Altro,Pomeriggio,0.06
173,Altro,Pomeriggio,0.06
174,Altro,Pomeriggio,0.06
175,Altro,Pomeriggio,0.06
176,Altro,Pomeriggio,0.06
177,Altro,Pomeriggio,0.3333
178,Altro,Pomeriggio,0.3333
179,Altro,Pomeriggio,0.3333
1,Altro,Sera,0.1333
2,Altro,Sera,0.1333
3,Altro,Sera,0.1333
4,Altro,Sera,0.1333
5,Altro,Sera,0.1333
6,Altro,Sera,0.1333
7,Altro,Sera,0.1333
8,Altro,Sera,0.1333
9,Altro,Sera,0.1333
10,Altro,Sera,0.1333
11,Altro,Sera,0.1333
12,Altro,Sera,0.1333
13,Altro,Sera,0.1533
14,Altro,Sera,0.1533
15,Altro,Sera,0.1533
16,Altro,Sera,0.14
17,Altro,Sera,0.14
18,Altro,Sera,0.1667
19,Altro,Sera,0.1667
20,Altro,Sera,0.1667
21,Altro,Sera,0.1667
22,Altro,Sera,0.1667
23,Altro,Sera,0.1667
24,Altro,Sera,0.1667
25,Altro,Sera,0.1667
26,Altro,Sera,0.1333
27,Altro,Sera,0.1333
28,Altro,Sera,0.1333
29,Altro,Sera,0.1333
30,Altro,Sera,0.1333
31,Altro,Sera,0.1333
32,Altro,Sera,0.1333
33,Altro,Sera,0.1333
34,Altro,Sera,0.1867
35,Altro,Sera,0.1867
36,Altro,Sera,0.1867
37,Altro,Sera,0.1867
38,Altro,Sera,0.1867
39,Altro,Sera,0.1867
40,Altro,Sera,0.1867
41,Altro,Sera,0.1867
42,Altro,Sera,0.1867
43,Altro,Sera,0.12
44,Altro,Sera,0.12
45,Altro,Sera,0.12
46,Altro,Sera,0.12
47,Altro,Sera,0.12
48,Altro,Sera,0.1867
49,Altro,Sera,0.12
50,Altro,Sera,0.12
51,Altro,Sera,0.12
52,Altro,Sera,0.12
53,Altro,Sera,0.12
54,Altro,Sera,0.12
55,Altro,Sera,0.12
56,Altro,Sera,0.12
57,Altro,Sera,0.12
58,Altro,Sera,0.12
59,Altro,Sera,0.12
60,Altro,Sera,0.12
61,Altro,Sera,0.12
62,Altro,Sera,0.12
63,Altro,Sera,0.42
64,Altro,Sera,0.42
65,Altro,Sera,0.42
66,Altro,Sera,0.42
67,Altro,Sera,0.42
68,Altro,Sera,0.42
69,Altro,Sera,0.1333
70,Altro,Sera,0.1333
71,Altro,Sera,0.1333
72,Altro,Sera,0.14
73,Altro,Sera,0.1
74,Altro,Sera,0.1
75,Altro,Sera,0.1
76,Altro,Sera,0.1
77,Altro,Sera,0.1
78,Altro,Sera,0.1
79,Altro,Sera,0.1
80,Altro,Sera,0.1
81,Altro,Sera,0.1
82,Altro,Sera,0.1
83,Altro,Sera,0.1
84,Altro,Sera,0.1
85,Altro,Sera,0.1
86,Altro,Sera,0.1
87,Altro,Sera,0.1
88,Altro,Sera,0.1
89,Altro,Sera,0.1
90,Altro,Sera,0.1
91,Altro,Sera,0.1
92,Altro,Sera,0.14
93,Altro,Sera,0.3667
94,Altro,Sera,0.1
95,Altro,Sera,0.1
96,Altro,Sera,0.3667
97,Altro,Sera,0.3667
98,Altro,Sera,0.1733
99,Altro,Sera,0.1
100,Altro,Sera,0.1
101,Altro,Sera,0.1
102,Altro,Sera,0.0867
103,Altro,Sera,0.0867
104,Altro,Sera,0.0867
105,Altro,Sera,0.0867
106,Altro,Sera,0.0867
107,Altro,Sera,0.0867
108,Altro,Sera,0.0867
109,Altro,Sera,0.0867
110,Altro,Sera,0.0867
111,Altro,Sera,0.0867
112,Altro,Sera,0.0867
113,Altro,Sera,0.0867
114,Altro,Sera,0.0733
115,Altro,Sera,0.3667
116,Altro,Sera,0.1
117,Altro,Sera,0.1
118,Altro,Sera,0.1
119,Altro,Sera,0.1
120,Altro,Sera,0.1
121,Altro,Sera,0.1
122,Altro,Sera,0.3667
123,Altro,Sera,0.3667
124,Altro,Sera,0.16
125,Altro,Sera,0.2067
126,Altro,Sera,0.2067
127,Altro,Sera,0.2067
128,Altro,Sera,0.0733
129,Altro,Sera,0.16
130,Altro,Sera,0.2067
131,Altro,Sera,0.2067
132,Altro,Sera,0.1
133,Altro,Sera,0.1
134,Altro,Sera,0.1
135,Altro,Sera,0.1
136,Altro,Sera,0.1467
137,Altro,Sera,0.1467
138,Altro,Sera,0.1467
139,Altro,Sera,0.1533
140,Altro,Sera,0.1533
141,Altro,Sera,0.1533
142,Altro,Sera,0.1467
143,Altro,Sera,0.1467
144,Altro,Sera,0.1467
145,Altro,Sera,0.14
146,Altro,Sera,0.2067
147,Altro,Sera,0.2067
148,Altro,Sera,0.1467
149,Altro,Sera,0.1467
150,Altro,Sera,0.1467
151,Altro,Sera,0.14
152,Altro,Sera,0.14
153,Altro,Sera,0.14
154,Altro,Sera,0.14
155,Altro,Sera,0.16
156,Altro,Sera,0.16
157,Altro,Sera,0.14
158,Altro,Sera,0.16
159,Altro,Sera,0.1333
160,Altro,Sera,0.1333
161,Altro,Sera,0.1333
162,Altro,Sera,0.1333
163,Altro,Sera,0.1333
164,Altro,Sera,0.1333
165,Altro,Sera,0.1333
166,Altro,Sera,0.16
167,Altro,Sera,0.16
168,Altro,Sera,0.16
169,Altro,Sera,0.16
170,Altro,Sera,0.16
171,Altro,Sera,0.1067
172,Altro,Sera,0.1067
173,Altro,Sera,0.1067
174,Altro,Sera,0.1067
175,Altro,Sera,0.1067
176,Altro,Sera,0.1067
177,Altro,Sera,0.3667
178,Altro,Sera,0.3667
179,Altro,Sera,0.3667
