mese,giorno_settimana,fascia_oraria,comune,nome_strada,tipo_luogo,fondo,segnaletica,meteo,lon,lat,incidente,segment_id,n_attraversamenti,n_semafori,n_stop,n_incroci,n_autovelox,n_lampioni,maxspeed_med
3,Domenica,Notte,TORREBELVICINO,SP 046 Pasubio,Rettilineo,Asciutto,Assente,Sereno,11.294533,45.718648,1,15.0,0,0,0,0,0,0,50
11,Mercoledì,Mattino,SANTORSO,SP 350 Val d'Astico,Rettilineo,Asciutto,Assente,Sereno,11.3795,45.73033,1,73.0,6,4,0,0,0,0,70
11,Sabato,Sera,SANTORSO,SP 350 Val d'Astico,Rettilineo,Bagnato,Orizzontale,Pioggia,11.385602,45.732028,1,74.0,6,1,0,0,0,0,50
4,Venerdì,Sera,SANTORSO,SP 350 Val d'Astico,Intersezione con semaforo o vigile,Asciutto,Assente,Sereno,11.386812,45.732363,1,74.0,6,1,0,0,0,0,50
3,Martedì,Pomeriggio,PIOVENE ROCCHETTE,SP 350 Val d'Astico,Incrocio,Asciutto,Assente,Sereno,11.419838,45.743846,1,94.0,4,0,0,0,1,0,50
11,Domenica,Mattino,COGOLLO DEL CENGIO,SP 349 Costo,Rettilineo,Asciutto,,Altro,11.4315522,45.7985881,1,104.0,0,0,0,0,0,0,70
3,Martedì,Pomeriggio,CARRE',SP 349 Costo,Intersezione segnalata,Bagnato,,Altro,11.440164,45.738273,1,98.0,2,0,0,0,0,16,130
11,Giovedì,Pomeriggio,PIOVENE ROCCHETTE,SP 349 Costo,Intersezione segnalata,Asciutto,Assente,Sereno,11.44274,45.759901,1,123.0,10,0,4,0,2,10,50
10,Lunedì,Pomeriggio,ZANE',SP 349 Costo,Intersezione con semaforo o vigile,Asciutto,Assente,Sereno,11.445844,45.730591,1,125.0,2,1,0,0,0,11,50
2,Giovedì,Pomeriggio,THIENE,SP 349 var Costo Variante,Curva,Sdrucciolevole,Temporanea di cantiere,Neve,11.453159,45.704606,1,148.0,0,0,0,0,0,0,50
12,Mercoledì,Mattino,THIENE,SP 349 var Costo Variante,Rettilineo,Asciutto,Assente,Sereno,11.4556289,45.7022157,1,148.0,0,0,0,0,0,0,50
4,Giovedì,Mattino,ISOLA VICENTINA,SP 046 Pasubio,Rettilineo,Asciutto,Assente,Sereno,11.46683,45.614309,1,30.0,2,4,0,0,0,1,50
2,Venerdì,Pomeriggio,THIENE,SP 349 Costo,Incrocio,Bagnato,Orizzontale,Pioggia,11.488596,45.671388,1,137.0,9,0,3,0,2,0,130
11,Mercoledì,Sera,THIENE,SP 349 Costo,Intersezione segnalata,Bagnato,Orizzontale,Pioggia,11.488616,45.671549,1,137.0,9,0,3,0,2,0,130
11,Martedì,Pomeriggio,THIENE,SP 349 Costo,Intersezione segnalata,Bagnato,Orizzontale,Pioggia,11.4886589,45.6715303,1,137.0,9,0,3,0,2,0,130
1,Martedì,Sera,COSTABISSARA,SP 046 Pasubio,Intersezione segnalata,Asciutto,Assente,Sereno,11.4934587,45.6035374,1,38.0,10,0,0,0,0,13,50
2,Giovedì,Pomeriggio,COSTABISSARA,SP 046 Pasubio,Intersezione segnalata,Bagnato,Orizzontale,Pioggia,11.4935453,45.6033191,1,38.0,10,0,0,0,0,13,50
4,Sabato,Pomeriggio,COSTABISSARA,SP 046 Pasubio,Intersezione segnalata,Bagnato,Orizzontale,Pioggia,11.4936495,45.6031554,1,37.0,11,0,0,0,0,12,50
2,Venerdì,Pomeriggio,COSTABISSARA,SP 046 Pasubio,Intersezione segnalata,Bagnato,Orizzontale,Pioggia,11.4937706,45.6029626,1,37.0,11,0,0,0,0,12,50
11,Martedì,Sera,COSTABISSARA,SP 046 Pasubio,Rettilineo,Bagnato,Orizzontale,Pioggia,11.4974624,45.5920366,1,41.0,4,0,0,0,0,31,50
1,Lunedì,Mattino,COSTABISSARA,SP 046 Pasubio,Rettilineo,Asciutto,,Altro,11.5010631,45.5881193,1,42.0,7,0,1,0,0,20,50
10,Venerdì,Pomeriggio,COSTABISSARA,SP 046 Pasubio,Incrocio,Asciutto,Assente,Sereno,11.502708,45.586175,1,42.0,7,0,1,0,0,20,50
4,Mercoledì,Pomeriggio,VICENZA,SP 046 Pasubio,Rettilineo,Asciutto,Assente,Sereno,11.506202,45.582012,1,43.0,0,0,0,0,0,7,40
12,Martedì,Pomeriggio,VICENZA,SP 046 rac Pasubio Raccordo del Sole,Rettilineo,Bagnato,Orizzontale,Pioggia,11.507947,45.538013,1,64.0,0,0,0,0,0,6,90
12,Lunedì,Pomeriggio,VICENZA,SP 046 rac Pasubio Raccordo del Sole,Intersezione con semaforo o vigile,Bagnato,Orizzontale,Pioggia,11.509232,45.547022,1,51.0,0,0,0,0,0,0,90
4,Venerdì,Sera,VICENZA,SP 046 rac Pasubio Raccordo del Sole,Intersezione con semaforo o vigile,Asciutto,Assente,Sereno,11.5092701,45.5470606,1,51.0,0,0,0,0,0,0,90
3,Mercoledì,Pomeriggio,VICENZA,SP 046 rac Pasubio Raccordo del Sole,Intersezione con semaforo o vigile,Asciutto,Assente,Sereno,11.518466,45.554739,1,,0,0,0,0,0,0,50
3,Sabato,Sera,VICENZA,SP 046 rac Pasubio Raccordo del Sole,Intersezione con semaforo o vigile,Asciutto,Assente,Sereno,11.51847,45.554709,1,,0,0,0,0,0,0,50
3,Lunedì,Sera,VICENZA,SP 046 rac Pasubio Raccordo del Sole,Intersezione con semaforo o vigile,Asciutto,Assente,Sereno,11.51848,45.554719,1,,0,0,0,0,0,0,50
2,Giovedì,Sera,VICENZA,SP 046 rac Pasubio Raccordo del Sole,Intersezione con semaforo o vigile,Asciutto,Assente,Sereno,11.518501,45.554729,1,,0,0,0,0,0,0,50
10,Martedì,Pomeriggio,TORREBELVICINO,SP 046 var Torrebelvicino,Curva,Bagnato,Orizzontale,Pioggia,11.303165,45.7189153,1,69.0,2,2,1,0,0,0,50
10,Giovedì,Mattino,TORREBELVICINO,SP 046 var Torrebelvicino,Intersezione segnalata,Asciutto,Assente,Sereno,11.3062513,45.7181957,1,69.0,2,2,1,0,0,0,50
2,Sabato,Sera,TORREBELVICINO,SP 046 Pasubio,Rettilineo,Asciutto,Assente,Sereno,11.315144,45.7191404,1,,0,0,0,0,0,0,50
10,Domenica,Pomeriggio,ARSIERO,SP 350 Val d'Astico,Rettilineo,Asciutto,Assente,Sereno,11.3611937,45.8100465,1,169.0,10,2,8,0,0,0,50
12,Venerdì,Pomeriggio,ARSIERO,SP 350 Val d'Astico,Rettilineo,Bagnato,Orizzontale,Pioggia,11.3617351,45.8043212,1,170.0,0,0,5,0,0,0,50
10,Domenica,Notte,ARSIERO,SP 350 Val d'Astico,Rettilineo,Asciutto,Assente,Sereno,11.3744982,45.8029973,1,171.0,1,0,3,0,0,0,50
10,Venerdì,Sera,SANTORSO,SP 350 Val d'Astico,Incrocio,Asciutto,Assente,Sereno,11.3770026,45.7298164,1,73.0,6,4,0,0,0,0,70
12,Martedì,Sera,SANTORSO,SP 350 Val d'Astico,Incrocio,Asciutto,Assente,Sereno,11.3821524,45.7311307,1,74.0,6,1,0,0,0,0,50
11,Martedì,Pomeriggio,SANTORSO,SP 350 Val d'Astico,Incrocio,Bagnato,Orizzontale,Pioggia,11.394732,45.7343659,1,75.0,4,0,0,0,0,0,70
4,Domenica,Mattino,SANTORSO,SP 350 Val d'Astico,Intersezione segnalata,Asciutto,Assente,Sereno,11.3947374,45.7343771,1,75.0,4,0,0,0,0,0,70
1,Giovedì,Mattino,MALO,SP 046 Pasubio,Rettilineo,Asciutto,Assente,Sereno,11.4029288,45.6769515,1,19.0,5,0,0,0,0,3,50
1,Domenica,Pomeriggio,MALO,SP 046 Pasubio,Rettilineo,Asciutto,Assente,Sereno,11.4190765,45.6525864,1,22.0,4,1,2,0,0,20,50
1,Giovedì,Pomeriggio,PIOVENE ROCCHETTE,SP 350 Val d'Astico,Rettilineo,Asciutto,Assente,Sereno,11.423692,45.7469627,1,93.0,12,5,2,0,3,0,50
11,Martedì,Pomeriggio,PIOVENE ROCCHETTE,SP 350 Val d'Astico,Rettilineo,Asciutto,Assente,Sereno,11.4238081,45.7470689,1,93.0,12,5,2,0,3,0,50
4,Giovedì,Mattino,SCHIO,SP 349 var Costo Variante,Intersezione con semaforo o vigile,Asciutto,Assente,Sereno,11.4253736,45.7198212,1,145.0,0,0,0,0,0,0,40
12,Giovedì,Mattino,PIOVENE ROCCHETTE,SP 349 Costo,Rettilineo,Asciutto,Assente,Sereno,11.4307273,45.7494283,1,97.0,7,0,0,0,0,0,50
10,Sabato,Notte,MALO,SP 046 Pasubio,Rettilineo,Asciutto,Assente,Sereno,11.4331627,45.6390075,1,24.0,8,1,0,0,0,13,50
11,Mercoledì,Mattino,MALO,SP 046 Pasubio,Rettilineo,Asciutto,Assente,Sereno,11.4347448,45.638099,1,24.0,8,1,0,0,0,13,50
4,Giovedì,Sera,CARRE',SP 349 Costo,Rotatoria,Asciutto,Assente,Sereno,11.4400291,45.7381775,1,98.0,2,0,0,0,0,16,130
10,Sabato,Sera,CARRE',SP 349 Costo,Rotatoria,Asciutto,Assente,Sereno,11.440115,45.7382374,1,98.0,2,0,0,0,0,16,130
11,Lunedì,Mattino,PIOVENE ROCCHETTE,SP 349 Costo,Incrocio,Asciutto,Assente,Sereno,11.4418718,45.7594376,1,123.0,10,0,4,0,2,10,50
2,Lunedì,Pomeriggio,PIOVENE ROCCHETTE,SP 349 Costo,Incrocio,Asciutto,Assente,Sereno,11.442722,45.7599064,1,123.0,10,0,4,0,2,10,50
12,Giovedì,Pomeriggio,PIOVENE ROCCHETTE,SP 349 Costo,Incrocio,Asciutto,Assente,Sereno,11.4427382,45.759941,1,123.0,10,0,4,0,2,10,50
10,Sabato,Pomeriggio,PIOVENE ROCCHETTE,SP 349 Costo,Intersezione segnalata,Asciutto,Assente,Sereno,11.4427596,45.7599373,1,123.0,10,0,4,0,2,10,50
11,Martedì,Sera,ZANE',SP 349 Costo,Rettilineo,Asciutto,Assente,Sereno,11.4485884,45.7269181,1,126.0,4,6,0,1,0,0,50
2,Sabato,Mattino,ZANE',SP 349 Costo,Intersezione con semaforo o vigile,Asciutto,,Altro,11.4517906,45.7215758,1,127.0,12,10,2,1,0,0,50
4,Domenica,Pomeriggio,CALTRANO,SP 349 Costo,Curva,Asciutto,Assente,Sereno,11.4540517,45.770756,1,128.0,3,0,2,0,0,0,50
10,Lunedì,Sera,ZANE',SP 349 Costo,Rettilineo,Bagnato,Orizzontale,Pioggia,11.456421,45.717102,1,130.0,10,7,4,0,0,0,50
10,Lunedì,Pomeriggio,ZANE',SP 349 Costo,Rettilineo,Asciutto,Assente,Sereno,11.4585289,45.7160634,1,130.0,10,7,4,0,0,0,50
10,Venerdì,Pomeriggio,ZANE',SP 349 Costo,Incrocio,Asciutto,Assente,Sereno,11.4588689,45.7158206,1,130.0,10,7,4,0,0,0,50
4,Martedì,Pomeriggio,ZANE',SP 349 Costo,Incrocio,Asciutto,,Altro,11.4589743,45.7157572,1,130.0,10,7,4,0,0,0,50
11,Giovedì,Pomeriggio,THIENE,SP 349 var Costo Variante,Rotatoria,Asciutto,Assente,Sereno,11.4606541,45.6976929,1,150.0,2,0,0,0,0,0,50
11,Sabato,Pomeriggio,ISOLA VICENTINA,SP 046 Pasubio,Intersezione con semaforo o vigile,Bagnato,,Altro,11.4668834,45.6143151,1,30.0,2,4,0,0,0,1,50
4,Venerdì,Sera,ISOLA VICENTINA,SP 046 Pasubio,Rettilineo,Asciutto,Assente,Sereno,11.4756142,45.6092976,1,33.0,0,0,0,0,0,14,60
4,Lunedì,Pomeriggio,THIENE,SP 349 Costo,Rettilineo,Asciutto,Assente,Sereno,11.4848971,45.6834578,1,136.0,3,0,0,0,1,0,70
4,Sabato,Sera,THIENE,SP 349 Costo,Rettilineo,Asciutto,Assente,Sereno,11.4849376,45.6831684,1,136.0,3,0,0,0,1,0,70
12,Venerdì,Mattino,THIENE,SP 349 Costo,Intersezione segnalata,Asciutto,Assente,Sereno,11.4885557,45.671597,1,137.0,9,0,3,0,2,0,130
3,Martedì,Notte,THIENE,SP 349 Costo,Intersezione segnalata,Asciutto,Assente,Sereno,11.48862,45.671374,1,137.0,9,0,3,0,2,0,130
11,Mercoledì,Pomeriggio,THIENE,SP 349 Costo,Incrocio,Asciutto,Assente,Sereno,11.4886308,45.6713805,1,137.0,9,0,3,0,2,0,130
11,Giovedì,Pomeriggio,CALDOGNO,SP 349 Costo,Intersezione segnalata,Asciutto,,Altro,11.4913934,45.6195024,1,143.0,0,0,0,0,0,3,70
2,Martedì,Sera,VILLAVERLA,SP 349 Costo,Intersezione segnalata,Sdrucciolevole,,Altro,11.4926192,45.6591084,1,140.0,16,0,2,0,0,0,50
3,Martedì,Pomeriggio,VILLAVERLA,SP 349 Costo,Intersezione segnalata,Bagnato,Orizzontale,Pioggia,11.4926714,45.6590303,1,140.0,16,0,2,0,0,0,50
4,Giovedì,Pomeriggio,VILLAVERLA,SP 349 Costo,Incrocio,Asciutto,Assente,Sereno,11.4929008,45.6583501,1,140.0,16,0,2,0,0,0,50
1,Martedì,Sera,COSTABISSARA,SP 349 Costo,Intersezione segnalata,Bagnato,Orizzontale,Pioggia,11.4933997,45.6039802,1,36.0,14,0,1,0,0,7,50
10,Sabato,Pomeriggio,COSTABISSARA,SP 046 Pasubio,Rettilineo,Asciutto,Assente,Sereno,11.494811,45.6004654,1,39.0,12,0,0,0,0,20,50
10,Martedì,Mattino,COSTABISSARA,SP 046 Pasubio,Rettilineo,Bagnato,Orizzontale,Pioggia,11.4948803,45.600092,1,39.0,12,0,0,0,0,20,50
2,Lunedì,Mattino,COSTABISSARA,SP 046 Pasubio,Rettilineo,Asciutto,Assente,Sereno,11.4961984,45.5966615,1,40.0,21,1,0,0,0,44,50
3,Lunedì,Mattino,ASIAGO,SP 349 Costo,Intersezione segnalata,Asciutto,Assente,Sereno,11.4965916,45.869035,1,133.0,4,0,6,0,1,0,50
10,Martedì,Mattino,COSTABISSARA,SP 046 Pasubio,Rettilineo,Asciutto,Assente,Sereno,11.4975491,45.5921645,1,41.0,4,0,0,0,0,31,50
12,Mercoledì,Mattino,ASIAGO,SP 349 Costo,Rettilineo,Asciutto,Assente,Sereno,11.500293,45.8713956,1,133.0,4,0,6,0,1,0,50
10,Sabato,Pomeriggio,VICENZA,SP 046 rac Pasubio Raccordo del Sole,Intersezione con semaforo o vigile,Asciutto,Assente,Sereno,11.5091658,45.5470255,1,51.0,0,0,0,0,0,0,90
11,Venerdì,Sera,VICENZA,SP 046 rac Pasubio Raccordo del Sole,Intersezione con semaforo o vigile,Bagnato,Orizzontale,Pioggia,11.5091658,45.5469955,1,51.0,0,0,0,0,0,0,90
11,Venerdì,Sera,VICENZA,SP 046 rac Pasubio Raccordo del Sole,Intersezione con semaforo o vigile,Asciutto,Orizzontale,Pioggia,11.5092516,45.5470556,1,51.0,0,0,0,0,0,0,90
2,Lunedì,Notte,VICENZA,SP 046 rac Pasubio Raccordo del Sole,Incrocio,Asciutto,Assente,Sereno,11.509257,45.5469992,1,51.0,0,0,0,0,0,0,90
4,Sabato,Sera,VICENZA,SP 046 rac Pasubio Raccordo del Sole,Intersezione con semaforo o vigile,Asciutto,Assente,Sereno,11.5092677,45.5469936,1,51.0,0,0,0,0,0,0,90
3,Mercoledì,Mattino,VICENZA,SP 046 rac Pasubio Raccordo del Sole,Rettilineo,Bagnato,Orizzontale,Pioggia,11.5155272,45.5521684,1,,0,0,0,0,0,0,50
2,Mercoledì,Pomeriggio,VICENZA,SP 046 rac Pasubio Raccordo del Sole,Intersezione con semaforo o vigile,Asciutto,Assente,Sereno,11.518414,45.5548016,1,,0,0,0,0,0,0,50
11,Sabato,Mattino,VICENZA,SP 046 rac Pasubio Raccordo del Sole,Incrocio,Asciutto,Assente,Sereno,11.5184964,45.5547616,1,,0,0,0,0,0,0,50
2,Venerdì,Sera,VICENZA,SP 046 rac Pasubio Raccordo del Sole,Incrocio,Asciutto,Assente,Sereno,11.5185159,45.5547979,1,,0,0,0,0,0,0,50
4,Domenica,Sera,VICENZA,SP 046 rac Pasubio Raccordo del Sole,Intersezione con semaforo o vigile,Asciutto,Assente,Sereno,11.518591,45.5547753,1,,0,0,0,0,0,0,50
3,Giovedì,Sera,VALLI DEL PASUBIO,SP 046 Pasubio,Intersezione segnalata,Asciutto,Assente,Sereno,11.2347651,45.7494384,1,9.0,0,0,0,0,0,0,40
2,Giovedì,Pomeriggio,VALLI DEL PASUBIO,SP 046 Pasubio,Rettilineo,Ghiacciato,Assente,Sereno,11.243434,45.7437483,1,10.0,0,0,0,0,0,0,50
1,Domenica,Pomeriggio,VALLI DEL PASUBIO,SP 046 Pasubio,Incrocio,Asciutto,Assente,Sereno,11.262306,45.7400569,1,11.0,8,0,1,0,0,0,50
12,Giovedì,Pomeriggio,ARSIERO,SP 350 Val d'Astico,Rettilineo,Asciutto,Assente,Sereno,11.361652,45.8042241,1,170.0,0,0,5,0,0,0,50
1,Domenica,Notte,ARSIERO,SP 350 Val d'Astico,Rettilineo,Asciutto,Assente,Sereno,11.3673542,45.8243251,1,167.0,1,0,0,0,0,0,50
12,Martedì,Sera,SCHIO,SP 350 Val d'Astico,Rettilineo,Asciutto,Assente,Sereno,11.3725723,45.7286719,1,73.0,6,4,0,0,0,0,70
12,Sabato,Pomeriggio,SANTORSO,SP 350 Val d'Astico,Incrocio,Asciutto,Assente,Sereno,11.3769671,45.729834,1,73.0,6,4,0,0,0,0,70
4,Venerdì,Mattino,SAN VITO DI LEGUZZANO,SP 046 Pasubio,Incrocio,Asciutto,Assente,Sereno,11.3803446,45.6854553,1,,0,0,0,0,0,0,50
10,Martedì,Mattino,SCHIO,SP 046 Pasubio,Rettilineo,Asciutto,Assente,Sereno,11.3852692,45.6963485,1,16.0,0,0,0,0,0,0,50
1,Lunedì,Mattino,ASIAGO,SP 349 Costo,Curva,Ghiacciato,Assente,Sereno,11.3938103,45.9501902,1,91.0,0,0,0,0,0,0,50
2,Sabato,Mattino,SAN VITO DI LEGUZZANO,SP 046 Pasubio,Rotatoria,Asciutto,Assente,Sereno,11.3941848,45.6892065,1,16.0,0,0,0,0,0,0,50
12,Giovedì,Mattino,MALO,SP 046 Pasubio,Rotatoria,Asciutto,Assente,Sereno,11.402843,45.6771614,1,19.0,5,0,0,0,0,3,50
10,Sabato,Mattino,MALO,SP 046 Pasubio,Rotatoria,Bagnato,Orizzontale,Pioggia,11.4067054,45.6663057,1,20.0,3,0,0,0,0,0,50
10,Lunedì,Pomeriggio,MALO,SP 046 Pasubio,Rettilineo,Asciutto,,Altro,11.4091651,45.6635615,1,21.0,8,0,0,0,0,37,50
11,Giovedì,Sera,COGOLLO DEL CENGIO,SP 350 Val d'Astico,Intersezione con semaforo o vigile,Bagnato,,Altro,11.409976,45.7897768,1,174.0,3,0,0,0,0,0,70
11,Lunedì,Pomeriggio,MALO,SP 046 Pasubio,Rettilineo,Asciutto,Assente,Sereno,11.4122,45.66067,1,21.0,8,0,0,0,0,37,50
2,Mercoledì,Sera,MALO,SP 046 Pasubio,Rettilineo,Asciutto,Assente,Sereno,11.4148486,45.6579227,1,22.0,4,1,2,0,0,20,50
2,Mercoledì,Pomeriggio,MALO,SP 046 Pasubio,Rettilineo,Asciutto,Assente,Sereno,11.4149129,45.6578177,1,22.0,4,1,2,0,0,20,50
10,Domenica,Pomeriggio,MALO,SP 046 Pasubio,Intersezione con semaforo o vigile,Bagnato,Orizzontale,Pioggia,11.418196,45.6539932,1,22.0,4,1,2,0,0,20,50
4,Venerdì,Pomeriggio,COGOLLO DEL CENGIO,SP 349 Costo,Rettilineo,Innevato,Orizzontale,Pioggia,11.42652,45.81024,1,102.0,0,0,0,0,2,0,70
3,Venerdì,Mattino,PIOVENE ROCCHETTE,SP 350 Val d'Astico,Rettilineo,Asciutto,Assente,Sereno,11.4269468,45.7498684,1,93.0,12,5,2,0,3,0,50
11,Martedì,Pomeriggio,PIOVENE ROCCHETTE,SP 350 Val d'Astico,Rotatoria,Asciutto,Assente,Sereno,11.4288712,45.7516319,1,96.0,9,0,3,0,0,0,50
12,Mercoledì,Mattino,PIOVENE ROCCHETTE,SP 349 Costo,Rotatoria,Asciutto,Assente,Sereno,11.4293023,45.7525323,1,96.0,9,0,3,0,0,0,50
10,Lunedì,Notte,PIOVENE ROCCHETTE,SP 350 Val d'Astico,Intersezione segnalata,Bagnato,Assente,Sereno,11.4312744,45.7663629,1,178.0,16,10,8,0,0,0,50
10,Sabato,Mattino,PIOVENE ROCCHETTE,SP 350 Val d'Astico,Incrocio,Asciutto,Assente,Sereno,11.4336348,45.7637808,1,178.0,16,10,8,0,0,0,50
10,Domenica,Sera,MARANO VICENTINO,SP 349 var Costo Variante,Rettilineo,Asciutto,Assente,Sereno,11.4382766,45.7123815,1,146.0,0,0,0,1,0,0,40
12,Martedì,Pomeriggio,PIOVENE ROCCHETTE,SP 349 Costo,Rotatoria,Asciutto,Assente,Sereno,11.4382861,45.7575018,1,123.0,10,0,4,0,2,10,50
10,Giovedì,Pomeriggio,PIOVENE ROCCHETTE,SP 350 Val d'Astico,Intersezione segnalata,Asciutto,Assente,Sereno,11.438452,45.7610488,1,179.0,10,0,4,0,1,0,50
4,Giovedì,Pomeriggio,PIOVENE ROCCHETTE,SP 350 Val d'Astico,Incrocio,Asciutto,Assente,Sereno,11.4384949,45.7610862,1,178.0,16,10,8,0,0,0,50
4,Giovedì,Mattino,ISOLA VICENTINA,SP 046 Pasubio,Rettilineo,Asciutto,Assente,Sereno,11.4422715,45.6291123,1,26.0,13,0,1,0,0,24,50
2,Lunedì,Mattino,ZANE',SP 349 Costo,Rettilineo,Asciutto,Assente,Sereno,11.4565462,45.7170833,1,130.0,10,7,4,0,0,0,50
11,Venerdì,Mattino,ISOLA VICENTINA,SP 046 Pasubio,Rettilineo,Asciutto,Assente,Sereno,11.459105,45.6208333,1,29.0,1,0,0,0,0,2,90
11,Mercoledì,Pomeriggio,ROANA,SP 349 Costo,Rettilineo,Asciutto,Assente,Sereno,11.4744258,45.8647766,1,132.0,17,0,5,0,0,0,50
11,Sabato,Sera,THIENE,SP 349 Costo,Incrocio,Bagnato,Orizzontale,Pioggia,11.4845645,45.6844622,1,136.0,3,0,0,0,1,0,70
2,Lunedì,Sera,THIENE,SP 349 Costo,Incrocio,Asciutto,Assente,Sereno,11.4846262,45.6843386,1,136.0,3,0,0,0,1,0,70
4,Mercoledì,Pomeriggio,THIENE,SP 349 Costo,Incrocio,Asciutto,,Altro,11.4876196,45.6747513,1,137.0,9,0,3,0,2,0,130
11,Sabato,Mattino,CALDOGNO,SP 349 Costo,Rotatoria,Asciutto,Assente,Sereno,11.4921069,45.6323759,1,142.0,0,0,0,0,0,0,90
4,Venerdì,Sera,CALDOGNO,SP 349 Costo,Rotatoria,Asciutto,Assente,Sereno,11.4921284,45.6323759,1,142.0,0,0,0,0,0,0,90
11,Venerdì,Mattino,VILLAVERLA,SP 349 Costo,Rotatoria,Asciutto,Assente,Sereno,11.4927981,45.6438503,1,139.0,11,0,4,0,2,0,50
4,Giovedì,Pomeriggio,COSTABISSARA,SP 349 Costo,Rettilineo,Asciutto,Orizzontale,Pioggia,11.4933413,45.6041924,1,36.0,14,0,1,0,0,7,50
2,Lunedì,Pomeriggio,VILLAVERLA,SP 349 Costo,Rettilineo,Asciutto,Assente,Sereno,11.49379,45.65594,1,140.0,16,0,2,0,0,0,50
1,Venerdì,Pomeriggio,COSTABISSARA,SP 046 Pasubio,Intersezione segnalata,Asciutto,Assente,Sereno,11.4938021,45.6028393,1,37.0,11,0,0,0,0,12,50
3,Giovedì,Mattino,VILLAVERLA,SP 349 Costo,Rettilineo,Asciutto,Assente,Sereno,11.493981,45.650717,1,139.0,11,0,4,0,2,0,50
11,Lunedì,Pomeriggio,VILLAVERLA,SP 349 Costo,Intersezione segnalata,Asciutto,Assente,Sereno,11.4944029,45.6537457,1,140.0,16,0,2,0,0,0,50
2,Mercoledì,Pomeriggio,COSTABISSARA,SP 046 Pasubio,Dosso,Asciutto,Assente,Sereno,11.4971047,45.5934608,1,41.0,4,0,0,0,0,31,50
3,Venerdì,Pomeriggio,VICENZA,SP 046 rac Pasubio Raccordo del Sole,Intersezione segnalata,Asciutto,Assente,Sereno,11.50812,45.53822,1,68.0,1,0,0,0,0,12,50
1,Giovedì,Mattino,VICENZA,SP 046 rac Pasubio Raccordo del Sole,Dosso,Bagnato,Assente,Sereno,11.5085167,45.5426599,1,62.0,0,0,0,0,0,0,90
3,Mercoledì,Mattino,VICENZA,SP 046 rac Pasubio Raccordo del Sole,Intersezione con semaforo o vigile,Asciutto,Assente,Sereno,11.50932,45.54725,1,51.0,0,0,0,0,0,0,90
10,Mercoledì,Pomeriggio,VICENZA,SP 046 rac Pasubio Raccordo del Sole,Intersezione con semaforo o vigile,Asciutto,Assente,Sereno,11.51848,45.5548,1,,0,0,0,0,0,0,50
10,Venerdì,Sera,VICENZA,SP 046 rac Pasubio Raccordo del Sole,Intersezione con semaforo o vigile,Asciutto,Assente,Sereno,11.5185673,45.5547268,1,,0,0,0,0,0,0,50
10,Sabato,Notte,VICENZA,SP 046 rac Pasubio Raccordo del Sole,Intersezione con semaforo o vigile,Asciutto,Assente,Sereno,11.518586,45.5547188,1,,0,0,0,0,0,0,50
2,Lunedì,Mattino,TORREBELVICINO,SP 046 Pasubio,Curva,Asciutto,Assente,Sereno,11.27979,45.72724,1,13.0,1,0,0,0,0,0,30
10,Mercoledì,Pomeriggio,ARSIERO,SP 350 Val d'Astico,Curva,Asciutto,Assente,Sereno,11.36713,45.82387,1,167.0,1,0,0,0,0,0,50
2,Venerdì,Mattino,SCHIO,SP 350 Val d'Astico,Rettilineo,Asciutto,Assente,Sereno,11.3692265,45.727025,1,73.0,6,4,0,0,0,0,70
12,Lunedì,Pomeriggio,SANTORSO,SP 350 Val d'Astico,Rettilineo,Bagnato,Assente,Sereno,11.375,45.72925,1,73.0,6,4,0,0,0,0,70
10,Venerdì,Mattino,SANTORSO,SP 350 Val d'Astico,Incrocio,Bagnato,Assente,Sereno,11.37983,45.73052,1,73.0,6,4,0,0,0,0,70
4,Martedì,Pomeriggio,SANTORSO,SP 350 Val d'Astico,Intersezione con semaforo o vigile,Bagnato,Orizzontale,Pioggia,11.3867736,45.732316,1,74.0,6,1,0,0,0,0,50
2,Giovedì,Pomeriggio,SAN VITO DI LEGUZZANO,SP 046 Pasubio,Rettilineo,Asciutto,Assente,Sereno,11.3904886,45.6922711,1,16.0,0,0,0,0,0,0,50
10,Sabato,Mattino,SANTORSO,SP 350 Val d'Astico,Incrocio,Asciutto,Assente,Sereno,11.3947174,45.7343897,1,75.0,4,0,0,0,0,0,70
2,Lunedì,Sera,MALO,SP 046 Pasubio,Curva,Asciutto,Assente,Sereno,11.40314,45.67764,1,18.0,1,0,0,0,0,5,90
3,Venerdì,Pomeriggio,MALO,SP 046 Pasubio,Rotatoria,Asciutto,,Altro,11.4064643,45.6661297,1,20.0,3,0,0,0,0,0,50
4,Lunedì,Pomeriggio,MALO,SP 046 Pasubio,Rettilineo,Bagnato,Orizzontale,Pioggia,11.4079242,45.6647552,1,21.0,8,0,0,0,0,37,50
2,Martedì,Mattino,MALO,SP 046 Pasubio,Rettilineo,Asciutto,Assente,Sereno,11.4091213,45.6635546,1,21.0,8,0,0,0,0,37,50
12,Giovedì,Sera,MALO,SP 046 Pasubio,Rettilineo,Bagnato,Assente,Sereno,11.4141506,45.6585607,1,21.0,8,0,0,0,0,37,50
12,Giovedì,Pomeriggio,COGOLLO DEL CENGIO,SP 350 Val d'Astico,Intersezione segnalata,Asciutto,Assente,Sereno,11.4207838,45.7852476,1,175.0,6,1,6,0,0,0,50
3,Giovedì,Pomeriggio,PIOVENE ROCCHETTE,SP 350 Val d'Astico,Rettilineo,Asciutto,Assente,Sereno,11.4240228,45.7469152,1,93.0,12,5,2,0,3,0,50
11,Martedì,Mattino,COGOLLO DEL CENGIO,SP 349 Costo,Rettilineo,Asciutto,Assente,Sereno,11.4265952,45.8114731,1,102.0,0,0,0,0,2,0,70
1,Venerdì,Sera,COGOLLO DEL CENGIO,SP 349 Costo,Curva,Asciutto,Assente,Sereno,11.43185,45.79846,1,104.0,0,0,0,0,0,0,70
4,Venerdì,Pomeriggio,PIOVENE ROCCHETTE,SP 350 Val d'Astico,Rettilineo,Bagnato,Orizzontale,Pioggia,11.43284,45.76421,1,178.0,16,10,8,0,0,0,50
12,Mercoledì,Sera,PIOVENE ROCCHETTE,SP 350 Val d'Astico,Rettilineo,Asciutto,Assente,Sereno,11.438216,45.7575837,1,179.0,10,0,4,0,1,0,50
3,Lunedì,Sera,PIOVENE ROCCHETTE,SP 350 Val d'Astico,Rettilineo,Bagnato,Orizzontale,Pioggia,11.4384,45.7597,1,179.0,10,0,4,0,1,0,50
3,Venerdì,Pomeriggio,ISOLA VICENTINA,SP 046 Pasubio,Rettilineo,Bagnato,,Altro,11.4391185,45.6332824,1,26.0,13,0,1,0,0,24,50
10,Lunedì,Sera,ZANE',SP 349 var Costo Variante,Galleria illuminata,Bagnato,Orizzontale,Pioggia,11.4411734,45.7108258,1,147.0,0,0,0,0,0,0,90
2,Domenica,Mattino,PIOVENE ROCCHETTE,SP 349 Costo,Rettilineo,Asciutto,Assente,Sereno,11.4421769,45.7595732,1,123.0,10,0,4,0,2,10,50
3,Venerdì,Sera,PIOVENE ROCCHETTE,SP 349 Costo,Rettilineo,Bagnato,Orizzontale,Pioggia,11.4430258,45.7599938,1,123.0,10,0,4,0,2,10,50
1,Mercoledì,Pomeriggio,ZANE',SP 349 Costo,Rettilineo,Asciutto,Assente,Sereno,11.4452207,45.7314924,1,125.0,2,1,0,0,0,11,50
11,Mercoledì,Mattino,ISOLA VICENTINA,SP 046 Pasubio,Intersezione segnalata,Asciutto,Assente,Sereno,11.4490897,45.6250847,1,28.0,4,0,0,0,0,5,50
11,Giovedì,Mattino,CHIUPPANO,SP 349 Costo,Incrocio,Bagnato,Orizzontale,Pioggia,11.4499411,45.7639128,1,124.0,1,0,2,0,0,0,50
1,Domenica,Pomeriggio,ZANE',SP 349 var Costo Variante,Rettilineo,Asciutto,Assente,Sereno,11.4548452,45.7200458,1,127.0,12,10,2,1,0,0,50
1,Mercoledì,Mattino,ZANE',SP 349 Costo,Intersezione con semaforo o vigile,Bagnato,,Altro,11.4588314,45.7158419,1,130.0,10,7,4,0,0,0,50
10,Giovedì,Pomeriggio,THIENE,SP 349 var Costo Variante,Rotatoria,Bagnato,Orizzontale,Pioggia,11.460843,45.6977468,1,150.0,2,0,0,0,0,0,50
1,Mercoledì,Pomeriggio,ISOLA VICENTINA,SP 046 Pasubio,Intersezione con semaforo o vigile,Asciutto,Assente,Sereno,11.4668092,45.6143177,1,30.0,2,4,0,0,0,1,50
3,Domenica,Sera,THIENE,SP 349 Costo,Incrocio,Bagnato,Orizzontale,Pioggia,11.4886333,45.6713715,1,137.0,9,0,3,0,2,0,130
10,Giovedì,Sera,CALDOGNO,SP 349 Costo,Intersezione segnalata,Asciutto,Assente,Sereno,11.4912726,45.6195794,1,143.0,0,0,0,0,0,3,70
10,Giovedì,Sera,VILLAVERLA,SP 349 Costo,Rettilineo,Asciutto,,Altro,11.4934205,45.6470437,1,139.0,11,0,4,0,2,0,50
11,Mercoledì,Pomeriggio,VILLAVERLA,SP 349 Costo,Incrocio,Asciutto,Assente,Sereno,11.4937638,45.6500512,1,139.0,11,0,4,0,2,0,50
2,Sabato,Sera,VILLAVERLA,SP 349 Costo,Rettilineo,Bagnato,Orizzontale,Pioggia,11.494603,45.653112,1,140.0,16,0,2,0,0,0,50
12,Mercoledì,Pomeriggio,VICENZA,SP 046 Pasubio,Rettilineo,Asciutto,Assente,Sereno,11.5041401,45.5844851,1,42.0,7,0,1,0,0,20,50
1,Mercoledì,Mattino,ASIAGO,SP 349 Costo,Intersezione segnalata,Bagnato,,Altro,11.5056896,45.8736366,1,76.0,5,0,4,0,0,0,50
11,Domenica,Sera,VICENZA,SP 046 Pasubio,Intersezione non segnalata,Bagnato,Assente,Sereno,11.5062956,45.5819901,1,43.0,0,0,0,0,0,7,40
10,Domenica,Sera,VICENZA,SP 046 rac Pasubio Raccordo del Sole,Intersezione con semaforo o vigile,Bagnato,Assente,Sereno,11.50927,45.54708,1,51.0,0,0,0,0,0,0,90
11,Martedì,Sera,VICENZA,SP 046 rac Pasubio Raccordo del Sole,Rettilineo,Bagnato,Assente,Sereno,11.50928,45.54654,1,51.0,0,0,0,0,0,0,90
12,Venerdì,Notte,VICENZA,SP 046 rac Pasubio Raccordo del Sole,Curva,Bagnato,Assente,Sereno,11.512611,45.5504994,1,,0,0,0,0,0,0,50
3,Lunedì,Mattino,VICENZA,SP 046 rac Pasubio Raccordo del Sole,Intersezione con semaforo o vigile,Asciutto,Assente,Sereno,11.51843,45.55484,1,,0,0,0,0,0,0,50
10,Lunedì,Pomeriggio,VICENZA,SP 046 rac Pasubio Raccordo del Sole,Incrocio,Asciutto,Assente,Sereno,11.51845,45.55479,1,,0,0,0,0,0,0,50
4,Mercoledì,Sera,VICENZA,SP 046 rac Pasubio Raccordo del Sole,Intersezione con semaforo o vigile,Asciutto,Assente,Sereno,11.51859,45.55474,1,,0,0,0,0,0,0,50
11,Giovedì,Pomeriggio,VALLI DEL PASUBIO,SP 046 Pasubio,Rettilineo,Bagnato,Orizzontale,Pioggia,11.26787,45.73672,1,12.0,2,0,0,0,0,0,50
2,Sabato,Mattino,VALDASTICO,SP 350 Val d'Astico,Rettilineo,Sdrucciolevole,Assente,Sereno,11.3587297,45.8792382,1,161.0,0,0,0,0,0,0,50
12,Mercoledì,Sera,ARSIERO,SP 350 Val d'Astico,Incrocio,Asciutto,Assente,Sereno,11.35936,45.80566,1,169.0,10,2,8,0,0,0,50
1,Lunedì,Pomeriggio,ARSIERO,SP 350 Val d'Astico,Rettilineo,Asciutto,Assente,Sereno,11.3596495,45.8072233,1,169.0,10,2,8,0,0,0,50
1,Giovedì,Mattino,SANTORSO,SP 350 Val d'Astico,Rettilineo,Asciutto,Assente,Sereno,11.37406,45.72907,1,73.0,6,4,0,0,0,0,70
4,Lunedì,Pomeriggio,COGOLLO DEL CENGIO,SP 350 Val d'Astico,Curva,Bagnato,Orizzontale,Pioggia,11.3908123,45.7964117,1,172.0,0,0,1,0,0,0,90
1,Giovedì,Pomeriggio,SANTORSO,SP 350 Val d'Astico,Incrocio,Bagnato,Orizzontale,Pioggia,11.3947222,45.7343522,1,75.0,4,0,0,0,0,0,70
4,Martedì,Mattino,COGOLLO DEL CENGIO,SP 350 Val d'Astico,Intersezione non segnalata,Asciutto,Assente,Sereno,11.4079261,45.7904591,1,174.0,3,0,0,0,0,0,70
1,Venerdì,Sera,MALO,SP 046 Pasubio,Incrocio,Asciutto,Assente,Sereno,11.4134154,45.659325,1,21.0,8,0,0,0,0,37,50
1,Venerdì,Pomeriggio,MALO,SP 046 Pasubio,Intersezione segnalata,Bagnato,Orizzontale,Pioggia,11.414464,45.6582264,1,21.0,8,0,0,0,0,37,50
11,Venerdì,Mattino,MALO,SP 046 Pasubio,Rotatoria,Asciutto,,Altro,11.4145744,45.6583352,1,21.0,8,0,0,0,0,37,50
12,Lunedì,Pomeriggio,MALO,SP 046 Pasubio,Incrocio,Bagnato,Orizzontale,Pioggia,11.418866,45.6524072,1,22.0,4,1,2,0,0,20,50
11,Giovedì,Pomeriggio,SCHIO,SP 349 var Costo Variante,Rotatoria,Bagnato,Orizzontale,Pioggia,11.4208972,45.7248705,1,145.0,0,0,0,0,0,0,40
3,Martedì,Mattino,SCHIO,SP 349 var Costo Variante,Rotatoria,Asciutto,Assente,Sereno,11.4209846,45.7249218,1,145.0,0,0,0,0,0,0,40
4,Venerdì,Mattino,COGOLLO DEL CENGIO,SP 350 Val d'Astico,Rettilineo,Asciutto,Assente,Sereno,11.42287,45.78435,1,175.0,6,1,6,0,0,0,50
4,Venerdì,Sera,MALO,SP 046 Pasubio,Intersezione segnalata,Asciutto,,Altro,11.423447,45.6481963,1,23.0,2,0,0,0,0,98,45
10,Venerdì,Pomeriggio,COGOLLO DEL CENGIO,SP 349 Costo,Curva,Bagnato,Verticale,Nebbia,11.42487,45.8085,1,103.0,0,0,0,0,0,0,70
2,Domenica,Pomeriggio,PIOVENE ROCCHETTE,SP 350 Val d'Astico,Rettilineo,Bagnato,Orizzontale,Pioggia,11.42742,45.75003,1,93.0,12,5,2,0,3,0,50
10,Mercoledì,Mattino,MALO,SP 046 Pasubio,Intersezione con semaforo o vigile,Bagnato,,Altro,11.4301454,45.641401,1,24.0,8,1,0,0,0,13,50
10,Giovedì,Sera,PIOVENE ROCCHETTE,SP 349 Costo,Incrocio,Asciutto,Assente,Sereno,11.4304726,45.7531358,1,122.0,12,0,0,0,0,0,50
3,Sabato,Mattino,PIOVENE ROCCHETTE,SP 349 Costo,Intersezione segnalata,Asciutto,Assente,Sereno,11.4316717,45.7487743,1,97.0,7,0,0,0,0,0,50
11,Giovedì,Pomeriggio,PIOVENE ROCCHETTE,SP 349 Costo,Rettilineo,Asciutto,Assente,Sereno,11.4317997,45.748625,1,97.0,7,0,0,0,0,0,50
12,Mercoledì,Mattino,PIOVENE ROCCHETTE,SP 350 Val d'Astico,Rettilineo,Asciutto,Assente,Sereno,11.4348184,45.7633603,1,178.0,16,10,8,0,0,0,50
3,Martedì,Pomeriggio,PIOVENE ROCCHETTE,SP 349 Costo,Rettilineo,Bagnato,Assente,Sereno,11.435103,45.7447861,1,97.0,7,0,0,0,0,0,50
3,Giovedì,Sera,PIOVENE ROCCHETTE,SP 349 Costo,Intersezione segnalata,Asciutto,Assente,Sereno,11.4358986,45.7437914,1,97.0,7,0,0,0,0,0,50
10,Venerdì,Mattino,PIOVENE ROCCHETTE,SP 349 Costo,Rettilineo,Asciutto,Assente,Sereno,11.437441,45.7417931,1,98.0,2,0,0,0,0,16,130
3,Venerdì,Pomeriggio,ROANA,SP 349 Costo,Curva,Asciutto,Assente,Sereno,11.44095,45.84371,1,120.0,0,0,2,0,0,0,50
2,Mercoledì,Sera,ISOLA VICENTINA,SP 046 Pasubio,Incrocio,Bagnato,Orizzontale,Pioggia,11.4410002,45.6305795,1,26.0,13,0,1,0,0,24,50
3,Venerdì,Sera,ZANE',SP 349 Costo,Incrocio,Asciutto,Assente,Sereno,11.451835,45.7215129,1,127.0,12,10,2,1,0,0,50
2,Sabato,Mattino,ZANE',SP 349 Costo,Rotatoria,Bagnato,Orizzontale,Pioggia,11.4552458,45.7175412,1,130.0,10,7,4,0,0,0,50
12,Giovedì,Pomeriggio,CHIUPPANO,SP 349 Costo,Curva,Asciutto,Assente,Sereno,11.4571663,45.7679359,1,129.0,1,0,1,0,0,0,50
3,Venerdì,Pomeriggio,THIENE,SP 349 var Costo Variante,Rotatoria,Asciutto,Assente,Sereno,11.4601791,45.6972144,1,150.0,2,0,0,0,0,0,50
4,Sabato,Pomeriggio,ZANE',SP 349 Costo,Rettilineo,Asciutto,,Altro,11.4624325,45.7137749,1,131.0,6,0,1,0,0,0,50
3,Sabato,Pomeriggio,ISOLA VICENTINA,SP 046 Pasubio,Rettilineo,Asciutto,,Altro,11.4669305,45.6143626,1,30.0,2,4,0,0,0,1,50
3,Sabato,Pomeriggio,ISOLA VICENTINA,SP 046 Pasubio,Intersezione con semaforo o vigile,Bagnato,Orizzontale,Pioggia,11.46715,45.61411,1,30.0,2,4,0,0,0,1,50
4,Domenica,Sera,ROANA,SP 349 Costo,Rettilineo,Asciutto,Assente,Sereno,11.48147,45.88116,1,78.0,0,0,1,0,0,0,50
2,Domenica,Sera,THIENE,SP 349 Costo,Incrocio,Bagnato,Orizzontale,Pioggia,11.4886386,45.6713877,1,137.0,9,0,3,0,2,0,130
2,Sabato,Sera,THIENE,SP 349 Costo,Incrocio,Asciutto,,Altro,11.4887029,45.6715696,1,137.0,9,0,3,0,2,0,130
11,Domenica,Pomeriggio,COSTABISSARA,SP 046 Pasubio,Rettilineo,Asciutto,Assente,Sereno,11.4892559,45.6055122,1,34.0,7,0,0,0,0,32,70
4,Mercoledì,Pomeriggio,COSTABISSARA,SP 046 Pasubio,Rettilineo,Asciutto,Assente,Sereno,11.4908277,45.6049765,1,34.0,7,0,0,0,0,32,70
10,Domenica,Notte,CALDOGNO,SP 349 Costo,Rettilineo,Asciutto,Assente,Sereno,11.49161,45.62053,1,143.0,0,0,0,0,0,3,70
4,Martedì,Notte,VILLAVERLA,SP 349 Costo,Rettilineo,Asciutto,Assente,Sereno,11.49285,45.65845,1,140.0,16,0,2,0,0,0,50
11,Domenica,Notte,COSTABISSARA,SP 046 Pasubio,Incrocio,Bagnato,Assente,Sereno,11.49337,45.60375,1,36.0,14,0,1,0,0,7,50
4,Mercoledì,Sera,CALDOGNO,SP 349 Costo,Incrocio,Asciutto,Assente,Sereno,11.493396,45.6039447,1,36.0,14,0,1,0,0,7,50
1,Venerdì,Pomeriggio,COSTABISSARA,SP 349 Costo,Intersezione segnalata,Asciutto,,Altro,11.4934007,45.6037187,1,36.0,14,0,1,0,0,7,50
11,Domenica,Sera,VILLAVERLA,SP 349 Costo,Rettilineo,Bagnato,Assente,Sereno,11.493578,45.6566975,1,140.0,16,0,2,0,0,0,50
10,Sabato,Sera,VILLAVERLA,SP 349 Costo,Incrocio,Asciutto,,Altro,11.4936029,45.6490987,1,139.0,11,0,4,0,2,0,50
12,Giovedì,Mattino,VILLAVERLA,SP 349 Costo,Rettilineo,Asciutto,Assente,Sereno,11.4936057,45.6566107,1,140.0,16,0,2,0,0,0,50
10,Mercoledì,Sera,VILLAVERLA,SP 349 Costo,Intersezione segnalata,Asciutto,,Altro,11.4936378,45.6566332,1,140.0,16,0,2,0,0,0,50
12,Sabato,Pomeriggio,COSTABISSARA,SP 046 Pasubio,Rettilineo,Asciutto,Assente,Sereno,11.494901,45.6001511,1,39.0,12,0,0,0,0,20,50
1,Venerdì,Pomeriggio,COSTABISSARA,SP 046 Pasubio,Rettilineo,Bagnato,Orizzontale,Pioggia,11.4995816,45.5898104,1,42.0,7,0,1,0,0,20,50
12,Mercoledì,Sera,COSTABISSARA,SP 046 Pasubio,Rettilineo,Bagnato,Orizzontale,Pioggia,11.49967,45.5898,1,42.0,7,0,1,0,0,20,50
10,Domenica,Pomeriggio,COSTABISSARA,SP 046 Pasubio,Rettilineo,Asciutto,Assente,Sereno,11.5018325,45.587206,1,42.0,7,0,1,0,0,20,50
3,Domenica,Pomeriggio,ASIAGO,SP 349 Costo,Rotatoria,Asciutto,Assente,Sereno,11.5057055,45.873652,1,76.0,5,0,4,0,0,0,50
2,Martedì,Pomeriggio,VICENZA,SP 046 rac Pasubio Raccordo del Sole,Intersezione segnalata,Asciutto,Assente,Sereno,11.5081029,45.5338849,1,68.0,1,0,0,0,0,12,50
12,Mercoledì,Pomeriggio,VICENZA,SP 046 rac Pasubio Raccordo del Sole,Intersezione con semaforo o vigile,Asciutto,Assente,Sereno,11.50899,45.54692,1,51.0,0,0,0,0,0,0,90
3,Giovedì,Pomeriggio,VICENZA,SP 046 rac Pasubio Raccordo del Sole,Rettilineo,Asciutto,Assente,Sereno,11.50912,45.5461,1,51.0,0,0,0,0,0,0,90
4,Venerdì,Sera,VICENZA,SP 046 rac Pasubio Raccordo del Sole,Rettilineo,Asciutto,Assente,Sereno,11.50914,45.54646,1,51.0,0,0,0,0,0,0,90
3,Lunedì,Pomeriggio,VICENZA,SP 046 rac Pasubio Raccordo del Sole,Intersezione con semaforo o vigile,Asciutto,Assente,Sereno,11.5092003,45.5468912,1,51.0,0,0,0,0,0,0,90
10,Venerdì,Pomeriggio,VICENZA,SP 046 rac Pasubio Raccordo del Sole,Incrocio,Asciutto,,Altro,11.5092094,45.5469847,1,51.0,0,0,0,0,0,0,90
2,Giovedì,Pomeriggio,VICENZA,SP 046 rac Pasubio Raccordo del Sole,Intersezione con semaforo o vigile,Asciutto,Assente,Sereno,11.5092382,45.5470205,1,51.0,0,0,0,0,0,0,90
1,Martedì,Mattino,VICENZA,SP 046 rac Pasubio Raccordo del Sole,Incrocio,Bagnato,Assente,Sereno,11.50929,45.547,1,51.0,0,0,0,0,0,0,90
2,Venerdì,Mattino,VICENZA,SP 046 rac Pasubio Raccordo del Sole,Intersezione con semaforo o vigile,Asciutto,Assente,Sereno,11.5184381,45.5547407,1,,0,0,0,0,0,0,50
3,Venerdì,Pomeriggio,VALDASTICO,SP 350 Val d'Astico,Rettilineo,Asciutto,Assente,Sereno,11.3575817,45.8806274,1,161.0,0,0,0,0,0,0,50
3,Martedì,Mattino,SANTORSO,SP 350 Val d'Astico,Rettilineo,Asciutto,Assente,Sereno,11.3751057,45.7293177,1,73.0,6,4,0,0,0,0,70
3,Venerdì,Mattino,ARSIERO,SP 350 Val d'Astico,Rettilineo,Asciutto,Assente,Sereno,11.3763769,45.8020147,1,171.0,1,0,3,0,0,0,50
1,Sabato,Pomeriggio,COGOLLO DEL CENGIO,SP 350 Val d'Astico,Rettilineo,Asciutto,Assente,Sereno,11.37777,45.80134,1,171.0,1,0,3,0,0,0,50
12,Giovedì,Pomeriggio,SANTORSO,SP 350 Val d'Astico,Rettilineo,Asciutto,Assente,Sereno,11.3875199,45.7325467,1,74.0,6,1,0,0,0,0,50
10,Giovedì,Mattino,SAN VITO DI LEGUZZANO,SP 046 Pasubio,Rotatoria,Asciutto,Assente,Sereno,11.3943972,45.6891456,1,17.0,0,0,0,0,0,0,90
4,Mercoledì,Mattino,SANTORSO,SP 350 Val d'Astico,Incrocio,Asciutto,Assente,Sereno,11.3947441,45.7343659,1,75.0,4,0,0,0,0,0,70
12,Giovedì,Mattino,SANTORSO,SP 350 Val d'Astico,Rettilineo,Asciutto,Assente,Sereno,11.397808,45.735242,1,75.0,4,0,0,0,0,0,70
3,Sabato,Notte,SAN VITO DI LEGUZZANO,SP 046 Pasubio,Curva,Asciutto,Assente,Sereno,11.39895,45.68546,1,17.0,0,0,0,0,0,0,90
4,Giovedì,Sera,SAN VITO DI LEGUZZANO,SP 046 Pasubio,Curva,Asciutto,Assente,Sereno,11.39903,45.68517,1,17.0,0,0,0,0,0,0,90
10,Lunedì,Mattino,MALO,SP 046 Pasubio,Rotatoria,Asciutto,Assente,Sereno,11.4025778,45.6774302,1,18.0,1,0,0,0,0,5,90
10,Venerdì,Sera,MALO,SP 046 Pasubio,Rettilineo,Bagnato,Orizzontale,Pioggia,11.4051688,45.6716344,1,19.0,5,0,0,0,0,3,50
3,Sabato,Sera,SANTORSO,SP 350 Val d'Astico,Incrocio,Asciutto,Assente,Sereno,11.4087902,45.7380958,1,95.0,1,0,1,0,0,0,50
2,Domenica,Sera,MALO,SP 046 Pasubio,Rettilineo,Asciutto,,Vento forte,11.4181203,45.654145,1,22.0,4,1,2,0,0,20,50
2,Domenica,Notte,MALO,SP 046 Pasubio,Rettilineo,Bagnato,Orizzontale,Pioggia,11.41819,45.65401,1,22.0,4,1,2,0,0,20,50
1,Sabato,Pomeriggio,PIOVENE ROCCHETTE,SP 350 Val d'Astico,Rettilineo,Asciutto,Verticale,Nebbia,11.4273221,45.7688562,1,177.0,3,0,3,0,0,0,50
12,Lunedì,Pomeriggio,COGOLLO DEL CENGIO,SP 349 Costo,Curva,Asciutto,Assente,Sereno,11.4352358,45.7873315,1,111.0,0,0,0,0,2,0,70
1,Domenica,Sera,PIOVENE ROCCHETTE,SP 350 Val d'Astico,Curva,Bagnato,Assente,Sereno,11.43857,45.76091,1,179.0,10,0,4,0,1,0,50
12,Venerdì,Pomeriggio,ZANE',SP 349 var Costo Variante,Rettilineo,Asciutto,Assente,Sereno,11.4411688,45.7109793,1,147.0,0,0,0,0,0,0,90
12,Sabato,Pomeriggio,COGOLLO DEL CENGIO,SP 349 Costo,Curva,Asciutto,Assente,Sereno,11.4434688,45.7810558,1,113.0,0,0,0,0,0,0,70
10,Venerdì,Pomeriggio,CARRE',SP 349 Costo,Incrocio,Asciutto,Assente,Sereno,11.4435126,45.7339993,1,125.0,2,1,0,0,0,11,50
12,Venerdì,Notte,ZANE',SP 349 Costo,Intersezione con semaforo o vigile,Asciutto,Assente,Sereno,11.4458846,45.7305901,1,125.0,2,1,0,0,0,11,50
2,Lunedì,Mattino,ISOLA VICENTINA,SP 046 Pasubio,Rotatoria,Asciutto,Assente,Sereno,11.446122,45.627658,1,28.0,4,0,0,0,0,5,50
12,Mercoledì,Sera,CALTRANO,SP 349 Costo,Rettilineo,Asciutto,Assente,Sereno,11.4502706,45.7769119,1,114.0,0,0,2,0,0,0,70
4,Venerdì,Sera,CALTRANO,SP 349 Costo,Incrocio,Asciutto,Assente,Sereno,11.45121,45.77345,1,128.0,3,0,2,0,0,0,50
11,Sabato,Sera,ZANE',SP 349 Costo,Intersezione segnalata,Asciutto,Assente,Sereno,11.4624732,45.7137539,1,131.0,6,0,1,0,0,0,50
1,Sabato,Pomeriggio,ZANE',SP 349 Costo,Intersezione segnalata,Asciutto,Assente,Sereno,11.4624963,45.7138348,1,131.0,6,0,1,0,0,0,50
3,Giovedì,Mattino,ZANE',SP 349 Costo,Rettilineo,Bagnato,Orizzontale,Pioggia,11.4632374,45.7133679,1,131.0,6,0,1,0,0,0,50
10,Venerdì,Sera,ROANA,SP 349 Costo,Rettilineo,Bagnato,Orizzontale,Pioggia,11.47533,45.86562,1,132.0,17,0,5,0,0,0,50
4,Giovedì,Sera,THIENE,SP 349 Costo,Incrocio,Asciutto,,Altro,11.4845535,45.68439,1,136.0,3,0,0,0,1,0,70
1,Giovedì,Pomeriggio,THIENE,SP 349 Costo,Incrocio,Asciutto,Assente,Sereno,11.4846598,45.6842362,1,136.0,3,0,0,0,1,0,70
3,Lunedì,Mattino,THIENE,SP 349 Costo,Incrocio,Bagnato,Orizzontale,Pioggia,11.4886469,45.6714705,1,137.0,9,0,3,0,2,0,130
2,Mercoledì,Pomeriggio,CALDOGNO,SP 349 Costo,Rettilineo,Asciutto,,Altro,11.4903756,45.6155771,1,143.0,0,0,0,0,0,3,70
2,Martedì,Notte,CALDOGNO,SP 349 Costo,Incrocio,Bagnato,Assente,Sereno,11.49103,45.61934,1,143.0,0,0,0,0,0,3,70
2,Lunedì,Mattino,CALDOGNO,SP 349 Costo,Rettilineo,Asciutto,Assente,Sereno,11.4914441,45.6233257,1,142.0,0,0,0,0,0,0,90
2,Giovedì,Mattino,VILLAVERLA,SP 349 Costo,Rotatoria,Bagnato,Orizzontale,Pioggia,11.4926963,45.6438035,1,139.0,11,0,4,0,2,0,50
4,Sabato,Notte,VILLAVERLA,SP 349 Costo,Rotatoria,Asciutto,Assente,Sereno,11.4927786,45.6438218,1,139.0,11,0,4,0,2,0,50
10,Domenica,Sera,VILLAVERLA,SP 349 Costo,Intersezione segnalata,Asciutto,Assente,Sereno,11.492893,45.6583325,1,140.0,16,0,2,0,0,0,50
3,Giovedì,Pomeriggio,VILLAVERLA,SP 349 Costo,Rettilineo,Asciutto,Assente,Sereno,11.4933933,45.6476767,1,139.0,11,0,4,0,2,0,50
12,Lunedì,Sera,VILLAVERLA,SP 349 Costo,Incrocio,Asciutto,Assente,Sereno,11.4936685,45.6500201,1,139.0,11,0,4,0,2,0,50
3,Lunedì,Mattino,VILLAVERLA,SP 349 Costo,Incrocio,Bagnato,Orizzontale,Pioggia,11.4937585,45.6501431,1,139.0,11,0,4,0,2,0,50
12,Mercoledì,Mattino,COSTABISSARA,SP 046 Pasubio,Intersezione con semaforo o vigile,Asciutto,,Altro,11.4949627,45.6001811,1,39.0,12,0,0,0,0,20,50
4,Lunedì,Mattino,COSTABISSARA,SP 046 Pasubio,Rotatoria,Asciutto,Assente,Sereno,11.4978684,45.5922142,1,41.0,4,0,0,0,0,31,50
10,Venerdì,Pomeriggio,VICENZA,SP 046 rac Pasubio Raccordo del Sole,Rettilineo,Asciutto,Assente,Sereno,11.50917,45.54629,1,51.0,0,0,0,0,0,0,90
4,Lunedì,Sera,VICENZA,SP 046 rac Pasubio Raccordo del Sole,Intersezione con semaforo o vigile,Asciutto,Assente,Sereno,11.5092694,45.5469962,1,51.0,0,0,0,0,0,0,90
10,Venerdì,Pomeriggio,VICENZA,SP 046 rac Pasubio Raccordo del Sole,Intersezione con semaforo o vigile,Asciutto,Assente,Sereno,11.5093123,45.5470759,1,51.0,0,0,0,0,0,0,90
1,Venerdì,Sera,VICENZA,SP 046 rac Pasubio Raccordo del Sole,Intersezione segnalata,Bagnato,Assente,Sereno,11.50932,45.54707,1,51.0,0,0,0,0,0,0,90
3,Lunedì,Pomeriggio,VICENZA,SP 046 rac Pasubio Raccordo del Sole,Intersezione con semaforo o vigile,Asciutto,Assente,Sereno,11.50933,45.54709,1,51.0,0,0,0,0,0,0,90
10,Lunedì,Mattino,VICENZA,SP 046 rac Pasubio Raccordo del Sole,Rettilineo,Asciutto,Assente,Sereno,11.5160593,45.5524963,1,,0,0,0,0,0,0,50
1,Domenica,Pomeriggio,VALLI DEL PASUBIO,SP 046 Pasubio,Intersezione segnalata,Asciutto,Assente,Sereno,11.2247826,45.7532515,1,8.0,0,0,0,0,0,0,70
2,Sabato,Sera,VALLI DEL PASUBIO,SP 046 Pasubio,Rettilineo,Bagnato,Assente,Sereno,11.2614807,45.7402882,1,11.0,8,0,1,0,0,0,50
12,Lunedì,Pomeriggio,TORREBELVICINO,SP 046 Pasubio,Intersezione non segnalata,Asciutto,Assente,Sereno,11.3021313,45.719219,1,69.0,2,2,1,0,0,0,50
2,Sabato,Mattino,ARSIERO,SP 350 Val d'Astico,Rettilineo,Bagnato,Assente,Sereno,11.3680745,45.8255572,1,167.0,1,0,0,0,0,0,50
2,Venerdì,Sera,SANTORSO,SP 350 Val d'Astico,Rettilineo,Asciutto,Assente,Sereno,11.3751701,45.7293552,1,73.0,6,4,0,0,0,0,70
10,Martedì,Sera,SANTORSO,SP 350 Val d'Astico,Intersezione segnalata,Asciutto,Assente,Sereno,11.3770628,45.7298333,1,73.0,6,4,0,0,0,0,70
10,Domenica,Sera,SANTORSO,SP 350 Val d'Astico,Incrocio,Asciutto,Assente,Sereno,11.38212,45.73113,1,74.0,6,1,0,0,0,0,50
4,Lunedì,Mattino,SANTORSO,SP 350 Val d'Astico,Rettilineo,Asciutto,Assente,Sereno,11.3851913,45.7319333,1,74.0,6,1,0,0,0,0,50
2,Martedì,Sera,SAN VITO DI LEGUZZANO,SP 046 Pasubio,Rettilineo,Bagnato,Orizzontale,Pioggia,11.3927349,45.6904302,1,16.0,0,0,0,0,0,0,50
10,Giovedì,Mattino,SANTORSO,SP 350 Val d'Astico,Rettilineo,Asciutto,Assente,Sereno,11.393126,45.7339493,1,75.0,4,0,0,0,0,0,70
11,Lunedì,Pomeriggio,SAN VITO DI LEGUZZANO,SP 046 Pasubio,Intersezione segnalata,Bagnato,Assente,Sereno,11.3970101,45.687136,1,17.0,0,0,0,0,0,0,90
3,Mercoledì,Sera,MALO,SP 046 Pasubio,Intersezione segnalata,Asciutto,Assente,Sereno,11.4103609,45.6624044,1,21.0,8,0,0,0,0,37,50
10,Giovedì,Mattino,MALO,SP 046 Pasubio,Intersezione segnalata,Asciutto,Assente,Sereno,11.41089,45.66181,1,21.0,8,0,0,0,0,37,50
4,Mercoledì,Sera,MALO,SP 046 Pasubio,Intersezione con semaforo o vigile,Asciutto,Assente,Sereno,11.4181756,45.6540162,1,22.0,4,1,2,0,0,20,50
10,Venerdì,Pomeriggio,COGOLLO DEL CENGIO,SP 350 Val d'Astico,Curva,Bagnato,Orizzontale,Pioggia,11.41989,45.78549,1,175.0,6,1,6,0,0,0,50
2,Martedì,Sera,MALO,SP 046 Pasubio,Rettilineo,Asciutto,Assente,Sereno,11.4200125,45.6514807,1,22.0,4,1,2,0,0,20,50
3,Martedì,Sera,SCHIO,SP 349 var Costo Variante,Rotatoria,Asciutto,Assente,Sereno,11.4208587,45.7250903,1,145.0,0,0,0,0,0,0,40
2,Giovedì,Notte,COGOLLO DEL CENGIO,SP 350 Val d'Astico,Incrocio,Asciutto,Assente,Sereno,11.42386,45.78408,1,175.0,6,1,6,0,0,0,50
11,Venerdì,Mattino,COGOLLO DEL CENGIO,SP 350 Val d'Astico,Intersezione segnalata,Asciutto,Assente,Sereno,11.4292794,45.7793928,1,176.0,0,0,0,0,0,0,20
10,Martedì,Sera,MALO,SP 046 Pasubio,Intersezione segnalata,Asciutto,Assente,Sereno,11.4300897,45.6414616,1,24.0,8,1,0,0,0,13,50
4,Venerdì,Mattino,MALO,SP 046 Pasubio,Rettilineo,Asciutto,Assente,Sereno,11.4316318,45.6403007,1,24.0,8,1,0,0,0,13,50
11,Giovedì,Sera,PIOVENE ROCCHETTE,SP 350 Val d'Astico,Incrocio,Asciutto,Assente,Sereno,11.4327678,45.7641673,1,178.0,16,10,8,0,0,0,50
12,Venerdì,Pomeriggio,MALO,SP 046 Pasubio,Incrocio,Asciutto,Assente,Sereno,11.4354632,45.6375214,1,24.0,8,1,0,0,0,13,50
3,Martedì,Sera,PIOVENE ROCCHETTE,SP 350 Val d'Astico,Intersezione con semaforo o vigile,Asciutto,Assente,Sereno,11.43583,45.76279,1,178.0,16,10,8,0,0,0,50
2,Lunedì,Pomeriggio,PIOVENE ROCCHETTE,SP 350 Val d'Astico,Intersezione con semaforo o vigile,Asciutto,Assente,Sereno,11.4359087,45.7627643,1,178.0,16,10,8,0,0,0,50
11,Venerdì,Sera,PIOVENE ROCCHETTE,SP 349 Costo,Intersezione segnalata,Asciutto,Assente,Sereno,11.4359187,45.7438972,1,97.0,7,0,0,0,0,0,50
10,Lunedì,Mattino,COGOLLO DEL CENGIO,SP 349 Costo,Rettilineo,Bagnato,Orizzontale,Pioggia,11.4397149,45.7855673,1,111.0,0,0,0,0,2,0,70
2,Giovedì,Pomeriggio,CARRE',SP 349 Costo,Intersezione segnalata,Asciutto,Assente,Sereno,11.4401398,45.7381879,1,125.0,2,1,0,0,0,11,50
2,Lunedì,Mattino,PIOVENE ROCCHETTE,SP 349 Costo,Intersezione segnalata,Asciutto,Assente,Sereno,11.4427263,45.7599044,1,123.0,10,0,4,0,2,10,50
4,Lunedì,Pomeriggio,PIOVENE ROCCHETTE,SP 349 Costo,Incrocio,Asciutto,Assente,Sereno,11.4427799,45.7599306,1,123.0,10,0,4,0,2,10,50
10,Martedì,Mattino,ISOLA VICENTINA,SP 046 Pasubio,Rettilineo,Asciutto,,Altro,11.4433569,45.6285973,1,27.0,7,0,0,0,0,1,50
4,Sabato,Notte,ISOLA VICENTINA,SP 046 Pasubio,Curva,Asciutto,Assente,Sereno,11.44579,45.62781,1,28.0,4,0,0,0,0,5,50
12,Sabato,Notte,ISOLA VICENTINA,SP 046 Pasubio,Rettilineo,Asciutto,Assente,Sereno,11.4464971,45.6272812,1,28.0,4,0,0,0,0,5,50
4,Domenica,Sera,ISOLA VICENTINA,SP 046 Pasubio,Rettilineo,Asciutto,Assente,Sereno,11.4466666,45.6271359,1,28.0,4,0,0,0,0,5,50
4,Mercoledì,Mattino,ZANE',SP 349 var Costo Variante,Rettilineo,Asciutto,Assente,Sereno,11.4488292,45.7070235,1,147.0,0,0,0,0,0,0,90
1,Domenica,Notte,ZANE',SP 349 Costo,Intersezione segnalata,Bagnato,Orizzontale,Pioggia,11.4517729,45.7216347,1,127.0,12,10,2,1,0,0,50
4,Venerdì,Pomeriggio,CHIUPPANO,SP 349 Costo,Rettilineo,Asciutto,Assente,Sereno,11.45374,45.76589,1,124.0,1,0,2,0,0,0,50
3,Venerdì,Mattino,THIENE,SP 349 var Costo Variante,Rettilineo,Asciutto,Assente,Sereno,11.4538575,45.7040738,1,148.0,0,0,0,0,0,0,50
12,Venerdì,Sera,CALTRANO,SP 349 Costo,Dosso,Asciutto,Assente,Sereno,11.45607,45.7705,1,128.0,3,0,2,0,0,0,50
11,Lunedì,Mattino,ISOLA VICENTINA,SP 046 Pasubio,Rettilineo,Asciutto,Assente,Sereno,11.4587376,45.6210468,1,29.0,1,0,0,0,0,2,90
11,Sabato,Mattino,ISOLA VICENTINA,SP 046 Pasubio,Intersezione segnalata,Bagnato,,Altro,11.4591946,45.6207958,1,29.0,1,0,0,0,0,2,90
1,Giovedì,Pomeriggio,ISOLA VICENTINA,SP 046 Pasubio,Intersezione con semaforo o vigile,Asciutto,Assente,Sereno,11.4668503,45.6143404,1,30.0,2,4,0,0,0,1,50
2,Lunedì,Notte,ISOLA VICENTINA,SP 046 Pasubio,Rettilineo,Bagnato,Assente,Sereno,11.48233,45.60796,1,33.0,0,0,0,0,0,14,60
3,Martedì,Mattino,THIENE,SP 349 Costo,Curva,Asciutto,Assente,Sereno,11.4875299,45.6749425,1,137.0,9,0,3,0,2,0,130
10,Lunedì,Mattino,CALDOGNO,SP 349 Costo,Intersezione segnalata,Asciutto,Assente,Sereno,11.4913591,45.6195385,1,143.0,0,0,0,0,0,3,70
12,Martedì,Sera,COSTABISSARA,SP 349 Costo,Intersezione segnalata,Asciutto,Assente,Sereno,11.4934043,45.6038505,1,36.0,14,0,1,0,0,7,50
11,Mercoledì,Pomeriggio,VILLAVERLA,SP 349 Costo,Rettilineo,Asciutto,Assente,Sereno,11.4935233,45.6569719,1,140.0,16,0,2,0,0,0,50
4,Venerdì,Sera,VILLAVERLA,SP 349 Costo,Rettilineo,Asciutto,Assente,Sereno,11.4936562,45.6565977,1,140.0,16,0,2,0,0,0,50
3,Mercoledì,Mattino,VILLAVERLA,SP 349 Costo,Intersezione segnalata,Asciutto,Assente,Sereno,11.4943073,45.6537555,1,140.0,16,0,2,0,0,0,50
11,Domenica,Sera,COSTABISSARA,SP 046 Pasubio,Rettilineo,Asciutto,Assente,Sereno,11.4944696,45.6011739,1,39.0,12,0,0,0,0,20,50
11,Mercoledì,Mattino,COSTABISSARA,SP 046 Pasubio,Rotatoria,Asciutto,Assente,Sereno,11.4949412,45.6001586,1,39.0,12,0,0,0,0,20,50
3,Domenica,Pomeriggio,COSTABISSARA,SP 046 Pasubio,Rettilineo,Asciutto,Assente,Sereno,11.4954875,45.5986509,1,40.0,21,1,0,0,0,44,50
1,Venerdì,Pomeriggio,ASIAGO,SP 349 Costo,Rettilineo,Asciutto,Assente,Sereno,11.49655,45.86896,1,133.0,4,0,6,0,1,0,50
4,Domenica,Notte,COSTABISSARA,SP 046 Pasubio,Rettilineo,Bagnato,Orizzontale,Pioggia,11.5001399,45.5891961,1,42.0,7,0,1,0,0,20,50
3,Sabato,Pomeriggio,VICENZA,SP 046 rac Pasubio Raccordo del Sole,Intersezione con semaforo o vigile,Asciutto,Assente,Sereno,11.5090859,45.5470739,1,51.0,0,0,0,0,0,0,90
1,Martedì,Pomeriggio,VICENZA,SP 046 rac Pasubio Raccordo del Sole,Rettilineo,Asciutto,Assente,Sereno,11.50918,45.54644,1,51.0,0,0,0,0,0,0,90
12,Giovedì,Pomeriggio,VICENZA,SP 046 rac Pasubio Raccordo del Sole,Intersezione con semaforo o vigile,Asciutto,Assente,Sereno,11.50931,45.54703,1,51.0,0,0,0,0,0,0,90
12,Martedì,Pomeriggio,VICENZA,SP 046 rac Pasubio Raccordo del Sole,Intersezione con semaforo o vigile,Asciutto,Assente,Sereno,11.50934,45.54705,1,51.0,0,0,0,0,0,0,90
11,Martedì,Mattino,VICENZA,SP 046 rac Pasubio Raccordo del Sole,Intersezione con semaforo o vigile,Asciutto,Assente,Sereno,11.51846,45.55477,1,,0,0,0,0,0,0,50
2,Martedì,Pomeriggio,VICENZA,SP 046 rac Pasubio Raccordo del Sole,Incrocio,Asciutto,Verticale,Nebbia,11.51846,45.55479,1,,0,0,0,0,0,0,50
10,Mercoledì,Pomeriggio,VICENZA,SP 046 rac Pasubio Raccordo del Sole,Intersezione con semaforo o vigile,Asciutto,Assente,Sereno,11.51854,45.55479,1,,0,0,0,0,0,0,50
11,Sabato,Sera,VICENZA,SP 046 rac Pasubio Raccordo del Sole,Intersezione con semaforo o vigile,Bagnato,Orizzontale,Pioggia,11.51856,45.55474,1,,0,0,0,0,0,0,50
12,Mercoledì,Pomeriggio,VALLI DEL PASUBIO,SP 046 Pasubio,Incrocio,Bagnato,Orizzontale,Pioggia,11.262225,45.7399816,1,11.0,8,0,1,0,0,0,50
1,Lunedì,Pomeriggio,VALLI DEL PASUBIO,SP 046 Pasubio,Rettilineo,Asciutto,Assente,Sereno,11.2683073,45.7363178,1,12.0,2,0,0,0,0,0,50
12,Venerdì,Mattino,TORREBELVICINO,SP 046 Pasubio,Rettilineo,Bagnato,Assente,Sereno,11.2926321,45.7187609,1,15.0,0,0,0,0,0,0,50
11,Martedì,Sera,ARSIERO,SP 350 Val d'Astico,Incrocio,Asciutto,Assente,Sereno,11.3595741,45.8052906,1,169.0,10,2,8,0,0,0,50
11,Sabato,Sera,ARSIERO,SP 350 Val d'Astico,Incrocio,Bagnato,Orizzontale,Pioggia,11.3596922,45.8072671,1,169.0,10,2,8,0,0,0,50
4,Sabato,Sera,ARSIERO,SP 350 Val d'Astico,Incrocio,Asciutto,Assente,Sereno,11.36798,45.80331,1,170.0,0,0,5,0,0,0,50
10,Martedì,Sera,SANTORSO,SP 350 Val d'Astico,Rettilineo,Asciutto,Assente,Sereno,11.3725754,45.7286974,1,73.0,6,4,0,0,0,0,70
2,Venerdì,Mattino,SANTORSO,SP 350 Val d'Astico,Rettilineo,Asciutto,Assente,Sereno,11.3815092,45.7309364,1,74.0,6,1,0,0,0,0,50
10,Venerdì,Mattino,SANTORSO,SP 350 Val d'Astico,Intersezione segnalata,Asciutto,Assente,Sereno,11.394728,45.734379,1,75.0,4,0,0,0,0,0,70
3,Giovedì,Mattino,MALO,SP 046 Pasubio,Rettilineo,Asciutto,Assente,Sereno,11.4010704,45.6808924,1,18.0,1,0,0,0,0,5,90
3,Lunedì,Sera,MALO,SP 046 Pasubio,Rettilineo,Asciutto,Assente,Sereno,11.40475,45.67304,1,19.0,5,0,0,0,0,3,50
4,Venerdì,Sera,MALO,SP 046 Pasubio,Rettilineo,Asciutto,Assente,Sereno,11.406585,45.6665812,1,20.0,3,0,0,0,0,0,50
4,Sabato,Pomeriggio,PIOVENE ROCCHETTE,SP 350 Val d'Astico,Incrocio,Asciutto,Assente,Sereno,11.4185229,45.7431307,1,94.0,4,0,0,0,1,0,50
11,Mercoledì,Mattino,SCHIO,SP 349 var Costo Variante,Rotatoria,Bagnato,Assente,Sereno,11.4208721,45.7249649,1,145.0,0,0,0,0,0,0,40
2,Sabato,Pomeriggio,SCHIO,SP 349 var Costo Variante,Rotatoria,Bagnato,Assente,Sereno,11.4217635,45.7246123,1,145.0,0,0,0,0,0,0,40
3,Giovedì,Sera,MALO,SP 046 Pasubio,Rettilineo,Asciutto,Assente,Sereno,11.4228941,45.648895,1,23.0,2,0,0,0,0,98,45
12,Giovedì,Pomeriggio,MALO,SP 046 Pasubio,Intersezione segnalata,Asciutto,Assente,Sereno,11.4234745,45.6482334,1,23.0,2,0,0,0,0,98,45
10,Mercoledì,Sera,PIOVENE ROCCHETTE,SP 350 Val d'Astico,Rettilineo,Asciutto,Assente,Sereno,11.4241039,45.7469868,1,93.0,12,5,2,0,3,0,50
2,Giovedì,Notte,MALO,SP 046 Pasubio,Rettilineo,Asciutto,Assente,Sereno,11.4243473,45.6473012,1,23.0,2,0,0,0,0,98,45
12,Domenica,Notte,MALO,SP 046 Pasubio,Rettilineo,Bagnato,Assente,Sereno,11.42511,45.64632,1,23.0,2,0,0,0,0,98,45
11,Domenica,Mattino,PIOVENE ROCCHETTE,SP 350 Val d'Astico,Curva,Bagnato,Verticale,Nebbia,11.4256213,45.7697192,1,177.0,3,0,3,0,0,0,50
11,Venerdì,Mattino,PIOVENE ROCCHETTE,SP 350 Val d'Astico,Incrocio,Asciutto,Assente,Sereno,11.4273257,45.7498311,1,93.0,12,5,2,0,3,0,50
2,Lunedì,Sera,PIOVENE ROCCHETTE,SP 349 Costo,Rotatoria,Asciutto,Assente,Sereno,11.4294111,45.7513293,1,115.0,4,0,1,0,0,0,50
12,Sabato,Pomeriggio,MALO,SP 046 Pasubio,Rettilineo,Asciutto,Assente,Sereno,11.4306652,45.6410126,1,24.0,8,1,0,0,0,13,50
3,Domenica,Sera,MALO,SP 046 Pasubio,Rettilineo,Bagnato,Assente,Sereno,11.4308766,45.6408349,1,24.0,8,1,0,0,0,13,50
3,Venerdì,Pomeriggio,MALO,SP 046 Pasubio,Intersezione segnalata,Asciutto,Assente,Sereno,11.43091,45.64078,1,24.0,8,1,0,0,0,13,50
2,Sabato,Sera,MALO,SP 046 Pasubio,Rettilineo,Bagnato,Orizzontale,Pioggia,11.43145,45.6403,1,24.0,8,1,0,0,0,13,50
3,Giovedì,Pomeriggio,PIOVENE ROCCHETTE,SP 350 Val d'Astico,Rettilineo,Asciutto,Assente,Sereno,11.4316541,45.7649308,1,178.0,16,10,8,0,0,0,50
4,Domenica,Pomeriggio,ROANA,SP 349 Costo,Rettilineo,Asciutto,,Altro,11.4322558,45.8372218,1,99.0,6,0,3,0,0,2,50
10,Lunedì,Sera,PIOVENE ROCCHETTE,SP 349 Costo,Rettilineo,Asciutto,Assente,Sereno,11.4327544,45.7543166,1,122.0,12,0,0,0,0,0,50
11,Venerdì,Mattino,PIOVENE ROCCHETTE,SP 350 Val d'Astico,Rettilineo,Asciutto,Assente,Sereno,11.4333701,45.763934,1,178.0,16,10,8,0,0,0,50
11,Domenica,Pomeriggio,PIOVENE ROCCHETTE,SP 349 Costo,Rettilineo,Asciutto,Assente,Sereno,11.4339977,45.7462842,1,97.0,7,0,0,0,0,0,50
1,Sabato,Mattino,PIOVENE ROCCHETTE,SP 349 Costo,Rettilineo,Asciutto,Assente,Sereno,11.43401,45.74626,1,97.0,7,0,0,0,0,0,50
4,Domenica,Mattino,MALO,SP 046 Pasubio,Rettilineo,Asciutto,Assente,Sereno,11.4347446,45.6380488,1,24.0,8,1,0,0,0,13,50
11,Sabato,Pomeriggio,PIOVENE ROCCHETTE,SP 349 Costo,Rettilineo,Asciutto,Assente,Sereno,11.4355025,45.7444085,1,97.0,7,0,0,0,0,0,50
3,Sabato,Mattino,PIOVENE ROCCHETTE,SP 350 Val d'Astico,Intersezione con semaforo o vigile,Asciutto,Assente,Sereno,11.4358512,45.7628027,1,178.0,16,10,8,0,0,0,50
10,Martedì,Pomeriggio,PIOVENE ROCCHETTE,SP 349 Costo,Rettilineo,Asciutto,Assente,Sereno,11.436952,45.7566888,1,122.0,12,0,0,0,0,0,50
10,Sabato,Pomeriggio,ROANA,SP 349 Costo,Intersezione segnalata,Asciutto,Assente,Sereno,11.4372712,45.8432542,1,121.0,4,0,2,0,0,0,50
3,Giovedì,Pomeriggio,ROANA,SP 349 Costo,Rettilineo,Asciutto,Assente,Sereno,11.4388204,45.8429658,1,120.0,0,0,2,0,0,0,50
3,Lunedì,Pomeriggio,COGOLLO DEL CENGIO,SP 349 Costo,Rettilineo,Asciutto,Assente,Sereno,11.4415604,45.7843033,1,111.0,0,0,0,0,2,0,70
1,Venerdì,Mattino,ISOLA VICENTINA,SP 046 Pasubio,Rettilineo,Asciutto,Assente,Sereno,11.4422946,45.6290977,1,26.0,13,0,1,0,0,24,50
11,Giovedì,Pomeriggio,ISOLA VICENTINA,SP 046 Pasubio,Incrocio,Asciutto,Assente,Sereno,11.4425609,45.6289285,1,26.0,13,0,1,0,0,24,50
12,Martedì,Pomeriggio,ISOLA VICENTINA,SP 046 Pasubio,Rettilineo,Asciutto,Assente,Sereno,11.4449117,45.6279608,1,27.0,7,0,0,0,0,1,50
11,Mercoledì,Mattino,ISOLA VICENTINA,SP 046 Pasubio,Rettilineo,Sdrucciolevole,Assente,Sereno,11.447532,45.6262766,1,28.0,4,0,0,0,0,5,50
2,Venerdì,Pomeriggio,ZANE',SP 349 var Costo Variante,Rettilineo,Asciutto,Assente,Sereno,11.4495553,45.7066512,1,147.0,0,0,0,0,0,0,90
11,Lunedì,Sera,CHIUPPANO,SP 349 Costo,Intersezione segnalata,Asciutto,Assente,Sereno,11.4573145,45.7680546,1,129.0,1,0,1,0,0,0,50
2,Giovedì,Mattino,THIENE,SP 349 var Costo Variante,Rotatoria,Asciutto,Assente,Sereno,11.4598948,45.697651,1,150.0,2,0,0,0,0,0,50
11,Giovedì,Sera,ISOLA VICENTINA,SP 046 Pasubio,Incrocio,Asciutto,Assente,Sereno,11.461159,45.6196652,1,29.0,1,0,0,0,0,2,90
10,Giovedì,Mattino,THIENE,SP 349 Costo,Intersezione segnalata,Asciutto,Verticale,Nebbia,11.4845913,45.6843733,1,136.0,3,0,0,0,1,0,70
3,Martedì,Mattino,THIENE,SP 349 Costo,Rettilineo,Asciutto,Assente,Sereno,11.4861699,45.6793991,1,136.0,3,0,0,0,1,0,70
12,Domenica,Sera,THIENE,SP 349 Costo,Incrocio,Asciutto,Assente,Sereno,11.4876209,45.6747565,1,137.0,9,0,3,0,2,0,130
11,Sabato,Mattino,THIENE,SP 349 Costo,Rettilineo,Asciutto,Assente,Sereno,11.4881086,45.6732113,1,137.0,9,0,3,0,2,0,130
4,Domenica,Mattino,ROANA,SP 349 Costo,Rettilineo,Asciutto,Assente,Sereno,11.4887,45.86938,1,134.0,0,0,0,0,0,0,70
4,Venerdì,Mattino,THIENE,SP 349 Costo,Rettilineo,Asciutto,Assente,Sereno,11.4892598,45.6696386,1,137.0,9,0,3,0,2,0,130
1,Martedì,Sera,ASIAGO,SP 349 Costo,Curva,Ghiacciato,Assente,Sereno,11.48954,45.86966,1,134.0,0,0,0,0,0,0,70
4,Venerdì,Pomeriggio,THIENE,SP 349 Costo,Rettilineo,Asciutto,Assente,Sereno,11.4899894,45.6672844,1,137.0,9,0,3,0,2,0,130
12,Domenica,Sera,CALDOGNO,SP 349 Costo,Intersezione segnalata,Asciutto,Assente,Sereno,11.4904497,45.6135859,1,144.0,1,0,0,0,0,0,70
1,Venerdì,Notte,CALDOGNO,SP 349 Costo,Intersezione segnalata,Ghiacciato,Assente,Sereno,11.4904588,45.6136475,1,144.0,1,0,0,0,0,0,70
2,Sabato,Pomeriggio,CALDOGNO,SP 349 Costo,Intersezione segnalata,Asciutto,Assente,Sereno,11.4911669,45.6193417,1,143.0,0,0,0,0,0,3,70
10,Lunedì,Mattino,VILLAVERLA,SP 349 Costo,Rettilineo,Asciutto,Assente,Sereno,11.4920277,45.6394287,1,141.0,3,0,2,0,0,0,50
1,Giovedì,Notte,VILLAVERLA,SP 349 Costo,Rettilineo,Asciutto,Assente,Sereno,11.4942689,45.6513156,1,139.0,11,0,4,0,2,0,50
11,Giovedì,Mattino,ASIAGO,SP 349 Costo,Intersezione segnalata,Sdrucciolevole,Orizzontale,Pioggia,11.4965942,45.8690119,1,133.0,4,0,6,0,1,0,50
1,Venerdì,Notte,COSTABISSARA,SP 046 Pasubio,Rettilineo,Asciutto,Assente,Sereno,11.5022166,45.5867763,1,42.0,7,0,1,0,0,20,50
3,Sabato,Mattino,VICENZA,SP 046 Pasubio,Intersezione segnalata,Asciutto,Assente,Sereno,11.5063079,45.5820207,1,43.0,0,0,0,0,0,7,40
3,Lunedì,Sera,VICENZA,SP 046 rac Pasubio Raccordo del Sole,Rettilineo,Asciutto,Assente,Sereno,11.50823,45.53936,1,66.0,0,0,0,0,0,2,90
11,Martedì,Mattino,VICENZA,SP 046 rac Pasubio Raccordo del Sole,Intersezione segnalata,Asciutto,Assente,Sereno,11.50868,45.53499,1,68.0,1,0,0,0,0,12,50
3,Lunedì,Sera,VICENZA,SP 046 rac Pasubio Raccordo del Sole,Rettilineo,Asciutto,Assente,Sereno,11.50895,45.54466,1,51.0,0,0,0,0,0,0,90
10,Giovedì,Notte,VICENZA,SP 046 rac Pasubio Raccordo del Sole,Rotatoria,Asciutto,Assente,Sereno,11.5091173,45.5467517,1,51.0,0,0,0,0,0,0,90
11,Giovedì,Mattino,VICENZA,SP 046 rac Pasubio Raccordo del Sole,Rotatoria,Asciutto,Assente,Sereno,11.50932,45.54709,1,51.0,0,0,0,0,0,0,90
3,Sabato,Pomeriggio,VICENZA,SP 046 rac Pasubio Raccordo del Sole,Intersezione con semaforo o vigile,Asciutto,Assente,Sereno,11.5093283,45.5470081,1,51.0,0,0,0,0,0,0,90
2,Lunedì,Pomeriggio,VICENZA,SP 046 rac Pasubio Raccordo del Sole,Intersezione con semaforo o vigile,Asciutto,Assente,Sereno,11.51864,45.55469,1,,0,0,0,0,0,0,50
11,Mercoledì,Mattino,VALLI DEL PASUBIO,SP 046 Pasubio,Rettilineo,Ghiacciato,Assente,Sereno,11.2611184,45.7404768,1,11.0,8,0,1,0,0,0,50
11,Martedì,Pomeriggio,TORREBELVICINO,SP 046 var Torrebelvicino,Intersezione segnalata,Asciutto,Assente,Sereno,11.3197009,45.7136717,1,70.0,1,2,0,0,0,0,38
2,Mercoledì,Sera,TORREBELVICINO,SP 046 var Torrebelvicino,Intersezione segnalata,Asciutto,Assente,Sereno,11.3198196,45.713666,1,70.0,1,2,0,0,0,0,38
10,Martedì,Mattino,ARSIERO,SP 350 Val d'Astico,Rettilineo,Bagnato,Orizzontale,Pioggia,11.3768443,45.8018048,1,171.0,1,0,3,0,0,0,50
11,Mercoledì,Mattino,SANTORSO,SP 350 Val d'Astico,Rettilineo,Bagnato,Orizzontale,Pioggia,11.3804323,45.7306626,1,73.0,6,4,0,0,0,0,70
1,Domenica,Sera,SANTORSO,SP 350 Val d'Astico,Rettilineo,Bagnato,Assente,Sereno,11.3845997,45.7317675,1,74.0,6,1,0,0,0,0,50
11,Venerdì,Mattino,COGOLLO DEL CENGIO,SP 350 Val d'Astico,Intersezione segnalata,Asciutto,Assente,Sereno,11.3863721,45.7976597,1,172.0,0,0,1,0,0,0,90
3,Mercoledì,Sera,SCHIO,SP 046 Pasubio,Rettilineo,Asciutto,Assente,Sereno,11.3881905,45.6940985,1,16.0,0,0,0,0,0,0,50
10,Sabato,Sera,SCHIO,SP 046 Pasubio,Rotatoria,Bagnato,Orizzontale,Pioggia,11.3945348,45.6893681,1,16.0,0,0,0,0,0,0,50
3,Martedì,Pomeriggio,MALO,SP 046 Pasubio,Rettilineo,Asciutto,Assente,Sereno,11.4004182,45.6823244,1,17.0,0,0,0,0,0,0,90
10,Mercoledì,Pomeriggio,SANTORSO,SP 350 Val d'Astico,Curva,Asciutto,Assente,Sereno,11.4031132,45.7364661,1,75.0,4,0,0,0,0,0,70
12,Giovedì,Mattino,MALO,SP 046 Pasubio,Rettilineo,Asciutto,Assente,Sereno,11.4051668,45.6716413,1,19.0,5,0,0,0,0,3,50
3,Mercoledì,Pomeriggio,SANTORSO,SP 350 Val d'Astico,Intersezione segnalata,Asciutto,Assente,Sereno,11.4087249,45.7381084,1,95.0,1,0,1,0,0,0,50
11,Mercoledì,Sera,MALO,SP 046 Pasubio,Rettilineo,Asciutto,Assente,Sereno,11.4136129,45.6591856,1,21.0,8,0,0,0,0,37,50
12,Martedì,Mattino,PIOVENE ROCCHETTE,SP 350 Val d'Astico,Intersezione non segnalata,Asciutto,Assente,Sereno,11.4236473,45.7465921,1,93.0,12,5,2,0,3,0,50
4,Martedì,Mattino,PIOVENE ROCCHETTE,SP 350 Val d'Astico,Incrocio,Bagnato,Orizzontale,Pioggia,11.4273391,45.7498404,1,93.0,12,5,2,0,3,0,50
10,Sabato,Pomeriggio,PIOVENE ROCCHETTE,SP 349 Costo,Rettilineo,Asciutto,Assente,Sereno,11.4291256,45.7522307,1,96.0,9,0,3,0,0,0,50
11,Giovedì,Pomeriggio,PIOVENE ROCCHETTE,SP 349 Costo,Rotatoria,Bagnato,Orizzontale,Pioggia,11.4291899,45.7525095,1,96.0,9,0,3,0,0,0,50
12,Sabato,Mattino,PIOVENE ROCCHETTE,SP 349 Costo,Curva,Asciutto,Assente,Sereno,11.4294166,45.7514308,1,115.0,4,0,1,0,0,0,50
1,Martedì,Pomeriggio,MALO,SP 046 Pasubio,Rettilineo,Bagnato,,Altro,11.4300891,45.641499,1,24.0,8,1,0,0,0,13,50
1,Mercoledì,Sera,PIOVENE ROCCHETTE,SP 349 Costo,Rettilineo,Asciutto,Assente,Sereno,11.432731,45.7542827,1,122.0,12,0,0,0,0,0,50
3,Martedì,Pomeriggio,PIOVENE ROCCHETTE,SP 349 Costo,Incrocio,Asciutto,Assente,Sereno,11.4345443,45.755386,1,122.0,12,0,0,0,0,0,50
10,Lunedì,Mattino,MALO,SP 046 Pasubio,Rettilineo,Asciutto,Assente,Sereno,11.43498,45.63779,1,24.0,8,1,0,0,0,13,50
11,Martedì,Sera,PIOVENE ROCCHETTE,SP 349 Costo,Rettilineo,Asciutto,Assente,Sereno,11.4352383,45.7557906,1,122.0,12,0,0,0,0,0,50
12,Sabato,Notte,MALO,SP 046 Pasubio,Rotatoria,Bagnato,Orizzontale,Pioggia,11.43559,45.6375914,1,24.0,8,1,0,0,0,13,50
12,Martedì,Sera,PIOVENE ROCCHETTE,SP 349 Costo,Incrocio,Asciutto,Assente,Sereno,11.435928,45.7438114,1,97.0,7,0,0,0,0,0,50
12,Martedì,Sera,PIOVENE ROCCHETTE,SP 349 Costo,Intersezione non segnalata,Asciutto,Assente,Sereno,11.4359481,45.7437899,1,97.0,7,0,0,0,0,0,50
2,Mercoledì,Sera,CARRE',SP 349 Costo,Incrocio,Asciutto,Assente,Sereno,11.4374985,45.7418004,1,98.0,2,0,0,0,0,16,130
2,Lunedì,Pomeriggio,ISOLA VICENTINA,SP 046 Pasubio,Rettilineo,Asciutto,Assente,Sereno,11.4390431,45.63337,1,26.0,13,0,1,0,0,24,50
11,Martedì,Pomeriggio,ZANE',SP 349 Costo,Rettilineo,Bagnato,,Altro,11.4448077,45.7323034,1,125.0,2,1,0,0,0,11,50
11,Lunedì,Sera,ZANE',SP 349 var Costo Variante,Rettilineo,Asciutto,,Altro,11.4468202,45.7080542,1,147.0,0,0,0,0,0,0,90
11,Venerdì,Mattino,ISOLA VICENTINA,SP 046 Pasubio,Rettilineo,Bagnato,Assente,Sereno,11.4473886,45.6264332,1,28.0,4,0,0,0,0,5,50
2,Martedì,Pomeriggio,ZANE',SP 349 Costo,Rettilineo,Asciutto,Assente,Sereno,11.4518855,45.7215007,1,127.0,12,10,2,1,0,0,50
10,Martedì,Sera,ZANE',SP 349 Costo,Rettilineo,Asciutto,Assente,Sereno,11.4562894,45.7171791,1,130.0,10,7,4,0,0,0,50
12,Domenica,Mattino,THIENE,SP 349 var Costo Variante,Rettilineo,Asciutto,Assente,Sereno,11.4566694,45.7010318,1,148.0,0,0,0,0,0,0,50
1,Mercoledì,Pomeriggio,ISOLA VICENTINA,SP 046 Pasubio,Intersezione segnalata,Asciutto,Assente,Sereno,11.4610463,45.6197315,1,29.0,1,0,0,0,0,2,90
11,Giovedì,Mattino,ZANE',SP 349 Costo,Incrocio,Asciutto,,Altro,11.4637253,45.7131312,1,131.0,6,0,1,0,0,0,50
4,Sabato,Sera,ISOLA VICENTINA,SP 046 Pasubio,Intersezione con semaforo o vigile,Asciutto,Assente,Sereno,11.4668274,45.6143259,1,30.0,2,4,0,0,0,1,50
3,Giovedì,Notte,THIENE,SP 349 Costo,Intersezione segnalata,Asciutto,Assente,Sereno,11.4875887,45.674764,1,137.0,9,0,3,0,2,0,130
3,Venerdì,Pomeriggio,THIENE,SP 349 Costo,Rettilineo,Bagnato,,Altro,11.4879388,45.6737062,1,137.0,9,0,3,0,2,0,130
10,Mercoledì,Mattino,VILLAVERLA,SP 349 Costo,Rotatoria,Asciutto,Assente,Sereno,11.4921007,45.6435808,1,139.0,11,0,4,0,2,0,50
12,Giovedì,Pomeriggio,VILLAVERLA,SP 349 Costo,Incrocio,Asciutto,Assente,Sereno,11.4935652,45.6490945,1,139.0,11,0,4,0,2,0,50
2,Sabato,Sera,COSTABISSARA,SP 046 Pasubio,Rettilineo,Bagnato,Orizzontale,Pioggia,11.495864,45.59747,1,40.0,21,1,0,0,0,44,50
12,Domenica,Pomeriggio,ASIAGO,SP 349 Costo,Incrocio,Asciutto,Assente,Sereno,11.4965495,45.8690145,1,133.0,4,0,6,0,1,0,50
10,Martedì,Notte,COSTABISSARA,SP 046 Pasubio,Rettilineo,Asciutto,Assente,Sereno,11.4995978,45.589867,1,42.0,7,0,1,0,0,20,50
1,Sabato,Notte,VICENZA,SP 046 rac Pasubio Raccordo del Sole,Intersezione segnalata,Asciutto,Assente,Sereno,11.509362,45.5471018,1,51.0,0,0,0,0,0,0,90
10,Domenica,Sera,VICENZA,SP 046 rac Pasubio Raccordo del Sole,Rettilineo,Bagnato,Assente,Sereno,11.50944,45.54717,1,51.0,0,0,0,0,0,0,90
4,Domenica,Pomeriggio,VICENZA,SP 046 rac Pasubio Raccordo del Sole,Curva,Asciutto,Assente,Sereno,11.5100656,45.5484146,1,,0,0,0,0,0,0,50
12,Lunedì,Sera,VICENZA,SP 046 rac Pasubio Raccordo del Sole,Incrocio,Asciutto,Assente,Sereno,11.51854,45.55476,1,,0,0,0,0,0,0,50
10,Venerdì,Sera,VALLI DEL PASUBIO,SP 046 Pasubio,Rettilineo,Asciutto,,Altro,11.2534226,45.7432952,1,10.0,0,0,0,0,0,0,50
3,Domenica,Pomeriggio,TORREBELVICINO,SP 046 var Torrebelvicino,Intersezione segnalata,Asciutto,Assente,Sereno,11.3117877,45.7145288,1,69.0,2,2,1,0,0,0,50
1,Sabato,Mattino,ARSIERO,SP 350 Val d'Astico,Curva,Asciutto,Assente,Sereno,11.3695998,45.8337093,1,166.0,1,0,0,0,0,0,50
3,Sabato,Sera,SCHIO,SP 350 Val d'Astico,Rettilineo,Asciutto,Assente,Sereno,11.373136,45.728806,1,73.0,6,4,0,0,0,0,70
10,Martedì,Pomeriggio,ARSIERO,SP 350 Val d'Astico,Curva,Asciutto,Assente,Sereno,11.3736588,45.803167,1,171.0,1,0,3,0,0,0,50
12,Mercoledì,Mattino,ARSIERO,SP 350 Val d'Astico,Rettilineo,Asciutto,Assente,Sereno,11.3743951,45.8029722,1,171.0,1,0,3,0,0,0,50
2,Venerdì,Notte,SANTORSO,SP 350 Val d'Astico,Intersezione con semaforo o vigile,Asciutto,Assente,Sereno,11.3871368,45.7324451,1,74.0,6,1,0,0,0,0,50
11,Domenica,Pomeriggio,SAN VITO DI LEGUZZANO,SP 046 Pasubio,Intersezione segnalata,Asciutto,Assente,Sereno,11.3970114,45.6871348,1,17.0,0,0,0,0,0,0,90
10,Giovedì,Pomeriggio,MALO,SP 046 Pasubio,Rettilineo,Asciutto,Assente,Sereno,11.403155,45.6775235,1,18.0,1,0,0,0,0,5,90
1,Giovedì,Mattino,MALO,SP 046 Pasubio,Rotatoria,Asciutto,Assente,Sereno,11.4144325,45.6582074,1,21.0,8,0,0,0,0,37,50
12,Sabato,Pomeriggio,SANTORSO,SP 350 Val d'Astico,Rettilineo,Asciutto,Assente,Sereno,11.416554,45.7421254,1,94.0,4,0,0,0,1,0,50
12,Venerdì,Sera,MALO,SP 046 Pasubio,Incrocio,Asciutto,Assente,Sereno,11.41818,45.65399,1,22.0,4,1,2,0,0,20,50
12,Martedì,Sera,MALO,SP 046 Pasubio,Incrocio,Asciutto,Assente,Sereno,11.4181932,45.6540296,1,22.0,4,1,2,0,0,20,50
11,Lunedì,Notte,MALO,SP 046 Pasubio,Intersezione con semaforo o vigile,Bagnato,Assente,Sereno,11.41823,45.654,1,22.0,4,1,2,0,0,20,50
2,Venerdì,Pomeriggio,MALO,SP 046 Pasubio,Rettilineo,Asciutto,Assente,Sereno,11.4226007,45.6492047,1,23.0,2,0,0,0,0,98,45
10,Martedì,Pomeriggio,MALO,SP 046 Pasubio,Rettilineo,Asciutto,,Altro,11.4228503,45.6488878,1,23.0,2,0,0,0,0,98,45
3,Lunedì,Pomeriggio,MALO,SP 046 Pasubio,Incrocio,Asciutto,Assente,Sereno,11.42353,45.64824,1,23.0,2,0,0,0,0,98,45
2,Martedì,Mattino,COGOLLO DEL CENGIO,SP 350 Val d'Astico,Incrocio,Asciutto,Assente,Sereno,11.4238338,45.7840723,1,175.0,6,1,6,0,0,0,50
3,Sabato,Pomeriggio,PIOVENE ROCCHETTE,SP 350 Val d'Astico,Intersezione segnalata,Asciutto,Assente,Sereno,11.425744,45.769617,1,177.0,3,0,3,0,0,0,50
1,Mercoledì,Pomeriggio,PIOVENE ROCCHETTE,SP 349 Costo,Rotatoria,Asciutto,Assente,Sereno,11.4292128,45.7524656,1,96.0,9,0,3,0,0,0,50
4,Domenica,Mattino,PIOVENE ROCCHETTE,SP 349 Costo,Rotatoria,Asciutto,Assente,Sereno,11.429428,45.751482,1,115.0,4,0,1,0,0,0,50
11,Lunedì,Mattino,COGOLLO DEL CENGIO,SP 349 Costo,Rettilineo,Bagnato,Orizzontale,Pioggia,11.42982,45.7941,1,109.0,0,0,0,0,0,0,70
3,Sabato,Sera,ROANA,SP 349 Costo,Rettilineo,Asciutto,Assente,Sereno,11.4323614,45.8371258,1,99.0,6,0,3,0,0,2,50
2,Venerdì,Sera,MALO,SP 046 Pasubio,Rettilineo,Asciutto,Assente,Sereno,11.4328428,45.6393463,1,24.0,8,1,0,0,0,13,50
4,Sabato,Sera,PIOVENE ROCCHETTE,SP 349 Costo,Curva,Asciutto,Assente,Sereno,11.4335579,45.7548131,1,122.0,12,0,0,0,0,0,50
4,Mercoledì,Sera,PIOVENE ROCCHETTE,SP 349 Costo,Incrocio,Bagnato,Orizzontale,Pioggia,11.4358716,45.7438942,1,97.0,7,0,0,0,0,0,50
12,Domenica,Pomeriggio,PIOVENE ROCCHETTE,SP 349 Costo,Intersezione segnalata,Asciutto,Assente,Sereno,11.435885,45.7439101,1,97.0,7,0,0,0,0,0,50
2,Lunedì,Pomeriggio,PIOVENE ROCCHETTE,SP 349 Costo,Intersezione non segnalata,Asciutto,Assente,Sereno,11.436391,45.7563919,1,122.0,12,0,0,0,0,0,50
12,Sabato,Pomeriggio,PIOVENE ROCCHETTE,SP 350 Val d'Astico,Rettilineo,Asciutto,Assente,Sereno,11.438263,45.757855,1,179.0,10,0,4,0,1,0,50
10,Sabato,Sera,ISOLA VICENTINA,SP 046 Pasubio,Rettilineo,Asciutto,Assente,Sereno,11.4412349,45.6299332,1,26.0,13,0,1,0,0,24,50
2,Venerdì,Mattino,ISOLA VICENTINA,SP 046 Pasubio,Rettilineo,Asciutto,Assente,Sereno,11.44263,45.62893,1,26.0,13,0,1,0,0,24,50
10,Sabato,Pomeriggio,PIOVENE ROCCHETTE,SP 349 Costo,Rettilineo,Asciutto,Assente,Sereno,11.4429551,45.7600333,1,123.0,10,0,4,0,2,10,50
3,Domenica,Pomeriggio,ZANE',SP 349 Costo,Incrocio,Asciutto,,Altro,11.4483012,45.7275532,1,126.0,4,6,0,1,0,0,50
3,Venerdì,Sera,ZANE',SP 349 Costo,Incrocio,Asciutto,Assente,Sereno,11.4588814,45.7158477,1,130.0,10,7,4,0,0,0,50
3,Venerdì,Pomeriggio,ISOLA VICENTINA,SP 046 Pasubio,Rettilineo,Asciutto,Assente,Sereno,11.46418,45.61688,1,29.0,1,0,0,0,0,2,90
2,Venerdì,Sera,THIENE,SP 349 Costo,Incrocio,Asciutto,Assente,Sereno,11.4845943,45.6843591,1,136.0,3,0,0,0,1,0,70
2,Venerdì,Pomeriggio,THIENE,SP 349 Costo,Rettilineo,Asciutto,Assente,Sereno,11.4871235,45.6763047,1,136.0,3,0,0,0,1,0,70
10,Martedì,Mattino,THIENE,SP 349 Costo,Incrocio,Asciutto,Assente,Sereno,11.4876215,45.6747008,1,137.0,9,0,3,0,2,0,130
11,Martedì,Mattino,THIENE,SP 349 Costo,Rettilineo,Bagnato,Orizzontale,Pioggia,11.4891083,45.6700855,1,137.0,9,0,3,0,2,0,130
10,Sabato,Pomeriggio,CALDOGNO,SP 349 Costo,Intersezione segnalata,Asciutto,Assente,Sereno,11.4904599,45.6136232,1,144.0,1,0,0,0,0,0,70
10,Martedì,Mattino,COSTABISSARA,SP 046 Pasubio,Rettilineo,Asciutto,Assente,Sereno,11.49113,45.6049,1,34.0,7,0,0,0,0,32,70
12,Sabato,Sera,VILLAVERLA,SP 349 Costo,Curva,Asciutto,Assente,Sereno,11.4921459,45.6620499,1,140.0,16,0,2,0,0,0,50
12,Giovedì,Pomeriggio,VILLAVERLA,SP 349 Costo,Intersezione segnalata,Bagnato,Orizzontale,Pioggia,11.492649,45.659093,1,140.0,16,0,2,0,0,0,50
3,Mercoledì,Pomeriggio,VILLAVERLA,SP 349 Costo,Rettilineo,Asciutto,Assente,Sereno,11.4927176,45.6422437,1,141.0,3,0,2,0,0,0,50
12,Mercoledì,Mattino,VILLAVERLA,SP 349 Costo,Incrocio,Asciutto,Assente,Sereno,11.4935786,45.6490861,1,139.0,11,0,4,0,2,0,50
2,Giovedì,Sera,VILLAVERLA,SP 349 Costo,Incrocio,Asciutto,Assente,Sereno,11.4935892,45.6490924,1,139.0,11,0,4,0,2,0,50
10,Martedì,Pomeriggio,VILLAVERLA,SP 349 Costo,Intersezione segnalata,Asciutto,,Altro,11.493599,45.6491176,1,139.0,11,0,4,0,2,0,50
2,Lunedì,Mattino,VILLAVERLA,SP 349 Costo,Intersezione segnalata,Asciutto,Assente,Sereno,11.4937662,45.6500301,1,139.0,11,0,4,0,2,0,50
3,Mercoledì,Pomeriggio,COSTABISSARA,SP 046 Pasubio,Rettilineo,Asciutto,Assente,Sereno,11.4941784,45.6020223,1,39.0,12,0,0,0,0,20,50
11,Sabato,Mattino,COSTABISSARA,SP 046 Pasubio,Rettilineo,Bagnato,Orizzontale,Pioggia,11.4957043,45.5979795,1,40.0,21,1,0,0,0,44,50
3,Venerdì,Mattino,COSTABISSARA,SP 046 Pasubio,Rettilineo,Asciutto,Assente,Sereno,11.4957399,45.597846,1,40.0,21,1,0,0,0,44,50
11,Sabato,Mattino,COSTABISSARA,SP 046 Pasubio,Rettilineo,Bagnato,Assente,Sereno,11.4958018,45.597834,1,40.0,21,1,0,0,0,44,50
2,Venerdì,Pomeriggio,COSTABISSARA,SP 046 Pasubio,Rettilineo,Asciutto,Assente,Sereno,11.50388,45.58488,1,42.0,7,0,1,0,0,20,50
4,Lunedì,Pomeriggio,VICENZA,SP 046 Pasubio,Incrocio,Asciutto,Assente,Sereno,11.506254,45.5820754,1,43.0,0,0,0,0,0,7,40
1,Venerdì,Sera,VICENZA,SP 046 rac Pasubio Raccordo del Sole,Intersezione segnalata,Asciutto,Assente,Sereno,11.5082414,45.5338497,1,68.0,1,0,0,0,0,12,50
1,Sabato,Notte,VICENZA,SP 046 rac Pasubio Raccordo del Sole,Rettilineo,Asciutto,Assente,Sereno,11.509455,45.5469408,1,51.0,0,0,0,0,0,0,90
2,Domenica,Notte,VALDASTICO,SP 350 Val d'Astico,Curva,Asciutto,Assente,Sereno,11.35578,45.88418,1,160.0,1,0,1,0,0,0,50
1,Sabato,Sera,SANTORSO,SP 350 Val d'Astico,Rettilineo,Bagnato,Orizzontale,Pioggia,11.3812679,45.7309159,1,74.0,6,1,0,0,0,0,50
10,Sabato,Pomeriggio,SANTORSO,SP 350 Val d'Astico,Rettilineo,Asciutto,Assente,Sereno,11.386147,45.732152,1,74.0,6,1,0,0,0,0,50
2,Sabato,Pomeriggio,MALO,SP 046 Pasubio,Intersezione con semaforo o vigile,Asciutto,Assente,Sereno,11.4182117,45.6540436,1,22.0,4,1,2,0,0,20,50
12,Sabato,Pomeriggio,MALO,SP 046 Pasubio,Rettilineo,Asciutto,Assente,Sereno,11.4184785,45.6535506,1,22.0,4,1,2,0,0,20,50
12,Venerdì,Pomeriggio,MALO,SP 046 Pasubio,Rettilineo,Asciutto,,Altro,11.4188238,45.6530391,1,22.0,4,1,2,0,0,20,50
12,Mercoledì,Mattino,PIOVENE ROCCHETTE,SP 350 Val d'Astico,Curva,Bagnato,Orizzontale,Pioggia,11.4217324,45.7448346,1,93.0,12,5,2,0,3,0,50
3,Venerdì,Sera,MALO,SP 046 Pasubio,Rettilineo,Bagnato,,Altro,11.4247863,45.6467801,1,23.0,2,0,0,0,0,98,45
10,Martedì,Mattino,MALO,SP 046 Pasubio,Incrocio,Asciutto,Assente,Sereno,11.426858,45.644787,1,24.0,8,1,0,0,0,13,50
1,Sabato,Pomeriggio,COGOLLO DEL CENGIO,SP 350 Val d'Astico,Curva,Bagnato,,Altro,11.4290871,45.7817087,1,176.0,0,0,0,0,0,0,20
10,Domenica,Pomeriggio,PIOVENE ROCCHETTE,SP 350 Val d'Astico,Incrocio,Asciutto,,Altro,11.4312736,45.7663041,1,178.0,16,10,8,0,0,0,50
2,Sabato,Notte,ZANE',SP 349 var Costo Variante,Rettilineo,Asciutto,Assente,Sereno,11.43453,45.71428,1,146.0,0,0,0,1,0,0,40
10,Mercoledì,Sera,ISOLA VICENTINA,SP 046 Pasubio,Rettilineo,Asciutto,Assente,Sereno,11.4410707,45.6303331,1,26.0,13,0,1,0,0,24,50
1,Sabato,Sera,ISOLA VICENTINA,SP 046 Pasubio,Intersezione segnalata,Asciutto,Assente,Sereno,11.44221,45.62917,1,26.0,13,0,1,0,0,24,50
1,Sabato,Mattino,ROANA,SP 349 Costo,Rettilineo,Asciutto,Assente,Sereno,11.443087,45.845408,1,120.0,0,0,2,0,0,0,50
2,Domenica,Pomeriggio,CALTRANO,SP 349 Costo,Rotatoria,Asciutto,Assente,Sereno,11.44922,45.77548,1,114.0,0,0,2,0,0,0,70
1,Sabato,Pomeriggio,THIENE,SP 349 var Costo Variante,Rettilineo,Bagnato,Orizzontale,Pioggia,11.4550842,45.702742,1,148.0,0,0,0,0,0,0,50
10,Lunedì,Notte,ZANE',SP 349 Costo,Incrocio,Bagnato,Assente,Sereno,11.45878,45.71589,1,130.0,10,7,4,0,0,0,50
1,Mercoledì,Mattino,ISOLA VICENTINA,SP 046 Pasubio,Rettilineo,Asciutto,Assente,Sereno,11.4617029,45.6193056,1,29.0,1,0,0,0,0,2,90
2,Sabato,Pomeriggio,ROANA,SP 349 Costo,Incrocio,Bagnato,Assente,Sereno,11.469412,45.889919,1,80.0,0,0,0,0,0,0,50
1,Mercoledì,Pomeriggio,THIENE,SP 349 Costo,Incrocio,Asciutto,Assente,Sereno,11.4871168,45.6763115,1,136.0,3,0,0,0,1,0,70
2,Mercoledì,Sera,THIENE,SP 349 Costo,Intersezione con semaforo o vigile,Asciutto,Assente,Sereno,11.4885974,45.671673,1,137.0,9,0,3,0,2,0,130
3,Martedì,Pomeriggio,VILLAVERLA,SP 349 Costo,Curva,Asciutto,Assente,Sereno,11.4912849,45.6619599,1,140.0,16,0,2,0,0,0,50
12,Lunedì,Sera,VILLAVERLA,SP 349 Costo,Rettilineo,Bagnato,Assente,Sereno,11.491494,45.6347119,1,141.0,3,0,2,0,0,0,50
10,Sabato,Pomeriggio,VILLAVERLA,SP 349 Costo,Incrocio,Asciutto,Assente,Sereno,11.4925051,45.6409687,1,141.0,3,0,2,0,0,0,50
11,Sabato,Sera,COSTABISSARA,SP 046 Pasubio,Rotatoria,Asciutto,Assente,Sereno,11.49293,45.60352,1,35.0,14,0,0,0,0,7,50
10,Venerdì,Mattino,VILLAVERLA,SP 349 Costo,Rettilineo,Asciutto,Assente,Sereno,11.4935466,45.6568909,1,140.0,16,0,2,0,0,0,50
12,Sabato,Pomeriggio,VILLAVERLA,SP 349 Costo,Rettilineo,Asciutto,,Altro,11.4942645,45.651135,1,139.0,11,0,4,0,2,0,50
2,Giovedì,Mattino,COSTABISSARA,SP 046 Pasubio,Rettilineo,Asciutto,Assente,Sereno,11.495707,45.5980417,1,40.0,21,1,0,0,0,44,50
10,Sabato,Pomeriggio,COSTABISSARA,SP 046 Pasubio,Rettilineo,Asciutto,Assente,Sereno,11.49581,45.59787,1,40.0,21,1,0,0,0,44,50
10,Martedì,Sera,COSTABISSARA,SP 046 Pasubio,Rotatoria,Asciutto,Assente,Sereno,11.49786,45.59182,1,42.0,7,0,1,0,0,20,50
11,Mercoledì,Pomeriggio,ASIAGO,SP 349 Costo,Rettilineo,Asciutto,Assente,Sereno,11.4993017,45.8762908,1,76.0,5,0,4,0,0,0,50
1,Lunedì,Mattino,COSTABISSARA,SP 046 Pasubio,Rettilineo,Bagnato,Verticale,Nebbia,11.5,45.58939,1,42.0,7,0,1,0,0,20,50
1,Venerdì,Pomeriggio,COSTABISSARA,SP 046 Pasubio,Rettilineo,Asciutto,Assente,Sereno,11.5012512,45.5879073,1,42.0,7,0,1,0,0,20,50
1,Martedì,Pomeriggio,VICENZA,SP 046 rac Pasubio Raccordo del Sole,Rettilineo,Asciutto,Assente,Sereno,11.50814,45.53892,1,64.0,0,0,0,0,0,6,90
10,Martedì,Pomeriggio,VICENZA,SP 046 rac Pasubio Raccordo del Sole,Rotatoria,Asciutto,Assente,Sereno,11.50923,45.54715,1,51.0,0,0,0,0,0,0,90
1,Mercoledì,Mattino,VICENZA,SP 046 rac Pasubio Raccordo del Sole,Rotatoria,Bagnato,Assente,Sereno,11.50943,45.54709,1,51.0,0,0,0,0,0,0,90
1,Giovedì,Mattino,VICENZA,SP 046 rac Pasubio Raccordo del Sole,Rotatoria,Bagnato,Assente,Sereno,11.51841,45.55472,1,,0,0,0,0,0,0,50
2,Mercoledì,Pomeriggio,VICENZA,SP 046 rac Pasubio Raccordo del Sole,Rotatoria,Asciutto,Assente,Sereno,11.51854,45.55473,1,,0,0,0,0,0,0,50
4,Mercoledì,Sera,VICENZA,SP 046 rac Pasubio Raccordo del Sole,Rotatoria,Asciutto,Assente,Sereno,11.5185937,45.5547345,1,,0,0,0,0,0,0,50
11,Domenica,Mattino,VALLI DEL PASUBIO,SP 046 Pasubio,Rettilineo,Asciutto,Assente,Sereno,11.266941,45.7372176,1,12.0,2,0,0,0,0,0,50
4,Sabato,Sera,VALLI DEL PASUBIO,SP 046 Pasubio,Curva,Asciutto,Assente,Sereno,11.2704831,45.7349137,1,12.0,2,0,0,0,0,0,50
12,Domenica,Sera,LASTEBASSE,SP 350 Val d'Astico,Rettilineo,Bagnato,Assente,Sereno,11.29662,45.91166,1,154.0,0,0,0,0,0,0,50
12,Sabato,Notte,SCHIO,SP 046 var Torrebelvicino,Rettilineo,Bagnato,Assente,Sereno,11.3329906,45.7140255,1,71.0,0,0,0,0,0,0,70
11,Domenica,Notte,SCHIO,SP 350 Val d'Astico,Curva,Bagnato,Orizzontale,Pioggia,11.3706864,45.7281271,1,73.0,6,4,0,0,0,0,70
3,Venerdì,Notte,COGOLLO DEL CENGIO,SP 350 Val d'Astico,Rettilineo,Bagnato,Assente,Sereno,11.38037,45.80005,1,171.0,1,0,3,0,0,0,50
10,Sabato,Sera,ASIAGO,SP 349 Costo,Curva,Asciutto,Assente,Sereno,11.39227,45.95035,1,92.0,0,0,0,0,0,0,50
12,Venerdì,Pomeriggio,MALO,SP 046 Pasubio,Rettilineo,Asciutto,Assente,Sereno,11.3998495,45.6834968,1,17.0,0,0,0,0,0,0,90
11,Martedì,Sera,MALO,SP 046 Pasubio,Rettilineo,Bagnato,Orizzontale,Pioggia,11.4025156,45.6778932,1,18.0,1,0,0,0,0,5,90
4,Venerdì,Pomeriggio,SANTORSO,SP 350 Val d'Astico,Rotatoria,Asciutto,Assente,Sereno,11.4047015,45.73647,1,95.0,1,0,1,0,0,0,50
10,Mercoledì,Mattino,MALO,SP 046 Pasubio,Rotatoria,Asciutto,Assente,Sereno,11.4066394,45.6663015,1,20.0,3,0,0,0,0,0,50
12,Giovedì,Mattino,COGOLLO DEL CENGIO,SP 350 Val d'Astico,Rettilineo,Bagnato,,Altro,11.41186,45.78877,1,174.0,3,0,0,0,0,0,70
10,Giovedì,Sera,MALO,SP 046 Pasubio,Rotatoria,Bagnato,Assente,Sereno,11.41439,45.65821,1,21.0,8,0,0,0,0,37,50
2,Giovedì,Pomeriggio,MALO,SP 046 Pasubio,Intersezione segnalata,Asciutto,Assente,Sereno,11.4154222,45.6574032,1,22.0,4,1,2,0,0,20,50
3,Martedì,Sera,MALO,SP 046 Pasubio,Rettilineo,Asciutto,Assente,Sereno,11.41668,45.65605,1,22.0,4,1,2,0,0,20,50
11,Lunedì,Pomeriggio,MALO,SP 046 Pasubio,Intersezione con semaforo o vigile,Bagnato,Orizzontale,Pioggia,11.4182358,45.6540173,1,22.0,4,1,2,0,0,20,50
11,Giovedì,Sera,PIOVENE ROCCHETTE,SP 350 Val d'Astico,Rettilineo,Asciutto,Assente,Sereno,11.4265223,45.7491191,1,93.0,12,5,2,0,3,0,50
11,Venerdì,Pomeriggio,MALO,SP 046 Pasubio,Intersezione con semaforo o vigile,Asciutto,Assente,Sereno,11.4302423,45.6413619,1,24.0,8,1,0,0,0,13,50
12,Martedì,Sera,MALO,SP 046 Pasubio,Rettilineo,Asciutto,,Altro,11.4314094,45.6404119,1,24.0,8,1,0,0,0,13,50
11,Martedì,Sera,COGOLLO DEL CENGIO,SP 349 Costo,Curva,Bagnato,Orizzontale,Pioggia,11.43504,45.79369,1,107.0,0,0,0,0,2,0,70
2,Venerdì,Pomeriggio,PIOVENE ROCCHETTE,SP 350 Val d'Astico,Intersezione con semaforo o vigile,Asciutto,Assente,Sereno,11.43632,45.76252,1,178.0,16,10,8,0,0,0,50
1,Martedì,Pomeriggio,PIOVENE ROCCHETTE,SP 349 Costo,Rettilineo,Asciutto,Assente,Sereno,11.4375412,45.7570199,1,122.0,12,0,0,0,0,0,50
10,Giovedì,Pomeriggio,ISOLA VICENTINA,SP 046 Pasubio,Intersezione segnalata,Asciutto,Assente,Sereno,11.4411,45.63062,1,26.0,13,0,1,0,0,24,50
3,Giovedì,Pomeriggio,ISOLA VICENTINA,SP 046 Pasubio,Incrocio,Asciutto,,Altro,11.44224,45.62915,1,26.0,13,0,1,0,0,24,50
10,Domenica,Pomeriggio,COGOLLO DEL CENGIO,SP 349 Costo,Rettilineo,Asciutto,Assente,Sereno,11.44343,45.78109,1,113.0,0,0,0,0,0,0,70
10,Mercoledì,Mattino,ISOLA VICENTINA,SP 046 Pasubio,Rettilineo,Asciutto,Assente,Sereno,11.4471496,45.6266585,1,28.0,4,0,0,0,0,5,50
10,Venerdì,Mattino,ZANE',SP 349 Costo,Curva,Asciutto,Assente,Sereno,11.4551144,45.7181523,1,127.0,12,10,2,1,0,0,50
3,Lunedì,Mattino,ISOLA VICENTINA,SP 046 Pasubio,Rettilineo,Asciutto,Assente,Sereno,11.456,45.62233,1,28.0,4,0,0,0,0,5,50
3,Sabato,Mattino,THIENE,SP 349 var Costo Variante,Rettilineo,Asciutto,Assente,Sereno,11.4573451,45.7002844,1,148.0,0,0,0,0,0,0,50
10,Mercoledì,Pomeriggio,THIENE,SP 349 var Costo Variante,Rettilineo,Asciutto,Assente,Sereno,11.45981,45.69785,1,150.0,2,0,0,0,0,0,50
4,Giovedì,Sera,THIENE,SP 349 var Costo Variante,Rotatoria,Asciutto,Assente,Sereno,11.460159,45.697879,1,150.0,2,0,0,0,0,0,50
11,Martedì,Pomeriggio,THIENE,SP 349 Costo,Rettilineo,Asciutto,Assente,Sereno,11.4887622,45.671106,1,137.0,9,0,3,0,2,0,130
3,Sabato,Pomeriggio,THIENE,SP 349 Costo,Rettilineo,Asciutto,Assente,Sereno,11.4890807,45.6702061,1,137.0,9,0,3,0,2,0,130
12,Lunedì,Mattino,CALDOGNO,SP 349 Costo,Intersezione segnalata,Asciutto,Assente,Sereno,11.4913524,45.6195232,1,143.0,0,0,0,0,0,3,70
11,Sabato,Pomeriggio,CALDOGNO,SP 349 Costo,Rettilineo,Asciutto,Assente,Sereno,11.491432,45.6283109,1,142.0,0,0,0,0,0,0,90
4,Sabato,Pomeriggio,VILLAVERLA,SP 349 Costo,Rettilineo,Asciutto,Assente,Sereno,11.4914328,45.63565,1,141.0,3,0,2,0,0,0,50
10,Domenica,Sera,VILLAVERLA,SP 349 Costo,Intersezione segnalata,Asciutto,Assente,Sereno,11.492517,45.640771,1,141.0,3,0,2,0,0,0,50
1,Mercoledì,Sera,COSTABISSARA,SP 046 Pasubio,Rettilineo,Asciutto,Assente,Sereno,11.49997,45.58951,1,42.0,7,0,1,0,0,20,50
10,Giovedì,Pomeriggio,COSTABISSARA,SP 046 Pasubio,Intersezione segnalata,Asciutto,Assente,Sereno,11.50279,45.58637,1,42.0,7,0,1,0,0,20,50
1,Sabato,Mattino,VICENZA,SP 046 rac Pasubio Raccordo del Sole,Rotatoria,Bagnato,Orizzontale,Pioggia,11.51854,45.55468,1,,0,0,0,0,0,0,50
1,Venerdì,Pomeriggio,VICENZA,SP 046 rac Pasubio Raccordo del Sole,Rotatoria,Asciutto,Assente,Sereno,11.51857,45.55468,1,,0,0,0,0,0,0,50
3,Giovedì,Mattino,VICENZA,SP 046 rac Pasubio Raccordo del Sole,Rotatoria,Asciutto,Assente,Sereno,11.5186,45.55468,1,,0,0,0,0,0,0,50
11,Domenica,Mattino,VALLI DEL PASUBIO,SP 046 Pasubio,Curva,Bagnato,,Altro,11.2560484,45.7435997,1,11.0,8,0,1,0,0,0,50
10,Lunedì,Pomeriggio,VALLI DEL PASUBIO,SP 046 Pasubio,Curva,Asciutto,Assente,Sereno,11.270647,45.7348461,1,12.0,2,0,0,0,0,0,50
2,Lunedì,Pomeriggio,TORREBELVICINO,SP 046 Pasubio,Rettilineo,Bagnato,Assente,Sereno,11.29804,45.71898,1,15.0,0,0,0,0,0,0,50
12,Sabato,Notte,TORREBELVICINO,SP 046 var Torrebelvicino,Incrocio,Bagnato,,Altro,11.3019151,45.7191976,1,69.0,2,2,1,0,0,0,50
4,Sabato,Sera,TORREBELVICINO,SP 046 var Torrebelvicino,Incrocio,Bagnato,Assente,Sereno,11.3019614,45.7191911,1,69.0,2,2,1,0,0,0,50
12,Martedì,Pomeriggio,TORREBELVICINO,SP 046 var Torrebelvicino,Intersezione segnalata,Asciutto,Assente,Sereno,11.302072,45.7191592,1,69.0,2,2,1,0,0,0,50
12,Martedì,Mattino,TORREBELVICINO,SP 046 var Torrebelvicino,Rettilineo,Asciutto,Assente,Sereno,11.303628,45.7187378,1,69.0,2,2,1,0,0,0,50
12,Venerdì,Pomeriggio,SCHIO,SP 046 var Torrebelvicino,Rotatoria,Bagnato,,Altro,11.3329622,45.7150326,1,71.0,0,0,0,0,0,0,70
12,Martedì,Sera,ARSIERO,SP 350 Val d'Astico,Pendenza,Asciutto,Assente,Sereno,11.36391,45.8033,1,170.0,0,0,5,0,0,0,50
3,Martedì,Pomeriggio,SANTORSO,SP 350 Val d'Astico,Intersezione con semaforo o vigile,Asciutto,Assente,Sereno,11.3735,45.7289145,1,73.0,6,4,0,0,0,0,70
1,Giovedì,Sera,SANTORSO,SP 350 Val d'Astico,Rettilineo,Asciutto,Assente,Sereno,11.3749822,45.7292883,1,73.0,6,4,0,0,0,0,70
11,Domenica,Mattino,SANTORSO,SP 350 Val d'Astico,Incrocio,Asciutto,Assente,Sereno,11.37706,45.72985,1,73.0,6,4,0,0,0,0,70
12,Mercoledì,Pomeriggio,SCHIO,SP 046 Pasubio,Rettilineo,Asciutto,Assente,Sereno,11.3860345,45.6958048,1,16.0,0,0,0,0,0,0,50
2,Venerdì,Sera,MALO,SP 046 Pasubio,Rettilineo,Asciutto,Assente,Sereno,11.4024298,45.6779944,1,18.0,1,0,0,0,0,5,90
4,Sabato,Pomeriggio,MALO,SP 046 Pasubio,Rettilineo,Asciutto,Assente,Sereno,11.4033847,45.6760379,1,19.0,5,0,0,0,0,3,50
4,Martedì,Notte,MALO,SP 046 Pasubio,Rettilineo,Asciutto,Assente,Sereno,11.4054641,45.6705456,1,19.0,5,0,0,0,0,3,50
2,Venerdì,Pomeriggio,MALO,SP 046 Pasubio,Rotatoria,Asciutto,Assente,Sereno,11.4144537,45.6582542,1,21.0,8,0,0,0,0,37,50
10,Giovedì,Pomeriggio,MALO,SP 046 Pasubio,Rotatoria,Asciutto,Assente,Sereno,11.4146069,45.6583414,1,21.0,8,0,0,0,0,37,50
11,Sabato,Pomeriggio,SCHIO,SP 349 var Costo Variante,Rotatoria,Asciutto,Assente,Sereno,11.4216842,45.7246328,1,145.0,0,0,0,0,0,0,40
2,Domenica,Pomeriggio,COGOLLO DEL CENGIO,SP 350 Val d'Astico,Incrocio,Asciutto,Assente,Sereno,11.4236063,45.7841253,1,175.0,6,1,6,0,0,0,50
12,Lunedì,Sera,COGOLLO DEL CENGIO,SP 350 Val d'Astico,Rettilineo,Asciutto,Assente,Sereno,11.4271471,45.7828391,1,175.0,6,1,6,0,0,0,50
12,Martedì,Sera,PIOVENE ROCCHETTE,SP 350 Val d'Astico,Rettilineo,Asciutto,Assente,Sereno,11.4272617,45.7498331,1,93.0,12,5,2,0,3,0,50
3,Domenica,Pomeriggio,COGOLLO DEL CENGIO,SP 349 Costo,Curva,Asciutto,Assente,Sereno,11.4291383,45.7980682,1,105.0,0,0,0,0,0,0,70
12,Giovedì,Sera,PIOVENE ROCCHETTE,SP 349 Costo,Incrocio,Bagnato,Orizzontale,Pioggia,11.4327373,45.7542834,1,122.0,12,0,0,0,0,0,50
3,Giovedì,Pomeriggio,PIOVENE ROCCHETTE,SP 350 Val d'Astico,Incrocio,Asciutto,Assente,Sereno,11.4361183,45.7626471,1,178.0,16,10,8,0,0,0,50
3,Venerdì,Pomeriggio,ROANA,SP 349 Costo,Rettilineo,Asciutto,Assente,Sereno,11.43778,45.84318,1,121.0,4,0,2,0,0,0,50
4,Martedì,Pomeriggio,PIOVENE ROCCHETTE,SP 349 Costo,Rettilineo,Asciutto,Assente,Sereno,11.4380252,45.75729,1,122.0,12,0,0,0,0,0,50
3,Lunedì,Pomeriggio,ISOLA VICENTINA,SP 046 Pasubio,Rettilineo,Asciutto,Assente,Sereno,11.4382025,45.6343807,1,26.0,13,0,1,0,0,24,50
11,Giovedì,Pomeriggio,MARANO VICENTINO,SP 349 var Costo Variante,Rettilineo,Bagnato,,Altro,11.438554,45.7121729,1,146.0,0,0,0,1,0,0,40
3,Domenica,Pomeriggio,PIOVENE ROCCHETTE,SP 349 Costo,Rettilineo,Asciutto,Assente,Sereno,11.4386193,45.7400626,1,98.0,2,0,0,0,0,16,130
11,Mercoledì,Pomeriggio,CARRE',SP 349 Costo,Rotatoria,Asciutto,,Altro,11.4401582,45.738183,1,125.0,2,1,0,0,0,11,50
10,Mercoledì,Sera,ZANE',SP 349 Costo,Intersezione segnalata,Asciutto,Assente,Sereno,11.4418,45.73604,1,125.0,2,1,0,0,0,11,50
11,Domenica,Pomeriggio,ISOLA VICENTINA,SP 046 Pasubio,Rettilineo,Asciutto,Assente,Sereno,11.44381,45.62839,1,27.0,7,0,0,0,0,1,50
2,Sabato,Pomeriggio,COGOLLO DEL CENGIO,SP 349 Costo,Rettilineo,Asciutto,Assente,Sereno,11.4442239,45.7827666,1,112.0,0,0,0,0,2,0,70
1,Venerdì,Pomeriggio,ISOLA VICENTINA,SP 046 Pasubio,Rotatoria,Asciutto,Assente,Sereno,11.44584,45.62772,1,28.0,4,0,0,0,0,5,50
4,Giovedì,Pomeriggio,ZANE',SP 349 var Costo Variante,Rettilineo,Asciutto,Assente,Sereno,11.4494515,45.7067275,1,147.0,0,0,0,0,0,0,90
4,Venerdì,Sera,ZANE',SP 349 Costo,Intersezione con semaforo o vigile,Bagnato,,Altro,11.4517522,45.7216556,1,127.0,12,10,2,1,0,0,50
10,Sabato,Mattino,CALTRANO,SP 349 Costo,Intersezione segnalata,Asciutto,Assente,Sereno,11.4523855,45.7723166,1,128.0,3,0,2,0,0,0,50
10,Giovedì,Pomeriggio,ISOLA VICENTINA,SP 046 Pasubio,Rettilineo,Asciutto,Assente,Sereno,11.45286,45.62375,1,28.0,4,0,0,0,0,5,50
1,Lunedì,Pomeriggio,CALTRANO,SP 349 Costo,Curva,Asciutto,Assente,Sereno,11.45534,45.770781,1,128.0,3,0,2,0,0,0,50
3,Mercoledì,Pomeriggio,ISOLA VICENTINA,SP 046 Pasubio,Rettilineo,Asciutto,Assente,Sereno,11.4580064,45.6215075,1,29.0,1,0,0,0,0,2,90
3,Lunedì,Pomeriggio,THIENE,SP 349 var Costo Variante,Rettilineo,Asciutto,Assente,Sereno,11.4588018,45.6987487,1,149.0,2,0,0,0,0,0,50
3,Lunedì,Pomeriggio,THIENE,SP 349 var Costo Variante,Rotatoria,Asciutto,Assente,Sereno,11.4604422,45.6972239,1,150.0,2,0,0,0,0,0,50
11,Mercoledì,Sera,ISOLA VICENTINA,SP 046 Pasubio,Rettilineo,Asciutto,Assente,Sereno,11.4809354,45.6083717,1,33.0,0,0,0,0,0,14,60
2,Lunedì,Sera,COSTABISSARA,SP 046 Pasubio,Rettilineo,Asciutto,Assente,Sereno,11.4856641,45.6068081,1,34.0,7,0,0,0,0,32,70
2,Sabato,Notte,CALDOGNO,SP 349 Costo,Rettilineo,Asciutto,Assente,Sereno,11.49133,45.62679,1,142.0,0,0,0,0,0,0,90
4,Sabato,Sera,CALDOGNO,SP 349 Costo,Rettilineo,Asciutto,Assente,Sereno,11.4913658,45.6244694,1,142.0,0,0,0,0,0,0,90
11,Domenica,Notte,CALDOGNO,SP 349 Costo,Rotatoria,Asciutto,Assente,Sereno,11.49313,45.60467,1,36.0,14,0,1,0,0,7,50
2,Domenica,Notte,COSTABISSARA,SP 349 Costo,Curva,Asciutto,Assente,Sereno,11.4933847,45.6038597,1,36.0,14,0,1,0,0,7,50
10,Venerdì,Sera,VILLAVERLA,SP 349 Costo,Incrocio,Asciutto,Assente,Sereno,11.49424,45.65125,1,139.0,11,0,4,0,2,0,50
12,Sabato,Sera,VILLAVERLA,SP 349 Costo,Rettilineo,Asciutto,Assente,Sereno,11.4943074,45.6542889,1,140.0,16,0,2,0,0,0,50
2,Venerdì,Pomeriggio,COSTABISSARA,SP 046 Pasubio,Rettilineo,Asciutto,Assente,Sereno,11.4959981,45.5971633,1,40.0,21,1,0,0,0,44,50
10,Martedì,Sera,COSTABISSARA,SP 046 Pasubio,Curva,Asciutto,Assente,Sereno,11.4974319,45.5923068,1,41.0,4,0,0,0,0,31,50
12,Venerdì,Pomeriggio,COSTABISSARA,SP 046 Pasubio,Rettilineo,Asciutto,Assente,Sereno,11.49945,45.59001,1,42.0,7,0,1,0,0,20,50
12,Martedì,Mattino,VICENZA,SP 046 rac Pasubio Raccordo del Sole,Curva,Bagnato,Verticale,Nebbia,11.5080112,45.5415753,1,60.0,0,0,0,0,0,0,70
4,Giovedì,Pomeriggio,VICENZA,SP 046 rac Pasubio Raccordo del Sole,Rotatoria,Asciutto,Assente,Sereno,11.5093227,45.5471539,1,51.0,0,0,0,0,0,0,90
1,Venerdì,Mattino,VICENZA,SP 046 rac Pasubio Raccordo del Sole,Rettilineo,Bagnato,Assente,Sereno,11.5138967,45.5511765,1,,0,0,0,0,0,0,50
1,Venerdì,Pomeriggio,VICENZA,SP 046 rac Pasubio Raccordo del Sole,Rotatoria,Asciutto,Assente,Sereno,11.5185503,45.5547304,1,,0,0,0,0,0,0,50
1,Domenica,Pomeriggio,VALLI DEL PASUBIO,SP 046 Pasubio,Curva,Bagnato,Orizzontale,Pioggia,11.2385073,45.7448471,1,9.0,0,0,0,0,0,0,40
4,Sabato,Pomeriggio,VALLI DEL PASUBIO,SP 046 Pasubio,Curva,Asciutto,Assente,Sereno,11.2395015,45.7446504,1,9.0,0,0,0,0,0,0,40
12,Martedì,Pomeriggio,VALLI DEL PASUBIO,SP 046 Pasubio,Rettilineo,Bagnato,Assente,Sereno,11.2599195,45.7412295,1,11.0,8,0,1,0,0,0,50
2,Sabato,Mattino,VALLI DEL PASUBIO,SP 046 Pasubio,Intersezione segnalata,Asciutto,,Altro,11.2707437,45.7347674,1,12.0,2,0,0,0,0,0,50
12,Venerdì,Mattino,TORREBELVICINO,SP 046 Pasubio,Curva,Bagnato,Assente,Sereno,11.279028,45.727934,1,13.0,1,0,0,0,0,0,30
12,Sabato,Notte,TORREBELVICINO,SP 046 var Torrebelvicino,Intersezione segnalata,Bagnato,Assente,Sereno,11.3117077,45.714568,1,69.0,2,2,1,0,0,0,50
12,Sabato,Pomeriggio,VALDASTICO,SP 350 Val d'Astico,Curva,Bagnato,Assente,Sereno,11.35975,45.87479,1,161.0,0,0,0,0,0,0,50
4,Lunedì,Mattino,SCHIO,SP 046 Pasubio,Rettilineo,Asciutto,Assente,Sereno,11.3856669,45.6961054,1,16.0,0,0,0,0,0,0,50
10,Lunedì,Sera,SANTORSO,SP 350 Val d'Astico,Incrocio,Asciutto,Assente,Sereno,11.3866002,45.7322732,1,74.0,6,1,0,0,0,0,50
10,Mercoledì,Mattino,SANTORSO,SP 350 Val d'Astico,Incrocio,Asciutto,Assente,Sereno,11.3868188,45.7323369,1,74.0,6,1,0,0,0,0,50
4,Giovedì,Pomeriggio,SCHIO,SP 046 Pasubio,Incrocio,Bagnato,Orizzontale,Pioggia,11.3919397,45.6911499,1,16.0,0,0,0,0,0,0,50
11,Mercoledì,Pomeriggio,SAN VITO DI LEGUZZANO,SP 046 Pasubio,Rettilineo,Asciutto,Assente,Sereno,11.392452,45.6906864,1,16.0,0,0,0,0,0,0,50
10,Martedì,Sera,SANTORSO,SP 350 Val d'Astico,Rettilineo,Asciutto,Assente,Sereno,11.397321,45.7350437,1,75.0,4,0,0,0,0,0,70
10,Lunedì,Sera,MALO,SP 046 Pasubio,Rettilineo,Asciutto,Assente,Sereno,11.4031272,45.6765725,1,19.0,5,0,0,0,0,3,50
11,Giovedì,Sera,MALO,SP 046 Pasubio,Incrocio,Bagnato,Orizzontale,Pioggia,11.4095631,45.6631751,1,21.0,8,0,0,0,0,37,50
2,Mercoledì,Pomeriggio,MALO,SP 046 Pasubio,Incrocio,Asciutto,Assente,Sereno,11.409605,45.6631558,1,21.0,8,0,0,0,0,37,50
11,Venerdì,Pomeriggio,MALO,SP 046 Pasubio,Intersezione segnalata,Asciutto,Assente,Sereno,11.4133817,45.6592919,1,21.0,8,0,0,0,0,37,50
10,Sabato,Mattino,MALO,SP 046 Pasubio,Rettilineo,Asciutto,Assente,Sereno,11.4151501,45.6576197,1,22.0,4,1,2,0,0,20,50
3,Venerdì,Pomeriggio,MALO,SP 046 Pasubio,Rettilineo,Asciutto,Assente,Sereno,11.4175736,45.6548786,1,22.0,4,1,2,0,0,20,50
2,Venerdì,Sera,MALO,SP 046 Pasubio,Incrocio,Asciutto,Assente,Sereno,11.4181305,45.654015,1,22.0,4,1,2,0,0,20,50
3,Martedì,Mattino,PIOVENE ROCCHETTE,SP 350 Val d'Astico,Incrocio,Bagnato,Orizzontale,Pioggia,11.42163,45.74479,1,93.0,12,5,2,0,3,0,50
10,Mercoledì,Mattino,PIOVENE ROCCHETTE,SP 350 Val d'Astico,Rettilineo,Asciutto,Assente,Sereno,11.4243732,45.7472181,1,93.0,12,5,2,0,3,0,50
12,Domenica,Notte,PIOVENE ROCCHETTE,SP 350 Val d'Astico,Curva,Asciutto,Assente,Sereno,11.4254917,45.7703147,1,177.0,3,0,3,0,0,0,50
4,Mercoledì,Pomeriggio,PIOVENE ROCCHETTE,SP 350 Val d'Astico,Rettilineo,Asciutto,Assente,Sereno,11.4258311,45.7714191,1,177.0,3,0,3,0,0,0,50
11,Giovedì,Sera,COGOLLO DEL CENGIO,SP 350 Val d'Astico,Rettilineo,Asciutto,Assente,Sereno,11.4263052,45.7831247,1,175.0,6,1,6,0,0,0,50
4,Venerdì,Pomeriggio,PIOVENE ROCCHETTE,SP 350 Val d'Astico,Incrocio,Asciutto,Assente,Sereno,11.4272989,45.7498367,1,93.0,12,5,2,0,3,0,50
4,Lunedì,Pomeriggio,COGOLLO DEL CENGIO,SP 350 Val d'Astico,Rettilineo,Asciutto,Assente,Sereno,11.4277144,45.7751839,1,176.0,0,0,0,0,0,0,20
3,Giovedì,Mattino,PIOVENE ROCCHETTE,SP 350 Val d'Astico,Rotatoria,Asciutto,Assente,Sereno,11.428919,45.7515027,1,96.0,9,0,3,0,0,0,50
3,Sabato,Pomeriggio,COGOLLO DEL CENGIO,SP 349 Costo,Rettilineo,Asciutto,Assente,Sereno,11.43029,45.79504,1,108.0,0,0,0,0,2,0,70
10,Lunedì,Pomeriggio,MALO,SP 046 Pasubio,Rettilineo,Bagnato,Orizzontale,Pioggia,11.4313829,45.6403841,1,24.0,8,1,0,0,0,13,50
10,Martedì,Pomeriggio,PIOVENE ROCCHETTE,SP 349 Costo,Incrocio,Asciutto,Assente,Sereno,11.43594,45.74385,1,97.0,7,0,0,0,0,0,50
2,Venerdì,Sera,ISOLA VICENTINA,SP 046 Pasubio,Rettilineo,Asciutto,Assente,Sereno,11.43662,45.63636,1,26.0,13,0,1,0,0,24,50
10,Giovedì,Sera,PIOVENE ROCCHETTE,SP 349 Costo,Curva,Asciutto,,Altro,11.4381564,45.7575762,1,179.0,10,0,4,0,1,0,50
2,Domenica,Sera,PIOVENE ROCCHETTE,SP 350 Val d'Astico,Rotatoria,Asciutto,Assente,Sereno,11.4382744,45.7575921,1,179.0,10,0,4,0,1,0,50
2,Martedì,Mattino,PIOVENE ROCCHETTE,SP 350 Val d'Astico,Incrocio,Asciutto,Verticale,Nebbia,11.4384414,45.7599985,1,179.0,10,0,4,0,1,0,50
12,Giovedì,Sera,PIOVENE ROCCHETTE,SP 350 Val d'Astico,Curva,Asciutto,Assente,Sereno,11.438489,45.7611326,1,178.0,16,10,8,0,0,0,50
11,Martedì,Pomeriggio,PIOVENE ROCCHETTE,SP 349 Costo,Rettilineo,Bagnato,Assente,Sereno,11.442449,45.7597256,1,123.0,10,0,4,0,2,10,50
1,Domenica,Mattino,ZANE',SP 349 Costo,Intersezione con semaforo o vigile,Bagnato,Orizzontale,Pioggia,11.4458876,45.7306075,1,125.0,2,1,0,0,0,11,50
4,Mercoledì,Sera,ISOLA VICENTINA,SP 046 Pasubio,Rettilineo,Asciutto,Assente,Sereno,11.4512305,45.6242098,1,28.0,4,0,0,0,0,5,50
1,Domenica,Pomeriggio,CHIUPPANO,SP 349 Costo,Rettilineo,Bagnato,Orizzontale,Pioggia,11.4538276,45.7660044,1,124.0,1,0,2,0,0,0,50
10,Venerdì,Sera,CHIUPPANO,SP 349 Costo,Curva,Asciutto,Assente,Sereno,11.4572219,45.7678212,1,124.0,1,0,2,0,0,0,50
3,Martedì,Mattino,THIENE,SP 349 var Costo Variante,Rettilineo,Bagnato,Orizzontale,Pioggia,11.4574606,45.700103,1,148.0,0,0,0,0,0,0,50
2,Venerdì,Pomeriggio,ZANE',SP 349 Costo,Rettilineo,Asciutto,Assente,Sereno,11.4574715,45.7165658,1,130.0,10,7,4,0,0,0,50
3,Sabato,Notte,ZANE',SP 349 Costo,Rotatoria,Asciutto,Assente,Sereno,11.4615867,45.7143211,1,131.0,6,0,1,0,0,0,50
10,Giovedì,Sera,ZANE',SP 349 Costo,Rettilineo,Asciutto,Assente,Sereno,11.4632224,45.713339,1,131.0,6,0,1,0,0,0,50
12,Martedì,Mattino,THIENE,SP 349 Costo,Rettilineo,Asciutto,Assente,Sereno,11.4849496,45.6832102,1,136.0,3,0,0,0,1,0,70
3,Sabato,Mattino,COSTABISSARA,SP 046 Pasubio,Incrocio,Asciutto,Assente,Sereno,11.487973,45.6060096,1,34.0,7,0,0,0,0,32,70
1,Domenica,Notte,THIENE,SP 349 Costo,Intersezione con semaforo o vigile,Bagnato,,Altro,11.4887,45.67146,1,137.0,9,0,3,0,2,0,130
2,Sabato,Mattino,CALDOGNO,SP 349 Costo,Rettilineo,Asciutto,Assente,Sereno,11.490409,45.611437,1,144.0,1,0,0,0,0,0,70
10,Sabato,Pomeriggio,CALDOGNO,SP 349 Costo,Curva,Asciutto,Assente,Sereno,11.4904197,45.6108322,1,144.0,1,0,0,0,0,0,70
11,Lunedì,Mattino,THIENE,SP 349 Costo,Rettilineo,Asciutto,Assente,Sereno,11.4907539,45.6649103,1,138.0,0,0,0,0,0,193,90
11,Mercoledì,Pomeriggio,CALDOGNO,SP 349 Costo,Intersezione segnalata,Asciutto,Assente,Sereno,11.49131,45.61942,1,143.0,0,0,0,0,0,3,70
11,Sabato,Notte,CALDOGNO,SP 349 Costo,Rettilineo,Asciutto,Verticale,Nebbia,11.4931624,45.604623,1,36.0,14,0,1,0,0,7,50
2,Sabato,Notte,COSTABISSARA,SP 046 Pasubio,Rotatoria,Asciutto,Assente,Sereno,11.49355,45.60361,1,36.0,14,0,1,0,0,7,50
4,Giovedì,Pomeriggio,VILLAVERLA,SP 349 Costo,Rettilineo,Bagnato,Orizzontale,Pioggia,11.4936116,45.6492186,1,139.0,11,0,4,0,2,0,50
10,Giovedì,Pomeriggio,VILLAVERLA,SP 349 Costo,Intersezione segnalata,Asciutto,Assente,Sereno,11.4936666,45.6565086,1,140.0,16,0,2,0,0,0,50
1,Giovedì,Mattino,VILLAVERLA,SP 349 Costo,Rettilineo,Asciutto,Assente,Sereno,11.4940656,45.6549197,1,140.0,16,0,2,0,0,0,50
11,Domenica,Pomeriggio,VILLAVERLA,SP 349 Costo,Rettilineo,Asciutto,Assente,Sereno,11.4941203,45.6509834,1,139.0,11,0,4,0,2,0,50
12,Sabato,Mattino,COSTABISSARA,SP 046 Pasubio,Rotatoria,Bagnato,Assente,Sereno,11.4948,45.60014,1,39.0,12,0,0,0,0,20,50
1,Giovedì,Pomeriggio,COSTABISSARA,SP 046 Pasubio,Curva,Asciutto,Assente,Sereno,11.49732,45.59201,1,41.0,4,0,0,0,0,31,50
2,Mercoledì,Notte,ASIAGO,SP 349 Costo,Rettilineo,Asciutto,Assente,Sereno,11.49834,45.8701,1,133.0,4,0,6,0,1,0,50
3,Venerdì,Sera,VICENZA,SP 046 rac Pasubio Raccordo del Sole,Rettilineo,Asciutto,Assente,Sereno,11.5175625,45.5537993,1,,0,0,0,0,0,0,50
9,Mercoledì,Mattino,SANTORSO,SP 349 Costo,Incrocio,Bagnato,Orizzontale,Pioggia,11.38410914361812,45.73164873553197,0,74.0,6,1,0,0,0,0,50
4,Domenica,Notte,VILLAVERLA,SP 349 Costo,Incrocio,Asciutto,Verticale,Sereno,11.49160082799895,45.63707174265497,0,141.0,3,0,2,0,0,0,50
1,Giovedì,Mattino,LASTEBASSE,SP 350 Val d'Astico,Rotatoria,Asciutto,Temporanea di cantiere,Sereno,11.309673550654956,45.90713399815781,0,155.0,0,0,0,0,0,0,50
4,Domenica,Mattino,VALLI DEL PASUBIO,SP 046 Pasubio,Rettilineo,Sdrucciolevole,Orizzontale,Altro,11.214644309087037,45.75533919159643,0,7.0,1,0,0,0,0,0,45
1,Lunedì,Sera,VICENZA,SP 046 Pasubio,Intersezione con semaforo o vigile,Asciutto,Temporanea di cantiere,Sereno,11.499053828701635,45.57496813977198,0,52.0,0,0,0,0,0,0,70
9,Giovedì,Mattino,VALDASTICO,SP 350 Val d'Astico,Rotatoria,Sdrucciolevole,Temporanea di cantiere,Pioggia,11.361718489387645,45.85729326269719,0,163.0,2,0,1,0,0,0,50
11,Martedì,Notte,SANTORSO,SP 349 Costo,Dosso,Bagnato,Orizzontale,Nebbia,11.41693026200878,45.742290650677546,0,94.0,4,0,0,0,1,0,50
12,Lunedì,Sera,MALO,SP 046 Pasubio,Pendenza,Asciutto,Orizzontale,Sereno,11.41399764325761,45.65875868556915,0,21.0,8,0,0,0,0,37,50
10,Giovedì,Pomeriggio,ASIAGO,SP 349 Costo,Intersezione non segnalata,Bagnato,Verticale,Pioggia,11.499641847172434,45.87603665210886,0,76.0,5,0,4,0,0,0,50
10,Domenica,Sera,CALTRANO,SP 349 Costo,Pendenza,Asciutto,Temporanea di cantiere,Sereno,11.455387890093442,45.77073545006201,0,128.0,3,0,2,0,0,0,50
11,Giovedì,Mattino,VICENZA,SP 046 Pasubio,Galleria illuminata,Asciutto,Orizzontale,Sereno,11.504370184932762,45.5471871636396,0,56.0,0,0,0,0,0,0,70
10,Sabato,Mattino,LASTEBASSE,SP 350 Val d'Astico,Galleria illuminata,Bagnato,Verticale,Sereno,11.28404582422612,45.91333355087019,0,153.0,0,0,0,0,0,0,50
8,Giovedì,Notte,ZANE',SP 349 Costo,Intersezione segnalata,Sdrucciolevole,Orizzontale,Altro,11.44452694393473,45.73263535001079,0,125.0,2,1,0,0,0,11,50
12,Lunedì,Notte,ASIAGO,SP 349 Costo,Pendenza,Asciutto,Assente,Sereno,11.489352994548256,45.87968727961823,0,77.0,0,0,0,0,0,0,50
4,Lunedì,Mattino,TORREBELVICINO,SP 046 var Torrebelvicino,Pendenza,Asciutto,Verticale,Sereno,11.30833214619785,45.71628472033271,0,69.0,2,2,1,0,0,0,50
5,Venerdì,Sera,MARANO VICENTINO,SP 349 var Costo Variante,Rotatoria,Bagnato,Verticale,Altro,11.431007680596233,45.71615294921578,0,146.0,0,0,0,1,0,0,40
4,Domenica,Pomeriggio,ZANE',SP 349 Costo,Rettilineo,Bagnato,Verticale,Vento forte,11.448803274717902,45.72665466621004,0,126.0,4,6,0,1,0,0,50
4,Mercoledì,Sera,LASTEBASSE,SP 350 Val d'Astico,Curva,Bagnato,Orizzontale,Pioggia,11.27798992690128,45.91387403363575,0,153.0,0,0,0,0,0,0,50
2,Lunedì,Notte,LASTEBASSE,SP 350 Val d'Astico,Dosso,Asciutto,Temporanea di cantiere,Sereno,11.323807794242647,45.90178410187748,0,157.0,0,0,0,0,0,0,50
4,Martedì,Sera,PIOVENE ROCCHETTE,SP 349 Costo,Rotatoria,Asciutto,Assente,Nebbia,11.438122813787306,45.75741953455118,0,122.0,12,0,0,0,0,0,50
8,Sabato,Sera,VICENZA,SP 046 Pasubio,Intersezione non segnalata,Bagnato,Temporanea di cantiere,Pioggia,11.504218867063187,45.54743037202491,0,45.0,0,0,0,0,0,0,70
11,Venerdì,Notte,VILLAVERLA,SP 349 Costo,Rotatoria,Asciutto,Assente,Sereno,11.493629703257064,45.64967907985379,0,139.0,11,0,4,0,2,0,50
2,Mercoledì,Mattino,SANTORSO,SP 349 Costo,Dosso,Asciutto,Assente,Altro,11.389172302833911,45.73293822948,0,74.0,6,1,0,0,0,0,50
9,Venerdì,Pomeriggio,ISOLA VICENTINA,SP 046 Pasubio,Galleria illuminata,Asciutto,Verticale,Altro,11.478049834233747,45.608974162675345,0,33.0,0,0,0,0,0,14,60
10,Sabato,Mattino,ASIAGO,SP 349 Costo,Intersezione non segnalata,Asciutto,Assente,Vento forte,11.501986123591037,45.875653735818446,0,76.0,5,0,4,0,0,0,50
11,Giovedì,Mattino,TORREBELVICINO,SP 046 Pasubio,Dosso,Sdrucciolevole,Orizzontale,Pioggia,11.290794413084518,45.71909318756725,0,15.0,0,0,0,0,0,0,50
10,Domenica,Notte,MALO,SP 046 Pasubio,Rotatoria,Asciutto,Verticale,Sereno,11.42841537977576,45.64268672868189,0,24.0,8,1,0,0,0,13,50
2,Lunedì,Notte,LASTEBASSE,SP 350 Val d'Astico,Rettilineo,Bagnato,Verticale,Sereno,11.31373104709806,45.90501215770255,0,156.0,1,0,0,0,0,0,50
6,Domenica,Mattino,LASTEBASSE,SP 350 Val d'Astico,Dosso,Asciutto,Orizzontale,Sereno,11.319132097729248,45.903377912366345,0,156.0,1,0,0,0,0,0,50
12,Sabato,Pomeriggio,VICENZA,SP 046 Pasubio,Intersezione con semaforo o vigile,Bagnato,Assente,Sereno,11.509759662195416,45.57977385476918,0,61.0,0,0,0,0,0,6,40
11,Sabato,Pomeriggio,COGOLLO DEL CENGIO,SP 349 Costo,Intersezione segnalata,Bagnato,Orizzontale,Pioggia,11.42846797036313,45.79528776664223,0,108.0,0,0,0,0,2,0,70
8,Giovedì,Sera,CALTRANO,SP 349 Costo,Rotatoria,Bagnato,Temporanea di cantiere,Pioggia,11.455224359297134,45.77075722771889,0,128.0,3,0,2,0,0,0,50
12,Martedì,Pomeriggio,ASIAGO,SP 349 Costo,Rettilineo,Asciutto,Orizzontale,Sereno,11.386134629644694,45.951707789006136,0,92.0,0,0,0,0,0,0,50
9,Mercoledì,Sera,ISOLA VICENTINA,SP 046 Pasubio,Dosso,Asciutto,Temporanea di cantiere,Sereno,11.474683380169765,45.609373109785686,0,33.0,0,0,0,0,0,14,60
11,Venerdì,Mattino,ROANA,SP 349 Costo,Rotatoria,Bagnato,Temporanea di cantiere,Sereno,11.473825807437247,45.884349524289846,0,79.0,0,0,0,0,0,0,50
3,Venerdì,Notte,TORREBELVICINO,SP 046 var Torrebelvicino,Intersezione segnalata,Bagnato,Temporanea di cantiere,Altro,11.321777228087466,45.71365499638269,0,70.0,1,2,0,0,0,0,38
5,Domenica,Mattino,VALDASTICO,SP 350 Val d'Astico,Intersezione segnalata,Bagnato,Temporanea di cantiere,Pioggia,11.362591550430777,45.85510829723643,0,164.0,0,0,0,0,0,0,50
3,Mercoledì,Pomeriggio,ROANA,SP 349 Costo,Intersezione segnalata,Bagnato,Assente,Sereno,11.458850732732897,45.907138165745785,0,82.0,0,0,1,0,0,0,50
9,Venerdì,Sera,ZANE',SP 349 Costo,Rettilineo,Asciutto,Temporanea di cantiere,Sereno,11.45638623092997,45.71714443965249,0,130.0,10,7,4,0,0,0,50
1,Mercoledì,Pomeriggio,LASTEBASSE,SP 350 Val d'Astico,Intersezione con semaforo o vigile,Bagnato,Verticale,Pioggia,11.31997021123653,45.9031297576843,0,156.0,1,0,0,0,0,0,50
8,Venerdì,Notte,CALTRANO,SP 349 Costo,Galleria illuminata,Bagnato,Temporanea di cantiere,Sereno,11.449727123122653,45.77523687551731,0,128.0,3,0,2,0,0,0,50
11,Mercoledì,Notte,ZANE',SP 349 Costo,Intersezione con semaforo o vigile,Innevato,Verticale,Neve,11.459436465836824,45.71550231411382,0,130.0,10,7,4,0,0,0,50
10,Giovedì,Mattino,PIOVENE ROCCHETTE,SP 349 Costo,Curva,Asciutto,Verticale,Sereno,11.436876220307932,45.74256173982151,0,98.0,2,0,0,0,0,16,130
4,Mercoledì,Mattino,ROANA,SP 349 Costo,Intersezione con semaforo o vigile,Asciutto,Orizzontale,Sereno,11.435373278993278,45.84269013747651,0,121.0,4,0,2,0,0,0,50
11,Martedì,Pomeriggio,ROANA,SP 349 Costo,Rotatoria,Asciutto,Orizzontale,Sereno,11.432998957047488,45.83463478842915,0,99.0,6,0,3,0,0,2,50
5,Giovedì,Mattino,PIOVENE ROCCHETTE,SP 350 Val d'Astico,Dosso,Bagnato,Verticale,Pioggia,11.42594533095991,45.7715674577645,0,177.0,3,0,3,0,0,0,50
9,Sabato,Sera,MALO,SP 046 Pasubio,Curva,Bagnato,Orizzontale,Altro,11.420491583383884,45.65115907068934,0,22.0,4,1,2,0,0,20,50
7,Domenica,Sera,COSTABISSARA,SP 046 Pasubio,Galleria illuminata,Bagnato,Temporanea di cantiere,Vento forte,11.489371388623262,45.60553469734145,0,34.0,7,0,0,0,0,32,70
1,Domenica,Mattino,VALLI DEL PASUBIO,SP 046 Pasubio,Incrocio,Asciutto,Temporanea di cantiere,Sereno,11.19449930327283,45.760511945442765,0,3.0,0,0,0,0,0,0,50
1,Sabato,Pomeriggio,SANTORSO,SP 349 Costo,Rotatoria,Asciutto,Assente,Nebbia,11.417538714001497,45.7426055850041,0,94.0,4,0,0,0,1,0,50
3,Domenica,Notte,ARSIERO,SP 350 Val d'Astico,Incrocio,Asciutto,Orizzontale,Sereno,11.369404659801411,45.80334637291397,0,170.0,0,0,5,0,0,0,50
12,Lunedì,Notte,VALDASTICO,SP 350 Val d'Astico,Rotatoria,Asciutto,Orizzontale,Sereno,11.366228319484508,45.84694885036748,0,165.0,2,0,0,0,0,0,50
12,Lunedì,Sera,SANTORSO,SP 349 Costo,Rettilineo,Bagnato,Assente,Altro,11.37431742545398,45.72912639007464,0,73.0,6,4,0,0,0,0,70
5,Lunedì,Sera,ROANA,SP 349 Costo,Incrocio,Asciutto,Verticale,Sereno,11.469825028599807,45.88930965164895,0,80.0,0,0,0,0,0,0,50
12,Lunedì,Mattino,THIENE,SP 349 var Costo Variante,Galleria illuminata,Sdrucciolevole,Verticale,Altro,11.455526971683945,45.70229683331442,0,148.0,0,0,0,0,0,0,50
1,Mercoledì,Notte,ASIAGO,SP 349 Costo,Incrocio,Asciutto,Assente,Altro,11.50507897189824,45.874616971618146,0,76.0,5,0,4,0,0,0,50
10,Giovedì,Notte,MARANO VICENTINO,SP 349 var Costo Variante,Incrocio,Asciutto,Assente,Sereno,11.42632862755866,45.71899878808866,0,145.0,0,0,0,0,0,0,40
5,Venerdì,Sera,SANTORSO,SP 349 Costo,Pendenza,Bagnato,Temporanea di cantiere,Nebbia,11.393907350620308,45.73418167602525,0,75.0,4,0,0,0,0,0,70
4,Sabato,Sera,LASTEBASSE,SP 350 Val d'Astico,Dosso,Asciutto,Verticale,Sereno,11.29657666491202,45.91162629918483,0,154.0,0,0,0,0,0,0,50
10,Martedì,Sera,ZANE',SP 349 var Costo Variante,Intersezione segnalata,Sdrucciolevole,Assente,Pioggia,11.444909030023316,45.70902794144688,0,147.0,0,0,0,0,0,0,90
4,Sabato,Pomeriggio,ZANE',SP 349 var Costo Variante,Curva,Asciutto,Temporanea di cantiere,Sereno,11.449065165431003,45.70689885504492,0,147.0,0,0,0,0,0,0,90
10,Sabato,Notte,COGOLLO DEL CENGIO,SP 349 Costo,Rotatoria,Bagnato,Assente,Sereno,11.43419468513965,45.79410359565264,0,108.0,0,0,0,0,2,0,70
3,Mercoledì,Sera,VALLI DEL PASUBIO,SP 046 Pasubio,Rotatoria,Sdrucciolevole,Verticale,Pioggia,11.211509539595353,45.757557075661055,0,6.0,0,0,0,0,0,0,50
2,Domenica,Notte,ASIAGO,SP 349 Costo,Intersezione segnalata,Bagnato,Assente,Pioggia,11.434771894030822,45.94833016843015,0,87.0,0,0,0,0,0,0,50
4,Domenica,Pomeriggio,COSTABISSARA,SP 046 Pasubio,Pendenza,Asciutto,Orizzontale,Sereno,11.502745109444811,45.58619428737345,0,42.0,7,0,1,0,0,20,50
8,Sabato,Sera,ROANA,SP 349 Costo,Incrocio,Bagnato,Assente,Sereno,11.460163341811898,45.86084000227537,0,117.0,0,0,0,0,0,0,50
3,Lunedì,Pomeriggio,THIENE,SP 349 Costo,Curva,Asciutto,Orizzontale,Sereno,11.488794002545117,45.671098988215824,0,137.0,9,0,3,0,2,0,130
2,Mercoledì,Sera,SCHIO,SP 046 var Torrebelvicino,Rettilineo,Sdrucciolevole,Orizzontale,Altro,11.331136378843242,45.713554578293994,0,71.0,0,0,0,0,0,0,70
9,Martedì,Mattino,VALLI DEL PASUBIO,SP 046 Pasubio,Curva,Bagnato,Temporanea di cantiere,Pioggia,11.25517221830065,45.74353583072468,0,11.0,8,0,1,0,0,0,50
6,Sabato,Sera,COGOLLO DEL CENGIO,SP 349 Costo,Intersezione non segnalata,Bagnato,Verticale,Nebbia,11.432639390276732,45.79686246167155,0,106.0,0,0,0,0,0,0,70
6,Sabato,Pomeriggio,COGOLLO DEL CENGIO,SP 349 Costo,Pendenza,Bagnato,Verticale,Pioggia,11.422195224363785,45.80205010050259,0,103.0,0,0,0,0,0,0,70
3,Mercoledì,Notte,LASTEBASSE,SP 350 Val d'Astico,Curva,Innevato,Orizzontale,Neve,11.30398802325397,45.90836507760278,0,155.0,0,0,0,0,0,0,50
1,Venerdì,Pomeriggio,MARANO VICENTINO,SP 349 var Costo Variante,Intersezione con semaforo o vigile,Asciutto,Verticale,Sereno,11.429726890145504,45.71686672322754,0,146.0,0,0,0,1,0,0,40
1,Martedì,Sera,SANTORSO,SP 349 Costo,Galleria illuminata,Asciutto,Orizzontale,Sereno,11.40469984414086,45.73658870896891,0,95.0,1,0,1,0,0,0,50
9,Sabato,Notte,PIOVENE ROCCHETTE,SP 350 Val d'Astico,Dosso,Bagnato,Assente,Pioggia,11.438484217578504,45.76077099922776,0,179.0,10,0,4,0,1,0,50
1,Venerdì,Pomeriggio,ROANA,SP 349 Costo,Pendenza,Asciutto,Temporanea di cantiere,Sereno,11.459159638939548,45.860623508088075,0,117.0,0,0,0,0,0,0,50
3,Venerdì,Notte,ZANE',SP 349 Costo,Rotatoria,Asciutto,Temporanea di cantiere,Sereno,11.45262156121571,45.72035308952736,0,127.0,12,10,2,1,0,0,50
5,Martedì,Notte,VALLI DEL PASUBIO,SP 046 Pasubio,Pendenza,Bagnato,Temporanea di cantiere,Vento forte,11.203601222263854,45.75982603127774,0,5.0,0,0,0,0,0,0,50
9,Venerdì,Notte,VALLI DEL PASUBIO,SP 046 Pasubio,Dosso,Bagnato,Orizzontale,Pioggia,11.214798240329284,45.755463394951555,0,7.0,1,0,0,0,0,0,45
5,Domenica,Sera,VALDASTICO,SP 350 Val d'Astico,Intersezione non segnalata,Bagnato,Assente,Sereno,11.359465736142464,45.87712080316152,0,161.0,0,0,0,0,0,0,50
12,Venerdì,Sera,ASIAGO,SP 349 Costo,Intersezione con semaforo o vigile,Sdrucciolevole,Orizzontale,Altro,11.417546401830071,45.95109996504987,0,89.0,0,0,0,0,0,0,50
6,Giovedì,Mattino,ASIAGO,SP 349 Costo,Curva,Asciutto,Orizzontale,Sereno,11.405198653452835,45.94513276930051,0,90.0,0,0,0,0,0,0,50
9,Sabato,Pomeriggio,MALO,SP 046 Pasubio,Incrocio,Asciutto,Verticale,Altro,11.429474514519525,45.64194375588154,0,24.0,8,1,0,0,0,13,50
5,Lunedì,Notte,COGOLLO DEL CENGIO,SP 350 Val d'Astico,Intersezione non segnalata,Bagnato,Orizzontale,Nebbia,11.39866162100163,45.79257457496309,0,173.0,0,0,1,0,0,0,90
12,Martedì,Pomeriggio,ROANA,SP 349 Costo,Intersezione con semaforo o vigile,Asciutto,Temporanea di cantiere,Altro,11.483810374429847,45.8803942553864,0,78.0,0,0,1,0,0,0,50
5,Domenica,Mattino,ROANA,SP 349 Costo,Rettilineo,Bagnato,Assente,Nebbia,11.43866513188907,45.84297906661358,0,120.0,0,0,2,0,0,0,50
11,Sabato,Sera,COGOLLO DEL CENGIO,SP 349 Costo,Incrocio,Bagnato,Orizzontale,Pioggia,11.431372575102884,45.79626569899443,0,106.0,0,0,0,0,0,0,70
8,Lunedì,Pomeriggio,VALDASTICO,SP 350 Val d'Astico,Pendenza,Bagnato,Verticale,Sereno,11.360086086250655,45.87434007682747,0,161.0,0,0,0,0,0,0,50
8,Mercoledì,Mattino,PIOVENE ROCCHETTE,SP 349 Costo,Intersezione con semaforo o vigile,Bagnato,Verticale,Sereno,11.441387236698697,45.759094263489445,0,123.0,10,0,4,0,2,10,50
5,Martedì,Mattino,VALLI DEL PASUBIO,SP 046 Pasubio,Rotatoria,Asciutto,Verticale,Altro,11.180563195248329,45.75766026359394,0,1.0,0,0,0,0,0,0,50
9,Martedì,Pomeriggio,VICENZA,SP 046 Pasubio,Intersezione segnalata,Asciutto,Verticale,Sereno,11.502527262301356,45.57689888293261,0,48.0,0,0,0,0,0,0,90
10,Domenica,Notte,VICENZA,SP 046 rac Pasubio Raccordo del Sole,Rotatoria,Bagnato,Orizzontale,Sereno,11.508187207205305,45.533568748538194,0,65.0,0,0,0,0,0,11,50
10,Sabato,Sera,PIOVENE ROCCHETTE,SP 350 Val d'Astico,Rettilineo,Asciutto,Assente,Sereno,11.434473264645478,45.76341398000689,0,178.0,16,10,8,0,0,0,50
2,Sabato,Mattino,ROANA,SP 349 Costo,Incrocio,Asciutto,Assente,Sereno,11.436089030882748,45.8290028754444,0,100.0,0,0,0,0,0,0,70
11,Sabato,Sera,VICENZA,SP 046 Pasubio,Rotatoria,Bagnato,Verticale,Vento forte,11.501795842721345,45.55091857451512,0,45.0,0,0,0,0,0,0,70
11,Lunedì,Mattino,SANTORSO,SP 349 Costo,Rettilineo,Asciutto,Temporanea di cantiere,Sereno,11.378171428407532,45.73012294177975,0,73.0,6,4,0,0,0,0,70
3,Domenica,Notte,ARSIERO,SP 350 Val d'Astico,Curva,Asciutto,Temporanea di cantiere,Sereno,11.368797093793132,45.82733904723935,0,167.0,1,0,0,0,0,0,50
12,Venerdì,Pomeriggio,ROANA,SP 349 Costo,Dosso,Asciutto,Verticale,Altro,11.465629607635597,45.8991916684631,0,81.0,0,0,0,0,0,0,50
7,Lunedì,Sera,COGOLLO DEL CENGIO,SP 349 Costo,Incrocio,Asciutto,Assente,Sereno,11.424054665395609,45.80722765784266,0,103.0,0,0,0,0,0,0,70
4,Lunedì,Mattino,VALLI DEL PASUBIO,SP 046 Pasubio,Intersezione con semaforo o vigile,Asciutto,Assente,Sereno,11.238098573734254,45.74530156272563,0,9.0,0,0,0,0,0,0,40
3,Martedì,Notte,VICENZA,SP 046 rac Pasubio Raccordo del Sole,Curva,Bagnato,Verticale,Sereno,11.5080427071188,45.539299755136696,0,64.0,0,0,0,0,0,6,90
5,Lunedì,Notte,ROANA,SP 349 Costo,Galleria illuminata,Asciutto,Temporanea di cantiere,Sereno,11.453644408670728,45.91848317761401,0,83.0,0,0,0,0,0,0,50
1,Sabato,Mattino,COSTABISSARA,SP 046 Pasubio,Rettilineo,Asciutto,Verticale,Sereno,11.49395727708623,45.602736922706846,0,38.0,10,0,0,0,0,13,50
9,Martedì,Sera,ROANA,SP 349 Costo,Intersezione segnalata,Bagnato,Temporanea di cantiere,Sereno,11.437022797970236,45.82516296613329,0,100.0,0,0,0,0,0,0,70
9,Venerdì,Mattino,LASTEBASSE,SP 350 Val d'Astico,Pendenza,Asciutto,Assente,Sereno,11.276536315899376,45.91504385557555,0,152.0,2,0,2,0,0,0,50
9,Domenica,Sera,ISOLA VICENTINA,SP 046 Pasubio,Intersezione segnalata,Asciutto,Temporanea di cantiere,Sereno,11.461897877291438,45.61910836377467,0,29.0,1,0,0,0,0,2,90
7,Domenica,Mattino,VILLAVERLA,SP 349 Costo,Intersezione segnalata,Asciutto,Verticale,Sereno,11.491756009429327,45.633083036396656,0,141.0,3,0,2,0,0,0,50
5,Lunedì,Notte,ARSIERO,SP 350 Val d'Astico,Galleria illuminata,Bagnato,Assente,Sereno,11.362907545556526,45.80367949704789,0,170.0,0,0,5,0,0,0,50
9,Mercoledì,Sera,COGOLLO DEL CENGIO,SP 350 Val d'Astico,Curva,Asciutto,Assente,Altro,11.380350903144782,45.80005024881677,0,171.0,1,0,3,0,0,0,50
11,Sabato,Notte,ROANA,SP 349 Costo,Intersezione segnalata,Asciutto,Orizzontale,Sereno,11.487826922429502,45.86901345052698,0,134.0,0,0,0,0,0,0,70
2,Martedì,Notte,COGOLLO DEL CENGIO,SP 350 Val d'Astico,Galleria illuminata,Asciutto,Orizzontale,Sereno,11.42835507520374,45.782288982229225,0,176.0,0,0,0,0,0,0,20
5,Martedì,Notte,LASTEBASSE,SP 350 Val d'Astico,Rettilineo,Bagnato,Temporanea di cantiere,Vento forte,11.27221166316144,45.915195724855614,0,152.0,2,0,2,0,0,0,50
12,Venerdì,Mattino,VALDASTICO,SP 350 Val d'Astico,Galleria illuminata,Asciutto,Assente,Sereno,11.353631216937718,45.88697648110623,0,160.0,1,0,1,0,0,0,50
11,Lunedì,Sera,VALLI DEL PASUBIO,SP 046 Pasubio,Intersezione segnalata,Asciutto,Verticale,Sereno,11.19137423713106,45.75862946438185,0,2.0,1,0,0,0,0,0,50
12,Giovedì,Pomeriggio,ROANA,SP 349 Costo,Intersezione non segnalata,Sdrucciolevole,Assente,Neve,11.475652521673837,45.865982605569336,0,132.0,17,0,5,0,0,0,50
3,Lunedì,Notte,VALLI DEL PASUBIO,SP 046 Pasubio,Galleria illuminata,Asciutto,Assente,Sereno,11.186353251380236,45.75624006620882,0,2.0,1,0,0,0,0,0,50
6,Martedì,Notte,ROANA,SP 349 Costo,Pendenza,Asciutto,Verticale,Sereno,11.470323606816004,45.88905837256935,0,80.0,0,0,0,0,0,0,50
2,Lunedì,Notte,ROANA,SP 349 Costo,Intersezione con semaforo o vigile,Sdrucciolevole,Orizzontale,Pioggia,11.433195562500854,45.834214845367306,0,99.0,6,0,3,0,0,2,50
11,Martedì,Mattino,MALO,SP 046 Pasubio,Intersezione con semaforo o vigile,Sdrucciolevole,Temporanea di cantiere,Pioggia,11.420222292204103,45.65141469741254,0,22.0,4,1,2,0,0,20,50
7,Venerdì,Notte,SCHIO,SP 046 Pasubio,Pendenza,Asciutto,Orizzontale,Sereno,11.387158900296848,45.69493843402457,0,16.0,0,0,0,0,0,0,50
3,Giovedì,Mattino,LASTEBASSE,SP 350 Val d'Astico,Intersezione segnalata,Bagnato,Orizzontale,Sereno,11.272169196831095,45.915245696024776,0,152.0,2,0,2,0,0,0,50
9,Domenica,Mattino,VICENZA,SP 046 Pasubio,Dosso,Innevato,Verticale,Neve,11.49452113095247,45.5708246147128,0,48.0,0,0,0,0,0,0,90
10,Lunedì,Sera,LASTEBASSE,SP 350 Val d'Astico,Curva,Asciutto,Assente,Sereno,11.265195391135016,45.916801929888294,0,151.0,0,0,0,0,0,0,50
12,Lunedì,Notte,ARSIERO,SP 350 Val d'Astico,Rettilineo,Asciutto,Assente,Sereno,11.366242521005598,45.822965149230235,0,167.0,1,0,0,0,0,0,50
10,Giovedì,Notte,VALLI DEL PASUBIO,SP 046 Pasubio,Galleria illuminata,Asciutto,Verticale,Altro,11.224259489741568,45.75356829313411,0,8.0,0,0,0,0,0,0,70
10,Lunedì,Mattino,VICENZA,SP 046 Pasubio,Rettilineo,Asciutto,Verticale,Sereno,11.498225133388278,45.55609734744847,0,46.0,0,0,0,0,0,0,90
10,Mercoledì,Mattino,ROANA,SP 349 Costo,Rettilineo,Bagnato,Verticale,Sereno,11.47270598310756,45.88483830255736,0,79.0,0,0,0,0,0,0,50
12,Mercoledì,Notte,SANTORSO,SP 349 Costo,Incrocio,Bagnato,Temporanea di cantiere,Sereno,11.40424731787545,45.73668428280913,0,75.0,4,0,0,0,0,0,70
6,Mercoledì,Sera,VALLI DEL PASUBIO,SP 046 Pasubio,Pendenza,Bagnato,Verticale,Pioggia,11.191191614320942,45.758484837187865,0,2.0,1,0,0,0,0,0,50
10,Mercoledì,Mattino,ASIAGO,SP 349 Costo,Dosso,Asciutto,Verticale,Sereno,11.41274161857563,45.9493303357049,0,89.0,0,0,0,0,0,0,50
10,Mercoledì,Mattino,ROANA,SP 349 Costo,Galleria illuminata,Bagnato,Temporanea di cantiere,Vento forte,11.442798311045449,45.93466072055983,0,86.0,0,0,0,0,0,0,50
2,Venerdì,Sera,VICENZA,SP 046 Pasubio,Dosso,Asciutto,Verticale,Sereno,11.494392830489344,45.565161127625025,0,54.0,0,0,0,0,0,0,90
9,Mercoledì,Pomeriggio,THIENE,SP 349 var Costo Variante,Rotatoria,Asciutto,Orizzontale,Sereno,11.451770711548878,45.70549136273353,0,148.0,0,0,0,0,0,0,50
5,Mercoledì,Pomeriggio,ASIAGO,SP 349 Costo,Incrocio,Asciutto,Verticale,Sereno,11.492307973751846,45.88093554728834,0,77.0,0,0,0,0,0,0,50
2,Venerdì,Pomeriggio,COGOLLO DEL CENGIO,SP 349 Costo,Curva,Asciutto,Verticale,Sereno,11.434638319873244,45.787204045040966,0,111.0,0,0,0,0,2,0,70
3,Giovedì,Mattino,COGOLLO DEL CENGIO,SP 349 Costo,Rotatoria,Asciutto,Temporanea di cantiere,Sereno,11.433875866280744,45.79423925900369,0,108.0,0,0,0,0,2,0,70
2,Domenica,Notte,ASIAGO,SP 349 Costo,Pendenza,Bagnato,Assente,Nebbia,11.48988482206481,45.87857173272156,0,77.0,0,0,0,0,0,0,50
11,Venerdì,Notte,ASIAGO,SP 349 Costo,Intersezione non segnalata,Asciutto,Assente,Sereno,11.49304198095867,45.88038014448043,0,77.0,0,0,0,0,0,0,50
10,Martedì,Mattino,VALLI DEL PASUBIO,SP 046 Pasubio,Galleria illuminata,Bagnato,Assente,Pioggia,11.267081185791769,45.73713906445579,0,12.0,2,0,0,0,0,0,50
2,Martedì,Mattino,ZANE',SP 349 Costo,Intersezione non segnalata,Asciutto,Temporanea di cantiere,Sereno,11.44514245114078,45.73168954030808,0,125.0,2,1,0,0,0,11,50
8,Domenica,Notte,VILLAVERLA,SP 349 Costo,Intersezione non segnalata,Asciutto,Orizzontale,Sereno,11.492406710584792,45.65969498577931,0,140.0,16,0,2,0,0,0,50
8,Giovedì,Notte,MALO,SP 046 Pasubio,Dosso,Asciutto,Verticale,Sereno,11.423213457421427,45.64851364724233,0,23.0,2,0,0,0,0,98,45
7,Domenica,Notte,THIENE,SP 349 var Costo Variante,Intersezione non segnalata,Asciutto,Orizzontale,Sereno,11.449690769060709,45.70657779509783,0,147.0,0,0,0,0,0,0,90
8,Mercoledì,Sera,SAN VITO DI LEGUZZANO,SP 046 Pasubio,Rettilineo,Bagnato,Assente,Sereno,11.398314678174986,45.6860608124753,0,17.0,0,0,0,0,0,0,90
11,Sabato,Mattino,COGOLLO DEL CENGIO,SP 350 Val d'Astico,Rettilineo,Bagnato,Temporanea di cantiere,Altro,11.38005865852868,45.80019550863991,0,171.0,1,0,3,0,0,0,50
7,Giovedì,Notte,CALTRANO,SP 349 Costo,Curva,Asciutto,Assente,Altro,11.446724612343504,45.780236911611915,0,113.0,0,0,0,0,0,0,70
8,Mercoledì,Sera,LASTEBASSE,SP 350 Val d'Astico,Rettilineo,Innevato,Verticale,Neve,11.305484696758468,45.907516358086205,0,155.0,0,0,0,0,0,0,50
7,Giovedì,Pomeriggio,VALDASTICO,SP 350 Val d'Astico,Intersezione segnalata,Asciutto,Assente,Vento forte,11.359512431733766,45.87670502319812,0,161.0,0,0,0,0,0,0,50
5,Lunedì,Mattino,SANTORSO,SP 349 Costo,Intersezione con semaforo o vigile,Bagnato,Orizzontale,Sereno,11.377325970174889,45.72989902343685,0,73.0,6,4,0,0,0,0,70
11,Lunedì,Mattino,MALO,SP 046 Pasubio,Pendenza,Bagnato,Verticale,Sereno,11.399416539518237,45.68455208923348,0,17.0,0,0,0,0,0,0,90
5,Sabato,Mattino,VICENZA,SP 046 rac Pasubio Raccordo del Sole,Dosso,Asciutto,Temporanea di cantiere,Sereno,11.507911800748252,45.53741714976297,0,68.0,1,0,0,0,0,12,50
10,Domenica,Mattino,TORREBELVICINO,SP 046 var Torrebelvicino,Rettilineo,Asciutto,Verticale,Vento forte,11.316454276619895,45.713500780715734,0,70.0,1,2,0,0,0,0,38
8,Mercoledì,Mattino,VALLI DEL PASUBIO,SP 046 Pasubio,Dosso,Asciutto,Orizzontale,Sereno,11.237779708218424,45.74566078157942,0,9.0,0,0,0,0,0,0,40
9,Giovedì,Pomeriggio,MARANO VICENTINO,SP 349 var Costo Variante,Galleria illuminata,Asciutto,Verticale,Sereno,11.432695803326276,45.71520494800506,0,146.0,0,0,0,1,0,0,40
10,Mercoledì,Pomeriggio,CALTRANO,SP 349 Costo,Intersezione segnalata,Bagnato,Temporanea di cantiere,Pioggia,11.450746281930272,45.77375895246339,0,128.0,3,0,2,0,0,0,50
9,Martedì,Mattino,ZANE',SP 349 Costo,Intersezione non segnalata,Bagnato,Temporanea di cantiere,Sereno,11.444776382756006,45.73225727158568,0,125.0,2,1,0,0,0,11,50
7,Sabato,Pomeriggio,CARRE',SP 349 Costo,Pendenza,Bagnato,Assente,Pioggia,11.439014262954174,45.73952739235122,0,98.0,2,0,0,0,0,16,130
8,Giovedì,Pomeriggio,COGOLLO DEL CENGIO,SP 349 Costo,Pendenza,Asciutto,Verticale,Sereno,11.431517643209396,45.79486927033715,0,108.0,0,0,0,0,2,0,70
7,Martedì,Notte,VICENZA,SP 046 Pasubio,Rettilineo,Sdrucciolevole,Assente,Pioggia,11.49978241597301,45.55372117521175,0,55.0,0,0,0,0,0,0,50
5,Martedì,Mattino,COGOLLO DEL CENGIO,SP 349 Costo,Curva,Bagnato,Orizzontale,Vento forte,11.436564431100042,45.788227825747285,0,111.0,0,0,0,0,2,0,70
9,Giovedì,Sera,ASIAGO,SP 349 Costo,Galleria illuminata,Bagnato,Temporanea di cantiere,Pioggia,11.495268870437528,45.87888529615385,0,77.0,0,0,0,0,0,0,50
9,Sabato,Mattino,VICENZA,SP 046 Pasubio,Curva,Asciutto,Temporanea di cantiere,Sereno,11.494215025237809,45.566504151081126,0,54.0,0,0,0,0,0,0,90
10,Venerdì,Mattino,MALO,SP 046 Pasubio,Intersezione segnalata,Asciutto,Orizzontale,Sereno,11.43476733201378,45.6380375789232,0,24.0,8,1,0,0,0,13,50
10,Martedì,Sera,VALLI DEL PASUBIO,SP 046 Pasubio,Curva,Asciutto,Orizzontale,Sereno,11.260714205781165,45.740677109264695,0,11.0,8,0,1,0,0,0,50
5,Giovedì,Mattino,ASIAGO,SP 349 Costo,Dosso,Bagnato,Verticale,Sereno,11.4904063457039,45.869303938017346,0,134.0,0,0,0,0,0,0,70
1,Venerdì,Sera,VICENZA,SP 046 Pasubio,Rettilineo,Bagnato,Orizzontale,Sereno,11.507289824968792,45.54292581335324,0,59.0,0,0,0,0,0,0,90
5,Sabato,Notte,VILLAVERLA,SP 349 Costo,Galleria illuminata,Asciutto,Verticale,Sereno,11.493306914116156,45.64700729345565,0,139.0,11,0,4,0,2,0,50
10,Giovedì,Pomeriggio,ARSIERO,SP 350 Val d'Astico,Galleria illuminata,Bagnato,Assente,Sereno,11.359433964050815,45.8067277641419,0,169.0,10,2,8,0,0,0,50
10,Lunedì,Notte,VILLAVERLA,SP 349 Costo,Intersezione con semaforo o vigile,Asciutto,Temporanea di cantiere,Altro,11.493938407200574,45.65059070789703,0,139.0,11,0,4,0,2,0,50
7,Venerdì,Notte,VILLAVERLA,SP 349 Costo,Galleria illuminata,Asciutto,Temporanea di cantiere,Sereno,11.492144599163064,45.660316392744896,0,140.0,16,0,2,0,0,0,50
10,Domenica,Notte,ASIAGO,SP 349 Costo,Rotatoria,Bagnato,Temporanea di cantiere,Sereno,11.422624575990463,45.95040653455952,0,88.0,0,0,0,0,0,0,50
1,Sabato,Mattino,COGOLLO DEL CENGIO,SP 349 Costo,Intersezione segnalata,Asciutto,Orizzontale,Sereno,11.429614422260654,45.797997456695185,0,105.0,0,0,0,0,0,0,70
8,Venerdì,Sera,SANTORSO,SP 349 Costo,Curva,Asciutto,Temporanea di cantiere,Sereno,11.396767129609366,45.73488469213696,0,75.0,4,0,0,0,0,0,70
9,Martedì,Pomeriggio,PIOVENE ROCCHETTE,SP 350 Val d'Astico,Rotatoria,Sdrucciolevole,Orizzontale,Altro,11.436064634815292,45.762686965266155,0,178.0,16,10,8,0,0,0,50
7,Martedì,Mattino,CALTRANO,SP 349 Costo,Incrocio,Asciutto,Temporanea di cantiere,Sereno,11.453114615506015,45.77092848252365,0,128.0,3,0,2,0,0,0,50
9,Giovedì,Notte,VALLI DEL PASUBIO,SP 046 Pasubio,Dosso,Sdrucciolevole,Verticale,Pioggia,11.25058552716157,45.74380464887992,0,10.0,0,0,0,0,0,0,50
6,Domenica,Mattino,COGOLLO DEL CENGIO,SP 350 Val d'Astico,Dosso,Sdrucciolevole,Temporanea di cantiere,Pioggia,11.426377489329903,45.77251739007273,0,177.0,3,0,3,0,0,0,50
7,Venerdì,Notte,COGOLLO DEL CENGIO,SP 349 Costo,Intersezione segnalata,Asciutto,Temporanea di cantiere,Nebbia,11.426791880446244,45.81166409220949,0,102.0,0,0,0,0,2,0,70
8,Martedì,Mattino,COSTABISSARA,SP 046 Pasubio,Curva,Bagnato,Verticale,Pioggia,11.499756136018178,45.57531251408398,0,48.0,0,0,0,0,0,0,90
10,Lunedì,Sera,SCHIO,SP 046 var Torrebelvicino,Dosso,Bagnato,Assente,Nebbia,11.33327056178387,45.71485683172229,0,71.0,0,0,0,0,0,0,70
3,Domenica,Notte,MALO,SP 046 Pasubio,Rotatoria,Bagnato,Temporanea di cantiere,Sereno,11.405888145624552,45.66919693378598,0,19.0,5,0,0,0,0,3,50
4,Lunedì,Pomeriggio,ZANE',SP 349 Costo,Curva,Asciutto,Temporanea di cantiere,Sereno,11.45566786569601,45.717559826514034,0,130.0,10,7,4,0,0,0,50
6,Domenica,Notte,ISOLA VICENTINA,SP 046 Pasubio,Pendenza,Bagnato,Temporanea di cantiere,Pioggia,11.438873578019486,45.63361877183085,0,26.0,13,0,1,0,0,24,50
3,Mercoledì,Sera,ISOLA VICENTINA,SP 046 Pasubio,Intersezione non segnalata,Asciutto,Assente,Sereno,11.461646581603617,45.61932795365113,0,29.0,1,0,0,0,0,2,90
5,Giovedì,Pomeriggio,ARSIERO,SP 350 Val d'Astico,Intersezione segnalata,Asciutto,Verticale,Sereno,11.361635459409053,45.81076208460892,0,169.0,10,2,8,0,0,0,50
5,Giovedì,Pomeriggio,CALDOGNO,SP 349 Costo,Galleria illuminata,Asciutto,Assente,Sereno,11.491436300001634,45.62749170436156,0,142.0,0,0,0,0,0,0,90
4,Lunedì,Sera,ISOLA VICENTINA,SP 046 Pasubio,Intersezione non segnalata,Asciutto,Orizzontale,Sereno,11.477894389699545,45.60900137784966,0,33.0,0,0,0,0,0,14,60
5,Martedì,Sera,COGOLLO DEL CENGIO,SP 349 Costo,Intersezione con semaforo o vigile,Asciutto,Temporanea di cantiere,Sereno,11.42501409047922,45.80898639912228,0,103.0,0,0,0,0,0,0,70
7,Martedì,Notte,SANTORSO,SP 349 Costo,Rotatoria,Asciutto,Orizzontale,Sereno,11.391033871014676,45.733422568326624,0,74.0,6,1,0,0,0,0,50
9,Venerdì,Notte,VICENZA,SP 046 Pasubio,Galleria illuminata,Asciutto,Assente,Sereno,11.503338435833976,45.54843845072058,0,56.0,0,0,0,0,0,0,70
4,Venerdì,Mattino,ROANA,SP 349 Costo,Rettilineo,Asciutto,Temporanea di cantiere,Sereno,11.469763195445012,45.88934246328104,0,80.0,0,0,0,0,0,0,50
11,Venerdì,Sera,MALO,SP 046 Pasubio,Intersezione segnalata,Asciutto,Orizzontale,Sereno,11.424766259493149,45.64680353180054,0,23.0,2,0,0,0,0,98,45
6,Sabato,Sera,VALLI DEL PASUBIO,SP 046 Pasubio,Galleria illuminata,Bagnato,Verticale,Pioggia,11.212191206185876,45.75648835980797,0,6.0,0,0,0,0,0,0,50
9,Giovedì,Pomeriggio,TORREBELVICINO,SP 046 var Torrebelvicino,Pendenza,Bagnato,Verticale,Sereno,11.315441055237647,45.71357214297575,0,70.0,1,2,0,0,0,0,38
2,Sabato,Mattino,MALO,SP 046 Pasubio,Pendenza,Bagnato,Orizzontale,Pioggia,11.410198088165757,45.6625751482089,0,21.0,8,0,0,0,0,37,50
3,Martedì,Pomeriggio,LASTEBASSE,SP 350 Val d'Astico,Dosso,Bagnato,Temporanea di cantiere,Sereno,11.329411594838122,45.89909390474416,0,157.0,0,0,0,0,0,0,50
6,Martedì,Mattino,MALO,SP 046 Pasubio,Rettilineo,Bagnato,Assente,Sereno,11.406179588721823,45.66815563862886,0,20.0,3,0,0,0,0,0,50
5,Venerdì,Notte,ROANA,SP 349 Costo,Rettilineo,Bagnato,Verticale,Pioggia,11.455383348863826,45.91575103017748,0,83.0,0,0,0,0,0,0,50
6,Martedì,Sera,LASTEBASSE,SP 350 Val d'Astico,Intersezione non segnalata,Bagnato,Assente,Nebbia,11.282728358753053,45.913563675520905,0,153.0,0,0,0,0,0,0,50
2,Domenica,Notte,LASTEBASSE,SP 350 Val d'Astico,Galleria illuminata,Bagnato,Verticale,Pioggia,11.277165685145151,45.914671028542465,0,152.0,2,0,2,0,0,0,50
6,Sabato,Mattino,COSTABISSARA,SP 046 Pasubio,Intersezione con semaforo o vigile,Sdrucciolevole,Verticale,Pioggia,11.49187854430518,45.60458524737234,0,34.0,7,0,0,0,0,32,70
9,Venerdì,Pomeriggio,PIOVENE ROCCHETTE,SP 349 Costo,Intersezione con semaforo o vigile,Sdrucciolevole,Orizzontale,Pioggia,11.437644429706204,45.74148932027473,0,98.0,2,0,0,0,0,16,130
9,Sabato,Pomeriggio,COGOLLO DEL CENGIO,SP 350 Val d'Astico,Intersezione con semaforo o vigile,Sdrucciolevole,Verticale,Pioggia,11.426608774262624,45.78301224325383,0,175.0,6,1,6,0,0,0,50
3,Lunedì,Mattino,COGOLLO DEL CENGIO,SP 350 Val d'Astico,Intersezione non segnalata,Bagnato,Temporanea di cantiere,Pioggia,11.4276898421075,45.775177677892074,0,176.0,0,0,0,0,0,0,20
5,Lunedì,Notte,MALO,SP 046 Pasubio,Galleria illuminata,Bagnato,Temporanea di cantiere,Pioggia,11.409671547400078,45.66310416156243,0,21.0,8,0,0,0,0,37,50
7,Martedì,Notte,MALO,SP 046 Pasubio,Pendenza,Asciutto,Orizzontale,Sereno,11.405751891390478,45.6696655706525,0,19.0,5,0,0,0,0,3,50
7,Sabato,Notte,VICENZA,SP 046 Pasubio,Intersezione con semaforo o vigile,Asciutto,Assente,Sereno,11.500869178042748,45.55229261926772,0,45.0,0,0,0,0,0,0,70
10,Domenica,Pomeriggio,ROANA,SP 349 Costo,Dosso,Bagnato,Temporanea di cantiere,Sereno,11.457146588994602,45.859186432181616,0,117.0,0,0,0,0,0,0,50
5,Giovedì,Pomeriggio,COGOLLO DEL CENGIO,SP 349 Costo,Pendenza,Asciutto,Assente,Sereno,11.429442502212115,45.81498806958325,0,102.0,0,0,0,0,2,0,70
9,Lunedì,Sera,ASIAGO,SP 349 Costo,Rotatoria,Asciutto,Orizzontale,Nebbia,11.489667764421656,45.87902703237104,0,77.0,0,0,0,0,0,0,50
11,Venerdì,Sera,ARSIERO,SP 350 Val d'Astico,Galleria illuminata,Asciutto,Assente,Sereno,11.364594682838204,45.803220269097686,0,170.0,0,0,5,0,0,0,50
4,Giovedì,Mattino,VICENZA,SP 046 Pasubio,Dosso,Asciutto,Assente,Sereno,11.494211493855172,45.56711909678338,0,47.0,0,0,0,0,0,0,90
10,Lunedì,Notte,COGOLLO DEL CENGIO,SP 349 Costo,Rettilineo,Asciutto,Assente,Nebbia,11.43243031575876,45.78828029695189,0,110.0,0,0,0,0,0,0,70
4,Venerdì,Notte,VICENZA,SP 046 Pasubio,Curva,Asciutto,Assente,Sereno,11.496363902017007,45.55882714071433,0,54.0,0,0,0,0,0,0,90
5,Mercoledì,Sera,VALLI DEL PASUBIO,SP 046 Pasubio,Incrocio,Ghiacciato,Verticale,Neve,11.197073520822515,45.76305028300621,0,4.0,0,0,0,0,0,0,50
8,Domenica,Notte,MARANO VICENTINO,SP 349 var Costo Variante,Rettilineo,Asciutto,Verticale,Sereno,11.438875647260057,45.71208057668512,0,146.0,0,0,0,1,0,0,40
8,Giovedì,Notte,ARSIERO,SP 350 Val d'Astico,Rotatoria,Bagnato,Verticale,Sereno,11.368568574145934,45.82644125237619,0,167.0,1,0,0,0,0,0,50
7,Venerdì,Pomeriggio,MALO,SP 046 Pasubio,Pendenza,Asciutto,Assente,Sereno,11.40279664358875,45.67718214239486,0,19.0,5,0,0,0,0,3,50
2,Domenica,Mattino,ROANA,SP 349 Costo,Intersezione segnalata,Asciutto,Temporanea di cantiere,Sereno,11.472750606877346,45.863530948293864,0,132.0,17,0,5,0,0,0,50
11,Lunedì,Notte,COSTABISSARA,SP 046 Pasubio,Dosso,Asciutto,Verticale,Sereno,11.496258692751663,45.57309421878894,0,48.0,0,0,0,0,0,0,90
11,Sabato,Notte,PIOVENE ROCCHETTE,SP 350 Val d'Astico,Intersezione segnalata,Bagnato,Verticale,Sereno,11.432975910970448,45.76407167091235,0,178.0,16,10,8,0,0,0,50
11,Sabato,Mattino,VICENZA,SP 046 Pasubio,Intersezione con semaforo o vigile,Bagnato,Orizzontale,Sereno,11.504940060292643,45.546601006601875,0,56.0,0,0,0,0,0,0,70
7,Martedì,Mattino,PIOVENE ROCCHETTE,SP 349 Costo,Intersezione con semaforo o vigile,Asciutto,Temporanea di cantiere,Nebbia,11.429488589533037,45.75063832684186,0,97.0,7,0,0,0,0,0,50
11,Sabato,Sera,ASIAGO,SP 349 Costo,Rettilineo,Asciutto,Temporanea di cantiere,Sereno,11.49244812830196,45.88083591429909,0,77.0,0,0,0,0,0,0,50
6,Lunedì,Notte,PIOVENE ROCCHETTE,SP 349 Costo,Pendenza,Asciutto,Orizzontale,Sereno,11.421216360656494,45.74453846899039,0,93.0,12,5,2,0,3,0,50
1,Martedì,Notte,VALLI DEL PASUBIO,SP 046 Pasubio,Curva,Asciutto,Orizzontale,Sereno,11.199076898541882,45.76104892491138,0,4.0,0,0,0,0,0,0,50
3,Sabato,Notte,SCHIO,SP 046 Pasubio,Pendenza,Asciutto,Assente,Altro,11.396835618674578,45.687294570620345,0,17.0,0,0,0,0,0,0,90
4,Mercoledì,Mattino,ZANE',SP 349 Costo,Dosso,Bagnato,Assente,Nebbia,11.454962777055911,45.71763317345262,0,127.0,12,10,2,1,0,0,50
5,Lunedì,Mattino,PIOVENE ROCCHETTE,SP 349 Costo,Intersezione segnalata,Bagnato,Verticale,Altro,11.425173469533188,45.74792266026432,0,93.0,12,5,2,0,3,0,50
12,Martedì,Notte,SCHIO,SP 046 var Torrebelvicino,Pendenza,Sdrucciolevole,Temporanea di cantiere,Altro,11.333190841743946,45.71383596298939,0,71.0,0,0,0,0,0,0,70
4,Lunedì,Sera,ASIAGO,SP 349 Costo,Incrocio,Asciutto,Temporanea di cantiere,Sereno,11.423373329640055,45.95013078991993,0,88.0,0,0,0,0,0,0,50
8,Sabato,Mattino,ARSIERO,SP 350 Val d'Astico,Intersezione con semaforo o vigile,Bagnato,Temporanea di cantiere,Pioggia,11.359433672998115,45.80547690065901,0,169.0,10,2,8,0,0,0,50
4,Domenica,Notte,CALDOGNO,SP 349 Costo,Intersezione non segnalata,Asciutto,Orizzontale,Sereno,11.490392972452614,45.613150536302555,0,144.0,1,0,0,0,0,0,70
8,Lunedì,Sera,VALDASTICO,SP 350 Val d'Astico,Rotatoria,Asciutto,Assente,Vento forte,11.35966354737502,45.87544858457824,0,161.0,0,0,0,0,0,0,50
7,Mercoledì,Mattino,ROANA,SP 349 Costo,Curva,Asciutto,Verticale,Sereno,11.475302431103604,45.8656456123021,0,132.0,17,0,5,0,0,0,50
2,Giovedì,Mattino,CALTRANO,SP 349 Costo,Rotatoria,Asciutto,Verticale,Sereno,11.451185659046336,45.77339781069582,0,128.0,3,0,2,0,0,0,50
6,Martedì,Mattino,ROANA,SP 349 Costo,Pendenza,Sdrucciolevole,Assente,Altro,11.482045111253182,45.86868842136332,0,135.0,2,0,1,0,0,0,50
2,Mercoledì,Notte,VALDASTICO,SP 350 Val d'Astico,Incrocio,Sdrucciolevole,Verticale,Neve,11.356310051011103,45.88189795899984,0,160.0,1,0,1,0,0,0,50
11,Giovedì,Mattino,CALDOGNO,SP 349 Costo,Pendenza,Bagnato,Orizzontale,Altro,11.491382561387402,45.62462976911493,0,142.0,0,0,0,0,0,0,90
9,Domenica,Sera,ASIAGO,SP 349 Costo,Pendenza,Bagnato,Temporanea di cantiere,Sereno,11.432702090669835,45.94967079787037,0,87.0,0,0,0,0,0,0,50
12,Sabato,Notte,COGOLLO DEL CENGIO,SP 349 Costo,Galleria illuminata,Bagnato,Assente,Sereno,11.429631131433748,45.79415314465762,0,109.0,0,0,0,0,0,0,70
11,Sabato,Sera,TORREBELVICINO,SP 046 var Torrebelvicino,Intersezione con semaforo o vigile,Asciutto,Orizzontale,Sereno,11.315628506976363,45.713546663664246,0,70.0,1,2,0,0,0,0,38
3,Martedì,Notte,ARSIERO,SP 350 Val d'Astico,Rettilineo,Asciutto,Assente,Sereno,11.359788602903716,45.80741927171969,0,169.0,10,2,8,0,0,0,50
9,Venerdì,Sera,ZANE',SP 349 Costo,Intersezione con semaforo o vigile,Asciutto,Verticale,Sereno,11.443066413422253,45.73453314065863,0,125.0,2,1,0,0,0,11,50
2,Martedì,Notte,SCHIO,SP 046 Pasubio,Galleria illuminata,Bagnato,Orizzontale,Sereno,11.391913636138383,45.69116589098575,0,16.0,0,0,0,0,0,0,50
12,Venerdì,Notte,VALLI DEL PASUBIO,SP 046 Pasubio,Intersezione segnalata,Bagnato,Orizzontale,Nebbia,11.201264535523602,45.76035040174425,0,5.0,0,0,0,0,0,0,50
10,Giovedì,Mattino,VALDASTICO,SP 350 Val d'Astico,Pendenza,Asciutto,Temporanea di cantiere,Sereno,11.353080970979002,45.888183861884315,0,160.0,1,0,1,0,0,0,50
9,Mercoledì,Sera,MALO,SP 046 Pasubio,Rettilineo,Bagnato,Verticale,Pioggia,11.426813415620147,45.64490409737773,0,24.0,8,1,0,0,0,13,50
12,Giovedì,Sera,ZANE',SP 349 Costo,Intersezione segnalata,Asciutto,Orizzontale,Vento forte,11.44571267790283,45.73083321413196,0,125.0,2,1,0,0,0,11,50
11,Domenica,Notte,MALO,SP 046 Pasubio,Intersezione non segnalata,Asciutto,Temporanea di cantiere,Sereno,11.41903688924953,45.65276718694276,0,22.0,4,1,2,0,0,20,50
2,Giovedì,Mattino,VICENZA,SP 046 Pasubio,Intersezione con semaforo o vigile,Bagnato,Orizzontale,Sereno,11.494187808044463,45.57011629047654,0,53.0,0,0,0,0,0,0,90
1,Mercoledì,Pomeriggio,MALO,SP 046 Pasubio,Curva,Bagnato,Verticale,Sereno,11.435522689309035,45.63751964378095,0,24.0,8,1,0,0,0,13,50
12,Giovedì,Notte,COGOLLO DEL CENGIO,SP 349 Costo,Intersezione non segnalata,Bagnato,Assente,Pioggia,11.428413733599491,45.79670366947998,0,107.0,0,0,0,0,2,0,70
4,Domenica,Sera,MALO,SP 046 Pasubio,Pendenza,Asciutto,Verticale,Sereno,11.428902367721427,45.64235318391248,0,24.0,8,1,0,0,0,13,50
6,Mercoledì,Mattino,MALO,SP 046 Pasubio,Pendenza,Bagnato,Orizzontale,Sereno,11.401354453959325,45.68038331207019,0,18.0,1,0,0,0,0,5,90
1,Lunedì,Notte,TORREBELVICINO,SP 046 Pasubio,Dosso,Bagnato,Assente,Altro,11.291204069493665,45.718895960005455,0,15.0,0,0,0,0,0,0,50
8,Mercoledì,Sera,VALLI DEL PASUBIO,SP 046 Pasubio,Intersezione con semaforo o vigile,Sdrucciolevole,Verticale,Pioggia,11.216381794671335,45.75513946513741,0,7.0,1,0,0,0,0,0,45
10,Lunedì,Notte,ISOLA VICENTINA,SP 046 Pasubio,Rettilineo,Sdrucciolevole,Verticale,Neve,11.470884066846512,45.610196187724576,0,31.0,0,0,0,0,0,0,60
11,Sabato,Mattino,VALLI DEL PASUBIO,SP 046 Pasubio,Curva,Asciutto,Verticale,Sereno,11.19121566398422,45.75851215971699,0,2.0,1,0,0,0,0,0,50
7,Giovedì,Notte,LASTEBASSE,SP 350 Val d'Astico,Curva,Bagnato,Assente,Altro,11.291552278866591,45.91332310482851,0,154.0,0,0,0,0,0,0,50
8,Lunedì,Sera,COGOLLO DEL CENGIO,SP 350 Val d'Astico,Rotatoria,Asciutto,Verticale,Sereno,11.383497332562175,45.79848903136232,0,172.0,0,0,1,0,0,0,90
7,Domenica,Notte,ROANA,SP 349 Costo,Rettilineo,Asciutto,Temporanea di cantiere,Sereno,11.444350642765846,45.84605020452653,0,120.0,0,0,2,0,0,0,50
6,Sabato,Notte,COGOLLO DEL CENGIO,SP 349 Costo,Dosso,Asciutto,Verticale,Vento forte,11.44402359174395,45.782879933428774,0,112.0,0,0,0,0,2,0,70
7,Martedì,Sera,ASIAGO,SP 349 Costo,Intersezione segnalata,Bagnato,Orizzontale,Vento forte,11.496716289822938,45.8784064338293,0,76.0,5,0,4,0,0,0,50
12,Lunedì,Pomeriggio,CALDOGNO,SP 349 Costo,Intersezione con semaforo o vigile,Asciutto,Verticale,Sereno,11.490596583218474,45.61037684982298,0,144.0,1,0,0,0,0,0,70
4,Mercoledì,Notte,THIENE,SP 349 Costo,Pendenza,Asciutto,Temporanea di cantiere,Sereno,11.487420794543734,45.67540769520992,0,136.0,3,0,0,0,1,0,70
6,Mercoledì,Mattino,VALLI DEL PASUBIO,SP 046 Pasubio,Intersezione segnalata,Bagnato,Orizzontale,Sereno,11.206520300247671,45.75811382697677,0,5.0,0,0,0,0,0,0,50
8,Sabato,Pomeriggio,ISOLA VICENTINA,SP 046 Pasubio,Incrocio,Asciutto,Assente,Nebbia,11.451118300358544,45.62422125766288,0,28.0,4,0,0,0,0,5,50
7,Mercoledì,Mattino,SCHIO,SP 046 var Torrebelvicino,Curva,Ghiacciato,Verticale,Neve,11.332163202399231,45.71345093917377,0,71.0,0,0,0,0,0,0,70
1,Mercoledì,Mattino,ROANA,SP 349 Costo,Pendenza,Asciutto,Temporanea di cantiere,Sereno,11.433523695605222,45.83386316797141,0,99.0,6,0,3,0,0,2,50
4,Domenica,Pomeriggio,THIENE,SP 349 var Costo Variante,Intersezione non segnalata,Bagnato,Assente,Sereno,11.454720004912271,45.70317975876269,0,148.0,0,0,0,0,0,0,50
8,Giovedì,Sera,ROANA,SP 349 Costo,Rettilineo,Sdrucciolevole,Assente,Pioggia,11.475362995934722,45.86570368425768,0,132.0,17,0,5,0,0,0,50
9,Giovedì,Mattino,VALLI DEL PASUBIO,SP 046 Pasubio,Dosso,Bagnato,Verticale,Pioggia,11.265580700035509,45.738850759097595,0,12.0,2,0,0,0,0,0,50
9,Mercoledì,Pomeriggio,CHIUPPANO,SP 349 Costo,Dosso,Asciutto,Assente,Sereno,11.45647688635746,45.770191932817504,0,128.0,3,0,2,0,0,0,50
12,Venerdì,Sera,ASIAGO,SP 349 Costo,Intersezione non segnalata,Bagnato,Assente,Sereno,11.408591643542197,45.946072907170795,0,90.0,0,0,0,0,0,0,50
9,Martedì,Sera,SCHIO,SP 046 Pasubio,Pendenza,Asciutto,Temporanea di cantiere,Altro,11.387374782638831,45.694765014664206,0,16.0,0,0,0,0,0,0,50
7,Martedì,Mattino,ZANE',SP 349 Costo,Galleria illuminata,Bagnato,Verticale,Sereno,11.461603215038403,45.71452950918624,0,130.0,10,7,4,0,0,0,50
4,Lunedì,Pomeriggio,VALLI DEL PASUBIO,SP 046 Pasubio,Dosso,Asciutto,Orizzontale,Sereno,11.242264257028276,45.74392861064704,0,10.0,0,0,0,0,0,0,50
5,Martedì,Pomeriggio,VICENZA,SP 046 Pasubio,Intersezione segnalata,Sdrucciolevole,Temporanea di cantiere,Pioggia,11.498425534331052,45.555710909742785,0,55.0,0,0,0,0,0,0,50
10,Martedì,Pomeriggio,SCHIO,SP 046 Pasubio,Intersezione non segnalata,Asciutto,Temporanea di cantiere,Sereno,11.386822465074133,45.69520869121327,0,16.0,0,0,0,0,0,0,50
6,Domenica,Sera,THIENE,SP 349 Costo,Pendenza,Bagnato,Temporanea di cantiere,Vento forte,11.48605000957471,45.67980907044902,0,136.0,3,0,0,0,1,0,70
9,Domenica,Mattino,VICENZA,SP 046 rac Pasubio Raccordo del Sole,Pendenza,Bagnato,Temporanea di cantiere,Pioggia,11.507918221649112,45.53831775391843,0,64.0,0,0,0,0,0,6,90
2,Martedì,Notte,VICENZA,SP 046 Pasubio,Pendenza,Asciutto,Assente,Sereno,11.504490128880123,45.5780444723784,0,52.0,0,0,0,0,0,0,70
2,Lunedì,Notte,PIOVENE ROCCHETTE,SP 349 Costo,Dosso,Asciutto,Temporanea di cantiere,Sereno,11.429570205998631,45.75049832927867,0,97.0,7,0,0,0,0,0,50
3,Sabato,Pomeriggio,SANTORSO,SP 349 Costo,Pendenza,Bagnato,Assente,Pioggia,11.403061363607533,45.736458175339905,0,75.0,4,0,0,0,0,0,70
3,Martedì,Mattino,VALDASTICO,SP 350 Val d'Astico,Galleria illuminata,Asciutto,Temporanea di cantiere,Sereno,11.358309797108936,45.87991466509863,0,161.0,0,0,0,0,0,0,50
8,Mercoledì,Notte,SANTORSO,SP 349 Costo,Incrocio,Asciutto,Verticale,Sereno,11.404164320825984,45.73662452892703,0,75.0,4,0,0,0,0,0,70
8,Venerdì,Notte,MALO,SP 046 Pasubio,Rettilineo,Bagnato,Verticale,Sereno,11.42600881647194,45.645778909024514,0,23.0,2,0,0,0,0,98,45
7,Giovedì,Notte,ROANA,SP 349 Costo,Pendenza,Asciutto,Assente,Sereno,11.48493786538532,45.880176297796616,0,78.0,0,0,1,0,0,0,50
4,Martedì,Sera,ASIAGO,SP 349 Costo,Curva,Bagnato,Verticale,Altro,11.432095915845494,45.95004482029918,0,88.0,0,0,0,0,0,0,50
7,Domenica,Sera,CALDOGNO,SP 349 Costo,Intersezione non segnalata,Sdrucciolevole,Orizzontale,Pioggia,11.491786184689872,45.63224742707479,0,142.0,0,0,0,0,0,0,90
2,Lunedì,Mattino,ASIAGO,SP 349 Costo,Incrocio,Sdrucciolevole,Assente,Neve,11.43466800492416,45.947411250851374,0,87.0,0,0,0,0,0,0,50
6,Lunedì,Sera,ROANA,SP 349 Costo,Intersezione segnalata,Asciutto,Temporanea di cantiere,Sereno,11.466040863348574,45.86273976735602,0,116.0,4,0,0,0,0,0,50
2,Venerdì,Mattino,LASTEBASSE,SP 350 Val d'Astico,Intersezione non segnalata,Asciutto,Temporanea di cantiere,Sereno,11.331160045859374,45.898106137602866,0,157.0,0,0,0,0,0,0,50
1,Sabato,Pomeriggio,ROANA,SP 349 Costo,Rotatoria,Bagnato,Orizzontale,Altro,11.435041815875335,45.83235667159549,0,99.0,6,0,3,0,0,2,50
2,Giovedì,Notte,ASIAGO,SP 349 Costo,Intersezione segnalata,Bagnato,Temporanea di cantiere,Nebbia,11.386156595650244,45.95171330408341,0,92.0,0,0,0,0,0,0,50
6,Venerdì,Mattino,ROANA,SP 349 Costo,Dosso,Asciutto,Assente,Sereno,11.475079801061188,45.86543119837671,0,132.0,17,0,5,0,0,0,50
7,Domenica,Pomeriggio,TORREBELVICINO,SP 046 var Torrebelvicino,Curva,Asciutto,Temporanea di cantiere,Sereno,11.324951809407898,45.713752665093786,0,71.0,0,0,0,0,0,0,70
8,Domenica,Sera,CHIUPPANO,SP 349 Costo,Pendenza,Asciutto,Orizzontale,Sereno,11.45695291416989,45.76779879846978,0,124.0,1,0,2,0,0,0,50
6,Giovedì,Pomeriggio,CHIUPPANO,SP 349 Costo,Curva,Asciutto,Assente,Sereno,11.451272707249064,45.76458036785001,0,124.0,1,0,2,0,0,0,50
3,Giovedì,Mattino,ROANA,SP 349 Costo,Rettilineo,Asciutto,Orizzontale,Sereno,11.432369681589565,45.83705655051622,0,99.0,6,0,3,0,0,2,50
1,Giovedì,Notte,ROANA,SP 349 Costo,Galleria illuminata,Asciutto,Verticale,Sereno,11.441174165760096,45.84306068873412,0,120.0,0,0,2,0,0,0,50
9,Domenica,Pomeriggio,VALDASTICO,SP 350 Val d'Astico,Pendenza,Asciutto,Temporanea di cantiere,Sereno,11.36147042720579,45.868134355145166,0,162.0,1,0,1,0,0,0,50
12,Mercoledì,Pomeriggio,ROANA,SP 349 Costo,Intersezione non segnalata,Bagnato,Orizzontale,Sereno,11.433921166857608,45.84099523794952,0,121.0,4,0,2,0,0,0,50
4,Sabato,Sera,VICENZA,SP 046 Pasubio,Intersezione con semaforo o vigile,Asciutto,Orizzontale,Vento forte,11.50718060536483,45.54416548982141,0,50.0,0,0,0,0,0,0,90
4,Sabato,Notte,ROANA,SP 349 Costo,Intersezione segnalata,Innevato,Temporanea di cantiere,Neve,11.469989501493558,45.891019469511946,0,80.0,0,0,0,0,0,0,50
3,Venerdì,Sera,COGOLLO DEL CENGIO,SP 349 Costo,Intersezione non segnalata,Asciutto,Verticale,Sereno,11.436116746357762,45.79552516902871,0,106.0,0,0,0,0,0,0,70
3,Mercoledì,Sera,ROANA,SP 349 Costo,Dosso,Asciutto,Temporanea di cantiere,Sereno,11.479232440299048,45.88241733577689,0,78.0,0,0,1,0,0,0,50
6,Domenica,Sera,THIENE,SP 349 Costo,Pendenza,Asciutto,Verticale,Sereno,11.485123857056386,45.682778086696175,0,136.0,3,0,0,0,1,0,70
10,Sabato,Notte,LASTEBASSE,SP 350 Val d'Astico,Intersezione segnalata,Asciutto,Temporanea di cantiere,Altro,11.302519256438504,45.90910877517747,0,155.0,0,0,0,0,0,0,50
9,Giovedì,Sera,PIOVENE ROCCHETTE,SP 349 Costo,Dosso,Sdrucciolevole,Orizzontale,Pioggia,11.437679093661666,45.74143954816509,0,98.0,2,0,0,0,0,16,130
12,Martedì,Sera,ASIAGO,SP 349 Costo,Dosso,Asciutto,Orizzontale,Altro,11.407513767680108,45.945670813911086,0,90.0,0,0,0,0,0,0,50
5,Sabato,Pomeriggio,LASTEBASSE,SP 350 Val d'Astico,Intersezione con semaforo o vigile,Asciutto,Assente,Sereno,11.318067830255368,45.90327927571612,0,156.0,1,0,0,0,0,0,50
6,Sabato,Sera,COGOLLO DEL CENGIO,SP 349 Costo,Galleria illuminata,Bagnato,Verticale,Pioggia,11.423899937215456,45.80654787106996,0,103.0,0,0,0,0,0,0,70
5,Martedì,Sera,VALDASTICO,SP 350 Val d'Astico,Intersezione con semaforo o vigile,Bagnato,Verticale,Nebbia,11.333037192186191,45.89730920495932,0,158.0,0,0,0,0,0,0,50
1,Mercoledì,Mattino,COSTABISSARA,SP 046 Pasubio,Intersezione non segnalata,Sdrucciolevole,Temporanea di cantiere,Altro,11.4932900112816,45.60342784468405,0,37.0,11,0,0,0,0,12,50
5,Giovedì,Sera,ARSIERO,SP 350 Val d'Astico,Intersezione con semaforo o vigile,Bagnato,Orizzontale,Sereno,11.367726478658314,45.82498504626627,0,167.0,1,0,0,0,0,0,50
4,Lunedì,Sera,VILLAVERLA,SP 349 Costo,Intersezione con semaforo o vigile,Sdrucciolevole,Assente,Altro,11.492561098094347,45.641741729089006,0,141.0,3,0,2,0,0,0,50
6,Domenica,Pomeriggio,MALO,SP 046 Pasubio,Curva,Bagnato,Temporanea di cantiere,Sereno,11.411937329088566,45.6608316209642,0,21.0,8,0,0,0,0,37,50
2,Lunedì,Pomeriggio,VALDASTICO,SP 350 Val d'Astico,Intersezione con semaforo o vigile,Sdrucciolevole,Assente,Neve,11.361247079954817,45.86259644446262,0,163.0,2,0,1,0,0,0,50
9,Domenica,Notte,VALLI DEL PASUBIO,SP 046 Pasubio,Rettilineo,Bagnato,Temporanea di cantiere,Sereno,11.236902348192269,45.74763625663979,0,9.0,0,0,0,0,0,0,40
11,Venerdì,Pomeriggio,LASTEBASSE,SP 350 Val d'Astico,Rettilineo,Asciutto,Orizzontale,Sereno,11.306253194262212,45.907247356623515,0,155.0,0,0,0,0,0,0,50
2,Sabato,Sera,VICENZA,SP 046 Pasubio,Curva,Ghiacciato,Verticale,Neve,11.504348446007029,45.57790166819397,0,49.0,0,0,0,0,0,0,90
12,Domenica,Sera,VICENZA,SP 046 Pasubio,Intersezione con semaforo o vigile,Bagnato,Orizzontale,Sereno,11.50341758613962,45.57739348874974,0,49.0,0,0,0,0,0,0,90
11,Giovedì,Mattino,CARRE',SP 349 Costo,Dosso,Asciutto,Verticale,Sereno,11.439597246721934,45.73870908679254,0,98.0,2,0,0,0,0,16,130
8,Domenica,Mattino,ARSIERO,SP 350 Val d'Astico,Intersezione segnalata,Bagnato,Assente,Pioggia,11.36159401719103,45.80422950078408,0,170.0,0,0,5,0,0,0,50
4,Venerdì,Pomeriggio,SANTORSO,SP 349 Costo,Galleria illuminata,Asciutto,Temporanea di cantiere,Sereno,11.403519409987778,45.73634067047575,0,75.0,4,0,0,0,0,0,70
7,Sabato,Pomeriggio,PIOVENE ROCCHETTE,SP 349 Costo,Intersezione non segnalata,Bagnato,Assente,Pioggia,11.420535610211576,45.74418330548461,0,94.0,4,0,0,0,1,0,50
7,Lunedì,Notte,VICENZA,SP 046 Pasubio,Rettilineo,Bagnato,Orizzontale,Sereno,11.507707935562497,45.58190584250035,0,44.0,0,0,0,0,0,6,40
11,Lunedì,Pomeriggio,ROANA,SP 349 Costo,Pendenza,Sdrucciolevole,Assente,Pioggia,11.433383595278722,45.83398432292044,0,99.0,6,0,3,0,0,2,50
7,Giovedì,Mattino,LASTEBASSE,SP 350 Val d'Astico,Dosso,Bagnato,Assente,Pioggia,11.311449336084417,45.90722366252747,0,155.0,0,0,0,0,0,0,50
1,Giovedì,Notte,VALLI DEL PASUBIO,SP 046 Pasubio,Intersezione non segnalata,Sdrucciolevole,Orizzontale,Pioggia,11.190947879210425,45.75815893943294,0,2.0,1,0,0,0,0,0,50
9,Venerdì,Pomeriggio,VALDASTICO,SP 350 Val d'Astico,Curva,Innevato,Assente,Neve,11.362073511284832,45.87118054149429,0,162.0,1,0,1,0,0,0,50
10,Sabato,Notte,ISOLA VICENTINA,SP 046 Pasubio,Rettilineo,Bagnato,Verticale,Sereno,11.466416191416563,45.61473100418711,0,30.0,2,4,0,0,0,1,50
4,Mercoledì,Notte,THIENE,SP 349 var Costo Variante,Intersezione non segnalata,Asciutto,Temporanea di cantiere,Sereno,11.453534454104291,45.7042964081131,0,148.0,0,0,0,0,0,0,50
2,Lunedì,Mattino,ZANE',SP 349 var Costo Variante,Rotatoria,Bagnato,Orizzontale,Pioggia,11.444927714811582,45.70901838561765,0,147.0,0,0,0,0,0,0,90
2,Sabato,Mattino,ROANA,SP 349 Costo,Rettilineo,Asciutto,Orizzontale,Sereno,11.484127016185536,45.88033242226745,0,78.0,0,0,1,0,0,0,50
11,Venerdì,Notte,ASIAGO,SP 349 Costo,Intersezione con semaforo o vigile,Asciutto,Verticale,Sereno,11.425897657339004,45.95060122063629,0,88.0,0,0,0,0,0,0,50
6,Domenica,Notte,SANTORSO,SP 349 Costo,Incrocio,Bagnato,Verticale,Nebbia,11.381858212270672,45.73107000377501,0,74.0,6,1,0,0,0,0,50
7,Mercoledì,Mattino,PIOVENE ROCCHETTE,SP 349 Costo,Intersezione segnalata,Bagnato,Assente,Sereno,11.428716350064748,45.75118383942645,0,93.0,12,5,2,0,3,0,50
12,Martedì,Notte,ROANA,SP 349 Costo,Curva,Asciutto,Temporanea di cantiere,Sereno,11.469141084103049,45.89426191891094,0,80.0,0,0,0,0,0,0,50
1,Sabato,Notte,VALDASTICO,SP 350 Val d'Astico,Curva,Asciutto,Orizzontale,Altro,11.359638689303484,45.875655268253205,0,161.0,0,0,0,0,0,0,50
3,Martedì,Pomeriggio,VICENZA,SP 046 Pasubio,Intersezione non segnalata,Asciutto,Verticale,Sereno,11.494786506723235,45.562488132244354,0,54.0,0,0,0,0,0,0,90
10,Mercoledì,Sera,MALO,SP 046 Pasubio,Pendenza,Asciutto,Verticale,Sereno,11.406459149838152,45.66715087236562,0,20.0,3,0,0,0,0,0,50
7,Domenica,Notte,MALO,SP 046 Pasubio,Dosso,Asciutto,Temporanea di cantiere,Sereno,11.406278182723744,45.66780128734903,0,20.0,3,0,0,0,0,0,50
1,Lunedì,Notte,VALLI DEL PASUBIO,SP 046 Pasubio,Dosso,Bagnato,Temporanea di cantiere,Sereno,11.259567596739334,45.74182477488624,0,11.0,8,0,1,0,0,0,50
9,Venerdì,Pomeriggio,LASTEBASSE,SP 350 Val d'Astico,Intersezione non segnalata,Bagnato,Assente,Pioggia,11.31663432950482,45.90312999032894,0,156.0,1,0,0,0,0,0,50
2,Sabato,Mattino,ROANA,SP 349 Costo,Incrocio,Asciutto,Verticale,Nebbia,11.473854348990512,45.8643138445332,0,132.0,17,0,5,0,0,0,50
10,Sabato,Notte,SANTORSO,SP 349 Costo,Rotatoria,Asciutto,Temporanea di cantiere,Sereno,11.394021428257526,45.7342118107943,0,75.0,4,0,0,0,0,0,70
10,Martedì,Sera,VALDASTICO,SP 350 Val d'Astico,Dosso,Asciutto,Orizzontale,Sereno,11.332985020137562,45.89733650910841,0,158.0,0,0,0,0,0,0,50
6,Sabato,Mattino,VILLAVERLA,SP 349 Costo,Pendenza,Asciutto,Temporanea di cantiere,Sereno,11.494703917191126,45.65236374172493,0,139.0,11,0,4,0,2,0,50
4,Lunedì,Sera,SCHIO,SP 349 Costo,Incrocio,Bagnato,Orizzontale,Pioggia,11.368582917384238,45.72669233229151,0,72.0,1,0,0,0,0,0,50
11,Lunedì,Mattino,ROANA,SP 349 Costo,Rettilineo,Bagnato,Temporanea di cantiere,Pioggia,11.436574166269144,45.82741913415349,0,100.0,0,0,0,0,0,0,70
7,Mercoledì,Notte,CHIUPPANO,SP 349 Costo,Intersezione segnalata,Bagnato,Orizzontale,Sereno,11.4482087066597,45.76292763609786,0,123.0,10,0,4,0,2,10,50
8,Martedì,Pomeriggio,ROANA,SP 349 Costo,Intersezione non segnalata,Asciutto,Assente,Nebbia,11.43605134037692,45.82911823859967,0,100.0,0,0,0,0,0,0,70
2,Lunedì,Pomeriggio,MALO,SP 046 Pasubio,Intersezione segnalata,Asciutto,Orizzontale,Nebbia,11.4297161302909,45.64176302255337,0,24.0,8,1,0,0,0,13,50
8,Venerdì,Pomeriggio,MALO,SP 046 Pasubio,Incrocio,Asciutto,Verticale,Sereno,11.428989569565724,45.64229391806953,0,24.0,8,1,0,0,0,13,50
7,Domenica,Notte,VICENZA,SP 046 Pasubio,Intersezione non segnalata,Sdrucciolevole,Verticale,Pioggia,11.506647361669948,45.579149146071586,0,49.0,0,0,0,0,0,0,90
10,Martedì,Sera,ROANA,SP 349 Costo,Intersezione con semaforo o vigile,Asciutto,Verticale,Sereno,11.45654214009832,45.85521921864891,0,117.0,0,0,0,0,0,0,50
2,Lunedì,Notte,VALDASTICO,SP 350 Val d'Astico,Intersezione non segnalata,Asciutto,Assente,Sereno,11.3593695425076,45.877668245072314,0,161.0,0,0,0,0,0,0,50
9,Domenica,Pomeriggio,THIENE,SP 349 var Costo Variante,Intersezione segnalata,Bagnato,Verticale,Pioggia,11.456805523878815,45.70087652236002,0,148.0,0,0,0,0,0,0,50
12,Venerdì,Notte,VICENZA,SP 046 Pasubio,Rettilineo,Asciutto,Verticale,Altro,11.503368719802738,45.54848713923359,0,45.0,0,0,0,0,0,0,70
7,Venerdì,Mattino,SANTORSO,SP 349 Costo,Curva,Bagnato,Assente,Sereno,11.403184599081992,45.736441015890136,0,75.0,4,0,0,0,0,0,70
2,Mercoledì,Pomeriggio,ROANA,SP 349 Costo,Galleria illuminata,Bagnato,Temporanea di cantiere,Sereno,11.468031026553682,45.89697196540819,0,81.0,0,0,0,0,0,0,50
7,Martedì,Sera,CHIUPPANO,SP 349 Costo,Galleria illuminata,Bagnato,Orizzontale,Pioggia,11.457481801803016,45.76777658176744,0,124.0,1,0,2,0,0,0,50
7,Lunedì,Sera,VICENZA,SP 046 Pasubio,Rettilineo,Asciutto,Verticale,Sereno,11.508028412031866,45.543635653443616,0,51.0,0,0,0,0,0,0,90
7,Mercoledì,Mattino,VALDASTICO,SP 350 Val d'Astico,Incrocio,Asciutto,Assente,Sereno,11.361983058936143,45.87263365632342,0,162.0,1,0,1,0,0,0,50
4,Domenica,Pomeriggio,VICENZA,SP 046 Pasubio,Dosso,Bagnato,Verticale,Sereno,11.49405172983434,45.56903361515867,0,47.0,0,0,0,0,0,0,90
8,Sabato,Notte,MALO,SP 046 Pasubio,Dosso,Sdrucciolevole,Verticale,Altro,11.406610684698425,45.666303265988184,0,20.0,3,0,0,0,0,0,50
7,Giovedì,Notte,PIOVENE ROCCHETTE,SP 350 Val d'Astico,Intersezione segnalata,Asciutto,Orizzontale,Altro,11.434924906005405,45.7632186970224,0,178.0,16,10,8,0,0,0,50
8,Venerdì,Notte,MALO,SP 046 Pasubio,Intersezione non segnalata,Asciutto,Temporanea di cantiere,Sereno,11.405536509250473,45.6703892257168,0,19.0,5,0,0,0,0,3,50
8,Domenica,Sera,LASTEBASSE,SP 350 Val d'Astico,Rettilineo,Asciutto,Assente,Sereno,11.264359829018137,45.917191552403374,0,151.0,0,0,0,0,0,0,50
10,Sabato,Mattino,VALDASTICO,SP 350 Val d'Astico,Intersezione non segnalata,Bagnato,Verticale,Sereno,11.370091922603764,45.83985316098816,0,165.0,2,0,0,0,0,0,50
11,Giovedì,Notte,VALLI DEL PASUBIO,SP 046 Pasubio,Pendenza,Asciutto,Assente,Sereno,11.185338192342002,45.75833294056749,0,1.0,0,0,0,0,0,0,50
10,Venerdì,Pomeriggio,ASIAGO,SP 349 Costo,Dosso,Bagnato,Assente,Sereno,11.416711394847264,45.951700144707445,0,89.0,0,0,0,0,0,0,50
11,Mercoledì,Pomeriggio,COGOLLO DEL CENGIO,SP 349 Costo,Intersezione segnalata,Bagnato,Orizzontale,Pioggia,11.422821866402623,45.803822042541114,0,103.0,0,0,0,0,0,0,70
3,Sabato,Notte,ROANA,SP 349 Costo,Curva,Bagnato,Assente,Pioggia,11.445134090446505,45.930692939813,0,85.0,0,0,0,0,0,0,50
4,Domenica,Notte,ASIAGO,SP 349 Costo,Intersezione con semaforo o vigile,Asciutto,Verticale,Sereno,11.49866672368719,45.876803573156096,0,76.0,5,0,4,0,0,0,50
7,Domenica,Mattino,ROANA,SP 349 Costo,Incrocio,Asciutto,Assente,Sereno,11.435207516763178,45.83199314756072,0,100.0,0,0,0,0,0,0,70
6,Domenica,Sera,VICENZA,SP 046 Pasubio,Dosso,Asciutto,Assente,Sereno,11.506087454917424,45.58226892665575,0,43.0,0,0,0,0,0,7,40
9,Martedì,Mattino,SCHIO,SP 349 Costo,Rotatoria,Bagnato,Temporanea di cantiere,Sereno,11.371174771257897,45.72832299194809,0,73.0,6,4,0,0,0,0,70
1,Mercoledì,Notte,MALO,SP 046 Pasubio,Curva,Asciutto,Verticale,Sereno,11.399966112792058,45.683369993285424,0,17.0,0,0,0,0,0,0,90
2,Martedì,Sera,VICENZA,SP 046 Pasubio,Curva,Asciutto,Assente,Sereno,11.508354639767536,45.541455342221454,0,62.0,0,0,0,0,0,0,90
9,Lunedì,Pomeriggio,CALDOGNO,SP 349 Costo,Rettilineo,Bagnato,Orizzontale,Altro,11.491388727786395,45.62537926228282,0,142.0,0,0,0,0,0,0,90
10,Martedì,Notte,COGOLLO DEL CENGIO,SP 349 Costo,Intersezione non segnalata,Bagnato,Verticale,Sereno,11.43515371880103,45.81742248642642,0,101.0,0,0,0,0,0,0,45
4,Martedì,Mattino,ZANE',SP 349 Costo,Pendenza,Asciutto,Verticale,Sereno,11.462588123294418,45.71371667342885,0,131.0,6,0,1,0,0,0,50
7,Venerdì,Sera,VICENZA,SP 046 Pasubio,Intersezione segnalata,Bagnato,Temporanea di cantiere,Pioggia,11.508251632813776,45.5424069139488,0,62.0,0,0,0,0,0,0,90
6,Lunedì,Notte,PIOVENE ROCCHETTE,SP 350 Val d'Astico,Dosso,Asciutto,Verticale,Sereno,11.431694543591874,45.76477467472771,0,178.0,16,10,8,0,0,0,50
3,Sabato,Notte,ARSIERO,SP 350 Val d'Astico,Rettilineo,Bagnato,Temporanea di cantiere,Sereno,11.363079076836684,45.815864747059905,0,168.0,0,0,0,0,0,0,50
7,Giovedì,Notte,VALLI DEL PASUBIO,SP 046 Pasubio,Intersezione con semaforo o vigile,Asciutto,Temporanea di cantiere,Sereno,11.250426992217797,45.74384256316675,0,10.0,0,0,0,0,0,0,50
10,Martedì,Sera,VILLAVERLA,SP 349 Costo,Pendenza,Asciutto,Verticale,Sereno,11.493677830662495,45.65649426003147,0,140.0,16,0,2,0,0,0,50
9,Mercoledì,Notte,VALLI DEL PASUBIO,SP 046 Pasubio,Intersezione con semaforo o vigile,Sdrucciolevole,Orizzontale,Pioggia,11.260408117365714,45.74083937121442,0,11.0,8,0,1,0,0,0,50
10,Domenica,Sera,SCHIO,SP 046 var Torrebelvicino,Rotatoria,Bagnato,Assente,Sereno,11.33308920854472,45.71416692423498,0,71.0,0,0,0,0,0,0,70
8,Domenica,Mattino,MALO,SP 046 Pasubio,Intersezione non segnalata,Bagnato,Temporanea di cantiere,Sereno,11.419363356911736,45.6523321269695,0,22.0,4,1,2,0,0,20,50
11,Mercoledì,Mattino,SANTORSO,SP 349 Costo,Galleria illuminata,Bagnato,Temporanea di cantiere,Nebbia,11.388603327676948,45.732794593535786,0,74.0,6,1,0,0,0,0,50
2,Martedì,Pomeriggio,ARSIERO,SP 350 Val d'Astico,Galleria illuminata,Bagnato,Orizzontale,Sereno,11.366398106274572,45.80322497475023,0,170.0,0,0,5,0,0,0,50
12,Venerdì,Pomeriggio,VALLI DEL PASUBIO,SP 046 Pasubio,Curva,Bagnato,Verticale,Pioggia,11.184657312875856,45.75822913854016,0,1.0,0,0,0,0,0,0,50
8,Giovedì,Notte,VALLI DEL PASUBIO,SP 046 Pasubio,Pendenza,Asciutto,Assente,Sereno,11.202231728958193,45.76029681880824,0,5.0,0,0,0,0,0,0,50
3,Giovedì,Pomeriggio,VALLI DEL PASUBIO,SP 046 Pasubio,Dosso,Asciutto,Verticale,Sereno,11.190801116235772,45.75804618364759,0,2.0,1,0,0,0,0,0,50
11,Martedì,Notte,VALDASTICO,SP 350 Val d'Astico,Rettilineo,Bagnato,Assente,Sereno,11.33178308745516,45.89783228729112,0,158.0,0,0,0,0,0,0,50
4,Lunedì,Mattino,PIOVENE ROCCHETTE,SP 349 Costo,Incrocio,Asciutto,Temporanea di cantiere,Altro,11.436769560501212,45.742704529706586,0,98.0,2,0,0,0,0,16,130
8,Sabato,Sera,TORREBELVICINO,SP 046 var Torrebelvicino,Galleria illuminata,Bagnato,Temporanea di cantiere,Sereno,11.321972838096713,45.713662891551365,0,70.0,1,2,0,0,0,0,38
3,Giovedì,Sera,THIENE,SP 349 Costo,Galleria illuminata,Bagnato,Temporanea di cantiere,Altro,11.487739814653647,45.67437842733081,0,137.0,9,0,3,0,2,0,130
3,Mercoledì,Mattino,VICENZA,SP 046 Pasubio,Incrocio,Asciutto,Assente,Sereno,11.498363745667502,45.555803032779465,0,55.0,0,0,0,0,0,0,50
7,Domenica,Sera,SANTORSO,SP 349 Costo,Incrocio,Asciutto,Temporanea di cantiere,Sereno,11.395660995761853,45.73462083610393,0,75.0,4,0,0,0,0,0,70
1,Lunedì,Mattino,ARSIERO,SP 350 Val d'Astico,Dosso,Bagnato,Orizzontale,Altro,11.364160649870666,45.81945504360659,0,168.0,0,0,0,0,0,0,50
3,Mercoledì,Mattino,THIENE,SP 349 Costo,Rettilineo,Bagnato,Temporanea di cantiere,Pioggia,11.488252696795264,45.67274927836855,0,137.0,9,0,3,0,2,0,130
7,Giovedì,Sera,VALLI DEL PASUBIO,SP 046 Pasubio,Intersezione non segnalata,Asciutto,Orizzontale,Sereno,11.22620722930804,45.752234500190696,0,8.0,0,0,0,0,0,0,70
5,Giovedì,Sera,COSTABISSARA,SP 046 Pasubio,Incrocio,Asciutto,Assente,Sereno,11.493464441664624,45.60351081640783,0,38.0,10,0,0,0,0,13,50
8,Venerdì,Mattino,MALO,SP 046 Pasubio,Curva,Ghiacciato,Temporanea di cantiere,Neve,11.406265528421857,45.667846767716576,0,20.0,3,0,0,0,0,0,50
8,Lunedì,Notte,ROANA,SP 349 Costo,Incrocio,Bagnato,Assente,Sereno,11.452884954487022,45.922626540572914,0,84.0,0,0,0,0,0,0,50
12,Lunedì,Mattino,VALDASTICO,SP 350 Val d'Astico,Curva,Asciutto,Orizzontale,Sereno,11.3682024432822,45.841749812343025,0,165.0,2,0,0,0,0,0,50
11,Lunedì,Mattino,LASTEBASSE,SP 350 Val d'Astico,Galleria illuminata,Bagnato,Temporanea di cantiere,Sereno,11.286140029440254,45.9133468396948,0,153.0,0,0,0,0,0,0,50
3,Venerdì,Notte,VILLAVERLA,SP 349 Costo,Intersezione con semaforo o vigile,Asciutto,Verticale,Sereno,11.491332862596108,45.66230966631595,0,138.0,0,0,0,0,0,193,90
9,Sabato,Notte,MALO,SP 046 Pasubio,Rotatoria,Asciutto,Orizzontale,Vento forte,11.43317350024443,45.63911860877756,0,24.0,8,1,0,0,0,13,50
8,Domenica,Pomeriggio,VALDASTICO,SP 350 Val d'Astico,Rettilineo,Asciutto,Orizzontale,Nebbia,11.350248768147816,45.89156497840151,0,159.0,0,0,0,0,0,0,50
8,Giovedì,Mattino,COSTABISSARA,SP 046 Pasubio,Intersezione con semaforo o vigile,Asciutto,Orizzontale,Sereno,11.492538875576296,45.60425779899984,0,35.0,14,0,0,0,0,7,50
10,Lunedì,Sera,COGOLLO DEL CENGIO,SP 349 Costo,Dosso,Bagnato,Temporanea di cantiere,Sereno,11.428577809333792,45.79295861173914,0,110.0,0,0,0,0,0,0,70
2,Venerdì,Notte,LASTEBASSE,SP 350 Val d'Astico,Rotatoria,Asciutto,Assente,Nebbia,11.29303490160714,45.91325404220189,0,154.0,0,0,0,0,0,0,50
5,Domenica,Pomeriggio,VICENZA,SP 046 Pasubio,Dosso,Asciutto,Temporanea di cantiere,Sereno,11.505349101022116,45.5785121776541,0,52.0,0,0,0,0,0,0,70
10,Giovedì,Notte,LASTEBASSE,SP 350 Val d'Astico,Incrocio,Bagnato,Verticale,Sereno,11.285811439283467,45.91336492800304,0,153.0,0,0,0,0,0,0,50
11,Sabato,Mattino,VALLI DEL PASUBIO,SP 046 Pasubio,Incrocio,Asciutto,Assente,Sereno,11.242461939854948,45.74387676127443,0,10.0,0,0,0,0,0,0,50
1,Venerdì,Pomeriggio,LASTEBASSE,SP 350 Val d'Astico,Curva,Bagnato,Verticale,Pioggia,11.300095034790228,45.910397597967325,0,154.0,0,0,0,0,0,0,50
6,Martedì,Notte,TORREBELVICINO,SP 046 Pasubio,Intersezione con semaforo o vigile,Bagnato,Temporanea di cantiere,Altro,11.289727659763429,45.71987568790518,0,15.0,0,0,0,0,0,0,50
3,Domenica,Pomeriggio,ARSIERO,SP 350 Val d'Astico,Incrocio,Asciutto,Temporanea di cantiere,Sereno,11.368659945593183,45.82660981700012,0,167.0,1,0,0,0,0,0,50
1,Domenica,Notte,ISOLA VICENTINA,SP 046 Pasubio,Galleria illuminata,Bagnato,Verticale,Pioggia,11.464434922314918,45.61661229668893,0,29.0,1,0,0,0,0,2,90
7,Lunedì,Notte,VALLI DEL PASUBIO,SP 046 Pasubio,Intersezione con semaforo o vigile,Asciutto,Temporanea di cantiere,Sereno,11.204730066632782,45.75902556562686,0,5.0,0,0,0,0,0,0,50
9,Lunedì,Pomeriggio,ISOLA VICENTINA,SP 046 Pasubio,Dosso,Asciutto,Verticale,Vento forte,11.44773583791599,45.62603049303837,0,28.0,4,0,0,0,0,5,50
7,Sabato,Mattino,VICENZA,SP 046 Pasubio,Incrocio,Asciutto,Orizzontale,Sereno,11.494738912596658,45.56316280074813,0,47.0,0,0,0,0,0,0,90
5,Sabato,Pomeriggio,ASIAGO,SP 349 Costo,Incrocio,Bagnato,Assente,Sereno,11.490645578621915,45.87927980425766,0,77.0,0,0,0,0,0,0,50
10,Sabato,Pomeriggio,SANTORSO,SP 349 Costo,Curva,Asciutto,Temporanea di cantiere,Sereno,11.40469348946605,45.736665886798306,0,95.0,1,0,1,0,0,0,50
8,Sabato,Pomeriggio,VALDASTICO,SP 350 Val d'Astico,Intersezione con semaforo o vigile,Asciutto,Assente,Sereno,11.358168431099624,45.88009776591963,0,161.0,0,0,0,0,0,0,50
11,Venerdì,Pomeriggio,SCHIO,SP 349 var Costo Variante,Intersezione con semaforo o vigile,Bagnato,Assente,Sereno,11.422302665554952,45.72391717529494,0,145.0,0,0,0,0,0,0,40
5,Sabato,Pomeriggio,MALO,SP 046 Pasubio,Galleria illuminata,Asciutto,Assente,Sereno,11.418832928474622,45.65307377001057,0,22.0,4,1,2,0,0,20,50
3,Martedì,Mattino,VICENZA,SP 046 Pasubio,Intersezione segnalata,Bagnato,Orizzontale,Nebbia,11.49548120010322,45.56049733191202,0,46.0,0,0,0,0,0,0,90
6,Sabato,Pomeriggio,COGOLLO DEL CENGIO,SP 349 Costo,Rotatoria,Innevato,Assente,Neve,11.438325101187182,45.787157913879945,0,111.0,0,0,0,0,2,0,70
7,Martedì,Mattino,LASTEBASSE,SP 350 Val d'Astico,Dosso,Bagnato,Temporanea di cantiere,Sereno,11.272092886118164,45.91534283287852,0,152.0,2,0,2,0,0,0,50
6,Lunedì,Sera,COGOLLO DEL CENGIO,SP 350 Val d'Astico,Dosso,Asciutto,Temporanea di cantiere,Sereno,11.41992525645052,45.78545053000177,0,175.0,6,1,6,0,0,0,50
10,Mercoledì,Notte,VALDASTICO,SP 350 Val d'Astico,Dosso,Asciutto,Assente,Sereno,11.36165242705347,45.85822721197862,0,163.0,2,0,1,0,0,0,50
1,Domenica,Pomeriggio,COSTABISSARA,SP 046 Pasubio,Pendenza,Asciutto,Orizzontale,Sereno,11.496138330427051,45.57298734137548,0,48.0,0,0,0,0,0,0,90
7,Venerdì,Sera,ISOLA VICENTINA,SP 046 Pasubio,Dosso,Asciutto,Verticale,Sereno,11.437054436625438,45.635780216497885,0,26.0,13,0,1,0,0,24,50
6,Domenica,Pomeriggio,ROANA,SP 349 Costo,Intersezione segnalata,Asciutto,Verticale,Vento forte,11.472022929933557,45.88667395631688,0,79.0,0,0,0,0,0,0,50
3,Mercoledì,Mattino,ROANA,SP 349 Costo,Incrocio,Bagnato,Assente,Altro,11.436574770746214,45.843401313552526,0,121.0,4,0,2,0,0,0,50
8,Giovedì,Mattino,ROANA,SP 349 Costo,Intersezione non segnalata,Asciutto,Temporanea di cantiere,Sereno,11.469910213959391,45.893640030843265,0,80.0,0,0,0,0,0,0,50
10,Sabato,Sera,MALO,SP 046 Pasubio,Curva,Asciutto,Orizzontale,Nebbia,11.403004191746962,45.676860781790495,0,19.0,5,0,0,0,0,3,50
7,Venerdì,Pomeriggio,MALO,SP 046 Pasubio,Rotatoria,Sdrucciolevole,Orizzontale,Pioggia,11.416772700925666,45.65594209544246,0,22.0,4,1,2,0,0,20,50
2,Giovedì,Sera,COGOLLO DEL CENGIO,SP 349 Costo,Intersezione non segnalata,Asciutto,Temporanea di cantiere,Sereno,11.42925911771383,45.7992331412475,0,104.0,0,0,0,0,0,0,70
1,Domenica,Pomeriggio,COGOLLO DEL CENGIO,SP 349 Costo,Incrocio,Bagnato,Verticale,Pioggia,11.426527423434264,45.80005909062586,0,104.0,0,0,0,0,0,0,70
6,Venerdì,Notte,ASIAGO,SP 349 Costo,Incrocio,Asciutto,Temporanea di cantiere,Sereno,11.492791756155958,45.86820417463158,0,134.0,0,0,0,0,0,0,70
9,Domenica,Pomeriggio,COGOLLO DEL CENGIO,SP 350 Val d'Astico,Rettilineo,Bagnato,Verticale,Sereno,11.429467197300491,45.78063212138875,0,176.0,0,0,0,0,0,0,20
4,Venerdì,Sera,VALDASTICO,SP 350 Val d'Astico,Rettilineo,Bagnato,Verticale,Altro,11.355714424300375,45.88408368019277,0,160.0,1,0,1,0,0,0,50
4,Mercoledì,Pomeriggio,ROANA,SP 349 Costo,Dosso,Bagnato,Verticale,Pioggia,11.453422154725455,45.8486297089611,0,118.0,0,0,0,0,0,0,50
11,Lunedì,Notte,ROANA,SP 349 Costo,Rotatoria,Bagnato,Verticale,Sereno,11.456416423652998,45.855958660586865,0,117.0,0,0,0,0,0,0,50
1,Mercoledì,Mattino,VICENZA,SP 046 Pasubio,Incrocio,Asciutto,Verticale,Sereno,11.504548347819425,45.58408350606665,0,42.0,7,0,1,0,0,20,50
1,Mercoledì,Notte,LASTEBASSE,SP 350 Val d'Astico,Incrocio,Bagnato,Orizzontale,Altro,11.261983335874532,45.918366979140174,0,151.0,0,0,0,0,0,0,50
2,Domenica,Mattino,ROANA,SP 349 Costo,Dosso,Asciutto,Verticale,Sereno,11.436210962569351,45.82862022723782,0,100.0,0,0,0,0,0,0,70
12,Domenica,Pomeriggio,VALLI DEL PASUBIO,SP 046 Pasubio,Rettilineo,Sdrucciolevole,Verticale,Altro,11.228577614230096,45.75084705803354,0,8.0,0,0,0,0,0,0,70
6,Mercoledì,Sera,ROANA,SP 349 Costo,Galleria illuminata,Asciutto,Temporanea di cantiere,Vento forte,11.475080645045074,45.865432012034866,0,132.0,17,0,5,0,0,0,50
2,Mercoledì,Pomeriggio,ASIAGO,SP 349 Costo,Pendenza,Bagnato,Temporanea di cantiere,Sereno,11.418154648448631,45.95106841895843,0,89.0,0,0,0,0,0,0,50
4,Giovedì,Sera,TORREBELVICINO,SP 046 var Torrebelvicino,Curva,Bagnato,Verticale,Pioggia,11.320565824035848,45.71362019824917,0,70.0,1,2,0,0,0,0,38
12,Lunedì,Pomeriggio,THIENE,SP 349 var Costo Variante,Curva,Bagnato,Assente,Pioggia,11.452906243497528,45.704765432233096,0,148.0,0,0,0,0,0,0,50
9,Giovedì,Pomeriggio,ZANE',SP 349 var Costo Variante,Rotatoria,Asciutto,Assente,Nebbia,11.436165908605709,45.71343497910779,0,146.0,0,0,0,1,0,0,40
3,Lunedì,Sera,LASTEBASSE,SP 350 Val d'Astico,Rettilineo,Asciutto,Verticale,Sereno,11.28819972208727,45.91287532071069,0,153.0,0,0,0,0,0,0,50
3,Lunedì,Pomeriggio,LASTEBASSE,SP 350 Val d'Astico,Dosso,Bagnato,Temporanea di cantiere,Sereno,11.313681041084116,45.90736478855039,0,156.0,1,0,0,0,0,0,50
1,Venerdì,Notte,LASTEBASSE,SP 350 Val d'Astico,Intersezione segnalata,Asciutto,Temporanea di cantiere,Sereno,11.290158876061174,45.913075883621175,0,154.0,0,0,0,0,0,0,50
10,Sabato,Sera,COGOLLO DEL CENGIO,SP 349 Costo,Curva,Bagnato,Temporanea di cantiere,Pioggia,11.422977092787042,45.801297066110656,0,103.0,0,0,0,0,0,0,70
2,Martedì,Sera,PIOVENE ROCCHETTE,SP 349 Costo,Rettilineo,Asciutto,Temporanea di cantiere,Nebbia,11.418517988717149,45.74311244240274,0,94.0,4,0,0,0,1,0,50
4,Sabato,Pomeriggio,ZANE',SP 349 var Costo Variante,Intersezione non segnalata,Bagnato,Assente,Nebbia,11.434546716977332,45.71424430224119,0,146.0,0,0,0,1,0,0,40
5,Martedì,Sera,ASIAGO,SP 349 Costo,Intersezione segnalata,Asciutto,Orizzontale,Sereno,11.4918466488557,45.86859701357472,0,134.0,0,0,0,0,0,0,70
8,Lunedì,Notte,VALDASTICO,SP 350 Val d'Astico,Rettilineo,Asciutto,Assente,Sereno,11.368458271893632,45.84147348639487,0,165.0,2,0,0,0,0,0,50
8,Mercoledì,Sera,CHIUPPANO,SP 349 Costo,Galleria illuminata,Bagnato,Orizzontale,Sereno,11.451271412292323,45.76457963419047,0,124.0,1,0,2,0,0,0,50
10,Giovedì,Pomeriggio,ROANA,SP 349 Costo,Pendenza,Bagnato,Assente,Nebbia,11.436310370047536,45.944149351801755,0,87.0,0,0,0,0,0,0,50
4,Lunedì,Notte,VALDASTICO,SP 350 Val d'Astico,Rotatoria,Asciutto,Verticale,Sereno,11.358993209659223,45.87858443932975,0,161.0,0,0,0,0,0,0,50
5,Venerdì,Notte,CALDOGNO,SP 349 Costo,Rettilineo,Asciutto,Orizzontale,Nebbia,11.491415995822951,45.622112713136715,0,143.0,0,0,0,0,0,3,70
5,Sabato,Sera,VICENZA,SP 046 Pasubio,Pendenza,Asciutto,Temporanea di cantiere,Sereno,11.502187631805258,45.55033761369452,0,45.0,0,0,0,0,0,0,70
1,Mercoledì,Sera,ROANA,SP 349 Costo,Incrocio,Asciutto,Assente,Sereno,11.442568478435188,45.93497756236768,0,86.0,0,0,0,0,0,0,50
9,Mercoledì,Sera,ROANA,SP 349 Costo,Incrocio,Asciutto,Assente,Altro,11.465965036862768,45.8983495082619,0,81.0,0,0,0,0,0,0,50
7,Sabato,Notte,PIOVENE ROCCHETTE,SP 349 Costo,Galleria illuminata,Asciutto,Orizzontale,Sereno,11.42251639137942,45.74552473261334,0,93.0,12,5,2,0,3,0,50
6,Giovedì,Sera,COGOLLO DEL CENGIO,SP 349 Costo,Intersezione segnalata,Bagnato,Verticale,Sereno,11.42481740360408,45.79516327186015,0,109.0,0,0,0,0,0,0,70
12,Venerdì,Sera,ZANE',SP 349 Costo,Rettilineo,Sdrucciolevole,Verticale,Pioggia,11.462815788278771,45.71358284662571,0,131.0,6,0,1,0,0,0,50
3,Mercoledì,Pomeriggio,ROANA,SP 349 Costo,Dosso,Bagnato,Temporanea di cantiere,Sereno,11.4865532921975,45.88005361383707,0,78.0,0,0,1,0,0,0,50
12,Venerdì,Mattino,MALO,SP 046 Pasubio,Incrocio,Sdrucciolevole,Temporanea di cantiere,Altro,11.39972985481796,45.68387819702372,0,17.0,0,0,0,0,0,0,90
9,Giovedì,Mattino,TORREBELVICINO,SP 046 Pasubio,Intersezione non segnalata,Sdrucciolevole,Temporanea di cantiere,Altro,11.28299807022232,45.72254064349784,0,14.0,0,0,0,0,0,0,30
3,Domenica,Notte,THIENE,SP 349 Costo,Intersezione con semaforo o vigile,Bagnato,Temporanea di cantiere,Pioggia,11.484968317025675,45.68327224061779,0,136.0,3,0,0,0,1,0,70
9,Domenica,Sera,TORREBELVICINO,SP 046 Pasubio,Pendenza,Bagnato,Temporanea di cantiere,Sereno,11.279914702223303,45.726846037077024,0,13.0,1,0,0,0,0,0,30
10,Lunedì,Sera,ROANA,SP 349 Costo,Galleria illuminata,Asciutto,Assente,Sereno,11.437716172202965,45.82058523512704,0,101.0,0,0,0,0,0,0,45
5,Giovedì,Mattino,COGOLLO DEL CENGIO,SP 349 Costo,Incrocio,Bagnato,Orizzontale,Vento forte,11.433498347855638,45.7961281649376,0,106.0,0,0,0,0,0,0,70
5,Martedì,Sera,ISOLA VICENTINA,SP 046 Pasubio,Rotatoria,Asciutto,Verticale,Sereno,11.459513827677954,45.62060379746819,0,29.0,1,0,0,0,0,2,90
11,Lunedì,Pomeriggio,ROANA,SP 349 Costo,Pendenza,Asciutto,Orizzontale,Altro,11.43370677627134,45.841079068646344,0,121.0,4,0,2,0,0,0,50
2,Martedì,Notte,COGOLLO DEL CENGIO,SP 350 Val d'Astico,Rettilineo,Bagnato,Assente,Pioggia,11.42673052683543,45.77325264702869,0,177.0,3,0,3,0,0,0,50
1,Venerdì,Sera,VALLI DEL PASUBIO,SP 046 Pasubio,Intersezione non segnalata,Bagnato,Temporanea di cantiere,Sereno,11.221174832142143,45.75463429391823,0,7.0,1,0,0,0,0,0,45
8,Mercoledì,Sera,ZANE',SP 349 Costo,Curva,Asciutto,Orizzontale,Sereno,11.454984481959436,45.71761269944239,0,127.0,12,10,2,1,0,0,50
11,Giovedì,Notte,CALDOGNO,SP 349 Costo,Pendenza,Bagnato,Temporanea di cantiere,Pioggia,11.4916746259109,45.63199568484378,0,142.0,0,0,0,0,0,0,90
7,Giovedì,Notte,CHIUPPANO,SP 349 Costo,Incrocio,Asciutto,Temporanea di cantiere,Sereno,11.4576260479359,45.7689355201661,0,129.0,1,0,1,0,0,0,50
2,Sabato,Mattino,ISOLA VICENTINA,SP 046 Pasubio,Galleria illuminata,Asciutto,Temporanea di cantiere,Sereno,11.444623241667486,45.62804694461556,0,27.0,7,0,0,0,0,1,50
7,Giovedì,Notte,ARSIERO,SP 350 Val d'Astico,Pendenza,Sdrucciolevole,Verticale,Pioggia,11.367260482167705,45.82424637202809,0,167.0,1,0,0,0,0,0,50
4,Giovedì,Mattino,MALO,SP 046 Pasubio,Intersezione segnalata,Asciutto,Temporanea di cantiere,Sereno,11.40397814653589,45.67471540617099,0,19.0,5,0,0,0,0,3,50
10,Domenica,Notte,CHIUPPANO,SP 349 Costo,Intersezione con semaforo o vigile,Asciutto,Verticale,Sereno,11.451408995937676,45.7646575822019,0,124.0,1,0,2,0,0,0,50
8,Mercoledì,Pomeriggio,VICENZA,SP 046 Pasubio,Intersezione segnalata,Sdrucciolevole,Assente,Pioggia,11.5042671169081,45.54737658711949,0,45.0,0,0,0,0,0,0,70
5,Martedì,Sera,VICENZA,SP 046 Pasubio,Rotatoria,Bagnato,Verticale,Nebbia,11.507895615269735,45.54251278663992,0,60.0,0,0,0,0,0,0,70
8,Martedì,Mattino,SANTORSO,SP 349 Costo,Dosso,Asciutto,Orizzontale,Sereno,11.385046805017035,45.73189039382885,0,74.0,6,1,0,0,0,0,50
9,Martedì,Pomeriggio,COGOLLO DEL CENGIO,SP 349 Costo,Curva,Asciutto,Temporanea di cantiere,Altro,11.42510440849006,45.8091721404311,0,103.0,0,0,0,0,0,0,70
9,Sabato,Notte,LASTEBASSE,SP 350 Val d'Astico,Pendenza,Bagnato,Assente,Altro,11.316393799974067,45.90315368988358,0,156.0,1,0,0,0,0,0,50
5,Giovedì,Sera,ARSIERO,SP 350 Val d'Astico,Rotatoria,Bagnato,Temporanea di cantiere,Sereno,11.37722216146645,45.80162857841206,0,171.0,1,0,3,0,0,0,50
7,Venerdì,Sera,ROANA,SP 349 Costo,Dosso,Asciutto,Assente,Sereno,11.435118705302177,45.84244033670199,0,121.0,4,0,2,0,0,0,50
1,Mercoledì,Pomeriggio,LASTEBASSE,SP 350 Val d'Astico,Pendenza,Asciutto,Temporanea di cantiere,Nebbia,11.28673899597467,45.91320324963131,0,153.0,0,0,0,0,0,0,50
5,Domenica,Notte,VALLI DEL PASUBIO,SP 046 Pasubio,Pendenza,Asciutto,Assente,Sereno,11.265767059662396,45.73815191075764,0,12.0,2,0,0,0,0,0,50
5,Lunedì,Sera,COSTABISSARA,SP 046 Pasubio,Intersezione segnalata,Innevato,Assente,Neve,11.496878389913526,45.59506736458371,0,40.0,21,1,0,0,0,44,50
7,Martedì,Pomeriggio,ASIAGO,SP 349 Costo,Incrocio,Asciutto,Assente,Sereno,11.493618572849478,45.87978602284198,0,77.0,0,0,0,0,0,0,50
12,Mercoledì,Notte,ISOLA VICENTINA,SP 046 Pasubio,Rotatoria,Asciutto,Verticale,Sereno,11.435821120247304,45.637347576796984,0,26.0,13,0,1,0,0,24,50
6,Domenica,Pomeriggio,ZANE',SP 349 Costo,Curva,Bagnato,Verticale,Sereno,11.462814703829087,45.71358348409316,0,131.0,6,0,1,0,0,0,50
8,Mercoledì,Mattino,VICENZA,SP 046 Pasubio,Dosso,Asciutto,Assente,Altro,11.506618512242822,45.545449001265354,0,51.0,0,0,0,0,0,0,90
2,Domenica,Mattino,THIENE,SP 349 var Costo Variante,Dosso,Asciutto,Verticale,Sereno,11.45494139523116,45.702942051093295,0,148.0,0,0,0,0,0,0,50
6,Venerdì,Notte,THIENE,SP 349 Costo,Pendenza,Sdrucciolevole,Temporanea di cantiere,Altro,11.48848973697184,45.67201403185329,0,137.0,9,0,3,0,2,0,130
9,Mercoledì,Notte,VICENZA,SP 046 Pasubio,Intersezione segnalata,Asciutto,Orizzontale,Sereno,11.506370838767983,45.54502139183008,0,57.0,0,0,0,0,0,0,90
9,Domenica,Mattino,MALO,SP 046 Pasubio,Galleria illuminata,Bagnato,Verticale,Nebbia,11.424705162848598,45.64687218103862,0,23.0,2,0,0,0,0,98,45
12,Mercoledì,Notte,ASIAGO,SP 349 Costo,Incrocio,Asciutto,Assente,Altro,11.41524926485936,45.95117285973227,0,89.0,0,0,0,0,0,0,50
6,Martedì,Sera,ROANA,SP 349 Costo,Pendenza,Asciutto,Assente,Sereno,11.453386592014748,45.84886794364159,0,118.0,0,0,0,0,0,0,50
11,Venerdì,Sera,VALLI DEL PASUBIO,SP 046 Pasubio,Rettilineo,Bagnato,Assente,Sereno,11.198801362347824,45.760697565871006,0,4.0,0,0,0,0,0,0,50
12,Mercoledì,Mattino,VALDASTICO,SP 350 Val d'Astico,Galleria illuminata,Bagnato,Assente,Nebbia,11.369757661200884,45.83593569744092,0,166.0,1,0,0,0,0,0,50
7,Giovedì,Sera,ASIAGO,SP 349 Costo,Intersezione con semaforo o vigile,Sdrucciolevole,Orizzontale,Neve,11.50344021308298,45.87298393970199,0,133.0,4,0,6,0,1,0,50
2,Venerdì,Sera,ROANA,SP 349 Costo,Intersezione non segnalata,Asciutto,Assente,Sereno,11.436100973602402,45.94294447589284,0,87.0,0,0,0,0,0,0,50
5,Mercoledì,Notte,MALO,SP 046 Pasubio,Pendenza,Asciutto,Assente,Sereno,11.429023578953055,45.64227080388557,0,24.0,8,1,0,0,0,13,50
7,Lunedì,Pomeriggio,VICENZA,SP 046 rac Pasubio Raccordo del Sole,Galleria illuminata,Bagnato,Temporanea di cantiere,Sereno,11.507778641547889,45.537273709104426,0,65.0,0,0,0,0,0,11,50
12,Venerdì,Notte,VALLI DEL PASUBIO,SP 046 Pasubio,Curva,Bagnato,Verticale,Pioggia,11.205946104850618,45.7584379369875,0,5.0,0,0,0,0,0,0,50
10,Mercoledì,Pomeriggio,TORREBELVICINO,SP 046 var Torrebelvicino,Incrocio,Asciutto,Assente,Sereno,11.308710837357534,45.71600127933337,0,69.0,2,2,1,0,0,0,50
1,Sabato,Pomeriggio,COGOLLO DEL CENGIO,SP 349 Costo,Pendenza,Asciutto,Temporanea di cantiere,Sereno,11.428026735574736,45.79542003082725,0,108.0,0,0,0,0,2,0,70
11,Martedì,Mattino,ASIAGO,SP 349 Costo,Rotatoria,Sdrucciolevole,Assente,Neve,11.419669791003704,45.95184847692035,0,89.0,0,0,0,0,0,0,50
5,Lunedì,Mattino,LASTEBASSE,SP 350 Val d'Astico,Intersezione non segnalata,Asciutto,Verticale,Sereno,11.259854530103482,45.91936655077173,0,151.0,0,0,0,0,0,0,50
10,Lunedì,Notte,ASIAGO,SP 349 Costo,Galleria illuminata,Asciutto,Orizzontale,Altro,11.409375044677033,45.94716208264085,0,90.0,0,0,0,0,0,0,50
7,Lunedì,Sera,TORREBELVICINO,SP 046 Pasubio,Galleria illuminata,Asciutto,Verticale,Sereno,11.280038619949735,45.72609075893269,0,13.0,1,0,0,0,0,0,30
6,Giovedì,Notte,COGOLLO DEL CENGIO,SP 349 Costo,Intersezione segnalata,Asciutto,Verticale,Sereno,11.42531276066782,45.80081474058796,0,104.0,0,0,0,0,0,0,70
1,Martedì,Pomeriggio,THIENE,SP 349 Costo,Curva,Asciutto,Orizzontale,Sereno,11.48949708373456,45.66888484803993,0,137.0,9,0,3,0,2,0,130
2,Martedì,Mattino,VALDASTICO,SP 350 Val d'Astico,Curva,Bagnato,Orizzontale,Sereno,11.36158242507323,45.85914911186254,0,163.0,2,0,1,0,0,0,50
8,Giovedì,Pomeriggio,LASTEBASSE,SP 350 Val d'Astico,Dosso,Asciutto,Orizzontale,Nebbia,11.321502823186403,45.902636661505476,0,157.0,0,0,0,0,0,0,50
7,Giovedì,Pomeriggio,ARSIERO,SP 350 Val d'Astico,Galleria illuminata,Bagnato,Orizzontale,Pioggia,11.368919348418942,45.83070039576393,0,166.0,1,0,0,0,0,0,50
7,Martedì,Mattino,SCHIO,SP 349 Costo,Intersezione con semaforo o vigile,Asciutto,Orizzontale,Nebbia,11.371727473091749,45.72846022969568,0,73.0,6,4,0,0,0,0,70
2,Domenica,Sera,TORREBELVICINO,SP 046 Pasubio,Incrocio,Asciutto,Temporanea di cantiere,Sereno,11.281220877785906,45.72385344372152,0,14.0,0,0,0,0,0,0,30
7,Lunedì,Notte,CHIUPPANO,SP 349 Costo,Rettilineo,Asciutto,Orizzontale,Sereno,11.455966933523646,45.76715955708188,0,124.0,1,0,2,0,0,0,50
1,Domenica,Notte,ASIAGO,SP 349 Costo,Rotatoria,Bagnato,Verticale,Sereno,11.413883090090872,45.95016906845617,0,89.0,0,0,0,0,0,0,50
2,Sabato,Sera,COGOLLO DEL CENGIO,SP 349 Costo,Dosso,Asciutto,Orizzontale,Nebbia,11.432216670479232,45.79547698618585,0,107.0,0,0,0,0,2,0,70
6,Venerdì,Mattino,THIENE,SP 349 Costo,Incrocio,Bagnato,Orizzontale,Sereno,11.488753394663837,45.67122686738452,0,137.0,9,0,3,0,2,0,130
8,Lunedì,Mattino,ASIAGO,SP 349 Costo,Galleria illuminata,Asciutto,Orizzontale,Sereno,11.386582003407517,45.95175599625366,0,92.0,0,0,0,0,0,0,50
8,Domenica,Notte,SANTORSO,SP 349 Costo,Rettilineo,Asciutto,Temporanea di cantiere,Sereno,11.377822173171472,45.730033379527256,0,73.0,6,4,0,0,0,0,70
12,Venerdì,Pomeriggio,THIENE,SP 349 Costo,Intersezione non segnalata,Asciutto,Assente,Sereno,11.48525643932104,45.682356254280734,0,136.0,3,0,0,0,1,0,70
11,Sabato,Mattino,ROANA,SP 349 Costo,Dosso,Bagnato,Orizzontale,Pioggia,11.44549102385698,45.93024434902081,0,85.0,0,0,0,0,0,0,50
5,Domenica,Mattino,VICENZA,SP 046 rac Pasubio Raccordo del Sole,Dosso,Bagnato,Orizzontale,Pioggia,11.508680908042496,45.5374211852712,0,67.0,0,0,0,0,0,5,50
10,Mercoledì,Mattino,LASTEBASSE,SP 350 Val d'Astico,Galleria illuminata,Sdrucciolevole,Temporanea di cantiere,Altro,11.26548121266424,45.916682859587105,0,151.0,0,0,0,0,0,0,50
2,Sabato,Mattino,THIENE,SP 349 Costo,Intersezione segnalata,Asciutto,Assente,Sereno,11.484743898236411,45.683945484490486,0,136.0,3,0,0,0,1,0,70
11,Lunedì,Sera,COGOLLO DEL CENGIO,SP 349 Costo,Pendenza,Asciutto,Orizzontale,Sereno,11.43272127952538,45.79461770095456,0,108.0,0,0,0,0,2,0,70
5,Sabato,Pomeriggio,ROANA,SP 349 Costo,Galleria illuminata,Asciutto,Temporanea di cantiere,Sereno,11.47002653116958,45.89202764995593,0,80.0,0,0,0,0,0,0,50
10,Lunedì,Sera,ROANA,SP 349 Costo,Intersezione con semaforo o vigile,Asciutto,Verticale,Nebbia,11.477185537602466,45.8837344790993,0,79.0,0,0,0,0,0,0,50
12,Giovedì,Notte,SCHIO,SP 046 Pasubio,Pendenza,Sdrucciolevole,Orizzontale,Pioggia,11.386038913213444,45.69581458404575,0,16.0,0,0,0,0,0,0,50
9,Giovedì,Pomeriggio,ROANA,SP 349 Costo,Galleria illuminata,Asciutto,Verticale,Sereno,11.456714327373028,45.85478326101939,0,117.0,0,0,0,0,0,0,50
12,Giovedì,Mattino,VICENZA,SP 046 rac Pasubio Raccordo del Sole,Intersezione segnalata,Asciutto,Temporanea di cantiere,Nebbia,11.508137604727048,45.538289602692075,0,68.0,1,0,0,0,0,12,50
1,Martedì,Notte,VALDASTICO,SP 350 Val d'Astico,Pendenza,Bagnato,Verticale,Sereno,11.360149900791225,45.8742877059476,0,161.0,0,0,0,0,0,0,50
3,Giovedì,Notte,ISOLA VICENTINA,SP 046 Pasubio,Incrocio,Asciutto,Assente,Sereno,11.465889327565256,45.615220673088935,0,30.0,2,4,0,0,0,1,50
8,Mercoledì,Pomeriggio,COGOLLO DEL CENGIO,SP 349 Costo,Dosso,Asciutto,Verticale,Sereno,11.43232158301752,45.78889090998954,0,110.0,0,0,0,0,0,0,70
7,Giovedì,Mattino,ISOLA VICENTINA,SP 046 Pasubio,Dosso,Asciutto,Orizzontale,Sereno,11.480641559325198,45.60839275128255,0,33.0,0,0,0,0,0,14,60
2,Domenica,Notte,TORREBELVICINO,SP 046 Pasubio,Pendenza,Asciutto,Assente,Vento forte,11.27691423987789,45.730620491385544,0,13.0,1,0,0,0,0,0,30
9,Giovedì,Pomeriggio,VICENZA,SP 046 Pasubio,Rotatoria,Bagnato,Assente,Pioggia,11.49623976708544,45.55915562547587,0,46.0,0,0,0,0,0,0,90
1,Martedì,Mattino,ROANA,SP 349 Costo,Pendenza,Bagnato,Temporanea di cantiere,Nebbia,11.445869328190836,45.929935349717965,0,85.0,0,0,0,0,0,0,50
12,Giovedì,Pomeriggio,ROANA,SP 349 Costo,Incrocio,Bagnato,Temporanea di cantiere,Vento forte,11.433601919599608,45.840667692720224,0,99.0,6,0,3,0,0,2,50
2,Martedì,Pomeriggio,LASTEBASSE,SP 350 Val d'Astico,Intersezione non segnalata,Asciutto,Assente,Nebbia,11.288951520129602,45.912906717644645,0,153.0,0,0,0,0,0,0,50
6,Sabato,Notte,TORREBELVICINO,SP 046 Pasubio,Incrocio,Asciutto,Verticale,Sereno,11.300188722401613,45.71906362191402,0,15.0,0,0,0,0,0,0,50
10,Sabato,Sera,COGOLLO DEL CENGIO,SP 349 Costo,Pendenza,Asciutto,Orizzontale,Sereno,11.43557335251024,45.7878777997643,0,111.0,0,0,0,0,2,0,70
7,Martedì,Sera,PIOVENE ROCCHETTE,SP 350 Val d'Astico,Galleria illuminata,Asciutto,Temporanea di cantiere,Sereno,11.4275120606089,45.76878560426388,0,177.0,3,0,3,0,0,0,50
9,Venerdì,Notte,COGOLLO DEL CENGIO,SP 350 Val d'Astico,Dosso,Bagnato,Temporanea di cantiere,Altro,11.428155281706552,45.7761960028543,0,176.0,0,0,0,0,0,0,20
9,Sabato,Mattino,VICENZA,SP 046 Pasubio,Rettilineo,Sdrucciolevole,Temporanea di cantiere,Altro,11.509246394397229,45.580833564491776,0,44.0,0,0,0,0,0,6,40
12,Venerdì,Mattino,COGOLLO DEL CENGIO,SP 350 Val d'Astico,Curva,Asciutto,Temporanea di cantiere,Nebbia,11.403605348981026,45.79158645435809,0,173.0,0,0,1,0,0,0,90
6,Venerdì,Notte,ROANA,SP 349 Costo,Intersezione con semaforo o vigile,Bagnato,Verticale,Sereno,11.455354644262032,45.91615419192473,0,83.0,0,0,0,0,0,0,50
12,Mercoledì,Sera,COGOLLO DEL CENGIO,SP 350 Val d'Astico,Pendenza,Bagnato,Temporanea di cantiere,Sereno,11.402857697722975,45.79173376722355,0,173.0,0,0,1,0,0,0,90
7,Martedì,Mattino,VICENZA,SP 046 rac Pasubio Raccordo del Sole,Intersezione segnalata,Asciutto,Verticale,Vento forte,11.508171213086513,45.54046932398339,0,64.0,0,0,0,0,0,6,90
11,Sabato,Pomeriggio,VALDASTICO,SP 350 Val d'Astico,Intersezione non segnalata,Asciutto,Verticale,Sereno,11.355598192800391,45.885058034934474,0,160.0,1,0,1,0,0,0,50
9,Mercoledì,Pomeriggio,VICENZA,SP 046 Pasubio,Pendenza,Asciutto,Orizzontale,Sereno,11.494562603564017,45.56442431625688,0,47.0,0,0,0,0,0,0,90
2,Sabato,Sera,SANTORSO,SP 349 Costo,Intersezione con semaforo o vigile,Bagnato,Temporanea di cantiere,Sereno,11.398413752742195,45.73529860881648,0,75.0,4,0,0,0,0,0,70
8,Domenica,Notte,CALDOGNO,SP 349 Costo,Galleria illuminata,Asciutto,Assente,Sereno,11.490406208643906,45.61470758885879,0,143.0,0,0,0,0,0,3,70
11,Martedì,Notte,SAN VITO DI LEGUZZANO,SP 046 Pasubio,Intersezione segnalata,Bagnato,Verticale,Pioggia,11.39857445910978,45.685778792213455,0,17.0,0,0,0,0,0,0,90
2,Giovedì,Notte,VALDASTICO,SP 350 Val d'Astico,Intersezione con semaforo o vigile,Bagnato,Verticale,Altro,11.358002959885084,45.880266193943235,0,161.0,0,0,0,0,0,0,50
11,Lunedì,Mattino,ASIAGO,SP 349 Costo,Incrocio,Asciutto,Verticale,Nebbia,11.390398162193344,45.95144499243991,0,92.0,0,0,0,0,0,0,50
2,Mercoledì,Pomeriggio,MARANO VICENTINO,SP 349 var Costo Variante,Rotatoria,Asciutto,Temporanea di cantiere,Sereno,11.438234883700108,45.71240085440866,0,146.0,0,0,0,1,0,0,40
11,Venerdì,Notte,VALDASTICO,SP 350 Val d'Astico,Intersezione non segnalata,Asciutto,Verticale,Sereno,11.365643433827683,45.849067891008126,0,164.0,0,0,0,0,0,0,50
10,Venerdì,Sera,VICENZA,SP 046 Pasubio,Dosso,Asciutto,Verticale,Altro,11.50403433115894,45.54763607616148,0,45.0,0,0,0,0,0,0,70
2,Giovedì,Notte,VICENZA,SP 046 Pasubio,Incrocio,Asciutto,Assente,Sereno,11.50155256518291,45.55112197219378,0,55.0,0,0,0,0,0,0,50
9,Martedì,Mattino,COGOLLO DEL CENGIO,SP 349 Costo,Incrocio,Bagnato,Orizzontale,Sereno,11.430407853786852,45.79603636153081,0,107.0,0,0,0,0,2,0,70
2,Giovedì,Sera,VALDASTICO,SP 350 Val d'Astico,Intersezione segnalata,Bagnato,Temporanea di cantiere,Pioggia,11.363782759893684,45.85232517047677,0,164.0,0,0,0,0,0,0,50
7,Giovedì,Pomeriggio,COGOLLO DEL CENGIO,SP 350 Val d'Astico,Galleria illuminata,Asciutto,Orizzontale,Sereno,11.413862822467792,45.78766510705026,0,174.0,3,0,0,0,0,0,70
3,Sabato,Sera,MALO,SP 046 Pasubio,Rettilineo,Bagnato,Temporanea di cantiere,Vento forte,11.406918480531964,45.66584974230371,0,21.0,8,0,0,0,0,37,50
3,Martedì,Notte,VALLI DEL PASUBIO,SP 046 Pasubio,Rettilineo,Sdrucciolevole,Verticale,Pioggia,11.237145028031536,45.74641082658209,0,9.0,0,0,0,0,0,0,40
6,Venerdì,Mattino,SANTORSO,SP 349 Costo,Rettilineo,Asciutto,Verticale,Sereno,11.38515536666797,45.73191837218519,0,74.0,6,1,0,0,0,0,50
5,Venerdì,Pomeriggio,ASIAGO,SP 349 Costo,Pendenza,Asciutto,Assente,Sereno,11.43332909205492,45.94889052677778,0,87.0,0,0,0,0,0,0,50
1,Mercoledì,Notte,VICENZA,SP 046 Pasubio,Rotatoria,Asciutto,Orizzontale,Altro,11.495362805721172,45.57220484789256,0,48.0,0,0,0,0,0,0,90
6,Martedì,Sera,ROANA,SP 349 Costo,Curva,Sdrucciolevole,Orizzontale,Pioggia,11.44537812788184,45.93038163813272,0,85.0,0,0,0,0,0,0,50
4,Giovedì,Sera,VICENZA,SP 046 Pasubio,Galleria illuminata,Bagnato,Temporanea di cantiere,Pioggia,11.495815048065843,45.55983363422139,0,46.0,0,0,0,0,0,0,90
2,Domenica,Pomeriggio,ROANA,SP 349 Costo,Intersezione con semaforo o vigile,Asciutto,Orizzontale,Sereno,11.445027608207493,45.846323742672986,0,120.0,0,0,2,0,0,0,50
4,Martedì,Notte,SANTORSO,SP 349 Costo,Rettilineo,Sdrucciolevole,Verticale,Altro,11.413843318215193,45.74069292021931,0,94.0,4,0,0,0,1,0,50
1,Lunedì,Notte,VALLI DEL PASUBIO,SP 046 Pasubio,Incrocio,Asciutto,Orizzontale,Vento forte,11.266372342500052,45.73754081215118,0,12.0,2,0,0,0,0,0,50
11,Martedì,Notte,MARANO VICENTINO,SP 349 var Costo Variante,Incrocio,Asciutto,Orizzontale,Sereno,11.428211151377091,45.71774421917274,0,145.0,0,0,0,0,0,0,40
12,Lunedì,Mattino,PIOVENE ROCCHETTE,SP 349 Costo,Galleria illuminata,Asciutto,Verticale,Sereno,11.435267298400564,45.744695551904265,0,97.0,7,0,0,0,0,0,50
5,Sabato,Sera,VICENZA,SP 046 Pasubio,Intersezione non segnalata,Bagnato,Orizzontale,Pioggia,11.50201373394477,45.55059547812316,0,45.0,0,0,0,0,0,0,70
11,Domenica,Notte,CARRE',SP 349 Costo,Dosso,Innevato,Assente,Neve,11.44034506111482,45.73777510830982,0,125.0,2,1,0,0,0,11,50
6,Martedì,Sera,TORREBELVICINO,SP 046 Pasubio,Pendenza,Bagnato,Orizzontale,Nebbia,11.279923238652287,45.72673776750989,0,13.0,1,0,0,0,0,0,30
11,Mercoledì,Notte,CALTRANO,SP 349 Costo,Curva,Asciutto,Orizzontale,Altro,11.455220438277848,45.77075762731149,0,128.0,3,0,2,0,0,0,50
3,Domenica,Sera,VALLI DEL PASUBIO,SP 046 Pasubio,Incrocio,Sdrucciolevole,Temporanea di cantiere,Pioggia,11.193513225264129,45.7615406936427,0,2.0,1,0,0,0,0,0,50
4,Mercoledì,Mattino,MALO,SP 046 Pasubio,Intersezione segnalata,Asciutto,Temporanea di cantiere,Sereno,11.40219533727858,45.67858727908226,0,18.0,1,0,0,0,0,5,90
9,Lunedì,Pomeriggio,COGOLLO DEL CENGIO,SP 350 Val d'Astico,Intersezione con semaforo o vigile,Asciutto,Temporanea di cantiere,Sereno,11.38231230973354,45.79908938135411,0,171.0,1,0,3,0,0,0,50
3,Giovedì,Mattino,COGOLLO DEL CENGIO,SP 350 Val d'Astico,Pendenza,Asciutto,Orizzontale,Nebbia,11.392804294008466,45.7935898308971,0,173.0,0,0,1,0,0,0,90
10,Mercoledì,Pomeriggio,SANTORSO,SP 349 Costo,Dosso,Asciutto,Temporanea di cantiere,Sereno,11.3832643305015,45.731430998041986,0,74.0,6,1,0,0,0,0,50
6,Martedì,Notte,VILLAVERLA,SP 349 Costo,Galleria illuminata,Bagnato,Assente,Sereno,11.49291789511215,45.64359773074898,0,139.0,11,0,4,0,2,0,50
5,Sabato,Notte,VALDASTICO,SP 350 Val d'Astico,Incrocio,Sdrucciolevole,Assente,Pioggia,11.361954266571097,45.85647231242007,0,163.0,2,0,1,0,0,0,50
6,Mercoledì,Notte,PIOVENE ROCCHETTE,SP 349 Costo,Galleria illuminata,Asciutto,Temporanea di cantiere,Sereno,11.436045064003808,45.74367439206885,0,97.0,7,0,0,0,0,0,50
10,Lunedì,Mattino,VALLI DEL PASUBIO,SP 046 Pasubio,Intersezione segnalata,Asciutto,Verticale,Nebbia,11.178446066849167,45.75781242219084,0,1.0,0,0,0,0,0,0,50
1,Giovedì,Pomeriggio,TORREBELVICINO,SP 046 var Torrebelvicino,Curva,Bagnato,Temporanea di cantiere,Sereno,11.322565656368532,45.713693332977144,0,70.0,1,2,0,0,0,0,38
10,Sabato,Notte,COGOLLO DEL CENGIO,SP 350 Val d'Astico,Dosso,Asciutto,Assente,Sereno,11.382623314628916,45.7989370244985,0,171.0,1,0,3,0,0,0,50
10,Giovedì,Sera,VALLI DEL PASUBIO,SP 046 Pasubio,Rotatoria,Bagnato,Orizzontale,Pioggia,11.227540950567167,45.7513293855573,0,8.0,0,0,0,0,0,0,70
12,Venerdì,Mattino,ASIAGO,SP 349 Costo,Galleria illuminata,Asciutto,Temporanea di cantiere,Nebbia,11.415635072477617,45.951456320544736,0,89.0,0,0,0,0,0,0,50
10,Sabato,Mattino,ARSIERO,SP 350 Val d'Astico,Rotatoria,Asciutto,Verticale,Sereno,11.372065943683422,45.80345396117362,0,170.0,0,0,5,0,0,0,50
7,Sabato,Pomeriggio,VALLI DEL PASUBIO,SP 046 Pasubio,Curva,Asciutto,Verticale,Sereno,11.202684146294407,45.760199828859534,0,5.0,0,0,0,0,0,0,50
6,Venerdì,Sera,ROANA,SP 349 Costo,Pendenza,Bagnato,Assente,Sereno,11.43573581567086,45.843045872098266,0,121.0,4,0,2,0,0,0,50
5,Venerdì,Notte,VILLAVERLA,SP 349 Costo,Pendenza,Bagnato,Assente,Pioggia,11.493691940282964,45.65644599938421,0,140.0,16,0,2,0,0,0,50
5,Venerdì,Mattino,SCHIO,SP 046 var Torrebelvicino,Intersezione non segnalata,Bagnato,Verticale,Nebbia,11.332800005479807,45.71378035489514,0,71.0,0,0,0,0,0,0,70
7,Venerdì,Notte,VILLAVERLA,SP 349 Costo,Curva,Asciutto,Verticale,Sereno,11.4912420718032,45.66286423532438,0,138.0,0,0,0,0,0,193,90
2,Mercoledì,Pomeriggio,PIOVENE ROCCHETTE,SP 349 Costo,Galleria illuminata,Sdrucciolevole,Temporanea di cantiere,Pioggia,11.42952467258544,45.751616162466135,0,115.0,4,0,1,0,0,0,50
4,Sabato,Pomeriggio,THIENE,SP 349 Costo,Rotatoria,Asciutto,Assente,Sereno,11.48913351601128,45.67002980500256,0,137.0,9,0,3,0,2,0,130
4,Sabato,Mattino,ROANA,SP 349 Costo,Galleria illuminata,Asciutto,Temporanea di cantiere,Sereno,11.436671536143336,45.819531124274114,0,101.0,0,0,0,0,0,0,45
6,Sabato,Sera,ARSIERO,SP 350 Val d'Astico,Intersezione non segnalata,Asciutto,Temporanea di cantiere,Sereno,11.368788342900368,45.82724198377963,0,167.0,1,0,0,0,0,0,50
7,Lunedì,Notte,ROANA,SP 349 Costo,Curva,Asciutto,Orizzontale,Sereno,11.444220822108775,45.84585587271852,0,120.0,0,0,2,0,0,0,50
9,Venerdì,Pomeriggio,COGOLLO DEL CENGIO,SP 349 Costo,Galleria illuminata,Bagnato,Temporanea di cantiere,Sereno,11.430806471705871,45.796413007107624,0,107.0,0,0,0,0,2,0,70
6,Venerdì,Mattino,CALDOGNO,SP 349 Costo,Rotatoria,Bagnato,Assente,Nebbia,11.491667338742367,45.60796989066664,0,144.0,1,0,0,0,0,0,70
2,Mercoledì,Mattino,ISOLA VICENTINA,SP 046 Pasubio,Galleria illuminata,Asciutto,Verticale,Sereno,11.475222924936176,45.60932634760497,0,33.0,0,0,0,0,0,14,60
7,Lunedì,Sera,VALLI DEL PASUBIO,SP 046 Pasubio,Intersezione con semaforo o vigile,Asciutto,Assente,Nebbia,11.213031929345451,45.75573983502811,0,6.0,0,0,0,0,0,0,50
1,Domenica,Mattino,COGOLLO DEL CENGIO,SP 349 Costo,Galleria illuminata,Bagnato,Verticale,Altro,11.433747093704389,45.796070970664125,0,106.0,0,0,0,0,0,0,70
11,Venerdì,Sera,VALDASTICO,SP 350 Val d'Astico,Rotatoria,Asciutto,Verticale,Sereno,11.363781588517254,45.85232743071014,0,164.0,0,0,0,0,0,0,50
10,Mercoledì,Sera,PIOVENE ROCCHETTE,SP 349 Costo,Curva,Asciutto,Temporanea di cantiere,Sereno,11.430310952323875,45.74986077195185,0,97.0,7,0,0,0,0,0,50
3,Giovedì,Mattino,VICENZA,SP 046 Pasubio,Intersezione segnalata,Asciutto,Verticale,Nebbia,11.5082647743014,45.542343356386,0,62.0,0,0,0,0,0,0,90
4,Sabato,Pomeriggio,COGOLLO DEL CENGIO,SP 349 Costo,Galleria illuminata,Bagnato,Verticale,Sereno,11.4431563100355,45.783363192761975,0,112.0,0,0,0,0,2,0,70
5,Domenica,Pomeriggio,MALO,SP 046 Pasubio,Rettilineo,Asciutto,Temporanea di cantiere,Sereno,11.41443476166088,45.65838462111681,0,21.0,8,0,0,0,0,37,50
1,Giovedì,Mattino,THIENE,SP 349 var Costo Variante,Pendenza,Sdrucciolevole,Temporanea di cantiere,Neve,11.459621646007522,45.698100703838165,0,149.0,2,0,0,0,0,0,50
12,Sabato,Sera,VICENZA,SP 046 Pasubio,Curva,Bagnato,Verticale,Nebbia,11.508344372373294,45.54080688476196,0,62.0,0,0,0,0,0,0,90
2,Mercoledì,Sera,LASTEBASSE,SP 350 Val d'Astico,Intersezione con semaforo o vigile,Sdrucciolevole,Temporanea di cantiere,Neve,11.324548824025833,45.90148887600217,0,157.0,0,0,0,0,0,0,50
8,Giovedì,Pomeriggio,COGOLLO DEL CENGIO,SP 350 Val d'Astico,Incrocio,Bagnato,Temporanea di cantiere,Pioggia,11.379005760866796,45.800723986948135,0,171.0,1,0,3,0,0,0,50
7,Domenica,Notte,ROANA,SP 349 Costo,Intersezione non segnalata,Bagnato,Temporanea di cantiere,Sereno,11.44301678174258,45.844965518943255,0,120.0,0,0,2,0,0,0,50
3,Venerdì,Notte,VICENZA,SP 046 rac Pasubio Raccordo del Sole,Intersezione segnalata,Innevato,Assente,Neve,11.508083816311464,45.53407391572917,0,68.0,1,0,0,0,0,12,50
10,Mercoledì,Pomeriggio,ROANA,SP 349 Costo,Incrocio,Bagnato,Orizzontale,Vento forte,11.44298519391478,45.934399776904186,0,85.0,0,0,0,0,0,0,50
2,Domenica,Pomeriggio,MALO,SP 046 Pasubio,Curva,Asciutto,Orizzontale,Sereno,11.415596601941669,45.65717269852818,0,22.0,4,1,2,0,0,20,50
11,Domenica,Sera,PIOVENE ROCCHETTE,SP 349 Costo,Rettilineo,Sdrucciolevole,Verticale,Altro,11.444088883970156,45.76070565263758,0,123.0,10,0,4,0,2,10,50
9,Mercoledì,Mattino,TORREBELVICINO,SP 046 Pasubio,Rotatoria,Asciutto,Verticale,Vento forte,11.282517478955866,45.72294867610883,0,14.0,0,0,0,0,0,0,30
8,Lunedì,Mattino,COSTABISSARA,SP 046 Pasubio,Rettilineo,Asciutto,Temporanea di cantiere,Sereno,11.494043395762429,45.602454935284186,0,38.0,10,0,0,0,0,13,50
11,Venerdì,Sera,TORREBELVICINO,SP 046 Pasubio,Intersezione non segnalata,Bagnato,Assente,Sereno,11.28206396956051,45.72313798254151,0,14.0,0,0,0,0,0,0,30
5,Lunedì,Sera,ROANA,SP 349 Costo,Curva,Asciutto,Temporanea di cantiere,Sereno,11.471858728829735,45.8869899766685,0,79.0,0,0,0,0,0,0,50
4,Mercoledì,Mattino,VALDASTICO,SP 350 Val d'Astico,Incrocio,Bagnato,Orizzontale,Nebbia,11.35962229646195,45.87579156664556,0,161.0,0,0,0,0,0,0,50
2,Giovedì,Notte,COGOLLO DEL CENGIO,SP 349 Costo,Curva,Asciutto,Temporanea di cantiere,Sereno,11.432471091432989,45.79688412138728,0,106.0,0,0,0,0,0,0,70
12,Domenica,Notte,ASIAGO,SP 349 Costo,Intersezione con semaforo o vigile,Asciutto,Orizzontale,Sereno,11.494137207019216,45.86817328261144,0,134.0,0,0,0,0,0,0,70
5,Domenica,Mattino,VICENZA,SP 046 Pasubio,Intersezione segnalata,Bagnato,Temporanea di cantiere,Pioggia,11.509378115589698,45.58075509938017,0,44.0,0,0,0,0,0,6,40
10,Domenica,Sera,LASTEBASSE,SP 350 Val d'Astico,Intersezione con semaforo o vigile,Asciutto,Assente,Vento forte,11.313124003334291,45.907359268195336,0,156.0,1,0,0,0,0,0,50
4,Lunedì,Mattino,ASIAGO,SP 349 Costo,Dosso,Ghiacciato,Assente,Neve,11.409169127073772,45.946953280487214,0,90.0,0,0,0,0,0,0,50
12,Martedì,Sera,COGOLLO DEL CENGIO,SP 349 Costo,Pendenza,Asciutto,Assente,Nebbia,11.442964549243568,45.78305582959218,0,112.0,0,0,0,0,2,0,70
11,Giovedì,Mattino,VILLAVERLA,SP 349 Costo,Curva,Asciutto,Verticale,Sereno,11.494416864800709,45.653638836625824,0,140.0,16,0,2,0,0,0,50
4,Lunedì,Mattino,TORREBELVICINO,SP 046 var Torrebelvicino,Rettilineo,Bagnato,Assente,Sereno,11.311988284484777,45.71447877249303,0,69.0,2,2,1,0,0,0,50
6,Sabato,Sera,COGOLLO DEL CENGIO,SP 349 Costo,Rettilineo,Sdrucciolevole,Orizzontale,Pioggia,11.43110755673043,45.79631548617379,0,106.0,0,0,0,0,0,0,70
10,Giovedì,Sera,VICENZA,SP 046 rac Pasubio Raccordo del Sole,Intersezione non segnalata,Asciutto,Orizzontale,Sereno,11.507738820221958,45.53607906389039,0,65.0,0,0,0,0,0,11,50
3,Venerdì,Pomeriggio,ASIAGO,SP 349 Costo,Intersezione segnalata,Asciutto,Verticale,Sereno,11.417389241572089,45.9511347637139,0,89.0,0,0,0,0,0,0,50
1,Venerdì,Pomeriggio,VALDASTICO,SP 350 Val d'Astico,Incrocio,Bagnato,Orizzontale,Altro,11.370408339581612,45.83770510988485,0,166.0,1,0,0,0,0,0,50
8,Venerdì,Sera,ARSIERO,SP 350 Val d'Astico,Dosso,Bagnato,Verticale,Pioggia,11.360980635047898,45.809579011678544,0,169.0,10,2,8,0,0,0,50
2,Domenica,Mattino,COGOLLO DEL CENGIO,SP 349 Costo,Rettilineo,Bagnato,Temporanea di cantiere,Pioggia,11.432095067062562,45.79625451547789,0,106.0,0,0,0,0,0,0,70
5,Domenica,Pomeriggio,SCHIO,SP 046 var Torrebelvicino,Pendenza,Sdrucciolevole,Orizzontale,Neve,11.33319565175916,45.714764364469495,0,71.0,0,0,0,0,0,0,70
12,Venerdì,Sera,COGOLLO DEL CENGIO,SP 349 Costo,Incrocio,Asciutto,Temporanea di cantiere,Sereno,11.43414160840003,45.795982765995205,0,106.0,0,0,0,0,0,0,70
1,Giovedì,Mattino,CALDOGNO,SP 349 Costo,Galleria illuminata,Asciutto,Assente,Sereno,11.491385742526292,45.626585797750266,0,142.0,0,0,0,0,0,0,90
6,Martedì,Notte,CALTRANO,SP 349 Costo,Intersezione segnalata,Bagnato,Verticale,Pioggia,11.45019429016383,45.77768118053156,0,114.0,0,0,2,0,0,0,70
1,Mercoledì,Notte,THIENE,SP 349 var Costo Variante,Dosso,Asciutto,Orizzontale,Sereno,11.45425326030867,45.70364331716827,0,148.0,0,0,0,0,0,0,50
1,Sabato,Sera,SANTORSO,SP 349 Costo,Rettilineo,Asciutto,Verticale,Sereno,11.409083477502026,45.7382241586078,0,95.0,1,0,1,0,0,0,50
3,Venerdì,Pomeriggio,SANTORSO,SP 349 Costo,Intersezione non segnalata,Asciutto,Temporanea di cantiere,Nebbia,11.404932391631212,45.73702341168392,0,95.0,1,0,1,0,0,0,50
2,Lunedì,Sera,ASIAGO,SP 349 Costo,Intersezione segnalata,Bagnato,Verticale,Sereno,11.41143280039269,45.948534236720256,0,90.0,0,0,0,0,0,0,50
10,Venerdì,Pomeriggio,ROANA,SP 349 Costo,Galleria illuminata,Asciutto,Assente,Sereno,11.467138373130211,45.8975521566938,0,81.0,0,0,0,0,0,0,50
2,Martedì,Mattino,VICENZA,SP 046 Pasubio,Pendenza,Asciutto,Assente,Sereno,11.508170167314397,45.54121007717965,0,60.0,0,0,0,0,0,0,70
7,Giovedì,Pomeriggio,LASTEBASSE,SP 350 Val d'Astico,Rotatoria,Asciutto,Assente,Sereno,11.317125243835315,45.90313931360456,0,156.0,1,0,0,0,0,0,50
9,Sabato,Pomeriggio,ZANE',SP 349 Costo,Intersezione segnalata,Bagnato,Verticale,Sereno,11.445344046557349,45.73138225781394,0,125.0,2,1,0,0,0,11,50
8,Lunedì,Notte,VICENZA,SP 046 rac Pasubio Raccordo del Sole,Intersezione segnalata,Asciutto,Verticale,Sereno,11.507813747671452,45.53756420938256,0,64.0,0,0,0,0,0,6,90
8,Martedì,Pomeriggio,PIOVENE ROCCHETTE,SP 349 Costo,Dosso,Sdrucciolevole,Verticale,Altro,11.422674842154809,45.745666429509285,0,93.0,12,5,2,0,3,0,50
5,Giovedì,Notte,ISOLA VICENTINA,SP 046 Pasubio,Rettilineo,Bagnato,Orizzontale,Altro,11.458378018390878,45.621258769396064,0,29.0,1,0,0,0,0,2,90
11,Giovedì,Sera,THIENE,SP 349 var Costo Variante,Intersezione con semaforo o vigile,Bagnato,Orizzontale,Pioggia,11.45450344855054,45.70339618442705,0,148.0,0,0,0,0,0,0,50
1,Martedì,Mattino,SCHIO,SP 046 Pasubio,Dosso,Bagnato,Orizzontale,Pioggia,11.38804563486242,45.69422610644499,0,16.0,0,0,0,0,0,0,50
2,Domenica,Mattino,COGOLLO DEL CENGIO,SP 350 Val d'Astico,Rettilineo,Asciutto,Verticale,Nebbia,11.39092002160142,45.796320665655585,0,172.0,0,0,1,0,0,0,90
11,Martedì,Pomeriggio,VICENZA,SP 046 Pasubio,Incrocio,Bagnato,Orizzontale,Vento forte,11.504133400171462,45.57784848766702,0,52.0,0,0,0,0,0,0,70
1,Domenica,Sera,ASIAGO,SP 349 Costo,Dosso,Bagnato,Temporanea di cantiere,Sereno,11.422428995003951,45.95047856021932,0,88.0,0,0,0,0,0,0,50
3,Martedì,Notte,ROANA,SP 349 Costo,Incrocio,Asciutto,Temporanea di cantiere,Sereno,11.485829495729174,45.8682414343102,0,134.0,0,0,0,0,0,0,70
3,Martedì,Notte,VALLI DEL PASUBIO,SP 046 Pasubio,Pendenza,Sdrucciolevole,Orizzontale,Pioggia,11.216242305170722,45.75442133965095,0,7.0,1,0,0,0,0,0,45
1,Venerdì,Notte,VICENZA,SP 046 Pasubio,Pendenza,Bagnato,Orizzontale,Altro,11.495002590347388,45.56180597318809,0,47.0,0,0,0,0,0,0,90
2,Sabato,Mattino,SCHIO,SP 046 Pasubio,Rettilineo,Asciutto,Temporanea di cantiere,Sereno,11.394189881845657,45.68940971050037,0,16.0,0,0,0,0,0,0,50
7,Domenica,Notte,TORREBELVICINO,SP 046 Pasubio,Intersezione con semaforo o vigile,Asciutto,Verticale,Sereno,11.274048701299442,45.73259508898416,0,13.0,1,0,0,0,0,0,30
8,Martedì,Mattino,COGOLLO DEL CENGIO,SP 349 Costo,Pendenza,Asciutto,Assente,Sereno,11.433582991583895,45.797825745312466,0,104.0,0,0,0,0,0,0,70
1,Martedì,Pomeriggio,VALLI DEL PASUBIO,SP 046 Pasubio,Rettilineo,Asciutto,Temporanea di cantiere,Sereno,11.22582640280624,45.752499545381305,0,8.0,0,0,0,0,0,0,70
12,Venerdì,Pomeriggio,ASIAGO,SP 349 Costo,Curva,Bagnato,Assente,Pioggia,11.420759316449534,45.95126557551693,0,89.0,0,0,0,0,0,0,50
2,Giovedì,Pomeriggio,ROANA,SP 349 Costo,Pendenza,Asciutto,Assente,Sereno,11.468464280399251,45.89590934895069,0,80.0,0,0,0,0,0,0,50
9,Giovedì,Mattino,COGOLLO DEL CENGIO,SP 349 Costo,Rotatoria,Sdrucciolevole,Temporanea di cantiere,Altro,11.4386937409587,45.786905400184565,0,111.0,0,0,0,0,2,0,70
7,Domenica,Pomeriggio,MALO,SP 046 Pasubio,Rettilineo,Asciutto,Orizzontale,Sereno,11.402125977472998,45.67873312805066,0,18.0,1,0,0,0,0,5,90
6,Lunedì,Notte,ROANA,SP 349 Costo,Intersezione segnalata,Asciutto,Assente,Nebbia,11.466648361254231,45.86292745078416,0,116.0,4,0,0,0,0,0,50
2,Venerdì,Pomeriggio,VALLI DEL PASUBIO,SP 046 Pasubio,Rotatoria,Asciutto,Verticale,Nebbia,11.186259549449174,45.75766108415866,0,1.0,0,0,0,0,0,0,50
11,Lunedì,Mattino,COSTABISSARA,SP 046 Pasubio,Rotatoria,Asciutto,Verticale,Sereno,11.496586085656146,45.59564766732655,0,40.0,21,1,0,0,0,44,50
5,Sabato,Mattino,COGOLLO DEL CENGIO,SP 349 Costo,Curva,Innevato,Assente,Neve,11.439545614517732,45.78437081541869,0,112.0,0,0,0,0,2,0,70
1,Martedì,Mattino,ROANA,SP 349 Costo,Intersezione segnalata,Asciutto,Assente,Sereno,11.436098259131253,45.84333375873466,0,121.0,4,0,2,0,0,0,50
9,Domenica,Notte,ROANA,SP 349 Costo,Pendenza,Asciutto,Assente,Sereno,11.477126770873827,45.86738569852988,0,132.0,17,0,5,0,0,0,50
9,Lunedì,Notte,VALLI DEL PASUBIO,SP 046 Pasubio,Intersezione non segnalata,Asciutto,Assente,Sereno,11.204036116370272,45.75951001415224,0,5.0,0,0,0,0,0,0,50
1,Domenica,Mattino,SCHIO,SP 046 Pasubio,Dosso,Asciutto,Orizzontale,Sereno,11.396273996644556,45.687736706176075,0,17.0,0,0,0,0,0,0,90
1,Venerdì,Notte,VILLAVERLA,SP 349 Costo,Rotatoria,Bagnato,Temporanea di cantiere,Pioggia,11.492042464976231,45.63931563514112,0,141.0,3,0,2,0,0,0,50
1,Domenica,Mattino,ASIAGO,SP 349 Costo,Rettilineo,Sdrucciolevole,Orizzontale,Pioggia,11.395070089324507,45.94850200978968,0,91.0,0,0,0,0,0,0,50
8,Venerdì,Mattino,ASIAGO,SP 349 Costo,Intersezione segnalata,Bagnato,Temporanea di cantiere,Sereno,11.505380747510427,45.87413199896409,0,76.0,5,0,4,0,0,0,50
2,Lunedì,Notte,ROANA,SP 349 Costo,Rettilineo,Innevato,Orizzontale,Neve,11.438320474682053,45.823230421637206,0,101.0,0,0,0,0,0,0,45
8,Mercoledì,Pomeriggio,ASIAGO,SP 349 Costo,Intersezione segnalata,Asciutto,Orizzontale,Sereno,11.499880570630388,45.871112918703545,0,133.0,4,0,6,0,1,0,50
3,Sabato,Sera,SANTORSO,SP 349 Costo,Curva,Sdrucciolevole,Temporanea di cantiere,Altro,11.375979750517535,45.72954856403676,0,73.0,6,4,0,0,0,0,70
12,Mercoledì,Mattino,THIENE,SP 349 Costo,Dosso,Asciutto,Verticale,Altro,11.486335469989973,45.67889275001883,0,136.0,3,0,0,0,1,0,70
9,Domenica,Sera,COGOLLO DEL CENGIO,SP 349 Costo,Intersezione segnalata,Asciutto,Orizzontale,Sereno,11.429561006557815,45.79418255576009,0,109.0,0,0,0,0,0,0,70
5,Mercoledì,Mattino,COGOLLO DEL CENGIO,SP 349 Costo,Incrocio,Sdrucciolevole,Assente,Pioggia,11.422693660100832,45.80132247846675,0,103.0,0,0,0,0,0,0,70
6,Martedì,Notte,COGOLLO DEL CENGIO,SP 349 Costo,Galleria illuminata,Asciutto,Verticale,Sereno,11.42899487843032,45.79521404954299,0,108.0,0,0,0,0,2,0,70
1,Giovedì,Sera,ASIAGO,SP 349 Costo,Intersezione con semaforo o vigile,Ghiacciato,Temporanea di cantiere,Neve,11.402352482899213,45.9442383059102,0,91.0,0,0,0,0,0,0,50
1,Martedì,Pomeriggio,ARSIERO,SP 350 Val d'Astico,Intersezione con semaforo o vigile,Bagnato,Orizzontale,Pioggia,11.363412370169767,45.81404379333917,0,168.0,0,0,0,0,0,0,50
7,Giovedì,Sera,TORREBELVICINO,SP 046 var Torrebelvicino,Dosso,Asciutto,Temporanea di cantiere,Sereno,11.32436400836365,45.71373522513419,0,70.0,1,2,0,0,0,0,38
1,Giovedì,Sera,COGOLLO DEL CENGIO,SP 349 Costo,Rotatoria,Asciutto,Verticale,Sereno,11.429038208877898,45.799301122862346,0,104.0,0,0,0,0,0,0,70
8,Sabato,Notte,VICENZA,SP 046 Pasubio,Intersezione non segnalata,Bagnato,Assente,Sereno,11.49573514985004,45.57268011815164,0,53.0,0,0,0,0,0,0,90
5,Lunedì,Sera,VALLI DEL PASUBIO,SP 046 Pasubio,Galleria illuminata,Bagnato,Verticale,Nebbia,11.204605973207183,45.759877363246034,0,5.0,0,0,0,0,0,0,50
2,Mercoledì,Sera,ASIAGO,SP 349 Costo,Pendenza,Asciutto,Temporanea di cantiere,Nebbia,11.39084548888575,45.95123555319866,0,92.0,0,0,0,0,0,0,50
7,Martedì,Mattino,ARSIERO,SP 350 Val d'Astico,Dosso,Asciutto,Temporanea di cantiere,Sereno,11.36108845359478,45.80977381160158,0,169.0,10,2,8,0,0,0,50
7,Domenica,Notte,MALO,SP 046 Pasubio,Intersezione non segnalata,Bagnato,Verticale,Sereno,11.432154252224397,45.63976990815101,0,24.0,8,1,0,0,0,13,50
9,Giovedì,Pomeriggio,VALLI DEL PASUBIO,SP 046 Pasubio,Intersezione con semaforo o vigile,Asciutto,Orizzontale,Sereno,11.220643363056414,45.75503114340253,0,7.0,1,0,0,0,0,0,45
3,Domenica,Mattino,MALO,SP 046 Pasubio,Rotatoria,Asciutto,Verticale,Sereno,11.42416725496404,45.64747767763195,0,23.0,2,0,0,0,0,98,45
7,Mercoledì,Mattino,VICENZA,SP 046 Pasubio,Pendenza,Asciutto,Temporanea di cantiere,Sereno,11.5067115918705,45.58178140585135,0,44.0,0,0,0,0,0,6,40
11,Sabato,Sera,VALLI DEL PASUBIO,SP 046 Pasubio,Galleria illuminata,Asciutto,Verticale,Sereno,11.236913053928273,45.74687722253097,0,9.0,0,0,0,0,0,0,40
4,Martedì,Mattino,COSTABISSARA,SP 046 Pasubio,Curva,Asciutto,Orizzontale,Vento forte,11.492838008042874,45.603615604694006,0,35.0,14,0,0,0,0,7,50
11,Domenica,Sera,VALLI DEL PASUBIO,SP 046 Pasubio,Pendenza,Asciutto,Temporanea di cantiere,Sereno,11.256205364487794,45.74361020459796,0,11.0,8,0,1,0,0,0,50
9,Mercoledì,Sera,MALO,SP 046 Pasubio,Intersezione segnalata,Sdrucciolevole,Orizzontale,Pioggia,11.401048438529028,45.681033521119325,0,18.0,1,0,0,0,0,5,90
6,Sabato,Mattino,LASTEBASSE,SP 350 Val d'Astico,Rettilineo,Asciutto,Orizzontale,Sereno,11.33150444706821,45.897950501967685,0,158.0,0,0,0,0,0,0,50
11,Giovedì,Notte,ROANA,SP 349 Costo,Galleria illuminata,Asciutto,Orizzontale,Sereno,11.433693419877192,45.84062641221123,0,99.0,6,0,3,0,0,2,50
12,Lunedì,Notte,THIENE,SP 349 var Costo Variante,Curva,Bagnato,Verticale,Pioggia,11.458844548295426,45.698753008753975,0,149.0,2,0,0,0,0,0,50
3,Martedì,Pomeriggio,ARSIERO,SP 350 Val d'Astico,Rettilineo,Asciutto,Verticale,Sereno,11.363365690863388,45.814914175863855,0,168.0,0,0,0,0,0,0,50
12,Venerdì,Sera,THIENE,SP 349 Costo,Incrocio,Asciutto,Assente,Sereno,11.487700889230943,45.674502558456034,0,137.0,9,0,3,0,2,0,130
1,Sabato,Mattino,VALLI DEL PASUBIO,SP 046 Pasubio,Rettilineo,Bagnato,Verticale,Altro,11.240502027219716,45.74430785647434,0,9.0,0,0,0,0,0,0,40
2,Giovedì,Mattino,THIENE,SP 349 Costo,Pendenza,Bagnato,Temporanea di cantiere,Vento forte,11.485153814892016,45.682682909068994,0,136.0,3,0,0,0,1,0,70
1,Domenica,Sera,COGOLLO DEL CENGIO,SP 350 Val d'Astico,Intersezione non segnalata,Bagnato,Assente,Pioggia,11.412592586508625,45.788291871777744,0,174.0,3,0,0,0,0,0,70
5,Domenica,Pomeriggio,MALO,SP 046 Pasubio,Pendenza,Asciutto,Verticale,Sereno,11.430828653494318,45.64083048197375,0,24.0,8,1,0,0,0,13,50
12,Mercoledì,Pomeriggio,SANTORSO,SP 349 Costo,Intersezione con semaforo o vigile,Asciutto,Assente,Sereno,11.398847807675937,45.73541248584333,0,75.0,4,0,0,0,0,0,70
8,Mercoledì,Sera,CALDOGNO,SP 349 Costo,Intersezione non segnalata,Bagnato,Verticale,Sereno,11.491876702370138,45.632213098771864,0,142.0,0,0,0,0,0,0,90
8,Venerdì,Mattino,COGOLLO DEL CENGIO,SP 349 Costo,Rotatoria,Asciutto,Orizzontale,Altro,11.424706285475615,45.80807997509538,0,103.0,0,0,0,0,0,0,70
2,Lunedì,Pomeriggio,VICENZA,SP 046 Pasubio,Incrocio,Asciutto,Verticale,Nebbia,11.50695912038497,45.58197526643448,0,44.0,0,0,0,0,0,6,40
7,Martedì,Pomeriggio,ASIAGO,SP 349 Costo,Dosso,Asciutto,Orizzontale,Sereno,11.41475028620592,45.95080624346252,0,89.0,0,0,0,0,0,0,50
5,Sabato,Mattino,LASTEBASSE,SP 350 Val d'Astico,Pendenza,Asciutto,Assente,Altro,11.327987633525042,45.89993382528232,0,157.0,0,0,0,0,0,0,50
6,Mercoledì,Pomeriggio,VICENZA,SP 046 Pasubio,Curva,Bagnato,Verticale,Sereno,11.506391002473796,45.57907268958349,0,52.0,0,0,0,0,0,0,70
4,Martedì,Pomeriggio,CHIUPPANO,SP 349 Costo,Rettilineo,Asciutto,Temporanea di cantiere,Sereno,11.452747879480354,45.765403753440424,0,124.0,1,0,2,0,0,0,50
3,Mercoledì,Pomeriggio,CARRE',SP 349 Costo,Intersezione non segnalata,Asciutto,Orizzontale,Sereno,11.44022509895358,45.73788891327931,0,125.0,2,1,0,0,0,11,50
12,Lunedì,Notte,COGOLLO DEL CENGIO,SP 349 Costo,Intersezione con semaforo o vigile,Asciutto,Assente,Sereno,11.433362927224726,45.797864226633074,0,104.0,0,0,0,0,0,0,70
7,Venerdì,Notte,PIOVENE ROCCHETTE,SP 349 Costo,Intersezione con semaforo o vigile,Sdrucciolevole,Verticale,Altro,11.42415159842217,45.74700716250184,0,93.0,12,5,2,0,3,0,50
5,Venerdì,Mattino,COGOLLO DEL CENGIO,SP 350 Val d'Astico,Dosso,Asciutto,Verticale,Vento forte,11.423638006454029,45.78411522033603,0,175.0,6,1,6,0,0,0,50
1,Lunedì,Pomeriggio,COSTABISSARA,SP 046 Pasubio,Galleria illuminata,Asciutto,Orizzontale,Sereno,11.500362117364345,45.588937856801074,0,42.0,7,0,1,0,0,20,50
10,Sabato,Notte,ROANA,SP 349 Costo,Galleria illuminata,Asciutto,Temporanea di cantiere,Sereno,11.479134063977313,45.86928926392565,0,132.0,17,0,5,0,0,0,50
6,Venerdì,Notte,COGOLLO DEL CENGIO,SP 349 Costo,Intersezione non segnalata,Bagnato,Assente,Sereno,11.42280053836182,45.80375212877202,0,103.0,0,0,0,0,0,0,70
5,Venerdì,Notte,VALLI DEL PASUBIO,SP 046 Pasubio,Intersezione non segnalata,Asciutto,Assente,Sereno,11.196681157638723,45.763129051477094,0,4.0,0,0,0,0,0,0,50
9,Mercoledì,Notte,VALLI DEL PASUBIO,SP 046 Pasubio,Intersezione con semaforo o vigile,Bagnato,Temporanea di cantiere,Sereno,11.204961746212645,45.75956819515189,0,5.0,0,0,0,0,0,0,50
2,Domenica,Pomeriggio,PIOVENE ROCCHETTE,SP 349 Costo,Intersezione segnalata,Asciutto,Verticale,Sereno,11.430230563761777,45.75281489475109,0,96.0,9,0,3,0,0,0,50
7,Mercoledì,Sera,VALLI DEL PASUBIO,SP 046 Pasubio,Galleria illuminata,Asciutto,Verticale,Sereno,11.195069428603924,45.76166808317513,0,3.0,0,0,0,0,0,0,50
11,Domenica,Sera,MALO,SP 046 Pasubio,Intersezione segnalata,Asciutto,Orizzontale,Sereno,11.435625978040107,45.63756723756841,0,24.0,8,1,0,0,0,13,50
6,Martedì,Mattino,COGOLLO DEL CENGIO,SP 350 Val d'Astico,Galleria illuminata,Bagnato,Assente,Sereno,11.429249002040358,45.78148060547387,0,176.0,0,0,0,0,0,0,20
1,Domenica,Sera,LASTEBASSE,SP 350 Val d'Astico,Curva,Sdrucciolevole,Temporanea di cantiere,Altro,11.29578017513052,45.91194062050088,0,154.0,0,0,0,0,0,0,50
3,Sabato,Pomeriggio,VALDASTICO,SP 350 Val d'Astico,Curva,Asciutto,Temporanea di cantiere,Sereno,11.337176361472975,45.8948860827237,0,158.0,0,0,0,0,0,0,50
1,Lunedì,Sera,COGOLLO DEL CENGIO,SP 349 Costo,Rettilineo,Asciutto,Verticale,Sereno,11.440330814911553,45.783334578693605,0,113.0,0,0,0,0,0,0,70
7,Venerdì,Pomeriggio,VILLAVERLA,SP 349 Costo,Dosso,Asciutto,Assente,Sereno,11.492401369102348,45.65970764936392,0,140.0,16,0,2,0,0,0,50
5,Martedì,Sera,ARSIERO,SP 350 Val d'Astico,Intersezione non segnalata,Bagnato,Temporanea di cantiere,Pioggia,11.371415370125057,45.803438837648976,0,170.0,0,0,5,0,0,0,50
9,Sabato,Sera,MALO,SP 046 Pasubio,Intersezione segnalata,Bagnato,Temporanea di cantiere,Sereno,11.418688892207529,45.65329027555233,0,22.0,4,1,2,0,0,20,50
3,Martedì,Pomeriggio,VALDASTICO,SP 350 Val d'Astico,Dosso,Sdrucciolevole,Assente,Pioggia,11.33668702051666,45.894934376710594,0,158.0,0,0,0,0,0,0,50
5,Mercoledì,Pomeriggio,ISOLA VICENTINA,SP 046 Pasubio,Intersezione con semaforo o vigile,Bagnato,Assente,Pioggia,11.449598329991158,45.62482544862793,0,28.0,4,0,0,0,0,5,50
12,Martedì,Mattino,ROANA,SP 349 Costo,Dosso,Asciutto,Temporanea di cantiere,Sereno,11.458933494243292,45.90654123340008,0,82.0,0,0,1,0,0,0,50
1,Martedì,Sera,VICENZA,SP 046 Pasubio,Curva,Asciutto,Assente,Sereno,11.508093557796997,45.5411595940758,0,60.0,0,0,0,0,0,0,70
3,Lunedì,Pomeriggio,VALLI DEL PASUBIO,SP 046 Pasubio,Pendenza,Sdrucciolevole,Temporanea di cantiere,Altro,11.2109975964776,45.75817185848335,0,6.0,0,0,0,0,0,0,50
4,Lunedì,Sera,VALLI DEL PASUBIO,SP 046 Pasubio,Galleria illuminata,Bagnato,Assente,Sereno,11.244572192066832,45.74388713836851,0,10.0,0,0,0,0,0,0,50
7,Domenica,Sera,VICENZA,SP 046 Pasubio,Rettilineo,Asciutto,Verticale,Sereno,11.507505535007002,45.542883427225625,0,60.0,0,0,0,0,0,0,70
3,Sabato,Mattino,LASTEBASSE,SP 350 Val d'Astico,Intersezione non segnalata,Asciutto,Orizzontale,Sereno,11.266019755618766,45.91647998129903,0,151.0,0,0,0,0,0,0,50
1,Sabato,Pomeriggio,VILLAVERLA,SP 349 Costo,Incrocio,Sdrucciolevole,Orizzontale,Pioggia,11.49248904135722,45.65949979529627,0,140.0,16,0,2,0,0,0,50
12,Martedì,Notte,CALDOGNO,SP 349 Costo,Incrocio,Bagnato,Orizzontale,Pioggia,11.4914012255429,45.6227813666844,0,142.0,0,0,0,0,0,0,90
7,Giovedì,Notte,ROANA,SP 349 Costo,Intersezione con semaforo o vigile,Asciutto,Temporanea di cantiere,Sereno,11.444485982950988,45.93151966677437,0,85.0,0,0,0,0,0,0,50
1,Mercoledì,Notte,VALDASTICO,SP 350 Val d'Astico,Intersezione segnalata,Bagnato,Temporanea di cantiere,Pioggia,11.353621354285584,45.88698753523043,0,160.0,1,0,1,0,0,0,50
2,Lunedì,Mattino,ROANA,SP 349 Costo,Pendenza,Asciutto,Temporanea di cantiere,Sereno,11.432947298743828,45.83524105794899,0,99.0,6,0,3,0,0,2,50
2,Lunedì,Notte,VALLI DEL PASUBIO,SP 046 Pasubio,Pendenza,Asciutto,Verticale,Nebbia,11.265760748354896,45.73850305171485,0,12.0,2,0,0,0,0,0,50
4,Lunedì,Pomeriggio,LASTEBASSE,SP 350 Val d'Astico,Rotatoria,Asciutto,Assente,Sereno,11.326497059487105,45.900699811499145,0,157.0,0,0,0,0,0,0,50
4,Domenica,Pomeriggio,COGOLLO DEL CENGIO,SP 349 Costo,Intersezione segnalata,Asciutto,Verticale,Sereno,11.433836601008034,45.79727348901163,0,105.0,0,0,0,0,0,0,70
8,Sabato,Notte,VALDASTICO,SP 350 Val d'Astico,Intersezione segnalata,Bagnato,Temporanea di cantiere,Pioggia,11.369757108902975,45.84024693750608,0,165.0,2,0,0,0,0,0,50
4,Domenica,Pomeriggio,ZANE',SP 349 Costo,Pendenza,Asciutto,Orizzontale,Sereno,11.463770663446518,45.71309097049573,0,131.0,6,0,1,0,0,0,50
9,Domenica,Notte,VALLI DEL PASUBIO,SP 046 Pasubio,Intersezione con semaforo o vigile,Bagnato,Verticale,Sereno,11.190844143563575,45.75807853072237,0,2.0,1,0,0,0,0,0,50
4,Domenica,Pomeriggio,VALDASTICO,SP 350 Val d'Astico,Galleria illuminata,Asciutto,Temporanea di cantiere,Sereno,11.362109570814312,45.87205499995451,0,162.0,1,0,1,0,0,0,50
4,Venerdì,Mattino,SCHIO,SP 046 var Torrebelvicino,Pendenza,Bagnato,Assente,Pioggia,11.33335750922145,45.71370540522513,0,71.0,0,0,0,0,0,0,70
4,Domenica,Notte,CALDOGNO,SP 349 Costo,Intersezione non segnalata,Asciutto,Assente,Sereno,11.490408348781576,45.61483421756247,0,143.0,0,0,0,0,0,3,70
4,Sabato,Mattino,COGOLLO DEL CENGIO,SP 349 Costo,Galleria illuminata,Sdrucciolevole,Temporanea di cantiere,Pioggia,11.43193183185222,45.7983634928789,0,104.0,0,0,0,0,0,0,70
11,Lunedì,Pomeriggio,LASTEBASSE,SP 350 Val d'Astico,Intersezione non segnalata,Bagnato,Temporanea di cantiere,Nebbia,11.290220040794894,45.91308905461119,0,154.0,0,0,0,0,0,0,50
3,Lunedì,Pomeriggio,ZANE',SP 349 var Costo Variante,Incrocio,Bagnato,Assente,Pioggia,11.445371779361192,45.70879127898849,0,147.0,0,0,0,0,0,0,90
4,Lunedì,Notte,ROANA,SP 349 Costo,Pendenza,Asciutto,Temporanea di cantiere,Sereno,11.466293070922063,45.86282169399603,0,116.0,4,0,0,0,0,0,50
12,Domenica,Pomeriggio,ARSIERO,SP 350 Val d'Astico,Rettilineo,Bagnato,Temporanea di cantiere,Nebbia,11.36880558677447,45.82743324959087,0,167.0,1,0,0,0,0,0,50
8,Martedì,Mattino,COGOLLO DEL CENGIO,SP 350 Val d'Astico,Rettilineo,Asciutto,Verticale,Sereno,11.391667880947232,45.79484480772394,0,172.0,0,0,1,0,0,0,90
3,Martedì,Mattino,MARANO VICENTINO,SP 349 var Costo Variante,Intersezione con semaforo o vigile,Sdrucciolevole,Temporanea di cantiere,Altro,11.437539617423454,45.712748366537106,0,146.0,0,0,0,1,0,0,40
11,Domenica,Notte,VALDASTICO,SP 350 Val d'Astico,Dosso,Sdrucciolevole,Verticale,Pioggia,11.356017868685964,45.882425111176865,0,160.0,1,0,1,0,0,0,50
3,Lunedì,Pomeriggio,VICENZA,SP 046 Pasubio,Incrocio,Asciutto,Assente,Sereno,11.506859708382638,45.57930677534091,0,52.0,0,0,0,0,0,0,70
6,Lunedì,Sera,ROANA,SP 349 Costo,Intersezione con semaforo o vigile,Bagnato,Orizzontale,Sereno,11.456950326655456,45.91325597703528,0,83.0,0,0,0,0,0,0,50
9,Domenica,Sera,TORREBELVICINO,SP 046 Pasubio,Dosso,Asciutto,Temporanea di cantiere,Sereno,11.281619975052074,45.723255189669814,0,14.0,0,0,0,0,0,0,30
10,Domenica,Notte,ROANA,SP 349 Costo,Rotatoria,Bagnato,Verticale,Pioggia,11.444218275144332,45.93185751568414,0,85.0,0,0,0,0,0,0,50
2,Lunedì,Notte,ROANA,SP 349 Costo,Intersezione con semaforo o vigile,Bagnato,Assente,Pioggia,11.447292764366818,45.84842938529412,0,119.0,0,0,0,0,0,0,50
10,Martedì,Notte,VALLI DEL PASUBIO,SP 046 Pasubio,Pendenza,Asciutto,Assente,Vento forte,11.186075009751686,45.75672620817099,0,1.0,0,0,0,0,0,0,50
2,Domenica,Mattino,VILLAVERLA,SP 349 Costo,Intersezione segnalata,Asciutto,Temporanea di cantiere,Sereno,11.493233813291845,45.64643137648155,0,139.0,11,0,4,0,2,0,50
6,Mercoledì,Mattino,ROANA,SP 349 Costo,Dosso,Bagnato,Verticale,Pioggia,11.45672586976337,45.85628818030988,0,117.0,0,0,0,0,0,0,50
8,Sabato,Notte,ARSIERO,SP 350 Val d'Astico,Curva,Bagnato,Temporanea di cantiere,Pioggia,11.368246235553093,45.80329308524768,0,170.0,0,0,5,0,0,0,50
4,Domenica,Sera,MALO,SP 046 Pasubio,Rotatoria,Bagnato,Assente,Pioggia,11.435873845864462,45.63709871396159,0,26.0,13,0,1,0,0,24,50
8,Domenica,Notte,VICENZA,SP 046 Pasubio,Curva,Asciutto,Assente,Sereno,11.494786951107784,45.562866142577654,0,47.0,0,0,0,0,0,0,90
9,Lunedì,Pomeriggio,ISOLA VICENTINA,SP 046 Pasubio,Rettilineo,Bagnato,Temporanea di cantiere,Sereno,11.470120645765478,45.61095166184254,0,30.0,2,4,0,0,0,1,50
8,Lunedì,Sera,COSTABISSARA,SP 046 Pasubio,Intersezione non segnalata,Asciutto,Temporanea di cantiere,Nebbia,11.490610955862309,45.60510437202191,0,34.0,7,0,0,0,0,32,70
5,Venerdì,Pomeriggio,VILLAVERLA,SP 349 Costo,Dosso,Bagnato,Verticale,Sereno,11.492704974394176,45.64275552494694,0,141.0,3,0,2,0,0,0,50
10,Lunedì,Notte,VICENZA,SP 046 rac Pasubio Raccordo del Sole,Incrocio,Asciutto,Temporanea di cantiere,Sereno,11.50825773106729,45.53936226020024,0,66.0,0,0,0,0,0,2,90
9,Martedì,Pomeriggio,COSTABISSARA,SP 046 Pasubio,Rettilineo,Asciutto,Orizzontale,Sereno,11.497978640346563,45.5920822513736,0,42.0,7,0,1,0,0,20,50
4,Domenica,Sera,ASIAGO,SP 349 Costo,Intersezione non segnalata,Asciutto,Assente,Sereno,11.412248005630143,45.94899990255634,0,90.0,0,0,0,0,0,0,50
9,Giovedì,Pomeriggio,COGOLLO DEL CENGIO,SP 350 Val d'Astico,Intersezione segnalata,Bagnato,Verticale,Sereno,11.386262005550485,45.79767588448264,0,172.0,0,0,1,0,0,0,90
12,Domenica,Sera,COSTABISSARA,SP 349 Costo,Pendenza,Asciutto,Verticale,Sereno,11.490857464193802,45.60971573592867,0,144.0,1,0,0,0,0,0,70
10,Giovedì,Sera,ROANA,SP 349 Costo,Galleria illuminata,Bagnato,Assente,Pioggia,11.437216882964696,45.843270041755154,0,121.0,4,0,2,0,0,0,50
9,Sabato,Notte,ROANA,SP 349 Costo,Pendenza,Bagnato,Orizzontale,Altro,11.453327795746342,45.9193681565015,0,84.0,0,0,0,0,0,0,50
10,Domenica,Sera,ARSIERO,SP 350 Val d'Astico,Dosso,Bagnato,Orizzontale,Sereno,11.359258525067183,45.80609026717077,0,169.0,10,2,8,0,0,0,50
10,Mercoledì,Mattino,ARSIERO,SP 350 Val d'Astico,Intersezione con semaforo o vigile,Asciutto,Temporanea di cantiere,Sereno,11.36949976402638,45.83384070303608,0,166.0,1,0,0,0,0,0,50
4,Martedì,Pomeriggio,SANTORSO,SP 349 Costo,Rettilineo,Asciutto,Verticale,Nebbia,11.400599522055288,45.7358703597687,0,75.0,4,0,0,0,0,0,70
9,Giovedì,Sera,MARANO VICENTINO,SP 349 var Costo Variante,Incrocio,Bagnato,Assente,Sereno,11.437885509311018,45.712575481849306,0,146.0,0,0,0,1,0,0,40
3,Venerdì,Notte,SCHIO,SP 046 Pasubio,Curva,Sdrucciolevole,Verticale,Altro,11.39329154862398,45.69010245827745,0,16.0,0,0,0,0,0,0,50
5,Mercoledì,Pomeriggio,VICENZA,SP 046 rac Pasubio Raccordo del Sole,Dosso,Bagnato,Assente,Sereno,11.507777550499876,45.535249634725936,0,63.0,0,0,0,0,0,6,50
12,Lunedì,Notte,VILLAVERLA,SP 349 Costo,Intersezione non segnalata,Asciutto,Verticale,Sereno,11.492520125144088,45.64309124158303,0,139.0,11,0,4,0,2,0,50
4,Giovedì,Mattino,PIOVENE ROCCHETTE,SP 349 Costo,Intersezione con semaforo o vigile,Bagnato,Temporanea di cantiere,Sereno,11.424115444897897,45.74697402971679,0,93.0,12,5,2,0,3,0,50
11,Sabato,Notte,SCHIO,SP 046 Pasubio,Dosso,Asciutto,Assente,Sereno,11.39225403713482,45.690901541205136,0,16.0,0,0,0,0,0,0,50
6,Venerdì,Pomeriggio,COSTABISSARA,SP 046 Pasubio,Rettilineo,Bagnato,Temporanea di cantiere,Nebbia,11.49482280919089,45.59994416325624,0,40.0,21,1,0,0,0,44,50
3,Lunedì,Notte,PIOVENE ROCCHETTE,SP 350 Val d'Astico,Curva,Asciutto,Orizzontale,Sereno,11.427154896113608,45.76896105052987,0,177.0,3,0,3,0,0,0,50
2,Sabato,Pomeriggio,TORREBELVICINO,SP 046 Pasubio,Rettilineo,Asciutto,Orizzontale,Vento forte,11.285592115430358,45.72194075900112,0,14.0,0,0,0,0,0,0,30
7,Domenica,Notte,VICENZA,SP 046 Pasubio,Intersezione segnalata,Asciutto,Assente,Nebbia,11.502808262186049,45.549368632033406,0,45.0,0,0,0,0,0,0,70
6,Mercoledì,Sera,ROANA,SP 349 Costo,Dosso,Bagnato,Temporanea di cantiere,Vento forte,11.450385052087803,45.847429969903054,0,119.0,0,0,0,0,0,0,50
7,Martedì,Notte,LASTEBASSE,SP 350 Val d'Astico,Galleria illuminata,Bagnato,Verticale,Vento forte,11.325408892485564,45.901146215331046,0,157.0,0,0,0,0,0,0,50
1,Lunedì,Mattino,VILLAVERLA,SP 349 Costo,Intersezione non segnalata,Asciutto,Temporanea di cantiere,Sereno,11.491780260472508,45.661219846915984,0,140.0,16,0,2,0,0,0,50
4,Giovedì,Sera,ROANA,SP 349 Costo,Rotatoria,Asciutto,Verticale,Sereno,11.457245932933464,45.85976795868995,0,117.0,0,0,0,0,0,0,50
1,Martedì,Sera,COGOLLO DEL CENGIO,SP 349 Costo,Incrocio,Innevato,Orizzontale,Neve,11.429765825323384,45.79273490962017,0,110.0,0,0,0,0,0,0,70
4,Sabato,Pomeriggio,COGOLLO DEL CENGIO,SP 350 Val d'Astico,Pendenza,Asciutto,Temporanea di cantiere,Sereno,11.404883831339788,45.79130805035237,0,173.0,0,0,1,0,0,0,90
12,Venerdì,Pomeriggio,LASTEBASSE,SP 350 Val d'Astico,Pendenza,Asciutto,Verticale,Sereno,11.268458877154767,45.91623986014266,0,151.0,0,0,0,0,0,0,50
2,Domenica,Sera,ROANA,SP 349 Costo,Pendenza,Bagnato,Orizzontale,Sereno,11.459922247402456,45.860789541846,0,117.0,0,0,0,0,0,0,50
9,Sabato,Mattino,LASTEBASSE,SP 350 Val d'Astico,Galleria illuminata,Asciutto,Temporanea di cantiere,Sereno,11.33126975595344,45.89805007002335,0,157.0,0,0,0,0,0,0,50
1,Martedì,Mattino,COSTABISSARA,SP 046 Pasubio,Galleria illuminata,Asciutto,Assente,Vento forte,11.496781822535295,45.57352941313954,0,48.0,0,0,0,0,0,0,90
7,Lunedì,Pomeriggio,ROANA,SP 349 Costo,Rettilineo,Asciutto,Temporanea di cantiere,Sereno,11.451754333549731,45.92454941158674,0,84.0,0,0,0,0,0,0,50
12,Lunedì,Sera,ISOLA VICENTINA,SP 046 Pasubio,Rotatoria,Bagnato,Verticale,Pioggia,11.47472656520923,45.60936936704788,0,33.0,0,0,0,0,0,14,60
5,Giovedì,Pomeriggio,ROANA,SP 349 Costo,Curva,Asciutto,Verticale,Altro,11.446110494776471,45.84764958757963,0,119.0,0,0,0,0,0,0,50
3,Domenica,Mattino,ROANA,SP 349 Costo,Incrocio,Asciutto,Orizzontale,Sereno,11.457506505753978,45.859921932779194,0,117.0,0,0,0,0,0,0,50
7,Giovedì,Mattino,MALO,SP 046 Pasubio,Rettilineo,Bagnato,Temporanea di cantiere,Nebbia,11.413603145438508,45.6591573492552,0,21.0,8,0,0,0,0,37,50
4,Mercoledì,Pomeriggio,MALO,SP 046 Pasubio,Incrocio,Asciutto,Temporanea di cantiere,Sereno,11.43293859948589,45.63926872211101,0,24.0,8,1,0,0,0,13,50
11,Martedì,Sera,VALDASTICO,SP 350 Val d'Astico,Pendenza,Asciutto,Verticale,Sereno,11.33388844179366,45.89624075371032,0,158.0,0,0,0,0,0,0,50
11,Lunedì,Notte,ROANA,SP 349 Costo,Pendenza,Asciutto,Verticale,Sereno,11.435510857165037,45.83123186200819,0,100.0,0,0,0,0,0,0,70
8,Lunedì,Sera,VICENZA,SP 046 Pasubio,Galleria illuminata,Asciutto,Verticale,Sereno,11.506944034679854,45.54452145933593,0,50.0,0,0,0,0,0,0,90
8,Martedì,Notte,COGOLLO DEL CENGIO,SP 349 Costo,Intersezione con semaforo o vigile,Bagnato,Verticale,Sereno,11.428984961997092,45.798062769111695,0,105.0,0,0,0,0,0,0,70
8,Sabato,Pomeriggio,SCHIO,SP 046 Pasubio,Dosso,Asciutto,Orizzontale,Sereno,11.392646899231917,45.6905989657308,0,16.0,0,0,0,0,0,0,50
9,Venerdì,Notte,VALDASTICO,SP 350 Val d'Astico,Intersezione con semaforo o vigile,Bagnato,Orizzontale,Sereno,11.366815135329178,45.84501599602909,0,165.0,2,0,0,0,0,0,50
6,Martedì,Pomeriggio,CALDOGNO,SP 349 Costo,Dosso,Asciutto,Orizzontale,Sereno,11.491414530738,45.622179037857215,0,143.0,0,0,0,0,0,3,70
12,Venerdì,Pomeriggio,COGOLLO DEL CENGIO,SP 349 Costo,Rettilineo,Bagnato,Orizzontale,Pioggia,11.426009015369546,45.809911051254296,0,102.0,0,0,0,0,2,0,70
5,Sabato,Notte,COSTABISSARA,SP 046 Pasubio,Incrocio,Bagnato,Verticale,Sereno,11.493815695650824,45.60287489792706,0,37.0,11,0,0,0,0,12,50
9,Martedì,Notte,ROANA,SP 349 Costo,Pendenza,Asciutto,Verticale,Altro,11.48059955560754,45.8816579784925,0,78.0,0,0,1,0,0,0,50
8,Domenica,Mattino,ASIAGO,SP 349 Costo,Rotatoria,Bagnato,Temporanea di cantiere,Pioggia,11.385844595020746,45.95161047896263,0,92.0,0,0,0,0,0,0,50
12,Lunedì,Mattino,COGOLLO DEL CENGIO,SP 349 Costo,Pendenza,Asciutto,Assente,Sereno,11.42258995875266,45.80136480675569,0,103.0,0,0,0,0,0,0,70
5,Domenica,Sera,VALLI DEL PASUBIO,SP 046 Pasubio,Rettilineo,Sdrucciolevole,Assente,Pioggia,11.18982196181229,45.75769058268723,0,2.0,1,0,0,0,0,0,50
6,Lunedì,Pomeriggio,ROANA,SP 349 Costo,Galleria illuminata,Bagnato,Orizzontale,Pioggia,11.46935910986732,45.88984624172375,0,80.0,0,0,0,0,0,0,50
7,Domenica,Mattino,VICENZA,SP 046 Pasubio,Curva,Asciutto,Temporanea di cantiere,Altro,11.505706270253924,45.57870664992641,0,52.0,0,0,0,0,0,0,70
5,Venerdì,Mattino,COGOLLO DEL CENGIO,SP 350 Val d'Astico,Curva,Sdrucciolevole,Orizzontale,Altro,11.403011718625802,45.791703420299385,0,173.0,0,0,1,0,0,0,90
10,Sabato,Notte,ROANA,SP 349 Costo,Intersezione non segnalata,Asciutto,Temporanea di cantiere,Sereno,11.45164031577099,45.92481053072664,0,84.0,0,0,0,0,0,0,50
6,Martedì,Pomeriggio,SAN VITO DI LEGUZZANO,SP 046 Pasubio,Rettilineo,Sdrucciolevole,Verticale,Pioggia,11.398935340446624,45.68531434037477,0,17.0,0,0,0,0,0,0,90
10,Venerdì,Mattino,COGOLLO DEL CENGIO,SP 349 Costo,Pendenza,Asciutto,Orizzontale,Nebbia,11.430610670480837,45.79387006680141,0,109.0,0,0,0,0,0,0,70
6,Lunedì,Mattino,COGOLLO DEL CENGIO,SP 349 Costo,Rettilineo,Asciutto,Verticale,Sereno,11.42617814412035,45.796164129387016,0,108.0,0,0,0,0,2,0,70
3,Domenica,Notte,SANTORSO,SP 349 Costo,Intersezione segnalata,Asciutto,Temporanea di cantiere,Sereno,11.403966145079478,45.736247682262714,0,75.0,4,0,0,0,0,0,70
7,Martedì,Sera,VICENZA,SP 046 rac Pasubio Raccordo del Sole,Rotatoria,Bagnato,Assente,Pioggia,11.50754957720562,45.5360190114425,0,63.0,0,0,0,0,0,6,50
9,Giovedì,Pomeriggio,VICENZA,SP 046 Pasubio,Rotatoria,Bagnato,Orizzontale,Sereno,11.49436699160534,45.570469520463774,0,47.0,0,0,0,0,0,0,90
8,Domenica,Mattino,VICENZA,SP 046 Pasubio,Dosso,Asciutto,Verticale,Sereno,11.494082366648753,45.56816722397074,0,47.0,0,0,0,0,0,0,90
5,Domenica,Sera,VICENZA,SP 046 Pasubio,Galleria illuminata,Asciutto,Verticale,Sereno,11.50677581582201,45.54462906468022,0,58.0,0,0,0,0,0,0,90
12,Sabato,Pomeriggio,VALLI DEL PASUBIO,SP 046 Pasubio,Galleria illuminata,Bagnato,Temporanea di cantiere,Sereno,11.260460655695734,45.74081161098212,0,11.0,8,0,1,0,0,0,50
5,Sabato,Mattino,MALO,SP 046 Pasubio,Pendenza,Asciutto,Assente,Altro,11.414467061542164,45.658155044292926,0,21.0,8,0,0,0,0,37,50
12,Giovedì,Mattino,COGOLLO DEL CENGIO,SP 349 Costo,Curva,Bagnato,Assente,Vento forte,11.432300027186018,45.78868121027086,0,110.0,0,0,0,0,0,0,70
6,Lunedì,Notte,THIENE,SP 349 var Costo Variante,Intersezione con semaforo o vigile,Asciutto,Orizzontale,Sereno,11.45873336627544,45.69885292634671,0,149.0,2,0,0,0,0,0,50
1,Sabato,Pomeriggio,VALLI DEL PASUBIO,SP 046 Pasubio,Intersezione con semaforo o vigile,Asciutto,Verticale,Sereno,11.189218367741772,45.75751976399645,0,2.0,1,0,0,0,0,0,50
1,Giovedì,Notte,THIENE,SP 349 Costo,Incrocio,Asciutto,Orizzontale,Nebbia,11.49082585818632,45.66479918073805,0,138.0,0,0,0,0,0,193,90
7,Giovedì,Notte,ROANA,SP 349 Costo,Rettilineo,Asciutto,Temporanea di cantiere,Sereno,11.471788640095308,45.88712439489456,0,79.0,0,0,0,0,0,0,50
5,Domenica,Sera,MALO,SP 046 Pasubio,Pendenza,Asciutto,Assente,Sereno,11.435654173342307,45.637604600296534,0,24.0,8,1,0,0,0,13,50
10,Martedì,Mattino,COGOLLO DEL CENGIO,SP 349 Costo,Pendenza,Asciutto,Temporanea di cantiere,Sereno,11.44291526044188,45.78129994953716,0,113.0,0,0,0,0,0,0,70
8,Sabato,Sera,ISOLA VICENTINA,SP 046 Pasubio,Intersezione con semaforo o vigile,Asciutto,Orizzontale,Nebbia,11.445678601177809,45.627614955066406,0,28.0,4,0,0,0,0,5,50
8,Sabato,Sera,THIENE,SP 349 Costo,Galleria illuminata,Bagnato,Assente,Pioggia,11.485630467487262,45.68115573751172,0,136.0,3,0,0,0,1,0,70
9,Mercoledì,Notte,LASTEBASSE,SP 350 Val d'Astico,Rotatoria,Asciutto,Temporanea di cantiere,Sereno,11.266097535773907,45.91646338077464,0,151.0,0,0,0,0,0,0,50
3,Sabato,Mattino,ARSIERO,SP 350 Val d'Astico,Curva,Bagnato,Assente,Altro,11.377086991659082,45.80169589762433,0,171.0,1,0,3,0,0,0,50
2,Lunedì,Notte,COGOLLO DEL CENGIO,SP 349 Costo,Galleria illuminata,Bagnato,Verticale,Pioggia,11.429499785586213,45.81502742910063,0,102.0,0,0,0,0,2,0,70
9,Giovedì,Notte,CALTRANO,SP 349 Costo,Rotatoria,Bagnato,Verticale,Altro,11.45240557135672,45.77224679034708,0,128.0,3,0,2,0,0,0,50
9,Sabato,Mattino,LASTEBASSE,SP 350 Val d'Astico,Rotatoria,Asciutto,Assente,Sereno,11.321296176797505,45.9027031487465,0,157.0,0,0,0,0,0,0,50
2,Venerdì,Notte,SANTORSO,SP 349 Costo,Intersezione con semaforo o vigile,Sdrucciolevole,Verticale,Altro,11.389699402749002,45.73307125127672,0,74.0,6,1,0,0,0,0,50
4,Martedì,Mattino,COSTABISSARA,SP 046 Pasubio,Incrocio,Sdrucciolevole,Orizzontale,Altro,11.496198985334958,45.59667910647752,0,40.0,21,1,0,0,0,44,50
9,Mercoledì,Mattino,VICENZA,SP 046 Pasubio,Pendenza,Asciutto,Temporanea di cantiere,Altro,11.498583150818304,45.55558908780316,0,46.0,0,0,0,0,0,0,90
8,Giovedì,Pomeriggio,MALO,SP 046 Pasubio,Intersezione con semaforo o vigile,Bagnato,Assente,Nebbia,11.406342405731326,45.66757046468977,0,20.0,3,0,0,0,0,0,50
10,Lunedì,Sera,VILLAVERLA,SP 349 Costo,Rotatoria,Asciutto,Verticale,Sereno,11.49417961553934,45.65122560204348,0,139.0,11,0,4,0,2,0,50
8,Giovedì,Mattino,SCHIO,SP 046 Pasubio,Incrocio,Asciutto,Orizzontale,Sereno,11.38820040349072,45.69410177589752,0,16.0,0,0,0,0,0,0,50
1,Venerdì,Mattino,ROANA,SP 349 Costo,Curva,Bagnato,Temporanea di cantiere,Sereno,11.433297985680571,45.84036338277772,0,99.0,6,0,3,0,0,2,50
11,Sabato,Notte,THIENE,SP 349 Costo,Incrocio,Asciutto,Orizzontale,Altro,11.486197574659029,45.67933539398506,0,136.0,3,0,0,0,1,0,70
3,Sabato,Mattino,ISOLA VICENTINA,SP 046 Pasubio,Rotatoria,Asciutto,Verticale,Sereno,11.455888932246255,45.6223497586942,0,28.0,4,0,0,0,0,5,50
2,Giovedì,Sera,ROANA,SP 349 Costo,Rotatoria,Asciutto,Temporanea di cantiere,Nebbia,11.479433698208178,45.869543667806326,0,132.0,17,0,5,0,0,0,50
11,Venerdì,Notte,ASIAGO,SP 349 Costo,Dosso,Asciutto,Orizzontale,Altro,11.502853585743756,45.87566541145426,0,76.0,5,0,4,0,0,0,50
3,Domenica,Pomeriggio,ROANA,SP 349 Costo,Intersezione segnalata,Asciutto,Orizzontale,Altro,11.438340383796048,45.821276000098926,0,101.0,0,0,0,0,0,0,45
7,Martedì,Sera,ARSIERO,SP 350 Val d'Astico,Rotatoria,Sdrucciolevole,Assente,Altro,11.366892839149244,45.80324162639741,0,170.0,0,0,5,0,0,0,50
6,Domenica,Pomeriggio,THIENE,SP 349 Costo,Galleria illuminata,Asciutto,Orizzontale,Sereno,11.489281336814276,45.66956428927943,0,137.0,9,0,3,0,2,0,130
1,Sabato,Pomeriggio,COGOLLO DEL CENGIO,SP 349 Costo,Rotatoria,Asciutto,Verticale,Altro,11.437831005193743,45.787451560869805,0,111.0,0,0,0,0,2,0,70
2,Sabato,Mattino,ROANA,SP 349 Costo,Incrocio,Bagnato,Verticale,Sereno,11.4448790453373,45.93101827904944,0,85.0,0,0,0,0,0,0,50
5,Domenica,Pomeriggio,ROANA,SP 349 Costo,Rotatoria,Bagnato,Assente,Sereno,11.437926655873934,45.823986250209536,0,100.0,0,0,0,0,0,0,70
6,Mercoledì,Sera,COGOLLO DEL CENGIO,SP 349 Costo,Rotatoria,Bagnato,Orizzontale,Altro,11.432497124639909,45.795377725003135,0,107.0,0,0,0,0,2,0,70
8,Venerdì,Notte,VICENZA,SP 046 Pasubio,Intersezione segnalata,Asciutto,Orizzontale,Sereno,11.502733617905134,45.549351688227866,0,56.0,0,0,0,0,0,0,70
12,Lunedì,Notte,SANTORSO,SP 349 Costo,Galleria illuminata,Asciutto,Orizzontale,Sereno,11.384614360835794,45.73177894360555,0,74.0,6,1,0,0,0,0,50
6,Domenica,Notte,ROANA,SP 349 Costo,Dosso,Bagnato,Verticale,Altro,11.46925442365228,45.89417966259178,0,80.0,0,0,0,0,0,0,50
12,Sabato,Mattino,ASIAGO,SP 349 Costo,Curva,Sdrucciolevole,Verticale,Pioggia,11.43508148858928,45.946797640813394,0,87.0,0,0,0,0,0,0,50
12,Giovedì,Pomeriggio,ASIAGO,SP 349 Costo,Rettilineo,Asciutto,Assente,Sereno,11.410801759903007,45.94817376090778,0,90.0,0,0,0,0,0,0,50
7,Venerdì,Pomeriggio,ASIAGO,SP 349 Costo,Galleria illuminata,Bagnato,Temporanea di cantiere,Vento forte,11.49015571352554,45.86942751612678,0,134.0,0,0,0,0,0,0,70
6,Venerdì,Sera,MALO,SP 046 Pasubio,Pendenza,Sdrucciolevole,Verticale,Altro,11.41113653356621,45.661632973817305,0,21.0,8,0,0,0,0,37,50
6,Martedì,Pomeriggio,MALO,SP 046 Pasubio,Rotatoria,Bagnato,Temporanea di cantiere,Sereno,11.40303164040504,45.67680153691038,0,19.0,5,0,0,0,0,3,50
4,Lunedì,Mattino,VICENZA,SP 046 Pasubio,Rotatoria,Sdrucciolevole,Temporanea di cantiere,Pioggia,11.494992527903216,45.5618470805215,0,47.0,0,0,0,0,0,0,90
7,Lunedì,Mattino,ROANA,SP 349 Costo,Incrocio,Asciutto,Temporanea di cantiere,Sereno,11.448637834434358,45.92908749888126,0,85.0,0,0,0,0,0,0,50
6,Martedì,Notte,VICENZA,SP 046 Pasubio,Curva,Bagnato,Temporanea di cantiere,Sereno,11.49473199198507,45.56280626996139,0,54.0,0,0,0,0,0,0,90
4,Sabato,Mattino,THIENE,SP 349 var Costo Variante,Rotatoria,Asciutto,Temporanea di cantiere,Sereno,11.45790918847446,45.69967335378041,0,148.0,0,0,0,0,0,0,50
2,Domenica,Notte,COSTABISSARA,SP 046 Pasubio,Galleria illuminata,Bagnato,Assente,Sereno,11.496147823459332,45.596816123919496,0,40.0,21,1,0,0,0,44,50
9,Domenica,Sera,VALLI DEL PASUBIO,SP 046 Pasubio,Dosso,Asciutto,Orizzontale,Sereno,11.246527919482464,45.74395484288198,0,10.0,0,0,0,0,0,0,50
5,Martedì,Mattino,MALO,SP 046 Pasubio,Intersezione non segnalata,Asciutto,Orizzontale,Sereno,11.405015753137883,45.672128064029096,0,19.0,5,0,0,0,0,3,50
5,Venerdì,Mattino,VICENZA,SP 046 rac Pasubio Raccordo del Sole,Dosso,Asciutto,Verticale,Sereno,11.507901336951456,45.535646539316055,0,68.0,1,0,0,0,0,12,50
1,Giovedì,Mattino,COGOLLO DEL CENGIO,SP 349 Costo,Galleria illuminata,Bagnato,Assente,Pioggia,11.423705315707291,45.80629966412833,0,103.0,0,0,0,0,0,0,70
4,Lunedì,Sera,VALDASTICO,SP 350 Val d'Astico,Curva,Asciutto,Verticale,Sereno,11.364760649043992,45.850678020216975,0,164.0,0,0,0,0,0,0,50
12,Venerdì,Sera,ASIAGO,SP 349 Costo,Dosso,Asciutto,Assente,Sereno,11.435117669122858,45.94677167550507,0,87.0,0,0,0,0,0,0,50
1,Martedì,Sera,ROANA,SP 349 Costo,Dosso,Bagnato,Orizzontale,Altro,11.469891516845848,45.86289813625602,0,116.0,4,0,0,0,0,0,50
2,Venerdì,Notte,ASIAGO,SP 349 Costo,Rotatoria,Asciutto,Orizzontale,Sereno,11.418258875120996,45.951089401291064,0,89.0,0,0,0,0,0,0,50
7,Domenica,Sera,VICENZA,SP 046 Pasubio,Galleria illuminata,Bagnato,Assente,Pioggia,11.50812227945358,45.54311107651918,0,62.0,0,0,0,0,0,0,90
6,Giovedì,Notte,ARSIERO,SP 350 Val d'Astico,Intersezione segnalata,Bagnato,Assente,Sereno,11.36253587586964,45.803835427672055,0,170.0,0,0,5,0,0,0,50
9,Lunedì,Mattino,ROANA,SP 349 Costo,Rotatoria,Asciutto,Verticale,Sereno,11.441225098282109,45.9364340561909,0,86.0,0,0,0,0,0,0,50
5,Domenica,Sera,ISOLA VICENTINA,SP 046 Pasubio,Dosso,Innevato,Temporanea di cantiere,Neve,11.44564145405666,45.62761593198374,0,28.0,4,0,0,0,0,5,50
5,Sabato,Sera,VICENZA,SP 046 Pasubio,Rotatoria,Innevato,Verticale,Neve,11.50712068651595,45.54425783638845,0,50.0,0,0,0,0,0,0,90
8,Martedì,Notte,COGOLLO DEL CENGIO,SP 349 Costo,Intersezione con semaforo o vigile,Asciutto,Verticale,Sereno,11.430275968453108,45.791898896421834,0,110.0,0,0,0,0,0,0,70
8,Martedì,Sera,VALLI DEL PASUBIO,SP 046 Pasubio,Intersezione non segnalata,Bagnato,Verticale,Nebbia,11.260613914480848,45.74073040911961,0,11.0,8,0,1,0,0,0,50
11,Giovedì,Notte,COGOLLO DEL CENGIO,SP 349 Costo,Rotatoria,Asciutto,Orizzontale,Sereno,11.428000316335176,45.813218340001626,0,102.0,0,0,0,0,2,0,70
3,Martedì,Sera,PIOVENE ROCCHETTE,SP 349 Costo,Curva,Bagnato,Orizzontale,Altro,11.423438125086673,45.74636277290085,0,93.0,12,5,2,0,3,0,50
4,Domenica,Sera,VALDASTICO,SP 350 Val d'Astico,Intersezione non segnalata,Bagnato,Temporanea di cantiere,Nebbia,11.362922029866011,45.85420357587187,0,164.0,0,0,0,0,0,0,50
2,Mercoledì,Notte,VALDASTICO,SP 350 Val d'Astico,Curva,Asciutto,Temporanea di cantiere,Sereno,11.353538852567088,45.88708144223599,0,160.0,1,0,1,0,0,0,50
8,Venerdì,Mattino,PIOVENE ROCCHETTE,SP 349 Costo,Intersezione con semaforo o vigile,Bagnato,Verticale,Vento forte,11.421787698537532,45.74488369398987,0,93.0,12,5,2,0,3,0,50
7,Domenica,Pomeriggio,COSTABISSARA,SP 046 Pasubio,Pendenza,Bagnato,Orizzontale,Altro,11.497114944518328,45.59323049814654,0,41.0,4,0,0,0,0,31,50
5,Sabato,Mattino,VICENZA,SP 046 Pasubio,Intersezione segnalata,Bagnato,Orizzontale,Pioggia,11.50114464812825,45.551884163823985,0,45.0,0,0,0,0,0,0,70
9,Sabato,Sera,ROANA,SP 349 Costo,Intersezione non segnalata,Asciutto,Assente,Sereno,11.472133399903305,45.88620334775914,0,79.0,0,0,0,0,0,0,50
5,Lunedì,Sera,COGOLLO DEL CENGIO,SP 350 Val d'Astico,Rotatoria,Asciutto,Assente,Nebbia,11.40757470501601,45.79058574965365,0,174.0,3,0,0,0,0,0,70
3,Sabato,Notte,VALLI DEL PASUBIO,SP 046 Pasubio,Incrocio,Sdrucciolevole,Verticale,Pioggia,11.218447150309888,45.75504971110313,0,7.0,1,0,0,0,0,0,45
7,Lunedì,Pomeriggio,VICENZA,SP 046 Pasubio,Intersezione segnalata,Asciutto,Verticale,Sereno,11.508183532057046,45.54080781898358,0,60.0,0,0,0,0,0,0,70
6,Martedì,Mattino,ROANA,SP 349 Costo,Pendenza,Bagnato,Temporanea di cantiere,Vento forte,11.435327409211467,45.831701811667095,0,100.0,0,0,0,0,0,0,70
5,Martedì,Pomeriggio,VALLI DEL PASUBIO,SP 046 Pasubio,Pendenza,Asciutto,Orizzontale,Sereno,11.223740686536171,45.7537157646864,0,8.0,0,0,0,0,0,0,70
6,Giovedì,Mattino,ASIAGO,SP 349 Costo,Intersezione con semaforo o vigile,Asciutto,Assente,Vento forte,11.501138615030497,45.875524299938625,0,76.0,5,0,4,0,0,0,50
3,Mercoledì,Mattino,MALO,SP 046 Pasubio,Intersezione non segnalata,Asciutto,Temporanea di cantiere,Sereno,11.433773727627438,45.638735027708535,0,24.0,8,1,0,0,0,13,50
7,Venerdì,Notte,ROANA,SP 349 Costo,Intersezione con semaforo o vigile,Asciutto,Orizzontale,Sereno,11.457187834372435,45.856432300418504,0,117.0,0,0,0,0,0,0,50
1,Lunedì,Pomeriggio,VICENZA,SP 046 Pasubio,Rotatoria,Bagnato,Assente,Sereno,11.503319991734104,45.5485558904851,0,45.0,0,0,0,0,0,0,70
2,Domenica,Notte,COGOLLO DEL CENGIO,SP 349 Costo,Curva,Asciutto,Assente,Sereno,11.42621766139734,45.81049994261104,0,102.0,0,0,0,0,2,0,70
7,Venerdì,Pomeriggio,ARSIERO,SP 350 Val d'Astico,Intersezione con semaforo o vigile,Asciutto,Temporanea di cantiere,Sereno,11.361296598624715,45.810149870937224,0,169.0,10,2,8,0,0,0,50
7,Mercoledì,Notte,ROANA,SP 349 Costo,Pendenza,Sdrucciolevole,Temporanea di cantiere,Pioggia,11.453821561313438,45.918190349639985,0,83.0,0,0,0,0,0,0,50
8,Mercoledì,Notte,VALDASTICO,SP 350 Val d'Astico,Dosso,Asciutto,Orizzontale,Sereno,11.36132435761743,45.866725666242026,0,162.0,1,0,1,0,0,0,50
2,Giovedì,Notte,VALDASTICO,SP 350 Val d'Astico,Rettilineo,Sdrucciolevole,Temporanea di cantiere,Altro,11.334360596483886,45.89550431342023,0,158.0,0,0,0,0,0,0,50
11,Mercoledì,Sera,ASIAGO,SP 349 Costo,Intersezione segnalata,Sdrucciolevole,Verticale,Altro,11.489831809910518,45.87868293159782,0,77.0,0,0,0,0,0,0,50
6,Giovedì,Mattino,VICENZA,SP 046 Pasubio,Intersezione non segnalata,Asciutto,Temporanea di cantiere,Nebbia,11.499454467481549,45.575198610696354,0,52.0,0,0,0,0,0,0,70
2,Lunedì,Sera,CALTRANO,SP 349 Costo,Curva,Bagnato,Orizzontale,Sereno,11.449693558614,45.7754919167713,0,114.0,0,0,2,0,0,0,70
4,Giovedì,Pomeriggio,ISOLA VICENTINA,SP 046 Pasubio,Curva,Sdrucciolevole,Assente,Pioggia,11.459149281781862,45.6208161007024,0,29.0,1,0,0,0,0,2,90
3,Mercoledì,Notte,LASTEBASSE,SP 350 Val d'Astico,Intersezione con semaforo o vigile,Asciutto,Verticale,Sereno,11.27830188988477,45.913845500049185,0,153.0,0,0,0,0,0,0,50
6,Domenica,Sera,VILLAVERLA,SP 349 Costo,Intersezione con semaforo o vigile,Ghiacciato,Temporanea di cantiere,Neve,11.491234721095475,45.662078147465735,0,138.0,0,0,0,0,0,193,90
6,Venerdì,Sera,VALLI DEL PASUBIO,SP 046 Pasubio,Pendenza,Asciutto,Orizzontale,Sereno,11.182146384608387,45.75768897354158,0,1.0,0,0,0,0,0,0,50
6,Venerdì,Mattino,ROANA,SP 349 Costo,Pendenza,Sdrucciolevole,Assente,Altro,11.457953207773707,45.91168276101013,0,83.0,0,0,0,0,0,0,50
6,Giovedì,Pomeriggio,VILLAVERLA,SP 349 Costo,Rettilineo,Asciutto,Verticale,Sereno,11.493636049479171,45.65663103680744,0,140.0,16,0,2,0,0,0,50
11,Sabato,Sera,COGOLLO DEL CENGIO,SP 350 Val d'Astico,Rotatoria,Asciutto,Verticale,Sereno,11.426817078310776,45.77343205043282,0,177.0,3,0,3,0,0,0,50
12,Mercoledì,Notte,VICENZA,SP 046 Pasubio,Dosso,Bagnato,Orizzontale,Altro,11.508184745140342,45.540855809130015,0,60.0,0,0,0,0,0,0,70
6,Lunedì,Sera,ROANA,SP 349 Costo,Intersezione non segnalata,Asciutto,Orizzontale,Sereno,11.454107232865216,45.917710863178314,0,83.0,0,0,0,0,0,0,50
12,Lunedì,Mattino,PIOVENE ROCCHETTE,SP 350 Val d'Astico,Rotatoria,Bagnato,Temporanea di cantiere,Vento forte,11.435809963135878,45.7628293857745,0,178.0,16,10,8,0,0,0,50
10,Martedì,Notte,ROANA,SP 349 Costo,Intersezione non segnalata,Asciutto,Verticale,Altro,11.432313808102222,45.83717314043386,0,99.0,6,0,3,0,0,2,50
10,Martedì,Pomeriggio,VICENZA,SP 046 Pasubio,Intersezione con semaforo o vigile,Asciutto,Temporanea di cantiere,Sereno,11.510241484875586,45.58011715872387,0,61.0,0,0,0,0,0,6,40
3,Lunedì,Notte,CHIUPPANO,SP 349 Costo,Rettilineo,Asciutto,Assente,Sereno,11.454535322039067,45.7663786804687,0,124.0,1,0,2,0,0,0,50
6,Venerdì,Notte,PIOVENE ROCCHETTE,SP 350 Val d'Astico,Curva,Asciutto,Assente,Sereno,11.425481760791651,45.77018014983503,0,177.0,3,0,3,0,0,0,50
5,Mercoledì,Notte,ROANA,SP 349 Costo,Incrocio,Sdrucciolevole,Assente,Neve,11.457257038495182,45.85977726306893,0,117.0,0,0,0,0,0,0,50
2,Martedì,Pomeriggio,MARANO VICENTINO,SP 349 var Costo Variante,Galleria illuminata,Asciutto,Orizzontale,Altro,11.425674697526851,45.71954212729883,0,145.0,0,0,0,0,0,0,40
1,Venerdì,Sera,ARSIERO,SP 350 Val d'Astico,Intersezione segnalata,Asciutto,Orizzontale,Sereno,11.365948953323464,45.80320985535763,0,170.0,0,0,5,0,0,0,50
8,Giovedì,Pomeriggio,ROANA,SP 349 Costo,Curva,Bagnato,Temporanea di cantiere,Pioggia,11.451283489608722,45.92524534034566,0,84.0,0,0,0,0,0,0,50
6,Giovedì,Mattino,VICENZA,SP 046 rac Pasubio Raccordo del Sole,Rotatoria,Asciutto,Verticale,Sereno,11.507879600990671,45.534922831967826,0,65.0,0,0,0,0,0,11,50
10,Venerdì,Notte,ROANA,SP 349 Costo,Pendenza,Sdrucciolevole,Assente,Pioggia,11.47269803018558,45.863450181753365,0,132.0,17,0,5,0,0,0,50
9,Sabato,Mattino,ARSIERO,SP 350 Val d'Astico,Rettilineo,Bagnato,Verticale,Nebbia,11.36130048551987,45.81015689340597,0,169.0,10,2,8,0,0,0,50
2,Sabato,Notte,COGOLLO DEL CENGIO,SP 349 Costo,Rotatoria,Bagnato,Orizzontale,Vento forte,11.42272334716605,45.803499092792634,0,103.0,0,0,0,0,0,0,70
11,Martedì,Sera,ROANA,SP 349 Costo,Intersezione segnalata,Asciutto,Temporanea di cantiere,Sereno,11.456067247374389,45.853143112852926,0,118.0,0,0,0,0,0,0,50
6,Martedì,Mattino,ROANA,SP 349 Costo,Rettilineo,Asciutto,Assente,Sereno,11.486873722276425,45.8801267068028,0,78.0,0,0,1,0,0,0,50
7,Venerdì,Pomeriggio,MALO,SP 046 Pasubio,Intersezione non segnalata,Bagnato,Orizzontale,Sereno,11.403921108458851,45.67484143091151,0,19.0,5,0,0,0,0,3,50
12,Venerdì,Mattino,VALLI DEL PASUBIO,SP 046 Pasubio,Pendenza,Asciutto,Verticale,Sereno,11.193773804331844,45.76082443631153,0,3.0,0,0,0,0,0,0,50
8,Lunedì,Mattino,COGOLLO DEL CENGIO,SP 350 Val d'Astico,Intersezione con semaforo o vigile,Bagnato,Assente,Sereno,11.409451096846144,45.79003582685417,0,174.0,3,0,0,0,0,0,70
1,Mercoledì,Pomeriggio,COGOLLO DEL CENGIO,SP 350 Val d'Astico,Galleria illuminata,Asciutto,Orizzontale,Vento forte,11.378936143174226,45.80075892774675,0,171.0,1,0,3,0,0,0,50
3,Mercoledì,Sera,ARSIERO,SP 350 Val d'Astico,Galleria illuminata,Bagnato,Temporanea di cantiere,Sereno,11.36879459549862,45.83031079926528,0,166.0,1,0,0,0,0,0,50
6,Giovedì,Notte,VALLI DEL PASUBIO,SP 046 Pasubio,Galleria illuminata,Asciutto,Temporanea di cantiere,Sereno,11.212245469705168,45.756441191482814,0,6.0,0,0,0,0,0,0,50
1,Lunedì,Mattino,COGOLLO DEL CENGIO,SP 349 Costo,Curva,Sdrucciolevole,Orizzontale,Pioggia,11.429463387383048,45.793925914813926,0,109.0,0,0,0,0,0,0,70
3,Martedì,Mattino,COSTABISSARA,SP 046 Pasubio,Intersezione segnalata,Bagnato,Orizzontale,Sereno,11.491820512444423,45.60461659833996,0,34.0,7,0,0,0,0,32,70
10,Sabato,Sera,SANTORSO,SP 349 Costo,Rettilineo,Asciutto,Verticale,Sereno,11.401737457752832,45.73616741964425,0,75.0,4,0,0,0,0,0,70
3,Venerdì,Sera,COGOLLO DEL CENGIO,SP 349 Costo,Intersezione con semaforo o vigile,Asciutto,Orizzontale,Sereno,11.440355344133222,45.78495325151833,0,111.0,0,0,0,0,2,0,70
7,Domenica,Pomeriggio,ARSIERO,SP 350 Val d'Astico,Rotatoria,Asciutto,Orizzontale,Sereno,11.369459716504872,45.83468834440606,0,166.0,1,0,0,0,0,0,50
4,Mercoledì,Mattino,COGOLLO DEL CENGIO,SP 349 Costo,Dosso,Asciutto,Verticale,Sereno,11.442658927100934,45.783183944844026,0,112.0,0,0,0,0,2,0,70
12,Mercoledì,Notte,MALO,SP 046 Pasubio,Dosso,Asciutto,Verticale,Sereno,11.418350324276132,45.653799180816826,0,22.0,4,1,2,0,0,20,50
8,Venerdì,Sera,COGOLLO DEL CENGIO,SP 349 Costo,Intersezione segnalata,Asciutto,Assente,Sereno,11.434627303133269,45.79755567512538,0,105.0,0,0,0,0,0,0,70
12,Lunedì,Mattino,VALDASTICO,SP 350 Val d'Astico,Rettilineo,Asciutto,Assente,Sereno,11.356783512479277,45.881238839571985,0,161.0,0,0,0,0,0,0,50
5,Mercoledì,Mattino,VICENZA,SP 046 rac Pasubio Raccordo del Sole,Rotatoria,Asciutto,Orizzontale,Vento forte,11.509081953395032,45.53832174209229,0,67.0,0,0,0,0,0,5,50
8,Lunedì,Pomeriggio,COSTABISSARA,SP 046 Pasubio,Intersezione non segnalata,Asciutto,Orizzontale,Sereno,11.4940428824719,45.60245693784229,0,38.0,10,0,0,0,0,13,50
5,Lunedì,Mattino,VALDASTICO,SP 350 Val d'Astico,Intersezione non segnalata,Asciutto,Verticale,Sereno,11.36357072260365,45.85273430468793,0,164.0,0,0,0,0,0,0,50
3,Sabato,Sera,VICENZA,SP 046 Pasubio,Incrocio,Asciutto,Verticale,Altro,11.494067175798133,45.567620866823184,0,53.0,0,0,0,0,0,0,90
10,Lunedì,Pomeriggio,COGOLLO DEL CENGIO,SP 350 Val d'Astico,Rettilineo,Asciutto,Orizzontale,Sereno,11.425934903613062,45.783263060845954,0,175.0,6,1,6,0,0,0,50
3,Martedì,Notte,COGOLLO DEL CENGIO,SP 349 Costo,Dosso,Asciutto,Verticale,Vento forte,11.425916875469769,45.80056632566588,0,104.0,0,0,0,0,0,0,70
6,Venerdì,Sera,COGOLLO DEL CENGIO,SP 349 Costo,Intersezione non segnalata,Asciutto,Temporanea di cantiere,Altro,11.432121849448514,45.81586217888206,0,102.0,0,0,0,0,2,0,70
6,Venerdì,Mattino,VICENZA,SP 046 Pasubio,Pendenza,Asciutto,Verticale,Sereno,11.503537438752456,45.54824908941613,0,45.0,0,0,0,0,0,0,70
4,Venerdì,Pomeriggio,ROANA,SP 349 Costo,Intersezione con semaforo o vigile,Asciutto,Assente,Sereno,11.452556411244323,45.848700080650346,0,118.0,0,0,0,0,0,0,50
5,Giovedì,Mattino,COGOLLO DEL CENGIO,SP 350 Val d'Astico,Rettilineo,Asciutto,Assente,Sereno,11.414433152372975,45.78743900361035,0,174.0,3,0,0,0,0,0,70
4,Giovedì,Notte,VALLI DEL PASUBIO,SP 046 Pasubio,Rotatoria,Asciutto,Orizzontale,Sereno,11.193900438228216,45.76142626982904,0,3.0,0,0,0,0,0,0,50
11,Domenica,Mattino,ROANA,SP 349 Costo,Pendenza,Asciutto,Verticale,Nebbia,11.43889974221574,45.842933153063335,0,120.0,0,0,2,0,0,0,50
7,Martedì,Mattino,CALDOGNO,SP 349 Costo,Pendenza,Bagnato,Temporanea di cantiere,Pioggia,11.490442521020864,45.61714909742548,0,143.0,0,0,0,0,0,3,70
12,Giovedì,Notte,ROANA,SP 349 Costo,Intersezione segnalata,Asciutto,Assente,Sereno,11.45178879744994,45.92446298148684,0,84.0,0,0,0,0,0,0,50
8,Venerdì,Notte,VICENZA,SP 046 Pasubio,Dosso,Bagnato,Temporanea di cantiere,Pioggia,11.50814017649762,45.579825430613035,0,52.0,0,0,0,0,0,0,70
10,Sabato,Notte,THIENE,SP 349 Costo,Pendenza,Asciutto,Orizzontale,Sereno,11.488293717101014,45.67262175619603,0,137.0,9,0,3,0,2,0,130
2,Martedì,Sera,COGOLLO DEL CENGIO,SP 349 Costo,Intersezione con semaforo o vigile,Bagnato,Orizzontale,Altro,11.425782608714616,45.80969538899345,0,102.0,0,0,0,0,2,0,70
12,Martedì,Pomeriggio,ROANA,SP 349 Costo,Pendenza,Bagnato,Verticale,Pioggia,11.463271426955728,45.901945409085315,0,81.0,0,0,0,0,0,0,50
6,Sabato,Sera,ROANA,SP 349 Costo,Intersezione non segnalata,Asciutto,Temporanea di cantiere,Sereno,11.436217401526662,45.94153897447707,0,86.0,0,0,0,0,0,0,50
9,Sabato,Pomeriggio,VALDASTICO,SP 350 Val d'Astico,Rettilineo,Asciutto,Assente,Vento forte,11.370457548317876,45.83783891991737,0,166.0,1,0,0,0,0,0,50
3,Sabato,Pomeriggio,ROANA,SP 349 Costo,Intersezione non segnalata,Asciutto,Assente,Sereno,11.43580027646554,45.830058763046345,0,100.0,0,0,0,0,0,0,70
2,Domenica,Sera,ROANA,SP 349 Costo,Dosso,Bagnato,Orizzontale,Sereno,11.434700897093949,45.832809889136875,0,99.0,6,0,3,0,0,2,50
11,Domenica,Sera,VICENZA,SP 046 rac Pasubio Raccordo del Sole,Pendenza,Bagnato,Assente,Sereno,11.508200619354948,45.53675871595309,0,67.0,0,0,0,0,0,5,50
6,Domenica,Notte,VICENZA,SP 046 Pasubio,Incrocio,Bagnato,Orizzontale,Pioggia,11.494178519790283,45.57007421709336,0,53.0,0,0,0,0,0,0,90
2,Sabato,Pomeriggio,THIENE,SP 349 Costo,Pendenza,Asciutto,Orizzontale,Sereno,11.489125238910969,45.670055870941034,0,137.0,9,0,3,0,2,0,130
8,Venerdì,Pomeriggio,VICENZA,SP 046 Pasubio,Rettilineo,Asciutto,Verticale,Sereno,11.49465157954744,45.57122067394555,0,53.0,0,0,0,0,0,0,90
6,Lunedì,Pomeriggio,SANTORSO,SP 349 Costo,Curva,Bagnato,Orizzontale,Sereno,11.376387620872332,45.729653392880586,0,73.0,6,4,0,0,0,0,70
9,Mercoledì,Mattino,SCHIO,SP 349 Costo,Dosso,Bagnato,Temporanea di cantiere,Pioggia,11.36912570881925,45.72684068275433,0,73.0,6,4,0,0,0,0,70
9,Sabato,Notte,ASIAGO,SP 349 Costo,Intersezione con semaforo o vigile,Asciutto,Temporanea di cantiere,Sereno,11.405115991142456,45.945095544161745,0,90.0,0,0,0,0,0,0,50
6,Mercoledì,Pomeriggio,ROANA,SP 349 Costo,Incrocio,Asciutto,Assente,Sereno,11.468257439201182,45.896296266648,0,80.0,0,0,0,0,0,0,50
5,Sabato,Mattino,SCHIO,SP 046 var Torrebelvicino,Intersezione segnalata,Bagnato,Assente,Vento forte,11.332949576303864,45.714913622297246,0,71.0,0,0,0,0,0,0,70
3,Sabato,Sera,CALTRANO,SP 349 Costo,Intersezione con semaforo o vigile,Bagnato,Verticale,Pioggia,11.445986120700184,45.78038952372064,0,113.0,0,0,0,0,0,0,70
1,Sabato,Mattino,COGOLLO DEL CENGIO,SP 349 Costo,Intersezione con semaforo o vigile,Sdrucciolevole,Assente,Pioggia,11.427972858126989,45.793288599959375,0,110.0,0,0,0,0,0,0,70
2,Martedì,Mattino,LASTEBASSE,SP 350 Val d'Astico,Pendenza,Bagnato,Verticale,Vento forte,11.26006220832877,45.919212674048275,0,151.0,0,0,0,0,0,0,50
10,Giovedì,Sera,ROANA,SP 349 Costo,Pendenza,Asciutto,Orizzontale,Sereno,11.449999127932726,45.84678316111171,0,119.0,0,0,0,0,0,0,50
6,Mercoledì,Mattino,VICENZA,SP 046 Pasubio,Dosso,Bagnato,Verticale,Nebbia,11.505901467620888,45.58254231329038,0,43.0,0,0,0,0,0,7,40
3,Mercoledì,Notte,VILLAVERLA,SP 349 Costo,Intersezione con semaforo o vigile,Asciutto,Orizzontale,Sereno,11.49157669800694,45.634466635686245,0,141.0,3,0,2,0,0,0,50
1,Martedì,Sera,ISOLA VICENTINA,SP 046 Pasubio,Rettilineo,Asciutto,Assente,Sereno,11.458652443381052,45.621103426581485,0,29.0,1,0,0,0,0,2,90
10,Lunedì,Notte,VALLI DEL PASUBIO,SP 046 Pasubio,Intersezione segnalata,Asciutto,Verticale,Sereno,11.205228901523418,45.759349599272966,0,5.0,0,0,0,0,0,0,50
6,Mercoledì,Notte,ROANA,SP 349 Costo,Pendenza,Asciutto,Temporanea di cantiere,Sereno,11.437172146914811,45.82496875978217,0,100.0,0,0,0,0,0,0,70
1,Domenica,Notte,SANTORSO,SP 349 Costo,Curva,Bagnato,Assente,Sereno,11.413368001262397,45.740446517425355,0,94.0,4,0,0,0,1,0,50
3,Venerdì,Sera,THIENE,SP 349 Costo,Intersezione non segnalata,Bagnato,Temporanea di cantiere,Sereno,11.486680144451428,45.67778132662505,0,136.0,3,0,0,0,1,0,70
8,Lunedì,Notte,MALO,SP 046 Pasubio,Intersezione segnalata,Bagnato,Verticale,Pioggia,11.417922092475004,45.65442829673929,0,22.0,4,1,2,0,0,20,50
8,Venerdì,Mattino,SCHIO,SP 349 Costo,Intersezione segnalata,Bagnato,Temporanea di cantiere,Sereno,11.371879049344672,45.72849786600455,0,73.0,6,4,0,0,0,0,70
10,Lunedì,Notte,MALO,SP 046 Pasubio,Intersezione non segnalata,Asciutto,Verticale,Sereno,11.400103012440898,45.68307550326089,0,17.0,0,0,0,0,0,0,90
1,Martedì,Sera,ROANA,SP 349 Costo,Curva,Asciutto,Orizzontale,Sereno,11.463252412646572,45.86055428099672,0,116.0,4,0,0,0,0,0,50
1,Domenica,Notte,VICENZA,SP 046 Pasubio,Galleria illuminata,Asciutto,Orizzontale,Sereno,11.508347524982293,45.54100599772448,0,62.0,0,0,0,0,0,0,90
1,Sabato,Notte,ISOLA VICENTINA,SP 046 Pasubio,Galleria illuminata,Bagnato,Verticale,Pioggia,11.47607955519458,45.60925209834069,0,33.0,0,0,0,0,0,14,60
5,Giovedì,Mattino,ISOLA VICENTINA,SP 046 Pasubio,Galleria illuminata,Asciutto,Temporanea di cantiere,Altro,11.445510541412192,45.62768827196987,0,27.0,7,0,0,0,0,1,50
9,Venerdì,Sera,ASIAGO,SP 349 Costo,Dosso,Asciutto,Temporanea di cantiere,Sereno,11.502264468357952,45.872508328484265,0,133.0,4,0,6,0,1,0,50
8,Mercoledì,Notte,ARSIERO,SP 350 Val d'Astico,Intersezione non segnalata,Bagnato,Verticale,Pioggia,11.36957681582008,45.83223707331793,0,166.0,1,0,0,0,0,0,50
3,Mercoledì,Mattino,VICENZA,SP 046 Pasubio,Curva,Bagnato,Temporanea di cantiere,Sereno,11.49405807901047,45.56952342762256,0,53.0,0,0,0,0,0,0,90
8,Martedì,Pomeriggio,VICENZA,SP 046 Pasubio,Intersezione segnalata,Asciutto,Assente,Altro,11.503864013698635,45.57769712464655,0,52.0,0,0,0,0,0,0,70
8,Venerdì,Sera,VALLI DEL PASUBIO,SP 046 Pasubio,Rotatoria,Asciutto,Assente,Sereno,11.196527582670678,45.76316760298815,0,4.0,0,0,0,0,0,0,50
9,Sabato,Mattino,PIOVENE ROCCHETTE,SP 349 Costo,Rettilineo,Asciutto,Assente,Sereno,11.42628052546254,45.74891666124348,0,93.0,12,5,2,0,3,0,50
6,Sabato,Pomeriggio,COGOLLO DEL CENGIO,SP 349 Costo,Intersezione segnalata,Asciutto,Temporanea di cantiere,Sereno,11.435943316913814,45.795316102927096,0,106.0,0,0,0,0,0,0,70
1,Martedì,Notte,CALDOGNO,SP 349 Costo,Rotatoria,Bagnato,Orizzontale,Nebbia,11.49039112816222,45.61381986549422,0,144.0,1,0,0,0,0,0,70
5,Domenica,Sera,LASTEBASSE,SP 350 Val d'Astico,Rotatoria,Asciutto,Temporanea di cantiere,Sereno,11.304364135833891,45.90814118613666,0,155.0,0,0,0,0,0,0,50
10,Venerdì,Mattino,MALO,SP 046 Pasubio,Intersezione segnalata,Bagnato,Assente,Sereno,11.399729702358476,45.6838785249442,0,17.0,0,0,0,0,0,0,90
9,Sabato,Notte,ZANE',SP 349 Costo,Galleria illuminata,Bagnato,Orizzontale,Sereno,11.458344212543093,45.71612533761786,0,130.0,10,7,4,0,0,0,50
4,Giovedì,Pomeriggio,ISOLA VICENTINA,SP 046 Pasubio,Incrocio,Bagnato,Temporanea di cantiere,Altro,11.453308104105153,45.62352831299941,0,28.0,4,0,0,0,0,5,50
10,Giovedì,Sera,ASIAGO,SP 349 Costo,Dosso,Bagnato,Assente,Nebbia,11.497018261963772,45.869297292732426,0,133.0,4,0,6,0,1,0,50
5,Sabato,Notte,SCHIO,SP 349 var Costo Variante,Incrocio,Bagnato,Orizzontale,Altro,11.423759597027637,45.72188600522286,0,145.0,0,0,0,0,0,0,40
6,Mercoledì,Notte,ROANA,SP 349 Costo,Pendenza,Bagnato,Verticale,Vento forte,11.47212716027254,45.88623972732444,0,79.0,0,0,0,0,0,0,50
2,Mercoledì,Sera,VALDASTICO,SP 350 Val d'Astico,Dosso,Sdrucciolevole,Assente,Altro,11.366904824396007,45.84450941977136,0,165.0,2,0,0,0,0,0,50
11,Mercoledì,Notte,VICENZA,SP 046 Pasubio,Curva,Bagnato,Assente,Sereno,11.507751679314678,45.54287263575186,0,60.0,0,0,0,0,0,0,70
3,Giovedì,Pomeriggio,VICENZA,SP 046 Pasubio,Galleria illuminata,Asciutto,Temporanea di cantiere,Sereno,11.507828050207864,45.54287034008544,0,62.0,0,0,0,0,0,0,90
7,Domenica,Sera,ROANA,SP 349 Costo,Curva,Asciutto,Assente,Sereno,11.457630718083673,45.91232034215109,0,83.0,0,0,0,0,0,0,50
10,Domenica,Mattino,VALLI DEL PASUBIO,SP 046 Pasubio,Intersezione non segnalata,Bagnato,Temporanea di cantiere,Pioggia,11.18849955393596,45.757225015262925,0,2.0,1,0,0,0,0,0,50
7,Venerdì,Notte,VALDASTICO,SP 350 Val d'Astico,Intersezione con semaforo o vigile,Asciutto,Orizzontale,Sereno,11.359444666131258,45.87731778958586,0,161.0,0,0,0,0,0,0,50
3,Mercoledì,Mattino,VICENZA,SP 046 Pasubio,Intersezione non segnalata,Bagnato,Temporanea di cantiere,Sereno,11.494306766396758,45.56581120571931,0,54.0,0,0,0,0,0,0,90
12,Giovedì,Mattino,ROANA,SP 349 Costo,Pendenza,Bagnato,Assente,Pioggia,11.433402925749386,45.84055732088907,0,99.0,6,0,3,0,0,2,50
4,Giovedì,Notte,ASIAGO,SP 349 Costo,Incrocio,Asciutto,Temporanea di cantiere,Sereno,11.49085037087724,45.88019568512206,0,77.0,0,0,0,0,0,0,50
5,Giovedì,Mattino,ASIAGO,SP 349 Costo,Incrocio,Asciutto,Temporanea di cantiere,Sereno,11.49490489913062,45.86838753579312,0,133.0,4,0,6,0,1,0,50
5,Venerdì,Notte,VALLI DEL PASUBIO,SP 046 Pasubio,Pendenza,Asciutto,Assente,Sereno,11.207721630288283,45.75933543240049,0,6.0,0,0,0,0,0,0,50
11,Venerdì,Notte,LASTEBASSE,SP 350 Val d'Astico,Curva,Bagnato,Orizzontale,Pioggia,11.328998853690935,45.89933736360357,0,157.0,0,0,0,0,0,0,50
7,Sabato,Notte,PIOVENE ROCCHETTE,SP 349 Costo,Dosso,Asciutto,Temporanea di cantiere,Sereno,11.433047692737718,45.75445911904319,0,122.0,12,0,0,0,0,0,50
9,Mercoledì,Mattino,PIOVENE ROCCHETTE,SP 349 Costo,Intersezione con semaforo o vigile,Bagnato,Temporanea di cantiere,Sereno,11.421985510928632,45.74504997808602,0,93.0,12,5,2,0,3,0,50
11,Venerdì,Mattino,ZANE',SP 349 Costo,Curva,Asciutto,Temporanea di cantiere,Sereno,11.45683324803856,45.716916115165375,0,130.0,10,7,4,0,0,0,50
12,Lunedì,Mattino,ZANE',SP 349 Costo,Galleria illuminata,Asciutto,Verticale,Nebbia,11.44440152331572,45.732820949859914,0,125.0,2,1,0,0,0,11,50
11,Mercoledì,Sera,ROANA,SP 349 Costo,Intersezione non segnalata,Asciutto,Orizzontale,Sereno,11.476248199662232,45.866549561329016,0,132.0,17,0,5,0,0,0,50
11,Domenica,Sera,COGOLLO DEL CENGIO,SP 349 Costo,Curva,Asciutto,Verticale,Sereno,11.435592823090316,45.81800582536896,0,101.0,0,0,0,0,0,0,45
12,Venerdì,Notte,VALDASTICO,SP 350 Val d'Astico,Rettilineo,Asciutto,Verticale,Altro,11.370532695384687,45.83840398520416,0,166.0,1,0,0,0,0,0,50
12,Sabato,Pomeriggio,PIOVENE ROCCHETTE,SP 349 Costo,Curva,Bagnato,Temporanea di cantiere,Vento forte,11.431035515288992,45.74937410822822,0,97.0,7,0,0,0,0,0,50
8,Giovedì,Sera,ROANA,SP 349 Costo,Dosso,Asciutto,Assente,Sereno,11.481148516986249,45.88128955042649,0,78.0,0,0,1,0,0,0,50
2,Lunedì,Notte,MALO,SP 046 Pasubio,Intersezione non segnalata,Asciutto,Assente,Sereno,11.417035570228252,45.65563925749405,0,22.0,4,1,2,0,0,20,50
4,Lunedì,Sera,TORREBELVICINO,SP 046 Pasubio,Intersezione con semaforo o vigile,Asciutto,Orizzontale,Sereno,11.289261185321992,45.72024293618112,0,15.0,0,0,0,0,0,0,50
10,Domenica,Mattino,MALO,SP 046 Pasubio,Rotatoria,Sdrucciolevole,Verticale,Altro,11.427189655832091,45.643928610451425,0,24.0,8,1,0,0,0,13,50
12,Sabato,Notte,ROANA,SP 349 Costo,Rotatoria,Ghiacciato,Temporanea di cantiere,Neve,11.445151699322594,45.93067047751816,0,85.0,0,0,0,0,0,0,50
8,Mercoledì,Notte,VALLI DEL PASUBIO,SP 046 Pasubio,Curva,Asciutto,Orizzontale,Sereno,11.236410855301967,45.74847182239019,0,9.0,0,0,0,0,0,0,40
10,Lunedì,Mattino,VALLI DEL PASUBIO,SP 046 Pasubio,Pendenza,Asciutto,Assente,Sereno,11.19894102760714,45.76058432190448,0,4.0,0,0,0,0,0,0,50
4,Martedì,Notte,VALLI DEL PASUBIO,SP 046 Pasubio,Pendenza,Bagnato,Assente,Vento forte,11.220893311173455,45.75485030359943,0,7.0,1,0,0,0,0,0,45
6,Sabato,Notte,ASIAGO,SP 349 Costo,Incrocio,Bagnato,Temporanea di cantiere,Pioggia,11.491642781790237,45.881035322661845,0,77.0,0,0,0,0,0,0,50
12,Mercoledì,Mattino,SANTORSO,SP 349 Costo,Pendenza,Asciutto,Verticale,Nebbia,11.395691869534469,45.734628200882845,0,75.0,4,0,0,0,0,0,70
10,Giovedì,Notte,VALLI DEL PASUBIO,SP 046 Pasubio,Intersezione non segnalata,Asciutto,Orizzontale,Sereno,11.19681534471928,45.76200820606465,0,4.0,0,0,0,0,0,0,50
3,Martedì,Mattino,VALDASTICO,SP 350 Val d'Astico,Galleria illuminata,Bagnato,Assente,Pioggia,11.332568052864486,45.8975197655977,0,158.0,0,0,0,0,0,0,50
12,Giovedì,Pomeriggio,ZANE',SP 349 Costo,Intersezione segnalata,Bagnato,Orizzontale,Nebbia,11.445457969965757,45.73121258024363,0,125.0,2,1,0,0,0,11,50
6,Venerdì,Pomeriggio,ISOLA VICENTINA,SP 046 Pasubio,Galleria illuminata,Bagnato,Verticale,Altro,11.470911834350414,45.61016716627337,0,31.0,0,0,0,0,0,0,60
11,Mercoledì,Notte,MALO,SP 046 Pasubio,Rotatoria,Asciutto,Temporanea di cantiere,Sereno,11.42711055404133,45.64553654088816,0,25.0,0,0,0,0,0,105,40
7,Sabato,Sera,VILLAVERLA,SP 349 Costo,Intersezione non segnalata,Asciutto,Assente,Sereno,11.492301260886617,45.64319381519304,0,139.0,11,0,4,0,2,0,50
8,Martedì,Pomeriggio,ZANE',SP 349 Costo,Galleria illuminata,Asciutto,Assente,Sereno,11.450416832100936,45.72393532549512,0,126.0,4,6,0,1,0,0,50
2,Mercoledì,Sera,ROANA,SP 349 Costo,Pendenza,Bagnato,Assente,Pioggia,11.436284407113114,45.94353540547673,0,87.0,0,0,0,0,0,0,50
5,Domenica,Mattino,ZANE',SP 349 Costo,Curva,Asciutto,Verticale,Altro,11.448138863614108,45.727731865409794,0,126.0,4,6,0,1,0,0,50
9,Giovedì,Mattino,TORREBELVICINO,SP 046 Pasubio,Rettilineo,Asciutto,Verticale,Sereno,11.285269499927342,45.7219961083655,0,14.0,0,0,0,0,0,0,30
11,Venerdì,Notte,ROANA,SP 349 Costo,Curva,Bagnato,Orizzontale,Sereno,11.453314457263051,45.84911105901921,0,118.0,0,0,0,0,0,0,50
1,Venerdì,Pomeriggio,COGOLLO DEL CENGIO,SP 349 Costo,Dosso,Bagnato,Assente,Pioggia,11.427043774862147,45.795499669538195,0,108.0,0,0,0,0,2,0,70
9,Giovedì,Sera,ARSIERO,SP 350 Val d'Astico,Galleria illuminata,Asciutto,Temporanea di cantiere,Vento forte,11.368649666892384,45.82659085461973,0,167.0,1,0,0,0,0,0,50
6,Domenica,Mattino,ASIAGO,SP 349 Costo,Dosso,Asciutto,Orizzontale,Sereno,11.488814963725329,45.88041359012108,0,78.0,0,0,1,0,0,0,50
11,Venerdì,Notte,VALDASTICO,SP 350 Val d'Astico,Rotatoria,Bagnato,Verticale,Sereno,11.36140306344301,45.86149284918149,0,163.0,2,0,1,0,0,0,50
1,Mercoledì,Pomeriggio,ROANA,SP 349 Costo,Rettilineo,Sdrucciolevole,Orizzontale,Altro,11.46606624690668,45.8981529973544,0,81.0,0,0,0,0,0,0,50
5,Domenica,Notte,CHIUPPANO,SP 349 Costo,Curva,Asciutto,Verticale,Sereno,11.457674706317798,45.76913515965475,0,128.0,3,0,2,0,0,0,50
1,Domenica,Sera,COSTABISSARA,SP 046 Pasubio,Rettilineo,Asciutto,Temporanea di cantiere,Sereno,11.501011244367524,45.58818263690704,0,42.0,7,0,1,0,0,20,50
9,Venerdì,Mattino,COSTABISSARA,SP 046 Pasubio,Intersezione segnalata,Asciutto,Orizzontale,Sereno,11.496495450458765,45.59587496660853,0,40.0,21,1,0,0,0,44,50
11,Venerdì,Mattino,VALDASTICO,SP 350 Val d'Astico,Galleria illuminata,Asciutto,Verticale,Sereno,11.365115773282085,45.850129489912014,0,164.0,0,0,0,0,0,0,50
2,Venerdì,Notte,MALO,SP 046 Pasubio,Intersezione non segnalata,Asciutto,Verticale,Sereno,11.406255795456511,45.66788174856688,0,20.0,3,0,0,0,0,0,50
4,Giovedì,Mattino,VALLI DEL PASUBIO,SP 046 Pasubio,Incrocio,Bagnato,Orizzontale,Pioggia,11.194040643965444,45.761900929167744,0,3.0,0,0,0,0,0,0,50
11,Venerdì,Sera,ISOLA VICENTINA,SP 046 Pasubio,Dosso,Asciutto,Orizzontale,Sereno,11.47153923423266,45.60974793280275,0,31.0,0,0,0,0,0,0,60
1,Martedì,Mattino,ISOLA VICENTINA,SP 046 Pasubio,Incrocio,Bagnato,Temporanea di cantiere,Pioggia,11.461221994941573,45.61961518213062,0,29.0,1,0,0,0,0,2,90
12,Giovedì,Notte,ZANE',SP 349 Costo,Incrocio,Bagnato,Assente,Pioggia,11.44467591873396,45.73241306265152,0,125.0,2,1,0,0,0,11,50
11,Martedì,Mattino,ROANA,SP 349 Costo,Pendenza,Asciutto,Orizzontale,Sereno,11.45798223055502,45.86019351947351,0,117.0,0,0,0,0,0,0,50
2,Lunedì,Notte,VICENZA,SP 046 Pasubio,Dosso,Asciutto,Verticale,Sereno,11.506851909031322,45.54401176859744,0,57.0,0,0,0,0,0,0,90
2,Mercoledì,Mattino,MALO,SP 046 Pasubio,Intersezione con semaforo o vigile,Asciutto,Verticale,Sereno,11.418149007748395,45.65409746708338,0,22.0,4,1,2,0,0,20,50
9,Giovedì,Pomeriggio,COGOLLO DEL CENGIO,SP 350 Val d'Astico,Intersezione con semaforo o vigile,Asciutto,Orizzontale,Sereno,11.382440891511472,45.7990263911788,0,171.0,1,0,3,0,0,0,50
1,Martedì,Pomeriggio,ASIAGO,SP 349 Costo,Rettilineo,Bagnato,Orizzontale,Pioggia,11.393555567120352,45.95026839000744,0,92.0,0,0,0,0,0,0,50
7,Martedì,Pomeriggio,ROANA,SP 349 Costo,Curva,Asciutto,Verticale,Sereno,11.447019004017417,45.84771813415048,0,119.0,0,0,0,0,0,0,50
1,Domenica,Notte,CALDOGNO,SP 349 Costo,Intersezione con semaforo o vigile,Sdrucciolevole,Assente,Pioggia,11.490437648692556,45.61671385651547,0,143.0,0,0,0,0,0,3,70
7,Venerdì,Mattino,VICENZA,SP 046 Pasubio,Rotatoria,Asciutto,Assente,Sereno,11.503742555404196,45.54789623461864,0,56.0,0,0,0,0,0,0,70
5,Lunedì,Notte,CALDOGNO,SP 349 Costo,Curva,Asciutto,Assente,Sereno,11.491178331318345,45.60902184004921,0,144.0,1,0,0,0,0,0,70
9,Martedì,Mattino,COSTABISSARA,SP 046 Pasubio,Dosso,Asciutto,Assente,Sereno,11.492555335660574,45.60422250629203,0,35.0,14,0,0,0,0,7,50
6,Sabato,Pomeriggio,PIOVENE ROCCHETTE,SP 350 Val d'Astico,Intersezione con semaforo o vigile,Bagnato,Assente,Pioggia,11.43127477655155,45.76623052812395,0,178.0,16,10,8,0,0,0,50
8,Venerdì,Mattino,COGOLLO DEL CENGIO,SP 349 Costo,Intersezione con semaforo o vigile,Bagnato,Orizzontale,Nebbia,11.434477140534913,45.79759924607349,0,105.0,0,0,0,0,0,0,70
8,Giovedì,Notte,COGOLLO DEL CENGIO,SP 350 Val d'Astico,Rettilineo,Asciutto,Temporanea di cantiere,Sereno,11.406248244441572,45.79095841459644,0,174.0,3,0,0,0,0,0,70
12,Venerdì,Mattino,THIENE,SP 349 var Costo Variante,Rettilineo,Sdrucciolevole,Temporanea di cantiere,Pioggia,11.45890091885124,45.69870234921766,0,149.0,2,0,0,0,0,0,50
3,Giovedì,Mattino,THIENE,SP 349 var Costo Variante,Incrocio,Bagnato,Verticale,Nebbia,11.449931829611511,45.70645408088837,0,147.0,0,0,0,0,0,0,90
3,Giovedì,Sera,ZANE',SP 349 Costo,Intersezione non segnalata,Bagnato,Verticale,Sereno,11.443102371648544,45.73449076267578,0,125.0,2,1,0,0,0,11,50
5,Mercoledì,Notte,ARSIERO,SP 350 Val d'Astico,Dosso,Asciutto,Orizzontale,Sereno,11.36333902056026,45.817892468106024,0,168.0,0,0,0,0,0,0,50
9,Mercoledì,Sera,VALLI DEL PASUBIO,SP 046 Pasubio,Incrocio,Asciutto,Assente,Sereno,11.193009196744113,45.76022584067072,0,2.0,1,0,0,0,0,0,50
11,Lunedì,Mattino,TORREBELVICINO,SP 046 Pasubio,Pendenza,Asciutto,Assente,Sereno,11.272213442750385,45.73344180575285,0,12.0,2,0,0,0,0,0,50
4,Martedì,Sera,VALDASTICO,SP 350 Val d'Astico,Galleria illuminata,Bagnato,Verticale,Vento forte,11.35421109272602,45.88636370274343,0,160.0,1,0,1,0,0,0,50
2,Giovedì,Pomeriggio,ASIAGO,SP 349 Costo,Galleria illuminata,Asciutto,Orizzontale,Sereno,11.434980301185686,45.9480554788214,0,87.0,0,0,0,0,0,0,50
8,Lunedì,Notte,COGOLLO DEL CENGIO,SP 349 Costo,Intersezione non segnalata,Asciutto,Verticale,Sereno,11.440615323506943,45.783185532065765,0,113.0,0,0,0,0,0,0,70
8,Sabato,Pomeriggio,ROANA,SP 349 Costo,Galleria illuminata,Asciutto,Orizzontale,Nebbia,11.479402761746952,45.869524253596225,0,132.0,17,0,5,0,0,0,50
5,Domenica,Notte,VALDASTICO,SP 350 Val d'Astico,Pendenza,Asciutto,Verticale,Sereno,11.361405466160177,45.861461459572176,0,163.0,2,0,1,0,0,0,50
3,Lunedì,Pomeriggio,ZANE',SP 349 Costo,Intersezione segnalata,Bagnato,Temporanea di cantiere,Pioggia,11.450353644220147,45.724042589381,0,126.0,4,6,0,1,0,0,50
11,Martedì,Mattino,MARANO VICENTINO,SP 349 var Costo Variante,Intersezione non segnalata,Asciutto,Temporanea di cantiere,Sereno,11.437364907523598,45.71283568975329,0,146.0,0,0,0,1,0,0,40
11,Domenica,Sera,ROANA,SP 349 Costo,Intersezione con semaforo o vigile,Asciutto,Temporanea di cantiere,Sereno,11.46231625145677,45.860397248113934,0,116.0,4,0,0,0,0,0,50
9,Venerdì,Pomeriggio,ROANA,SP 349 Costo,Intersezione segnalata,Asciutto,Orizzontale,Sereno,11.432239907567372,45.83861003012644,0,99.0,6,0,3,0,0,2,50
7,Domenica,Sera,ROANA,SP 349 Costo,Intersezione non segnalata,Asciutto,Assente,Sereno,11.45694477709976,45.910090994899136,0,82.0,0,0,1,0,0,0,50
4,Sabato,Mattino,COGOLLO DEL CENGIO,SP 349 Costo,Intersezione con semaforo o vigile,Asciutto,Assente,Sereno,11.428360232941015,45.7946778227122,0,109.0,0,0,0,0,0,0,70
5,Sabato,Pomeriggio,ZANE',SP 349 var Costo Variante,Rotatoria,Sdrucciolevole,Orizzontale,Pioggia,11.444211330619696,45.70938475646119,0,147.0,0,0,0,0,0,0,90
1,Venerdì,Mattino,LASTEBASSE,SP 350 Val d'Astico,Intersezione segnalata,Bagnato,Verticale,Pioggia,11.322135961390398,45.90243294978496,0,157.0,0,0,0,0,0,0,50
3,Venerdì,Sera,VALLI DEL PASUBIO,SP 046 Pasubio,Intersezione con semaforo o vigile,Sdrucciolevole,Temporanea di cantiere,Pioggia,11.220609157628015,45.75504941783374,0,7.0,1,0,0,0,0,0,45
6,Giovedì,Sera,VALLI DEL PASUBIO,SP 046 Pasubio,Incrocio,Asciutto,Temporanea di cantiere,Sereno,11.211753549486948,45.75700143437779,0,6.0,0,0,0,0,0,0,50
6,Sabato,Mattino,COSTABISSARA,SP 046 Pasubio,Rotatoria,Bagnato,Orizzontale,Altro,11.497025546570024,45.59367952717664,0,41.0,4,0,0,0,0,31,50
12,Lunedì,Mattino,VALDASTICO,SP 350 Val d'Astico,Dosso,Innevato,Orizzontale,Neve,11.35785412408225,45.880398560415045,0,161.0,0,0,0,0,0,0,50
4,Giovedì,Pomeriggio,ISOLA VICENTINA,SP 046 Pasubio,Intersezione con semaforo o vigile,Sdrucciolevole,Assente,Pioggia,11.462682432677717,45.618332505716594,0,29.0,1,0,0,0,0,2,90
7,Mercoledì,Sera,VILLAVERLA,SP 349 Costo,Intersezione segnalata,Asciutto,Temporanea di cantiere,Sereno,11.492152518731269,45.66029761743815,0,140.0,16,0,2,0,0,0,50
6,Martedì,Sera,ROANA,SP 349 Costo,Intersezione con semaforo o vigile,Bagnato,Orizzontale,Sereno,11.449344274998484,45.92837769465944,0,85.0,0,0,0,0,0,0,50
6,Mercoledì,Mattino,ROANA,SP 349 Costo,Rettilineo,Asciutto,Orizzontale,Nebbia,11.440276069610151,45.937601604057626,0,86.0,0,0,0,0,0,0,50
11,Venerdì,Sera,VICENZA,SP 046 Pasubio,Intersezione segnalata,Sdrucciolevole,Temporanea di cantiere,Pioggia,11.504180784858988,45.577875112048545,0,52.0,0,0,0,0,0,0,70
9,Martedì,Mattino,VALLI DEL PASUBIO,SP 046 Pasubio,Dosso,Asciutto,Assente,Sereno,11.194675592339925,45.76378093360554,0,3.0,0,0,0,0,0,0,50
11,Sabato,Notte,COSTABISSARA,SP 046 Pasubio,Intersezione segnalata,Bagnato,Verticale,Nebbia,11.498807296431515,45.59076106725325,0,42.0,7,0,1,0,0,20,50
5,Domenica,Notte,LASTEBASSE,SP 350 Val d'Astico,Rettilineo,Bagnato,Assente,Sereno,11.273486790099488,45.91568910992603,0,152.0,2,0,2,0,0,0,50
4,Giovedì,Mattino,COSTABISSARA,SP 046 Pasubio,Incrocio,Asciutto,Temporanea di cantiere,Sereno,11.492288633408991,45.604369147603016,0,34.0,7,0,0,0,0,32,70
6,Giovedì,Sera,LASTEBASSE,SP 350 Val d'Astico,Curva,Bagnato,Verticale,Pioggia,11.330592718360284,45.89841064375116,0,157.0,0,0,0,0,0,0,50
7,Domenica,Mattino,COSTABISSARA,SP 046 Pasubio,Intersezione segnalata,Ghiacciato,Assente,Neve,11.499732952893371,45.58965783841359,0,42.0,7,0,1,0,0,20,50
5,Sabato,Notte,SCHIO,SP 046 Pasubio,Intersezione non segnalata,Asciutto,Assente,Sereno,11.388658005577,45.69373416525419,0,16.0,0,0,0,0,0,0,50
6,Mercoledì,Mattino,COSTABISSARA,SP 046 Pasubio,Rotatoria,Asciutto,Orizzontale,Sereno,11.496088545991883,45.59697487504217,0,40.0,21,1,0,0,0,44,50
2,Lunedì,Mattino,ASIAGO,SP 349 Costo,Pendenza,Asciutto,Verticale,Sereno,11.490305494597273,45.869353664360666,0,134.0,0,0,0,0,0,0,70
8,Lunedì,Sera,ISOLA VICENTINA,SP 046 Pasubio,Intersezione con semaforo o vigile,Asciutto,Temporanea di cantiere,Sereno,11.466071616980631,45.61505125395448,0,30.0,2,4,0,0,0,1,50
9,Martedì,Mattino,MALO,SP 046 Pasubio,Intersezione segnalata,Bagnato,Orizzontale,Sereno,11.425050788347562,45.64648494454334,0,23.0,2,0,0,0,0,98,45
7,Venerdì,Mattino,VILLAVERLA,SP 349 Costo,Rettilineo,Bagnato,Verticale,Sereno,11.491555110966424,45.63679353545947,0,141.0,3,0,2,0,0,0,50
11,Domenica,Notte,COGOLLO DEL CENGIO,SP 349 Costo,Rettilineo,Asciutto,Orizzontale,Nebbia,11.430062349708075,45.79402575318906,0,109.0,0,0,0,0,0,0,70
12,Mercoledì,Sera,CHIUPPANO,SP 349 Costo,Pendenza,Asciutto,Verticale,Sereno,11.448990399729247,45.76336793775005,0,124.0,1,0,2,0,0,0,50
11,Domenica,Pomeriggio,VALLI DEL PASUBIO,SP 046 Pasubio,Curva,Bagnato,Verticale,Sereno,11.206457682254635,45.75835215109047,0,5.0,0,0,0,0,0,0,50
2,Giovedì,Sera,CHIUPPANO,SP 349 Costo,Dosso,Asciutto,Assente,Sereno,11.455644387865648,45.76698362715846,0,124.0,1,0,2,0,0,0,50
11,Domenica,Mattino,ROANA,SP 349 Costo,Incrocio,Bagnato,Orizzontale,Sereno,11.43586520949164,45.82973893963237,0,100.0,0,0,0,0,0,0,70
5,Martedì,Mattino,COGOLLO DEL CENGIO,SP 350 Val d'Astico,Rettilineo,Bagnato,Assente,Sereno,11.380906879272455,45.79977787986495,0,171.0,1,0,3,0,0,0,50
6,Lunedì,Mattino,COSTABISSARA,SP 046 Pasubio,Intersezione non segnalata,Asciutto,Assente,Sereno,11.4963321677232,45.596322425520185,0,40.0,21,1,0,0,0,44,50
5,Sabato,Notte,VILLAVERLA,SP 349 Costo,Dosso,Asciutto,Assente,Sereno,11.492211695355326,45.66015732413307,0,140.0,16,0,2,0,0,0,50
4,Martedì,Notte,VICENZA,SP 046 Pasubio,Galleria illuminata,Asciutto,Assente,Sereno,11.506496066285644,45.54508341583855,0,50.0,0,0,0,0,0,0,90
11,Lunedì,Pomeriggio,SCHIO,SP 046 Pasubio,Rotatoria,Asciutto,Assente,Sereno,11.388643417435148,45.69374588461158,0,16.0,0,0,0,0,0,0,50
8,Sabato,Pomeriggio,MALO,SP 046 Pasubio,Curva,Asciutto,Temporanea di cantiere,Vento forte,11.40227150191454,45.678427120113525,0,18.0,1,0,0,0,0,5,90
12,Mercoledì,Sera,VALDASTICO,SP 350 Val d'Astico,Galleria illuminata,Asciutto,Orizzontale,Sereno,11.370236165627023,45.83723692320409,0,166.0,1,0,0,0,0,0,50
6,Sabato,Pomeriggio,MALO,SP 046 Pasubio,Incrocio,Asciutto,Verticale,Sereno,11.406305813750643,45.66770197943448,0,20.0,3,0,0,0,0,0,50
9,Lunedì,Mattino,THIENE,SP 349 Costo,Intersezione segnalata,Asciutto,Verticale,Sereno,11.486637350836563,45.67791942762758,0,136.0,3,0,0,0,1,0,70
7,Martedì,Mattino,ARSIERO,SP 350 Val d'Astico,Intersezione segnalata,Asciutto,Temporanea di cantiere,Sereno,11.363182970367935,45.81710031404446,0,168.0,0,0,0,0,0,0,50
6,Mercoledì,Notte,ZANE',SP 349 Costo,Rotatoria,Bagnato,Orizzontale,Pioggia,11.453652097976816,45.71938885265465,0,127.0,12,10,2,1,0,0,50
9,Venerdì,Notte,ROANA,SP 349 Costo,Pendenza,Bagnato,Temporanea di cantiere,Sereno,11.465754273021505,45.89882638204046,0,81.0,0,0,0,0,0,0,50
9,Martedì,Sera,VICENZA,SP 046 Pasubio,Pendenza,Asciutto,Orizzontale,Sereno,11.508343604923711,45.54075841356115,0,62.0,0,0,0,0,0,0,90
11,Domenica,Notte,TORREBELVICINO,SP 046 Pasubio,Rotatoria,Bagnato,Orizzontale,Sereno,11.29255236102322,45.71872118134294,0,15.0,0,0,0,0,0,0,50
10,Giovedì,Pomeriggio,ROANA,SP 349 Costo,Incrocio,Bagnato,Orizzontale,Sereno,11.443118468881062,45.84484164859351,0,120.0,0,0,2,0,0,0,50
8,Mercoledì,Pomeriggio,COGOLLO DEL CENGIO,SP 349 Costo,Pendenza,Bagnato,Assente,Altro,11.43872202905925,45.784507916773926,0,112.0,0,0,0,0,2,0,70
12,Sabato,Mattino,VICENZA,SP 046 Pasubio,Intersezione segnalata,Asciutto,Assente,Sereno,11.500195272595017,45.55312424119812,0,55.0,0,0,0,0,0,0,50
2,Sabato,Sera,LASTEBASSE,SP 350 Val d'Astico,Intersezione segnalata,Asciutto,Temporanea di cantiere,Sereno,11.27757560961932,45.91415473210738,0,152.0,2,0,2,0,0,0,50
10,Venerdì,Notte,PIOVENE ROCCHETTE,SP 349 Costo,Intersezione non segnalata,Asciutto,Verticale,Sereno,11.431037005680125,45.749372908693104,0,97.0,7,0,0,0,0,0,50
5,Lunedì,Mattino,ISOLA VICENTINA,SP 046 Pasubio,Incrocio,Bagnato,Orizzontale,Sereno,11.462196677428487,45.61881501884285,0,29.0,1,0,0,0,0,2,90
6,Mercoledì,Notte,VICENZA,SP 046 Pasubio,Curva,Asciutto,Assente,Sereno,11.505977158081317,45.54557390132866,0,56.0,0,0,0,0,0,0,70
10,Mercoledì,Notte,ASIAGO,SP 349 Costo,Pendenza,Asciutto,Temporanea di cantiere,Sereno,11.41752949886514,45.951103707742526,0,89.0,0,0,0,0,0,0,50
4,Sabato,Notte,ASIAGO,SP 349 Costo,Intersezione segnalata,Asciutto,Verticale,Sereno,11.398829302429416,45.94547463299578,0,91.0,0,0,0,0,0,0,50
11,Lunedì,Pomeriggio,VICENZA,SP 046 Pasubio,Dosso,Asciutto,Temporanea di cantiere,Sereno,11.494831904434712,45.5625885342431,0,47.0,0,0,0,0,0,0,90
6,Lunedì,Sera,ROANA,SP 349 Costo,Rettilineo,Bagnato,Assente,Pioggia,11.448519778688992,45.846240281407105,0,119.0,0,0,0,0,0,0,50
5,Venerdì,Pomeriggio,ROANA,SP 349 Costo,Pendenza,Asciutto,Assente,Sereno,11.456594765650634,45.851844538088855,0,118.0,0,0,0,0,0,0,50
4,Martedì,Pomeriggio,LASTEBASSE,SP 350 Val d'Astico,Curva,Asciutto,Temporanea di cantiere,Sereno,11.270231438859684,45.91615045862858,0,152.0,2,0,2,0,0,0,50
6,Lunedì,Pomeriggio,MALO,SP 046 Pasubio,Dosso,Asciutto,Verticale,Vento forte,11.4109243359928,45.6618455001924,0,21.0,8,0,0,0,0,37,50
12,Giovedì,Pomeriggio,ROANA,SP 349 Costo,Rotatoria,Bagnato,Assente,Sereno,11.432815578459143,45.839769875134145,0,99.0,6,0,3,0,0,2,50
2,Martedì,Notte,COSTABISSARA,SP 046 Pasubio,Curva,Bagnato,Verticale,Altro,11.484733165351914,45.60711966609168,0,34.0,7,0,0,0,0,32,70
7,Venerdì,Pomeriggio,SCHIO,SP 046 Pasubio,Curva,Asciutto,Verticale,Altro,11.393633060034574,45.68983942203577,0,16.0,0,0,0,0,0,0,50
11,Lunedì,Sera,VILLAVERLA,SP 349 Costo,Rettilineo,Asciutto,Assente,Sereno,11.492580148438575,45.64185641721492,0,141.0,3,0,2,0,0,0,50
6,Mercoledì,Notte,LASTEBASSE,SP 350 Val d'Astico,Incrocio,Bagnato,Assente,Sereno,11.27396103164896,45.91591750508136,0,152.0,2,0,2,0,0,0,50
7,Sabato,Notte,PIOVENE ROCCHETTE,SP 349 Costo,Intersezione segnalata,Sdrucciolevole,Assente,Neve,11.445730815660651,45.76162839858404,0,123.0,10,0,4,0,2,10,50
5,Martedì,Pomeriggio,ROANA,SP 349 Costo,Intersezione segnalata,Asciutto,Temporanea di cantiere,Sereno,11.45302757137617,45.84853533487945,0,118.0,0,0,0,0,0,0,50
2,Domenica,Pomeriggio,ASIAGO,SP 349 Costo,Incrocio,Bagnato,Assente,Sereno,11.505361087972265,45.87352506511991,0,133.0,4,0,6,0,1,0,50
8,Venerdì,Mattino,VALDASTICO,SP 350 Val d'Astico,Dosso,Asciutto,Verticale,Sereno,11.361124591258646,45.86379277392212,0,163.0,2,0,1,0,0,0,50
12,Giovedì,Notte,VICENZA,SP 046 Pasubio,Intersezione non segnalata,Asciutto,Assente,Sereno,11.50560801236684,45.54593442091867,0,56.0,0,0,0,0,0,0,70
7,Mercoledì,Mattino,VICENZA,SP 046 Pasubio,Intersezione non segnalata,Bagnato,Temporanea di cantiere,Vento forte,11.494525225312252,45.56421897198899,0,54.0,0,0,0,0,0,0,90
6,Giovedì,Notte,ROANA,SP 349 Costo,Pendenza,Bagnato,Verticale,Pioggia,11.470496045775128,45.86281640486925,0,116.0,4,0,0,0,0,0,50
2,Sabato,Sera,COGOLLO DEL CENGIO,SP 349 Costo,Dosso,Bagnato,Assente,Vento forte,11.425436762644718,45.795124675932776,0,109.0,0,0,0,0,0,0,70
12,Lunedì,Mattino,ROANA,SP 349 Costo,Curva,Bagnato,Orizzontale,Pioggia,11.456546124067424,45.913945797235755,0,83.0,0,0,0,0,0,0,50
11,Martedì,Notte,ZANE',SP 349 var Costo Variante,Dosso,Bagnato,Verticale,Pioggia,11.43718781031455,45.71292420564701,0,146.0,0,0,0,1,0,0,40
5,Giovedì,Pomeriggio,ARSIERO,SP 350 Val d'Astico,Intersezione non segnalata,Sdrucciolevole,Orizzontale,Altro,11.368853025833651,45.828551639798434,0,167.0,1,0,0,0,0,0,50
8,Domenica,Pomeriggio,MARANO VICENTINO,SP 349 var Costo Variante,Rotatoria,Asciutto,Orizzontale,Altro,11.438182143482992,45.71242721563346,0,146.0,0,0,0,1,0,0,40
6,Mercoledì,Pomeriggio,COGOLLO DEL CENGIO,SP 349 Costo,Intersezione con semaforo o vigile,Sdrucciolevole,Assente,Neve,11.43306175429346,45.79676698085952,0,106.0,0,0,0,0,0,0,70
3,Lunedì,Notte,PIOVENE ROCCHETTE,SP 349 Costo,Curva,Bagnato,Orizzontale,Nebbia,11.428891862161873,45.75169480775969,0,96.0,9,0,3,0,0,0,50
3,Lunedì,Pomeriggio,ROANA,SP 349 Costo,Intersezione segnalata,Asciutto,Orizzontale,Sereno,11.472170135741134,45.86274361710427,0,132.0,17,0,5,0,0,0,50
5,Domenica,Pomeriggio,TORREBELVICINO,SP 046 Pasubio,Intersezione segnalata,Asciutto,Orizzontale,Sereno,11.285739460171229,45.72190981320441,0,14.0,0,0,0,0,0,0,30
7,Sabato,Pomeriggio,ISOLA VICENTINA,SP 046 Pasubio,Rettilineo,Asciutto,Verticale,Vento forte,11.436181560940812,45.63691074476653,0,26.0,13,0,1,0,0,24,50
2,Domenica,Mattino,VALDASTICO,SP 350 Val d'Astico,Rettilineo,Bagnato,Assente,Sereno,11.36598004442564,45.84819962322517,0,164.0,0,0,0,0,0,0,50
9,Mercoledì,Mattino,ROANA,SP 349 Costo,Intersezione segnalata,Asciutto,Orizzontale,Sereno,11.460181258216926,45.8608437521079,0,117.0,0,0,0,0,0,0,50
6,Lunedì,Pomeriggio,COSTABISSARA,SP 046 Pasubio,Intersezione segnalata,Asciutto,Assente,Sereno,11.502182029878655,45.58684689259905,0,42.0,7,0,1,0,0,20,50
11,Mercoledì,Notte,MARANO VICENTINO,SP 349 var Costo Variante,Pendenza,Asciutto,Verticale,Sereno,11.431249833481008,45.71601808312554,0,146.0,0,0,0,1,0,0,40
4,Martedì,Sera,COGOLLO DEL CENGIO,SP 350 Val d'Astico,Incrocio,Bagnato,Temporanea di cantiere,Sereno,11.423888096830682,45.78402569167073,0,175.0,6,1,6,0,0,0,50
1,Giovedì,Pomeriggio,COGOLLO DEL CENGIO,SP 349 Costo,Intersezione segnalata,Bagnato,Temporanea di cantiere,Sereno,11.434711518017652,45.797531239349205,0,105.0,0,0,0,0,0,0,70
4,Lunedì,Pomeriggio,ZANE',SP 349 Costo,Pendenza,Asciutto,Assente,Sereno,11.450244538969542,45.72422779877452,0,126.0,4,6,0,1,0,0,50
12,Sabato,Sera,VICENZA,SP 046 Pasubio,Intersezione non segnalata,Asciutto,Orizzontale,Sereno,11.494443659124892,45.56479483934601,0,54.0,0,0,0,0,0,0,90
4,Martedì,Pomeriggio,LASTEBASSE,SP 350 Val d'Astico,Rettilineo,Asciutto,Assente,Sereno,11.283769644316672,45.91339701345677,0,153.0,0,0,0,0,0,0,50
9,Venerdì,Pomeriggio,VALDASTICO,SP 350 Val d'Astico,Rettilineo,Asciutto,Orizzontale,Sereno,11.361610385305232,45.85878371731408,0,163.0,2,0,1,0,0,0,50
11,Domenica,Pomeriggio,VALLI DEL PASUBIO,SP 046 Pasubio,Rettilineo,Sdrucciolevole,Verticale,Pioggia,11.234692527552935,45.749452882918945,0,9.0,0,0,0,0,0,0,40
4,Mercoledì,Notte,VICENZA,SP 046 Pasubio,Curva,Asciutto,Temporanea di cantiere,Sereno,11.504498610423644,45.54704821606794,0,56.0,0,0,0,0,0,0,70
8,Giovedì,Notte,ROANA,SP 349 Costo,Rotatoria,Bagnato,Assente,Sereno,11.435615110723903,45.84292743251446,0,121.0,4,0,2,0,0,0,50
3,Martedì,Mattino,VICENZA,SP 046 Pasubio,Intersezione segnalata,Asciutto,Orizzontale,Sereno,11.495515300627815,45.56042419015672,0,46.0,0,0,0,0,0,0,90
5,Venerdì,Mattino,LASTEBASSE,SP 350 Val d'Astico,Rettilineo,Asciutto,Verticale,Sereno,11.27756506927964,45.91416800771196,0,152.0,2,0,2,0,0,0,50
4,Giovedì,Mattino,VALLI DEL PASUBIO,SP 046 Pasubio,Incrocio,Bagnato,Assente,Vento forte,11.20523319329052,45.75877920309588,0,5.0,0,0,0,0,0,0,50
9,Martedì,Notte,TORREBELVICINO,SP 046 Pasubio,Dosso,Asciutto,Verticale,Sereno,11.272202798024818,45.73345127651954,0,12.0,2,0,0,0,0,0,50
4,Sabato,Notte,ZANE',SP 349 var Costo Variante,Intersezione con semaforo o vigile,Bagnato,Orizzontale,Pioggia,11.445878832408129,45.708531954032,0,147.0,0,0,0,0,0,0,90
4,Lunedì,Pomeriggio,TORREBELVICINO,SP 046 Pasubio,Dosso,Asciutto,Verticale,Sereno,11.299218398586284,45.719040751197035,0,15.0,0,0,0,0,0,0,50
10,Lunedì,Sera,ARSIERO,SP 350 Val d'Astico,Dosso,Ghiacciato,Temporanea di cantiere,Neve,11.362931583055596,45.80366979565813,0,170.0,0,0,5,0,0,0,50
6,Domenica,Pomeriggio,VILLAVERLA,SP 349 Costo,Curva,Bagnato,Orizzontale,Altro,11.491166514186435,45.66333662264712,0,138.0,0,0,0,0,0,193,90
7,Giovedì,Notte,ASIAGO,SP 349 Costo,Pendenza,Bagnato,Assente,Pioggia,11.430222795040404,45.94942768987057,0,88.0,0,0,0,0,0,0,50
9,Domenica,Mattino,ASIAGO,SP 349 Costo,Intersezione non segnalata,Sdrucciolevole,Assente,Altro,11.488141480746842,45.880364961923,0,78.0,0,0,1,0,0,0,50
2,Lunedì,Pomeriggio,VALLI DEL PASUBIO,SP 046 Pasubio,Rettilineo,Asciutto,Orizzontale,Sereno,11.25988356674075,45.74134789263561,0,11.0,8,0,1,0,0,0,50
11,Martedì,Mattino,PIOVENE ROCCHETTE,SP 349 Costo,Pendenza,Asciutto,Assente,Sereno,11.418804884493,45.743263695645496,0,94.0,4,0,0,0,1,0,50
5,Martedì,Sera,COGOLLO DEL CENGIO,SP 349 Costo,Rettilineo,Asciutto,Verticale,Sereno,11.441746944508449,45.78225765565506,0,113.0,0,0,0,0,0,0,70
8,Martedì,Notte,COSTABISSARA,SP 349 Costo,Curva,Asciutto,Assente,Sereno,11.490916914219536,45.60958295436819,0,144.0,1,0,0,0,0,0,70
6,Martedì,Pomeriggio,CALTRANO,SP 349 Costo,Pendenza,Bagnato,Temporanea di cantiere,Sereno,11.450386721629126,45.77405448492951,0,128.0,3,0,2,0,0,0,50
10,Mercoledì,Mattino,SCHIO,SP 349 var Costo Variante,Pendenza,Bagnato,Verticale,Sereno,11.425406827757156,45.71981003714083,0,145.0,0,0,0,0,0,0,40
8,Giovedì,Pomeriggio,ROANA,SP 349 Costo,Rettilineo,Asciutto,Orizzontale,Sereno,11.434289376201104,45.83320513245592,0,99.0,6,0,3,0,0,2,50
3,Venerdì,Mattino,ISOLA VICENTINA,SP 046 Pasubio,Rettilineo,Asciutto,Temporanea di cantiere,Sereno,11.436834784548989,45.63604583896907,0,26.0,13,0,1,0,0,24,50
3,Venerdì,Notte,SCHIO,SP 349 Costo,Incrocio,Bagnato,Assente,Pioggia,11.371515682363912,45.728407641736354,0,73.0,6,4,0,0,0,0,70
11,Sabato,Sera,ASIAGO,SP 349 Costo,Incrocio,Asciutto,Temporanea di cantiere,Sereno,11.430659605753954,45.94945303042474,0,88.0,0,0,0,0,0,0,50
7,Domenica,Mattino,ROANA,SP 349 Costo,Incrocio,Asciutto,Verticale,Sereno,11.447249886390098,45.9295801685616,0,85.0,0,0,0,0,0,0,50
4,Venerdì,Mattino,VICENZA,SP 046 Pasubio,Curva,Asciutto,Verticale,Sereno,11.49522169286774,45.57200511253729,0,48.0,0,0,0,0,0,0,90
2,Sabato,Pomeriggio,VICENZA,SP 046 Pasubio,Intersezione segnalata,Bagnato,Assente,Pioggia,11.49489759647598,45.561986886921055,0,54.0,0,0,0,0,0,0,90
2,Martedì,Mattino,CALDOGNO,SP 349 Costo,Rotatoria,Bagnato,Orizzontale,Sereno,11.49183080382577,45.63217042370586,0,142.0,0,0,0,0,0,0,90
12,Sabato,Mattino,ISOLA VICENTINA,SP 046 Pasubio,Intersezione non segnalata,Bagnato,Temporanea di cantiere,Pioggia,11.475421881054205,45.60930910347777,0,33.0,0,0,0,0,0,14,60
5,Martedì,Notte,CALDOGNO,SP 349 Costo,Intersezione segnalata,Bagnato,Orizzontale,Sereno,11.491397623379012,45.62684676463555,0,142.0,0,0,0,0,0,0,90
3,Venerdì,Pomeriggio,CALTRANO,SP 349 Costo,Rotatoria,Sdrucciolevole,Verticale,Altro,11.450369440453043,45.774068505495215,0,128.0,3,0,2,0,0,0,50
6,Martedì,Notte,SCHIO,SP 046 Pasubio,Dosso,Asciutto,Assente,Sereno,11.387570456075125,45.69460782796115,0,16.0,0,0,0,0,0,0,50
2,Martedì,Notte,CARRE',SP 349 Costo,Intersezione non segnalata,Asciutto,Temporanea di cantiere,Sereno,11.43847471814548,45.74029717756691,0,98.0,2,0,0,0,0,16,130
7,Martedì,Notte,ASIAGO,SP 349 Costo,Pendenza,Bagnato,Orizzontale,Sereno,11.490230636435951,45.87878775379184,0,77.0,0,0,0,0,0,0,50
8,Martedì,Mattino,ZANE',SP 349 var Costo Variante,Incrocio,Bagnato,Temporanea di cantiere,Sereno,11.445996562474772,45.7084717420334,0,147.0,0,0,0,0,0,0,90
12,Lunedì,Sera,VICENZA,SP 046 Pasubio,Pendenza,Asciutto,Temporanea di cantiere,Sereno,11.49462666826749,45.56395627020506,0,47.0,0,0,0,0,0,0,90
4,Sabato,Sera,COGOLLO DEL CENGIO,SP 350 Val d'Astico,Intersezione non segnalata,Asciutto,Orizzontale,Sereno,11.39159180933019,45.79504419136023,0,172.0,0,0,1,0,0,0,90
3,Venerdì,Pomeriggio,ASIAGO,SP 349 Costo,Intersezione con semaforo o vigile,Asciutto,Verticale,Sereno,11.501152803352152,45.871938519164864,0,133.0,4,0,6,0,1,0,50
2,Mercoledì,Pomeriggio,CALTRANO,SP 349 Costo,Rotatoria,Asciutto,Verticale,Altro,11.449968965433811,45.774388779092774,0,128.0,3,0,2,0,0,0,50
5,Venerdì,Mattino,ROANA,SP 349 Costo,Intersezione con semaforo o vigile,Asciutto,Verticale,Sereno,11.477034673274508,45.86729805749446,0,132.0,17,0,5,0,0,0,50
8,Lunedì,Pomeriggio,MALO,SP 046 Pasubio,Curva,Asciutto,Assente,Sereno,11.403977087408016,45.67471774630268,0,19.0,5,0,0,0,0,3,50
1,Martedì,Notte,SANTORSO,SP 349 Costo,Rettilineo,Sdrucciolevole,Orizzontale,Neve,11.413252516213658,45.74038661835868,0,94.0,4,0,0,0,1,0,50
10,Mercoledì,Notte,THIENE,SP 349 Costo,Incrocio,Bagnato,Temporanea di cantiere,Sereno,11.487276119926925,45.67586618654424,0,136.0,3,0,0,0,1,0,70
6,Lunedì,Mattino,COGOLLO DEL CENGIO,SP 349 Costo,Rotatoria,Asciutto,Verticale,Vento forte,11.429249195354156,45.798111999282575,0,105.0,0,0,0,0,0,0,70
10,Giovedì,Sera,ROANA,SP 349 Costo,Intersezione segnalata,Bagnato,Orizzontale,Sereno,11.436597933966256,45.82722563003895,0,100.0,0,0,0,0,0,0,70
6,Venerdì,Notte,CALDOGNO,SP 349 Costo,Rettilineo,Sdrucciolevole,Temporanea di cantiere,Pioggia,11.490431338368596,45.61615013160958,0,143.0,0,0,0,0,0,3,70
2,Mercoledì,Pomeriggio,VALLI DEL PASUBIO,SP 046 Pasubio,Intersezione segnalata,Asciutto,Temporanea di cantiere,Altro,11.195965509883925,45.763759179337235,0,3.0,0,0,0,0,0,0,50
7,Giovedì,Mattino,ASIAGO,SP 349 Costo,Galleria illuminata,Asciutto,Verticale,Nebbia,11.494040662982046,45.8793227581614,0,77.0,0,0,0,0,0,0,50
7,Martedì,Sera,PIOVENE ROCCHETTE,SP 350 Val d'Astico,Intersezione con semaforo o vigile,Bagnato,Orizzontale,Pioggia,11.436189387277048,45.762610028065644,0,178.0,16,10,8,0,0,0,50
11,Mercoledì,Mattino,LASTEBASSE,SP 350 Val d'Astico,Intersezione con semaforo o vigile,Bagnato,Orizzontale,Sereno,11.329356176018871,45.899126594211424,0,157.0,0,0,0,0,0,0,50
2,Lunedì,Pomeriggio,ROANA,SP 349 Costo,Intersezione con semaforo o vigile,Asciutto,Assente,Sereno,11.471687649902432,45.862656469362136,0,116.0,4,0,0,0,0,0,50
4,Venerdì,Mattino,VALDASTICO,SP 350 Val d'Astico,Intersezione con semaforo o vigile,Asciutto,Orizzontale,Sereno,11.359798703802714,45.87474586733124,0,161.0,0,0,0,0,0,0,50
3,Martedì,Notte,VALLI DEL PASUBIO,SP 046 Pasubio,Galleria illuminata,Sdrucciolevole,Temporanea di cantiere,Altro,11.194910849487204,45.76090733821164,0,3.0,0,0,0,0,0,0,50
2,Sabato,Sera,ROANA,SP 349 Costo,Pendenza,Asciutto,Orizzontale,Sereno,11.47217167844602,45.88598016748444,0,79.0,0,0,0,0,0,0,50
1,Domenica,Sera,ASIAGO,SP 349 Costo,Dosso,Asciutto,Verticale,Sereno,11.40570801840634,45.94528158741716,0,90.0,0,0,0,0,0,0,50
1,Sabato,Notte,COSTABISSARA,SP 046 Pasubio,Intersezione segnalata,Asciutto,Verticale,Vento forte,11.502817886819155,45.586112516742226,0,42.0,7,0,1,0,0,20,50
7,Martedì,Pomeriggio,MALO,SP 046 Pasubio,Pendenza,Bagnato,Temporanea di cantiere,Sereno,11.415900658957076,45.6568706965206,0,22.0,4,1,2,0,0,20,50
2,Sabato,Mattino,COSTABISSARA,SP 046 Pasubio,Curva,Bagnato,Verticale,Sereno,11.485964937530635,45.60669305184501,0,34.0,7,0,0,0,0,32,70
3,Martedì,Notte,COGOLLO DEL CENGIO,SP 349 Costo,Rotatoria,Bagnato,Verticale,Sereno,11.42626720158179,45.81072649044905,0,102.0,0,0,0,0,2,0,70
2,Venerdì,Notte,TORREBELVICINO,SP 046 Pasubio,Dosso,Sdrucciolevole,Temporanea di cantiere,Pioggia,11.297357588406909,45.71894153503153,0,15.0,0,0,0,0,0,0,50
9,Sabato,Sera,VICENZA,SP 046 Pasubio,Dosso,Asciutto,Verticale,Sereno,11.50851398493676,45.57996812731769,0,52.0,0,0,0,0,0,0,70
8,Mercoledì,Notte,ROANA,SP 349 Costo,Curva,Asciutto,Temporanea di cantiere,Sereno,11.445541884809376,45.847049834232735,0,119.0,0,0,0,0,0,0,50
12,Mercoledì,Mattino,CARRE',SP 349 Costo,Curva,Asciutto,Verticale,Sereno,11.438140915293666,45.7407764137169,0,98.0,2,0,0,0,0,16,130
2,Mercoledì,Sera,VICENZA,SP 046 Pasubio,Intersezione segnalata,Asciutto,Assente,Sereno,11.50480608307242,45.57821650926398,0,52.0,0,0,0,0,0,0,70
3,Giovedì,Pomeriggio,VALLI DEL PASUBIO,SP 046 Pasubio,Dosso,Bagnato,Orizzontale,Sereno,11.194065703198994,45.76315868143394,0,3.0,0,0,0,0,0,0,50
6,Sabato,Mattino,VALDASTICO,SP 350 Val d'Astico,Dosso,Asciutto,Verticale,Sereno,11.36114371932076,45.86348292633519,0,163.0,2,0,1,0,0,0,50
8,Giovedì,Pomeriggio,CALDOGNO,SP 349 Costo,Curva,Sdrucciolevole,Orizzontale,Pioggia,11.4916663382782,45.60797211387119,0,144.0,1,0,0,0,0,0,70
3,Sabato,Pomeriggio,ASIAGO,SP 349 Costo,Intersezione con semaforo o vigile,Asciutto,Verticale,Sereno,11.48941818039028,45.8696921248894,0,134.0,0,0,0,0,0,0,70
6,Lunedì,Mattino,ROANA,SP 349 Costo,Curva,Asciutto,Temporanea di cantiere,Sereno,11.486100324209858,45.8682370657183,0,134.0,0,0,0,0,0,0,70
1,Lunedì,Notte,TORREBELVICINO,SP 046 Pasubio,Pendenza,Asciutto,Verticale,Sereno,11.277773471788649,45.72997981048036,0,13.0,1,0,0,0,0,0,30
5,Sabato,Sera,ROANA,SP 349 Costo,Galleria illuminata,Bagnato,Assente,Pioggia,11.453312202487888,45.91953153219405,0,84.0,0,0,0,0,0,0,50
10,Mercoledì,Pomeriggio,VICENZA,SP 046 Pasubio,Galleria illuminata,Asciutto,Assente,Sereno,11.507992372348609,45.5416370369762,0,60.0,0,0,0,0,0,0,70
7,Giovedì,Pomeriggio,VICENZA,SP 046 Pasubio,Intersezione non segnalata,Asciutto,Temporanea di cantiere,Vento forte,11.49511503802928,45.56140483443481,0,46.0,0,0,0,0,0,0,90
6,Domenica,Pomeriggio,VALLI DEL PASUBIO,SP 046 Pasubio,Dosso,Sdrucciolevole,Assente,Pioggia,11.19991991563752,45.760597858694254,0,4.0,0,0,0,0,0,0,50
6,Venerdì,Notte,COGOLLO DEL CENGIO,SP 350 Val d'Astico,Dosso,Sdrucciolevole,Temporanea di cantiere,Neve,11.422221416256528,45.78462161121576,0,175.0,6,1,6,0,0,0,50
12,Martedì,Sera,ROANA,SP 349 Costo,Curva,Bagnato,Orizzontale,Pioggia,11.432773064665511,45.839718135591475,0,99.0,6,0,3,0,0,2,50
7,Martedì,Sera,VICENZA,SP 046 rac Pasubio Raccordo del Sole,Intersezione non segnalata,Asciutto,Assente,Sereno,11.50803364552534,45.539217280827955,0,64.0,0,0,0,0,0,6,90
7,Domenica,Sera,TORREBELVICINO,SP 046 Pasubio,Galleria illuminata,Sdrucciolevole,Verticale,Altro,11.273983392288985,45.73264763579789,0,13.0,1,0,0,0,0,0,30
12,Domenica,Notte,VICENZA,SP 046 Pasubio,Rotatoria,Bagnato,Assente,Nebbia,11.49767059654318,45.55683570342032,0,55.0,0,0,0,0,0,0,50
2,Mercoledì,Notte,THIENE,SP 349 Costo,Intersezione con semaforo o vigile,Asciutto,Verticale,Sereno,11.485788549184685,45.68064832628339,0,136.0,3,0,0,0,1,0,70
6,Venerdì,Pomeriggio,VALLI DEL PASUBIO,SP 046 Pasubio,Intersezione segnalata,Asciutto,Temporanea di cantiere,Sereno,11.233700635682265,45.74978324803384,0,9.0,0,0,0,0,0,0,40
4,Lunedì,Notte,ZANE',SP 349 Costo,Intersezione segnalata,Bagnato,Verticale,Pioggia,11.456865076747624,45.716899572673384,0,130.0,10,7,4,0,0,0,50
3,Sabato,Notte,MALO,SP 046 Pasubio,Intersezione con semaforo o vigile,Asciutto,Assente,Sereno,11.427658959238762,45.64337775490317,0,24.0,8,1,0,0,0,13,50
2,Venerdì,Mattino,ASIAGO,SP 349 Costo,Incrocio,Bagnato,Verticale,Pioggia,11.500649067216903,45.87554049873491,0,76.0,5,0,4,0,0,0,50
11,Mercoledì,Mattino,VICENZA,SP 046 rac Pasubio Raccordo del Sole,Intersezione con semaforo o vigile,Asciutto,Orizzontale,Sereno,11.507904842511506,45.535613921644405,0,68.0,1,0,0,0,0,12,50
8,Domenica,Pomeriggio,THIENE,SP 349 var Costo Variante,Rettilineo,Bagnato,Temporanea di cantiere,Sereno,11.45854368041749,45.69902339309511,0,149.0,2,0,0,0,0,0,50
9,Martedì,Pomeriggio,ROANA,SP 349 Costo,Rettilineo,Bagnato,Verticale,Sereno,11.457196685618165,45.858610041788545,0,117.0,0,0,0,0,0,0,50
2,Mercoledì,Sera,ASIAGO,SP 349 Costo,Incrocio,Asciutto,Assente,Sereno,11.391667947750742,45.95071220667463,0,92.0,0,0,0,0,0,0,50
5,Venerdì,Pomeriggio,TORREBELVICINO,SP 046 Pasubio,Galleria illuminata,Asciutto,Orizzontale,Sereno,11.282379112625346,45.72306469637786,0,14.0,0,0,0,0,0,0,30
8,Martedì,Notte,VICENZA,SP 046 Pasubio,Intersezione non segnalata,Asciutto,Verticale,Nebbia,11.494974533396254,45.56168637878418,0,54.0,0,0,0,0,0,0,90
7,Giovedì,Pomeriggio,COGOLLO DEL CENGIO,SP 349 Costo,Incrocio,Asciutto,Assente,Sereno,11.439984553213966,45.785281935581786,0,111.0,0,0,0,0,2,0,70
9,Mercoledì,Mattino,COSTABISSARA,SP 046 Pasubio,Curva,Bagnato,Assente,Altro,11.488945830157668,45.60568240354157,0,34.0,7,0,0,0,0,32,70
9,Martedì,Mattino,COGOLLO DEL CENGIO,SP 349 Costo,Intersezione non segnalata,Sdrucciolevole,Orizzontale,Pioggia,11.43260073982646,45.79629068138923,0,106.0,0,0,0,0,0,0,70
5,Lunedì,Notte,VICENZA,SP 046 Pasubio,Galleria illuminata,Asciutto,Temporanea di cantiere,Nebbia,11.502296099786802,45.55001229360293,0,56.0,0,0,0,0,0,0,70
10,Venerdì,Notte,TORREBELVICINO,SP 046 Pasubio,Pendenza,Asciutto,Verticale,Sereno,11.276030646048776,45.73117478952736,0,13.0,1,0,0,0,0,0,30
4,Domenica,Notte,COSTABISSARA,SP 349 Costo,Curva,Asciutto,Temporanea di cantiere,Nebbia,11.490754242880252,45.60994582770836,0,144.0,1,0,0,0,0,0,70
1,Mercoledì,Mattino,COGOLLO DEL CENGIO,SP 350 Val d'Astico,Intersezione con semaforo o vigile,Bagnato,Orizzontale,Altro,11.39247333298302,45.79381591152299,0,172.0,0,0,1,0,0,0,90
11,Giovedì,Notte,ZANE',SP 349 Costo,Intersezione con semaforo o vigile,Sdrucciolevole,Verticale,Pioggia,11.454988115399336,45.7182098381344,0,127.0,12,10,2,1,0,0,50
1,Giovedì,Notte,VICENZA,SP 046 Pasubio,Galleria illuminata,Bagnato,Assente,Sereno,11.505919330235828,45.545630378239736,0,56.0,0,0,0,0,0,0,70
3,Sabato,Notte,MALO,SP 046 Pasubio,Intersezione segnalata,Asciutto,Orizzontale,Sereno,11.408757547613316,45.66402831763521,0,21.0,8,0,0,0,0,37,50
5,Mercoledì,Sera,PIOVENE ROCCHETTE,SP 349 Costo,Pendenza,Sdrucciolevole,Verticale,Pioggia,11.428212741717855,45.7506387447396,0,93.0,12,5,2,0,3,0,50
2,Giovedì,Pomeriggio,ROANA,SP 349 Costo,Pendenza,Ghiacciato,Temporanea di cantiere,Neve,11.45707306345965,45.909826274892595,0,82.0,0,0,1,0,0,0,50
6,Giovedì,Mattino,ASIAGO,SP 349 Costo,Curva,Bagnato,Orizzontale,Sereno,11.408822768959462,45.946269801661984,0,90.0,0,0,0,0,0,0,50
12,Domenica,Notte,VILLAVERLA,SP 349 Costo,Rotatoria,Asciutto,Orizzontale,Sereno,11.493538247891662,45.64894165169147,0,139.0,11,0,4,0,2,0,50
2,Giovedì,Notte,VICENZA,SP 046 Pasubio,Intersezione segnalata,Asciutto,Orizzontale,Vento forte,11.495813520771575,45.559836072317054,0,46.0,0,0,0,0,0,0,90
12,Giovedì,Pomeriggio,LASTEBASSE,SP 350 Val d'Astico,Galleria illuminata,Asciutto,Verticale,Sereno,11.280058878008749,45.914166973441546,0,153.0,0,0,0,0,0,0,50
5,Martedì,Mattino,ROANA,SP 349 Costo,Incrocio,Asciutto,Assente,Sereno,11.461418114764214,45.90336616445508,0,81.0,0,0,0,0,0,0,50
8,Lunedì,Notte,ROANA,SP 349 Costo,Galleria illuminata,Bagnato,Assente,Pioggia,11.440460578917577,45.9374122713443,0,86.0,0,0,0,0,0,0,50
6,Domenica,Pomeriggio,ROANA,SP 349 Costo,Pendenza,Innevato,Orizzontale,Neve,11.46422912956341,45.86174017773764,0,116.0,4,0,0,0,0,0,50
4,Martedì,Pomeriggio,CHIUPPANO,SP 349 Costo,Intersezione con semaforo o vigile,Bagnato,Orizzontale,Sereno,11.455437796317003,45.7668709423867,0,124.0,1,0,2,0,0,0,50
2,Domenica,Sera,ROANA,SP 349 Costo,Incrocio,Asciutto,Verticale,Sereno,11.463288375090452,45.86064448189224,0,116.0,4,0,0,0,0,0,50
8,Lunedì,Notte,TORREBELVICINO,SP 046 Pasubio,Intersezione segnalata,Asciutto,Assente,Sereno,11.28610510970346,45.721788371301805,0,14.0,0,0,0,0,0,0,30
11,Venerdì,Notte,VALLI DEL PASUBIO,SP 046 Pasubio,Intersezione non segnalata,Asciutto,Verticale,Sereno,11.196335598101811,45.7626434370809,0,4.0,0,0,0,0,0,0,50
7,Domenica,Notte,SANTORSO,SP 349 Costo,Dosso,Bagnato,Verticale,Nebbia,11.40395047097726,45.73633610364046,0,75.0,4,0,0,0,0,0,70
8,Giovedì,Notte,ROANA,SP 349 Costo,Intersezione con semaforo o vigile,Sdrucciolevole,Orizzontale,Neve,11.441440326112126,45.93594269651253,0,86.0,0,0,0,0,0,0,50
8,Giovedì,Sera,VICENZA,SP 046 Pasubio,Intersezione segnalata,Bagnato,Verticale,Sereno,11.503052417752045,45.57724109572858,0,52.0,0,0,0,0,0,0,70
5,Venerdì,Mattino,LASTEBASSE,SP 350 Val d'Astico,Dosso,Bagnato,Verticale,Sereno,11.298208398290791,45.91109978502269,0,154.0,0,0,0,0,0,0,50
2,Sabato,Pomeriggio,VALLI DEL PASUBIO,SP 046 Pasubio,Pendenza,Asciutto,Verticale,Sereno,11.187629533472467,45.75675085959622,0,2.0,1,0,0,0,0,0,50
7,Domenica,Notte,ISOLA VICENTINA,SP 046 Pasubio,Curva,Asciutto,Orizzontale,Sereno,11.438452699070314,45.634110646674955,0,26.0,13,0,1,0,0,24,50
11,Lunedì,Sera,COSTABISSARA,SP 046 Pasubio,Rettilineo,Asciutto,Orizzontale,Sereno,11.496474827967146,45.5959322138655,0,40.0,21,1,0,0,0,44,50
11,Giovedì,Notte,COSTABISSARA,SP 046 Pasubio,Rettilineo,Bagnato,Orizzontale,Nebbia,11.501536441878002,45.58757106814534,0,42.0,7,0,1,0,0,20,50
11,Martedì,Sera,ROANA,SP 349 Costo,Intersezione con semaforo o vigile,Asciutto,Assente,Sereno,11.443263555301522,45.934005873861175,0,85.0,0,0,0,0,0,0,50
3,Martedì,Sera,VICENZA,SP 046 Pasubio,Curva,Bagnato,Temporanea di cantiere,Pioggia,11.505468510828177,45.5461902721481,0,45.0,0,0,0,0,0,0,70
7,Martedì,Notte,VICENZA,SP 046 Pasubio,Incrocio,Asciutto,Orizzontale,Sereno,11.496440160356178,45.558836174088654,0,46.0,0,0,0,0,0,0,90
9,Lunedì,Mattino,TORREBELVICINO,SP 046 var Torrebelvicino,Intersezione segnalata,Ghiacciato,Verticale,Neve,11.316365211989067,45.71350118969612,0,70.0,1,2,0,0,0,0,38
6,Domenica,Pomeriggio,VALLI DEL PASUBIO,SP 046 Pasubio,Galleria illuminata,Asciutto,Verticale,Altro,11.261964841520731,45.7400950128506,0,11.0,8,0,1,0,0,0,50
9,Lunedì,Pomeriggio,ISOLA VICENTINA,SP 046 Pasubio,Curva,Asciutto,Assente,Sereno,11.444992567477192,45.62792674180186,0,27.0,7,0,0,0,0,1,50
8,Lunedì,Notte,ISOLA VICENTINA,SP 046 Pasubio,Rotatoria,Bagnato,Verticale,Pioggia,11.472745037810272,45.60954108372108,0,33.0,0,0,0,0,0,14,60
11,Mercoledì,Notte,SCHIO,SP 349 var Costo Variante,Incrocio,Asciutto,Verticale,Sereno,11.425147845316694,45.72007048017201,0,145.0,0,0,0,0,0,0,40
10,Giovedì,Pomeriggio,VICENZA,SP 046 rac Pasubio Raccordo del Sole,Pendenza,Bagnato,Orizzontale,Sereno,11.508949687537484,45.53847600085173,0,66.0,0,0,0,0,0,2,90
10,Domenica,Sera,ROANA,SP 349 Costo,Curva,Asciutto,Temporanea di cantiere,Sereno,11.463042019708446,45.902122254971474,0,81.0,0,0,0,0,0,0,50
3,Venerdì,Notte,COSTABISSARA,SP 046 Pasubio,Rettilineo,Bagnato,Verticale,Sereno,11.493982872690257,45.60267630155197,0,38.0,10,0,0,0,0,13,50
1,Lunedì,Pomeriggio,PIOVENE ROCCHETTE,SP 349 Costo,Intersezione non segnalata,Bagnato,Orizzontale,Sereno,11.428790590376808,45.75138218428749,0,93.0,12,5,2,0,3,0,50
2,Domenica,Mattino,COGOLLO DEL CENGIO,SP 350 Val d'Astico,Galleria illuminata,Asciutto,Temporanea di cantiere,Sereno,11.40560135648955,45.7911294747597,0,174.0,3,0,0,0,0,0,70
3,Domenica,Sera,VILLAVERLA,SP 349 Costo,Incrocio,Sdrucciolevole,Orizzontale,Pioggia,11.491484120544582,45.63634629136213,0,141.0,3,0,2,0,0,0,50
9,Martedì,Pomeriggio,VICENZA,SP 046 Pasubio,Galleria illuminata,Asciutto,Orizzontale,Sereno,11.494428989392697,45.570639743286435,0,48.0,0,0,0,0,0,0,90
7,Domenica,Sera,PIOVENE ROCCHETTE,SP 349 Costo,Galleria illuminata,Asciutto,Temporanea di cantiere,Vento forte,11.4300066033785,45.75243937304159,0,115.0,4,0,1,0,0,0,50
6,Giovedì,Pomeriggio,VALLI DEL PASUBIO,SP 046 Pasubio,Intersezione non segnalata,Sdrucciolevole,Orizzontale,Pioggia,11.246286724586511,45.7439490967279,0,10.0,0,0,0,0,0,0,50
1,Domenica,Sera,SCHIO,SP 046 var Torrebelvicino,Incrocio,Asciutto,Assente,Sereno,11.33303414662391,45.713402740345074,0,71.0,0,0,0,0,0,0,70
9,Lunedì,Mattino,ASIAGO,SP 349 Costo,Intersezione non segnalata,Asciutto,Temporanea di cantiere,Sereno,11.419478644999344,45.951754816301055,0,89.0,0,0,0,0,0,0,50
5,Venerdì,Pomeriggio,COSTABISSARA,SP 046 Pasubio,Galleria illuminata,Bagnato,Orizzontale,Nebbia,11.49653101445945,45.57333602864785,0,48.0,0,0,0,0,0,0,90
10,Lunedì,Sera,ROANA,SP 349 Costo,Intersezione segnalata,Bagnato,Temporanea di cantiere,Nebbia,11.456091544270569,45.853295359103875,0,118.0,0,0,0,0,0,0,50
2,Domenica,Pomeriggio,SANTORSO,SP 349 Costo,Intersezione segnalata,Bagnato,Orizzontale,Sereno,11.39958965579892,45.735606720351136,0,75.0,4,0,0,0,0,0,70
4,Mercoledì,Notte,ROANA,SP 349 Costo,Incrocio,Asciutto,Verticale,Sereno,11.44757810052553,45.9295432794195,0,85.0,0,0,0,0,0,0,50
1,Venerdì,Sera,ISOLA VICENTINA,SP 046 Pasubio,Curva,Asciutto,Verticale,Sereno,11.464478624553356,45.61656961416779,0,29.0,1,0,0,0,0,2,90
12,Domenica,Notte,VALDASTICO,SP 350 Val d'Astico,Intersezione non segnalata,Bagnato,Temporanea di cantiere,Sereno,11.334037673271029,45.89595511723273,0,158.0,0,0,0,0,0,0,50
6,Sabato,Mattino,ARSIERO,SP 350 Val d'Astico,Intersezione con semaforo o vigile,Asciutto,Assente,Sereno,11.36805175697812,45.825524601429024,0,167.0,1,0,0,0,0,0,50
6,Giovedì,Pomeriggio,ASIAGO,SP 349 Costo,Intersezione con semaforo o vigile,Asciutto,Verticale,Sereno,11.504629272352448,45.873339101297134,0,133.0,4,0,6,0,1,0,50
4,Martedì,Sera,TORREBELVICINO,SP 046 var Torrebelvicino,Rettilineo,Asciutto,Assente,Vento forte,11.3260622060025,45.71374203736816,0,71.0,0,0,0,0,0,0,70
4,Domenica,Pomeriggio,COGOLLO DEL CENGIO,SP 350 Val d'Astico,Dosso,Asciutto,Verticale,Nebbia,11.417873442544412,45.78619749928686,0,175.0,6,1,6,0,0,0,50
9,Domenica,Notte,ISOLA VICENTINA,SP 046 Pasubio,Intersezione segnalata,Innevato,Verticale,Neve,11.471397618181513,45.60981251129841,0,31.0,0,0,0,0,0,0,60
12,Martedì,Notte,COSTABISSARA,SP 046 Pasubio,Galleria illuminata,Sdrucciolevole,Assente,Pioggia,11.501281107314233,45.576245764718685,0,52.0,0,0,0,0,0,0,70
9,Sabato,Pomeriggio,COSTABISSARA,SP 046 Pasubio,Galleria illuminata,Bagnato,Assente,Pioggia,11.49338355323287,45.60401406991272,0,36.0,14,0,1,0,0,7,50
9,Giovedì,Mattino,SCHIO,SP 046 Pasubio,Intersezione con semaforo o vigile,Asciutto,Temporanea di cantiere,Sereno,11.39539591045156,45.688427936545544,0,17.0,0,0,0,0,0,0,90
6,Sabato,Pomeriggio,ROANA,SP 349 Costo,Dosso,Bagnato,Verticale,Pioggia,11.453344460136456,45.919193557373745,0,83.0,0,0,0,0,0,0,50
2,Sabato,Pomeriggio,ASIAGO,SP 349 Costo,Galleria illuminata,Asciutto,Temporanea di cantiere,Sereno,11.410918671529586,45.94824054617839,0,90.0,0,0,0,0,0,0,50
9,Mercoledì,Mattino,ASIAGO,SP 349 Costo,Pendenza,Bagnato,Assente,Sereno,11.49414633552654,45.87921528761215,0,77.0,0,0,0,0,0,0,50
10,Mercoledì,Pomeriggio,ASIAGO,SP 349 Costo,Galleria illuminata,Sdrucciolevole,Temporanea di cantiere,Altro,11.5032501397359,45.87557674079761,0,76.0,5,0,4,0,0,0,50
7,Martedì,Pomeriggio,VICENZA,SP 046 Pasubio,Intersezione segnalata,Asciutto,Orizzontale,Vento forte,11.50712241792809,45.54300822116805,0,59.0,0,0,0,0,0,0,90
2,Venerdì,Notte,ROANA,SP 349 Costo,Pendenza,Asciutto,Verticale,Sereno,11.451724333267036,45.924624647412394,0,84.0,0,0,0,0,0,0,50
9,Martedì,Notte,ASIAGO,SP 349 Costo,Incrocio,Bagnato,Verticale,Pioggia,11.41538595822541,45.951273291657785,0,89.0,0,0,0,0,0,0,50
12,Domenica,Notte,ASIAGO,SP 349 Costo,Intersezione non segnalata,Bagnato,Verticale,Sereno,11.502730444022536,45.87269917284876,0,133.0,4,0,6,0,1,0,50
3,Venerdì,Sera,VALLI DEL PASUBIO,SP 046 Pasubio,Intersezione segnalata,Bagnato,Orizzontale,Sereno,11.193098441416993,45.760999018352166,0,2.0,1,0,0,0,0,0,50
2,Venerdì,Notte,ARSIERO,SP 350 Val d'Astico,Pendenza,Asciutto,Orizzontale,Sereno,11.365475697493236,45.82176564438803,0,168.0,0,0,0,0,0,0,50
9,Lunedì,Mattino,TORREBELVICINO,SP 046 var Torrebelvicino,Galleria illuminata,Asciutto,Verticale,Sereno,11.308765713320058,45.71596020588483,0,69.0,2,2,1,0,0,0,50
4,Sabato,Mattino,COGOLLO DEL CENGIO,SP 350 Val d'Astico,Rotatoria,Bagnato,Assente,Pioggia,11.386244948824825,45.79767907491695,0,172.0,0,0,1,0,0,0,90
9,Domenica,Notte,TORREBELVICINO,SP 046 Pasubio,Incrocio,Asciutto,Assente,Sereno,11.292280043606294,45.71873676237536,0,15.0,0,0,0,0,0,0,50
9,Martedì,Mattino,VICENZA,SP 046 Pasubio,Intersezione con semaforo o vigile,Asciutto,Assente,Sereno,11.494385499605508,45.56576352613536,0,47.0,0,0,0,0,0,0,90
4,Mercoledì,Sera,ASIAGO,SP 349 Costo,Pendenza,Sdrucciolevole,Temporanea di cantiere,Altro,11.40485981967424,45.94497258468829,0,90.0,0,0,0,0,0,0,50
1,Lunedì,Pomeriggio,VILLAVERLA,SP 349 Costo,Intersezione non segnalata,Bagnato,Assente,Sereno,11.49456083719542,45.65302446376972,0,140.0,16,0,2,0,0,0,50
7,Sabato,Mattino,ASIAGO,SP 349 Costo,Rotatoria,Bagnato,Temporanea di cantiere,Sereno,11.412255938965716,45.94900443420988,0,90.0,0,0,0,0,0,0,50
5,Giovedì,Sera,VALLI DEL PASUBIO,SP 046 Pasubio,Intersezione non segnalata,Asciutto,Assente,Sereno,11.195553814969532,45.76358986123612,0,3.0,0,0,0,0,0,0,50
5,Venerdì,Mattino,ARSIERO,SP 350 Val d'Astico,Intersezione segnalata,Bagnato,Orizzontale,Sereno,11.36351130614879,45.80343883869525,0,170.0,0,0,5,0,0,0,50
3,Martedì,Sera,SCHIO,SP 349 Costo,Intersezione non segnalata,Bagnato,Assente,Pioggia,11.370507039544702,45.72802405293603,0,73.0,6,4,0,0,0,0,70
9,Domenica,Notte,ARSIERO,SP 350 Val d'Astico,Curva,Bagnato,Orizzontale,Sereno,11.375236801994664,45.802574049530314,0,171.0,1,0,3,0,0,0,50
8,Giovedì,Sera,VILLAVERLA,SP 349 Costo,Rettilineo,Asciutto,Orizzontale,Sereno,11.491665584623734,45.63278297401784,0,141.0,3,0,2,0,0,0,50
12,Lunedì,Notte,VALDASTICO,SP 350 Val d'Astico,Galleria illuminata,Asciutto,Temporanea di cantiere,Sereno,11.35854396350478,45.87952427762159,0,161.0,0,0,0,0,0,0,50
10,Lunedì,Pomeriggio,PIOVENE ROCCHETTE,SP 349 Costo,Intersezione segnalata,Bagnato,Verticale,Vento forte,11.429069195597044,45.75216104606245,0,96.0,9,0,3,0,0,0,50
11,Sabato,Sera,COGOLLO DEL CENGIO,SP 350 Val d'Astico,Intersezione segnalata,Asciutto,Verticale,Sereno,11.389918362015427,45.79677593641724,0,172.0,0,0,1,0,0,0,90
10,Sabato,Notte,VALDASTICO,SP 350 Val d'Astico,Galleria illuminata,Asciutto,Orizzontale,Sereno,11.346089131710777,45.89251014405652,0,159.0,0,0,0,0,0,0,50
5,Sabato,Sera,VICENZA,SP 046 Pasubio,Intersezione non segnalata,Bagnato,Verticale,Altro,11.504788311292096,45.54683812946747,0,45.0,0,0,0,0,0,0,70
1,Martedì,Mattino,CALTRANO,SP 349 Costo,Rettilineo,Asciutto,Assente,Sereno,11.455875831204086,45.77053977528709,0,128.0,3,0,2,0,0,0,50
8,Martedì,Notte,ROANA,SP 349 Costo,Intersezione non segnalata,Asciutto,Verticale,Sereno,11.480988047841135,45.86913580722562,0,135.0,2,0,1,0,0,0,50
10,Giovedì,Pomeriggio,CARRE',SP 349 Costo,Incrocio,Bagnato,Verticale,Sereno,11.437856773736252,45.74118441874759,0,98.0,2,0,0,0,0,16,130
12,Lunedì,Mattino,ASIAGO,SP 349 Costo,Rotatoria,Bagnato,Temporanea di cantiere,Sereno,11.489377362466296,45.87963616712528,0,77.0,0,0,0,0,0,0,50
9,Sabato,Notte,VALDASTICO,SP 350 Val d'Astico,Intersezione non segnalata,Asciutto,Temporanea di cantiere,Altro,11.367504816840151,45.842532036331434,0,165.0,2,0,0,0,0,0,50
7,Martedì,Sera,ROANA,SP 349 Costo,Incrocio,Bagnato,Temporanea di cantiere,Sereno,11.44331305846496,45.93393529664066,0,85.0,0,0,0,0,0,0,50
7,Venerdì,Mattino,COSTABISSARA,SP 046 Pasubio,Incrocio,Bagnato,Assente,Sereno,11.499162585589572,45.590334388818995,0,42.0,7,0,1,0,0,20,50
2,Lunedì,Sera,VALDASTICO,SP 350 Val d'Astico,Pendenza,Asciutto,Verticale,Sereno,11.363740035363634,45.85240760961771,0,164.0,0,0,0,0,0,0,50
1,Sabato,Notte,MALO,SP 046 Pasubio,Intersezione segnalata,Asciutto,Temporanea di cantiere,Sereno,11.409282324785712,45.66349635357076,0,21.0,8,0,0,0,0,37,50
11,Sabato,Mattino,ARSIERO,SP 350 Val d'Astico,Intersezione segnalata,Bagnato,Assente,Vento forte,11.369421741251545,45.834515668467375,0,166.0,1,0,0,0,0,0,50
10,Martedì,Mattino,LASTEBASSE,SP 350 Val d'Astico,Dosso,Asciutto,Verticale,Sereno,11.324919239192369,45.90134129985016,0,157.0,0,0,0,0,0,0,50
4,Lunedì,Pomeriggio,VILLAVERLA,SP 349 Costo,Rotatoria,Bagnato,Orizzontale,Vento forte,11.494275369594655,45.65432332835557,0,140.0,16,0,2,0,0,0,50
6,Giovedì,Sera,ROANA,SP 349 Costo,Pendenza,Asciutto,Verticale,Nebbia,11.436961001213362,45.819820101978955,0,101.0,0,0,0,0,0,0,45
6,Domenica,Notte,MALO,SP 046 Pasubio,Rotatoria,Asciutto,Verticale,Sereno,11.401582554689972,45.67989419794703,0,18.0,1,0,0,0,0,5,90
3,Venerdì,Sera,VICENZA,SP 046 Pasubio,Rotatoria,Sdrucciolevole,Verticale,Pioggia,11.494091621000646,45.56968058470988,0,53.0,0,0,0,0,0,0,90
6,Mercoledì,Sera,ISOLA VICENTINA,SP 046 Pasubio,Curva,Bagnato,Verticale,Nebbia,11.443880229426089,45.628355894737105,0,27.0,7,0,0,0,0,1,50
5,Sabato,Mattino,ISOLA VICENTINA,SP 046 Pasubio,Intersezione segnalata,Bagnato,Assente,Pioggia,11.473100900499468,45.60951024771036,0,33.0,0,0,0,0,0,14,60
9,Lunedì,Notte,COGOLLO DEL CENGIO,SP 349 Costo,Curva,Bagnato,Orizzontale,Sereno,11.430597310227444,45.79648397445959,0,107.0,0,0,0,0,2,0,70
10,Lunedì,Notte,ROANA,SP 349 Costo,Curva,Asciutto,Orizzontale,Sereno,11.465646946375784,45.89913984258949,0,81.0,0,0,0,0,0,0,50
6,Domenica,Notte,VALDASTICO,SP 350 Val d'Astico,Rettilineo,Sdrucciolevole,Verticale,Pioggia,11.367095193131162,45.84336589371888,0,165.0,2,0,0,0,0,0,50
12,Martedì,Sera,COGOLLO DEL CENGIO,SP 350 Val d'Astico,Rotatoria,Asciutto,Temporanea di cantiere,Sereno,11.41846383852679,45.785982084038274,0,175.0,6,1,6,0,0,0,50
9,Lunedì,Notte,ROANA,SP 349 Costo,Dosso,Asciutto,Assente,Sereno,11.48254965745642,45.88075976461593,0,78.0,0,0,1,0,0,0,50
1,Lunedì,Sera,MALO,SP 046 Pasubio,Curva,Asciutto,Temporanea di cantiere,Nebbia,11.4268978788615,45.64559005022906,0,25.0,0,0,0,0,0,105,40
12,Lunedì,Sera,COGOLLO DEL CENGIO,SP 349 Costo,Intersezione con semaforo o vigile,Bagnato,Temporanea di cantiere,Nebbia,11.435089391070663,45.79367312204478,0,107.0,0,0,0,0,2,0,70
9,Giovedì,Notte,COGOLLO DEL CENGIO,SP 349 Costo,Intersezione segnalata,Sdrucciolevole,Assente,Neve,11.433239620718131,45.816307331098805,0,101.0,0,0,0,0,0,0,45
11,Lunedì,Sera,MALO,SP 046 Pasubio,Incrocio,Asciutto,Temporanea di cantiere,Sereno,11.412756091251069,45.66000760715832,0,21.0,8,0,0,0,0,37,50
11,Giovedì,Notte,ZANE',SP 349 var Costo Variante,Incrocio,Asciutto,Verticale,Sereno,11.441781073974802,45.71062756204771,0,147.0,0,0,0,0,0,0,90
4,Lunedì,Mattino,ARSIERO,SP 350 Val d'Astico,Galleria illuminata,Innevato,Verticale,Neve,11.362757553798168,45.80374003262921,0,170.0,0,0,5,0,0,0,50
1,Venerdì,Mattino,VALLI DEL PASUBIO,SP 046 Pasubio,Curva,Asciutto,Verticale,Sereno,11.21096157067048,45.75824818425018,0,6.0,0,0,0,0,0,0,50
8,Domenica,Pomeriggio,ROANA,SP 349 Costo,Galleria illuminata,Bagnato,Verticale,Pioggia,11.456128136221864,45.91445842323651,0,83.0,0,0,0,0,0,0,50
6,Giovedì,Pomeriggio,SANTORSO,SP 349 Costo,Intersezione con semaforo o vigile,Asciutto,Orizzontale,Sereno,11.375277015668674,45.72936794617921,0,73.0,6,4,0,0,0,0,70
1,Lunedì,Sera,COGOLLO DEL CENGIO,SP 350 Val d'Astico,Pendenza,Bagnato,Assente,Sereno,11.392371250579156,45.79388564366519,0,172.0,0,0,1,0,0,0,90
4,Sabato,Sera,ZANE',SP 349 Costo,Curva,Asciutto,Verticale,Sereno,11.443023043954469,45.73458425294163,0,125.0,2,1,0,0,0,11,50
12,Sabato,Notte,ASIAGO,SP 349 Costo,Incrocio,Bagnato,Orizzontale,Pioggia,11.42075551865194,45.951105235344485,0,89.0,0,0,0,0,0,0,50
5,Martedì,Notte,ZANE',SP 349 Costo,Intersezione segnalata,Asciutto,Temporanea di cantiere,Sereno,11.452351912371231,45.720709915198995,0,127.0,12,10,2,1,0,0,50
4,Martedì,Pomeriggio,SCHIO,SP 046 var Torrebelvicino,Intersezione non segnalata,Asciutto,Assente,Vento forte,11.333099432100765,45.714310279481,0,71.0,0,0,0,0,0,0,70
8,Martedì,Mattino,PIOVENE ROCCHETTE,SP 349 Costo,Galleria illuminata,Asciutto,Verticale,Sereno,11.438800258718988,45.75762749249109,0,123.0,10,0,4,0,2,10,50
8,Sabato,Sera,ISOLA VICENTINA,SP 046 Pasubio,Intersezione con semaforo o vigile,Asciutto,Verticale,Sereno,11.454593959151431,45.6229429073129,0,28.0,4,0,0,0,0,5,50
4,Giovedì,Sera,ROANA,SP 349 Costo,Pendenza,Bagnato,Verticale,Pioggia,11.45371152479914,45.91837166525747,0,83.0,0,0,0,0,0,0,50
11,Giovedì,Mattino,ROANA,SP 349 Costo,Intersezione con semaforo o vigile,Asciutto,Assente,Sereno,11.449939631402344,45.846682433988455,0,119.0,0,0,0,0,0,0,50
7,Lunedì,Sera,SCHIO,SP 046 var Torrebelvicino,Incrocio,Asciutto,Verticale,Sereno,11.333022016497374,45.713977869368094,0,71.0,0,0,0,0,0,0,70
2,Martedì,Sera,VALDASTICO,SP 350 Val d'Astico,Galleria illuminata,Asciutto,Temporanea di cantiere,Altro,11.36124017937995,45.86554559151867,0,162.0,1,0,1,0,0,0,50
4,Domenica,Notte,COGOLLO DEL CENGIO,SP 349 Costo,Rotatoria,Bagnato,Assente,Pioggia,11.440914201922109,45.783801174547555,0,112.0,0,0,0,0,2,0,70
11,Giovedì,Sera,ROANA,SP 349 Costo,Curva,Asciutto,Temporanea di cantiere,Sereno,11.43768806521956,45.8205552916179,0,101.0,0,0,0,0,0,0,45
8,Mercoledì,Pomeriggio,COGOLLO DEL CENGIO,SP 349 Costo,Pendenza,Bagnato,Assente,Sereno,11.431056257998431,45.79063931582622,0,110.0,0,0,0,0,0,0,70
6,Mercoledì,Pomeriggio,CALTRANO,SP 349 Costo,Incrocio,Asciutto,Temporanea di cantiere,Sereno,11.450836895719364,45.77368447384735,0,128.0,3,0,2,0,0,0,50
4,Giovedì,Notte,TORREBELVICINO,SP 046 var Torrebelvicino,Intersezione non segnalata,Bagnato,Temporanea di cantiere,Sereno,11.309312437886248,45.715528835848176,0,69.0,2,2,1,0,0,0,50
6,Venerdì,Sera,SANTORSO,SP 349 Costo,Incrocio,Bagnato,Temporanea di cantiere,Sereno,11.39774385382932,45.73512285273559,0,75.0,4,0,0,0,0,0,70
3,Mercoledì,Sera,VICENZA,SP 046 Pasubio,Intersezione non segnalata,Bagnato,Verticale,Sereno,11.505345435447222,45.54631679803244,0,45.0,0,0,0,0,0,0,70
5,Domenica,Sera,ASIAGO,SP 349 Costo,Rotatoria,Bagnato,Temporanea di cantiere,Pioggia,11.504084430823536,45.87530183106591,0,76.0,5,0,4,0,0,0,50
3,Mercoledì,Pomeriggio,LASTEBASSE,SP 350 Val d'Astico,Rotatoria,Bagnato,Temporanea di cantiere,Sereno,11.278405617100017,45.913848332980365,0,153.0,0,0,0,0,0,0,50
8,Martedì,Notte,CALDOGNO,SP 349 Costo,Intersezione con semaforo o vigile,Asciutto,Assente,Sereno,11.490455065270831,45.61772336751242,0,143.0,0,0,0,0,0,3,70
9,Giovedì,Sera,VICENZA,SP 046 Pasubio,Intersezione non segnalata,Sdrucciolevole,Verticale,Neve,11.508350856683624,45.54161765398446,0,62.0,0,0,0,0,0,0,90
11,Sabato,Mattino,LASTEBASSE,SP 350 Val d'Astico,Incrocio,Sdrucciolevole,Orizzontale,Altro,11.328987874201124,45.899343839899785,0,157.0,0,0,0,0,0,0,50
1,Domenica,Notte,VILLAVERLA,SP 349 Costo,Rotatoria,Asciutto,Temporanea di cantiere,Sereno,11.494163402760456,45.65474281875328,0,140.0,16,0,2,0,0,0,50
4,Venerdì,Mattino,VICENZA,SP 046 rac Pasubio Raccordo del Sole,Intersezione con semaforo o vigile,Asciutto,Temporanea di cantiere,Altro,11.507704886407964,45.53640008592821,0,65.0,0,0,0,0,0,11,50
4,Giovedì,Notte,SANTORSO,SP 349 Costo,Pendenza,Asciutto,Verticale,Nebbia,11.41601877504034,45.74181886816029,0,94.0,4,0,0,0,1,0,50
7,Domenica,Sera,ROANA,SP 349 Costo,Intersezione segnalata,Asciutto,Orizzontale,Sereno,11.458973602088554,45.90643352296808,0,82.0,0,0,1,0,0,0,50
7,Giovedì,Sera,VALLI DEL PASUBIO,SP 046 Pasubio,Galleria illuminata,Asciutto,Orizzontale,Sereno,11.196155993226578,45.76385673108315,0,3.0,0,0,0,0,0,0,50
11,Mercoledì,Sera,VALLI DEL PASUBIO,SP 046 Pasubio,Galleria illuminata,Asciutto,Verticale,Sereno,11.193929765847423,45.7615255577084,0,3.0,0,0,0,0,0,0,50
12,Mercoledì,Notte,ROANA,SP 349 Costo,Rotatoria,Sdrucciolevole,Temporanea di cantiere,Pioggia,11.471040752791346,45.88863719572311,0,79.0,0,0,0,0,0,0,50
10,Martedì,Pomeriggio,ASIAGO,SP 349 Costo,Intersezione con semaforo o vigile,Asciutto,Orizzontale,Sereno,11.500788150386551,45.87552351557897,0,76.0,5,0,4,0,0,0,50
3,Domenica,Notte,ROANA,SP 349 Costo,Incrocio,Asciutto,Orizzontale,Sereno,11.45727372260484,45.85717669568113,0,117.0,0,0,0,0,0,0,50
1,Sabato,Mattino,THIENE,SP 349 var Costo Variante,Dosso,Asciutto,Verticale,Nebbia,11.456913280410763,45.70075646042776,0,148.0,0,0,0,0,0,0,50
11,Domenica,Mattino,THIENE,SP 349 var Costo Variante,Rotatoria,Asciutto,Verticale,Sereno,11.4548516480775,45.70304093750844,0,148.0,0,0,0,0,0,0,50
12,Mercoledì,Sera,ZANE',SP 349 Costo,Rotatoria,Bagnato,Assente,Sereno,11.463375962272972,45.713282867504645,0,131.0,6,0,1,0,0,0,50
4,Giovedì,Mattino,MALO,SP 046 Pasubio,Incrocio,Asciutto,Orizzontale,Vento forte,11.400603572687084,45.68197532979046,0,17.0,0,0,0,0,0,0,90
1,Mercoledì,Pomeriggio,TORREBELVICINO,SP 046 var Torrebelvicino,Rotatoria,Bagnato,Verticale,Altro,11.319767933988151,45.71368720062495,0,70.0,1,2,0,0,0,0,38
9,Domenica,Pomeriggio,SANTORSO,SP 349 Costo,Rettilineo,Bagnato,Assente,Nebbia,11.409909613864889,45.73865267589074,0,95.0,1,0,1,0,0,0,50
8,Mercoledì,Pomeriggio,THIENE,SP 349 Costo,Curva,Asciutto,Assente,Sereno,11.486411043937268,45.678649740944266,0,136.0,3,0,0,0,1,0,70
11,Domenica,Notte,VICENZA,SP 046 Pasubio,Rettilineo,Asciutto,Assente,Sereno,11.507504175595065,45.542883515353864,0,60.0,0,0,0,0,0,0,70
7,Martedì,Pomeriggio,CALDOGNO,SP 349 Costo,Dosso,Asciutto,Temporanea di cantiere,Sereno,11.491388856898334,45.623341297190414,0,142.0,0,0,0,0,0,0,90
10,Lunedì,Notte,VILLAVERLA,SP 349 Costo,Rotatoria,Bagnato,Orizzontale,Sereno,11.492940814442854,45.64436302396947,0,139.0,11,0,4,0,2,0,50
10,Mercoledì,Pomeriggio,COGOLLO DEL CENGIO,SP 349 Costo,Intersezione non segnalata,Asciutto,Orizzontale,Sereno,11.422546070295104,45.80299740345087,0,103.0,0,0,0,0,0,0,70
1,Giovedì,Pomeriggio,ROANA,SP 349 Costo,Curva,Asciutto,Assente,Altro,11.441092614508923,45.842563929497885,0,120.0,0,0,2,0,0,0,50
2,Sabato,Notte,COGOLLO DEL CENGIO,SP 349 Costo,Intersezione con semaforo o vigile,Bagnato,Temporanea di cantiere,Pioggia,11.440920673713654,45.78301930662891,0,113.0,0,0,0,0,0,0,70
10,Domenica,Notte,LASTEBASSE,SP 350 Val d'Astico,Incrocio,Bagnato,Verticale,Sereno,11.311499325651017,45.907227757451714,0,155.0,0,0,0,0,0,0,50
3,Martedì,Sera,VICENZA,SP 046 Pasubio,Intersezione non segnalata,Bagnato,Assente,Sereno,11.50439310320792,45.54716236769739,0,56.0,0,0,0,0,0,0,70
3,Mercoledì,Notte,COGOLLO DEL CENGIO,SP 349 Costo,Pendenza,Asciutto,Temporanea di cantiere,Sereno,11.431921344334285,45.798368256179906,0,104.0,0,0,0,0,0,0,70
10,Venerdì,Pomeriggio,ZANE',SP 349 var Costo Variante,Rettilineo,Asciutto,Verticale,Sereno,11.440465985873889,45.71128567696231,0,147.0,0,0,0,0,0,0,90
3,Venerdì,Sera,COGOLLO DEL CENGIO,SP 349 Costo,Dosso,Sdrucciolevole,Temporanea di cantiere,Pioggia,11.43074144423466,45.79586083906093,0,107.0,0,0,0,0,2,0,70
2,Martedì,Sera,ISOLA VICENTINA,SP 046 Pasubio,Curva,Bagnato,Temporanea di cantiere,Sereno,11.446750874010922,45.62702163473739,0,28.0,4,0,0,0,0,5,50
1,Domenica,Pomeriggio,COSTABISSARA,SP 046 Pasubio,Incrocio,Sdrucciolevole,Assente,Neve,11.492434863225212,45.60432161663031,0,35.0,14,0,0,0,0,7,50
6,Mercoledì,Notte,TORREBELVICINO,SP 046 Pasubio,Rotatoria,Asciutto,Verticale,Sereno,11.296870706767232,45.71891466427326,0,15.0,0,0,0,0,0,0,50
8,Giovedì,Sera,VICENZA,SP 046 Pasubio,Pendenza,Bagnato,Verticale,Sereno,11.498323791591808,45.55595728827169,0,46.0,0,0,0,0,0,0,90
9,Lunedì,Pomeriggio,ROANA,SP 349 Costo,Intersezione con semaforo o vigile,Bagnato,Temporanea di cantiere,Altro,11.446782150543887,45.84733930647157,0,119.0,0,0,0,0,0,0,50
11,Domenica,Notte,ZANE',SP 349 Costo,Intersezione non segnalata,Asciutto,Verticale,Sereno,11.458636899542382,45.71596534231616,0,130.0,10,7,4,0,0,0,50
8,Sabato,Notte,VALDASTICO,SP 350 Val d'Astico,Rettilineo,Bagnato,Temporanea di cantiere,Sereno,11.359787968418589,45.8747902159208,0,161.0,0,0,0,0,0,0,50
10,Lunedì,Notte,ISOLA VICENTINA,SP 046 Pasubio,Galleria illuminata,Bagnato,Temporanea di cantiere,Pioggia,11.476222410377131,45.60923753468722,0,33.0,0,0,0,0,0,14,60
3,Sabato,Mattino,ISOLA VICENTINA,SP 046 Pasubio,Rettilineo,Asciutto,Verticale,Sereno,11.463686149512744,45.61734358575244,0,29.0,1,0,0,0,0,2,90
5,Venerdì,Notte,PIOVENE ROCCHETTE,SP 349 Costo,Rettilineo,Asciutto,Assente,Sereno,11.429471215841913,45.75067708681429,0,97.0,7,0,0,0,0,0,50
4,Lunedì,Notte,COGOLLO DEL CENGIO,SP 349 Costo,Rettilineo,Asciutto,Assente,Sereno,11.441107459959726,45.78455923215683,0,111.0,0,0,0,0,2,0,70
1,Lunedì,Pomeriggio,VICENZA,SP 046 rac Pasubio Raccordo del Sole,Intersezione non segnalata,Asciutto,Assente,Sereno,11.507935783604063,45.53532602726781,0,68.0,1,0,0,0,0,12,50
12,Martedì,Mattino,MALO,SP 046 Pasubio,Rotatoria,Bagnato,Temporanea di cantiere,Sereno,11.41863769383806,45.653367233034054,0,22.0,4,1,2,0,0,20,50
3,Martedì,Mattino,VALDASTICO,SP 350 Val d'Astico,Dosso,Asciutto,Assente,Sereno,11.359541115607218,45.8764665371472,0,161.0,0,0,0,0,0,0,50
6,Martedì,Mattino,ZANE',SP 349 Costo,Intersezione con semaforo o vigile,Bagnato,Orizzontale,Nebbia,11.45542856951207,45.71764631381193,0,130.0,10,7,4,0,0,0,50
5,Mercoledì,Pomeriggio,TORREBELVICINO,SP 046 var Torrebelvicino,Pendenza,Bagnato,Orizzontale,Vento forte,11.307226641957838,45.71700586321138,0,69.0,2,2,1,0,0,0,50
1,Lunedì,Mattino,ROANA,SP 349 Costo,Intersezione non segnalata,Asciutto,Temporanea di cantiere,Sereno,11.43868549008316,45.82211339703767,0,101.0,0,0,0,0,0,0,45
11,Domenica,Mattino,VICENZA,SP 046 Pasubio,Curva,Asciutto,Temporanea di cantiere,Sereno,11.495318590794778,45.572240190368,0,53.0,0,0,0,0,0,0,90
2,Martedì,Notte,ROANA,SP 349 Costo,Intersezione con semaforo o vigile,Asciutto,Temporanea di cantiere,Sereno,11.480678565824826,45.86931594164288,0,135.0,2,0,1,0,0,0,50
5,Giovedì,Mattino,ASIAGO,SP 349 Costo,Incrocio,Asciutto,Orizzontale,Sereno,11.500130999590573,45.8712721425107,0,133.0,4,0,6,0,1,0,50
2,Giovedì,Sera,COGOLLO DEL CENGIO,SP 349 Costo,Rettilineo,Bagnato,Assente,Nebbia,11.439902545803951,45.78358176197833,0,113.0,0,0,0,0,0,0,70
12,Martedì,Sera,SANTORSO,SP 349 Costo,Intersezione con semaforo o vigile,Bagnato,Temporanea di cantiere,Sereno,11.37898204102187,45.730330808238406,0,73.0,6,4,0,0,0,0,70
3,Sabato,Pomeriggio,SANTORSO,SP 349 Costo,Intersezione non segnalata,Asciutto,Orizzontale,Sereno,11.392919812067694,45.733920801478874,0,75.0,4,0,0,0,0,0,70
4,Sabato,Pomeriggio,ROANA,SP 349 Costo,Curva,Bagnato,Orizzontale,Pioggia,11.469852815375544,45.86290336851903,0,116.0,4,0,0,0,0,0,50
4,Sabato,Mattino,ZANE',SP 349 Costo,Dosso,Sdrucciolevole,Verticale,Neve,11.45881321809916,45.71586709259221,0,130.0,10,7,4,0,0,0,50
1,Mercoledì,Pomeriggio,COSTABISSARA,SP 046 Pasubio,Intersezione non segnalata,Asciutto,Assente,Sereno,11.49799019271901,45.5918183003446,0,42.0,7,0,1,0,0,20,50
1,Sabato,Notte,VALLI DEL PASUBIO,SP 046 Pasubio,Galleria illuminata,Asciutto,Verticale,Sereno,11.234663472997358,45.74946281864073,0,9.0,0,0,0,0,0,0,40
7,Domenica,Notte,MARANO VICENTINO,SP 349 var Costo Variante,Intersezione segnalata,Bagnato,Orizzontale,Altro,11.429436638676195,45.717028853192545,0,146.0,0,0,0,1,0,0,40
3,Sabato,Pomeriggio,VICENZA,SP 046 Pasubio,Intersezione segnalata,Bagnato,Verticale,Sereno,11.50811144929588,45.54168905699961,0,60.0,0,0,0,0,0,0,70
2,Lunedì,Notte,TORREBELVICINO,SP 046 Pasubio,Intersezione con semaforo o vigile,Bagnato,Verticale,Pioggia,11.296218001132164,45.71877182829463,0,15.0,0,0,0,0,0,0,50
4,Martedì,Mattino,COSTABISSARA,SP 046 Pasubio,Intersezione non segnalata,Bagnato,Verticale,Pioggia,11.495854508918312,45.597604037292,0,40.0,21,1,0,0,0,44,50
6,Sabato,Mattino,CARRE',SP 349 Costo,Rotatoria,Asciutto,Verticale,Sereno,11.438315833114633,45.74052527089855,0,98.0,2,0,0,0,0,16,130
4,Mercoledì,Mattino,ROANA,SP 349 Costo,Intersezione non segnalata,Asciutto,Verticale,Sereno,11.441120235196635,45.84318114552699,0,120.0,0,0,2,0,0,0,50
9,Martedì,Sera,VALDASTICO,SP 350 Val d'Astico,Intersezione segnalata,Asciutto,Verticale,Sereno,11.353987799830511,45.886576817255545,0,160.0,1,0,1,0,0,0,50
10,Lunedì,Notte,CHIUPPANO,SP 349 Costo,Curva,Asciutto,Temporanea di cantiere,Nebbia,11.457212865510748,45.76976385483375,0,128.0,3,0,2,0,0,0,50
1,Martedì,Notte,ISOLA VICENTINA,SP 046 Pasubio,Intersezione non segnalata,Sdrucciolevole,Verticale,Pioggia,11.475285058047362,45.60932096237895,0,33.0,0,0,0,0,0,14,60
7,Venerdì,Notte,ISOLA VICENTINA,SP 046 Pasubio,Intersezione segnalata,Asciutto,Temporanea di cantiere,Altro,11.479686060020628,45.60863837517018,0,33.0,0,0,0,0,0,14,60
6,Mercoledì,Sera,ROANA,SP 349 Costo,Pendenza,Asciutto,Assente,Altro,11.452763024025124,45.848669995933626,0,118.0,0,0,0,0,0,0,50
7,Mercoledì,Notte,ROANA,SP 349 Costo,Intersezione con semaforo o vigile,Sdrucciolevole,Verticale,Pioggia,11.45038680619406,45.926464651584254,0,84.0,0,0,0,0,0,0,50
3,Giovedì,Sera,VILLAVERLA,SP 349 Costo,Curva,Asciutto,Temporanea di cantiere,Sereno,11.4929442219422,45.643554985806965,0,139.0,11,0,4,0,2,0,50
6,Martedì,Mattino,PIOVENE ROCCHETTE,SP 350 Val d'Astico,Curva,Bagnato,Assente,Sereno,11.438322879788384,45.75851872948974,0,179.0,10,0,4,0,1,0,50
2,Venerdì,Sera,LASTEBASSE,SP 350 Val d'Astico,Intersezione segnalata,Bagnato,Assente,Pioggia,11.310678317878242,45.90717775342229,0,155.0,0,0,0,0,0,0,50
12,Martedì,Pomeriggio,VICENZA,SP 046 Pasubio,Pendenza,Asciutto,Temporanea di cantiere,Sereno,11.494742057846857,45.56274752773252,0,54.0,0,0,0,0,0,0,90
8,Giovedì,Pomeriggio,ROANA,SP 349 Costo,Curva,Asciutto,Verticale,Sereno,11.45657627692385,45.8551033397862,0,117.0,0,0,0,0,0,0,50
1,Giovedì,Notte,ROANA,SP 349 Costo,Intersezione non segnalata,Asciutto,Temporanea di cantiere,Sereno,11.45458908306868,45.850266226129435,0,118.0,0,0,0,0,0,0,50
7,Domenica,Pomeriggio,VICENZA,SP 046 Pasubio,Incrocio,Asciutto,Orizzontale,Sereno,11.50692883164755,45.544416400091535,0,58.0,0,0,0,0,0,0,90
9,Domenica,Sera,COGOLLO DEL CENGIO,SP 350 Val d'Astico,Curva,Innevato,Orizzontale,Neve,11.396597636748911,45.79270423365977,0,173.0,0,0,1,0,0,0,90
4,Sabato,Notte,LASTEBASSE,SP 350 Val d'Astico,Rotatoria,Bagnato,Orizzontale,Sereno,11.283590503046392,45.91343817738229,0,153.0,0,0,0,0,0,0,50
11,Martedì,Sera,VALLI DEL PASUBIO,SP 046 Pasubio,Incrocio,Asciutto,Orizzontale,Sereno,11.221188467849322,45.754625309952935,0,7.0,1,0,0,0,0,0,45
3,Mercoledì,Sera,ROANA,SP 349 Costo,Intersezione segnalata,Asciutto,Assente,Sereno,11.440146028460315,45.93773308782615,0,86.0,0,0,0,0,0,0,50
3,Mercoledì,Sera,COSTABISSARA,SP 046 Pasubio,Dosso,Asciutto,Temporanea di cantiere,Sereno,11.492380467144878,45.60441020599914,0,34.0,7,0,0,0,0,32,70
12,Venerdì,Sera,ROANA,SP 349 Costo,Galleria illuminata,Asciutto,Assente,Sereno,11.458139835586287,45.9090143423661,0,82.0,0,0,1,0,0,0,50
9,Martedì,Sera,COGOLLO DEL CENGIO,SP 349 Costo,Curva,Asciutto,Orizzontale,Sereno,11.436566160776271,45.7967076020608,0,105.0,0,0,0,0,0,0,70
7,Domenica,Mattino,PIOVENE ROCCHETTE,SP 349 Costo,Pendenza,Bagnato,Verticale,Pioggia,11.425328561180844,45.74805774701407,0,93.0,12,5,2,0,3,0,50
9,Mercoledì,Pomeriggio,VICENZA,SP 046 rac Pasubio Raccordo del Sole,Incrocio,Bagnato,Temporanea di cantiere,Sereno,11.508080873642744,45.533760544971294,0,65.0,0,0,0,0,0,11,50
4,Giovedì,Sera,PIOVENE ROCCHETTE,SP 349 Costo,Intersezione non segnalata,Asciutto,Orizzontale,Altro,11.4332453636614,45.7471549876791,0,97.0,7,0,0,0,0,0,50
1,Martedì,Mattino,COGOLLO DEL CENGIO,SP 349 Costo,Curva,Asciutto,Temporanea di cantiere,Nebbia,11.434055667589613,45.79417283295983,0,108.0,0,0,0,0,2,0,70
11,Lunedì,Sera,COGOLLO DEL CENGIO,SP 349 Costo,Rettilineo,Asciutto,Temporanea di cantiere,Sereno,11.43180772254443,45.79624510823196,0,106.0,0,0,0,0,0,0,70
12,Giovedì,Pomeriggio,COGOLLO DEL CENGIO,SP 349 Costo,Galleria illuminata,Asciutto,Orizzontale,Sereno,11.440481977255564,45.78396266925134,0,112.0,0,0,0,0,2,0,70
1,Venerdì,Sera,COSTABISSARA,SP 046 Pasubio,Intersezione con semaforo o vigile,Bagnato,Temporanea di cantiere,Pioggia,11.500020129334304,45.57552400685039,0,52.0,0,0,0,0,0,0,70
7,Lunedì,Notte,ROANA,SP 349 Costo,Rotatoria,Bagnato,Assente,Pioggia,11.457208082837536,45.85755997140814,0,117.0,0,0,0,0,0,0,50
1,Sabato,Mattino,TORREBELVICINO,SP 046 var Torrebelvicino,Galleria illuminata,Bagnato,Verticale,Pioggia,11.31492436357353,45.71367353265137,0,70.0,1,2,0,0,0,0,38
9,Lunedì,Sera,THIENE,SP 349 Costo,Incrocio,Asciutto,Assente,Vento forte,11.486857069991748,45.67721035962002,0,136.0,3,0,0,0,1,0,70
12,Sabato,Pomeriggio,ROANA,SP 349 Costo,Dosso,Asciutto,Assente,Sereno,11.444277885929,45.84595651057188,0,120.0,0,0,2,0,0,0,50
4,Venerdì,Sera,VALLI DEL PASUBIO,SP 046 Pasubio,Rettilineo,Bagnato,Orizzontale,Pioggia,11.199527200040665,45.76020542371979,0,4.0,0,0,0,0,0,0,50
4,Martedì,Sera,MALO,SP 046 Pasubio,Intersezione con semaforo o vigile,Asciutto,Orizzontale,Sereno,11.4279082174504,45.64310038789665,0,24.0,8,1,0,0,0,13,50
11,Sabato,Mattino,VALDASTICO,SP 350 Val d'Astico,Galleria illuminata,Sdrucciolevole,Verticale,Pioggia,11.361923204724285,45.85652183269106,0,163.0,2,0,1,0,0,0,50
5,Mercoledì,Sera,SANTORSO,SP 349 Costo,Rettilineo,Asciutto,Temporanea di cantiere,Sereno,11.397674031662197,45.73510453375293,0,75.0,4,0,0,0,0,0,70
3,Lunedì,Mattino,COSTABISSARA,SP 046 Pasubio,Intersezione segnalata,Asciutto,Assente,Nebbia,11.497977875500297,45.59207599428268,0,42.0,7,0,1,0,0,20,50
2,Venerdì,Notte,VICENZA,SP 046 rac Pasubio Raccordo del Sole,Rotatoria,Asciutto,Orizzontale,Sereno,11.507904150596875,45.53735876328966,0,68.0,1,0,0,0,0,12,50
11,Lunedì,Notte,THIENE,SP 349 Costo,Rettilineo,Asciutto,Verticale,Sereno,11.48875550749425,45.67122021383777,0,137.0,9,0,3,0,2,0,130
12,Sabato,Sera,THIENE,SP 349 Costo,Pendenza,Asciutto,Temporanea di cantiere,Sereno,11.489975131467943,45.66737929942219,0,137.0,9,0,3,0,2,0,130
1,Lunedì,Pomeriggio,TORREBELVICINO,SP 046 var Torrebelvicino,Rotatoria,Bagnato,Temporanea di cantiere,Altro,11.323887902612148,45.71372310021952,0,70.0,1,2,0,0,0,0,38
10,Martedì,Mattino,VALLI DEL PASUBIO,SP 046 Pasubio,Intersezione segnalata,Bagnato,Temporanea di cantiere,Sereno,11.197513661581214,45.7606373233352,0,4.0,0,0,0,0,0,0,50
2,Giovedì,Pomeriggio,CALDOGNO,SP 349 Costo,Pendenza,Asciutto,Temporanea di cantiere,Sereno,11.49043653649037,45.61661450170523,0,143.0,0,0,0,0,0,3,70
2,Giovedì,Pomeriggio,COGOLLO DEL CENGIO,SP 349 Costo,Rotatoria,Asciutto,Assente,Sereno,11.433915691238957,45.78739538018922,0,110.0,0,0,0,0,0,0,70
5,Mercoledì,Sera,VALDASTICO,SP 350 Val d'Astico,Dosso,Bagnato,Temporanea di cantiere,Sereno,11.358903522955568,45.87879946090182,0,161.0,0,0,0,0,0,0,50
6,Giovedì,Pomeriggio,ARSIERO,SP 350 Val d'Astico,Rettilineo,Asciutto,Temporanea di cantiere,Vento forte,11.362927451915318,45.80367146296204,0,170.0,0,0,5,0,0,0,50
11,Lunedì,Mattino,MALO,SP 046 Pasubio,Intersezione con semaforo o vigile,Asciutto,Assente,Altro,11.41072147867074,45.662049302235154,0,21.0,8,0,0,0,0,37,50
9,Martedì,Mattino,SANTORSO,SP 349 Costo,Rettilineo,Sdrucciolevole,Temporanea di cantiere,Neve,11.387460793091789,45.73250614989022,0,74.0,6,1,0,0,0,0,50
2,Lunedì,Sera,VICENZA,SP 046 Pasubio,Rotatoria,Sdrucciolevole,Assente,Neve,11.502471907616089,45.576914903745376,0,52.0,0,0,0,0,0,0,70
8,Giovedì,Sera,ARSIERO,SP 350 Val d'Astico,Intersezione non segnalata,Bagnato,Assente,Sereno,11.366932710257892,45.80324296827947,0,170.0,0,0,5,0,0,0,50
11,Martedì,Sera,ASIAGO,SP 349 Costo,Pendenza,Bagnato,Verticale,Sereno,11.407181503021812,45.94559134947538,0,90.0,0,0,0,0,0,0,50
8,Venerdì,Mattino,CALDOGNO,SP 349 Costo,Rotatoria,Asciutto,Orizzontale,Sereno,11.491455346860995,45.62777437684659,0,142.0,0,0,0,0,0,0,90
3,Lunedì,Pomeriggio,ROANA,SP 349 Costo,Rettilineo,Bagnato,Orizzontale,Pioggia,11.460160708396035,45.90466174727921,0,82.0,0,0,1,0,0,0,50
2,Mercoledì,Notte,LASTEBASSE,SP 350 Val d'Astico,Dosso,Asciutto,Temporanea di cantiere,Sereno,11.293465088647078,45.91318116160086,0,154.0,0,0,0,0,0,0,50
6,Venerdì,Notte,ZANE',SP 349 Costo,Dosso,Bagnato,Temporanea di cantiere,Pioggia,11.440785646265992,45.73720240204038,0,125.0,2,1,0,0,0,11,50
6,Giovedì,Mattino,PIOVENE ROCCHETTE,SP 350 Val d'Astico,Rotatoria,Bagnato,Temporanea di cantiere,Sereno,11.43842035016836,45.760052565292355,0,179.0,10,0,4,0,1,0,50
5,Lunedì,Notte,COGOLLO DEL CENGIO,SP 349 Costo,Galleria illuminata,Asciutto,Verticale,Sereno,11.435945882341889,45.79531628824832,0,106.0,0,0,0,0,0,0,70
2,Mercoledì,Mattino,MALO,SP 046 Pasubio,Rotatoria,Asciutto,Temporanea di cantiere,Sereno,11.40479803762234,45.67285499968774,0,19.0,5,0,0,0,0,3,50
2,Domenica,Sera,TORREBELVICINO,SP 046 var Torrebelvicino,Galleria illuminata,Ghiacciato,Assente,Neve,11.309727576723118,45.715181203063906,0,69.0,2,2,1,0,0,0,50
7,Sabato,Mattino,ASIAGO,SP 349 Costo,Curva,Bagnato,Assente,Pioggia,11.387581373535022,45.951797600028456,0,92.0,0,0,0,0,0,0,50
12,Lunedì,Notte,ROANA,SP 349 Costo,Intersezione con semaforo o vigile,Asciutto,Orizzontale,Sereno,11.469838916124566,45.89026330460005,0,80.0,0,0,0,0,0,0,50
8,Venerdì,Mattino,LASTEBASSE,SP 350 Val d'Astico,Rettilineo,Asciutto,Orizzontale,Nebbia,11.274147571460386,45.915167673104925,0,152.0,2,0,2,0,0,0,50
6,Domenica,Sera,ROANA,SP 349 Costo,Pendenza,Bagnato,Orizzontale,Nebbia,11.457173566229152,45.85837583195001,0,117.0,0,0,0,0,0,0,50
9,Sabato,Pomeriggio,VICENZA,SP 046 rac Pasubio Raccordo del Sole,Intersezione segnalata,Asciutto,Assente,Nebbia,11.508368666046382,45.53900411109668,0,66.0,0,0,0,0,0,2,90
9,Sabato,Sera,ROANA,SP 349 Costo,Incrocio,Asciutto,Assente,Sereno,11.433728530157255,45.84065450355884,0,99.0,6,0,3,0,0,2,50
7,Domenica,Notte,ARSIERO,SP 350 Val d'Astico,Rettilineo,Asciutto,Verticale,Sereno,11.370161512702728,45.80338118183052,0,170.0,0,0,5,0,0,0,50
10,Venerdì,Notte,VALDASTICO,SP 350 Val d'Astico,Pendenza,Bagnato,Orizzontale,Sereno,11.348428161904184,45.891897954214265,0,159.0,0,0,0,0,0,0,50
7,Venerdì,Mattino,ASIAGO,SP 349 Costo,Rettilineo,Asciutto,Verticale,Sereno,11.426288508206795,45.95061902539238,0,88.0,0,0,0,0,0,0,50
8,Mercoledì,Notte,COSTABISSARA,SP 046 Pasubio,Incrocio,Asciutto,Orizzontale,Sereno,11.490870369819987,45.60501103920045,0,34.0,7,0,0,0,0,32,70
8,Mercoledì,Sera,SANTORSO,SP 349 Costo,Curva,Asciutto,Orizzontale,Sereno,11.412611215420045,45.74005398791333,0,94.0,4,0,0,0,1,0,50
10,Martedì,Mattino,VICENZA,SP 046 Pasubio,Intersezione segnalata,Asciutto,Orizzontale,Sereno,11.509209924644413,45.580498873872926,0,52.0,0,0,0,0,0,0,70
11,Lunedì,Pomeriggio,COGOLLO DEL CENGIO,SP 350 Val d'Astico,Rettilineo,Bagnato,Verticale,Pioggia,11.3786226702222,45.80091625732086,0,171.0,1,0,3,0,0,0,50
4,Lunedì,Mattino,VICENZA,SP 046 rac Pasubio Raccordo del Sole,Intersezione segnalata,Bagnato,Temporanea di cantiere,Pioggia,11.50900069395221,45.53840171726879,0,68.0,1,0,0,0,0,12,50
9,Venerdì,Mattino,VICENZA,SP 046 Pasubio,Galleria illuminata,Asciutto,Assente,Sereno,11.494365959595712,45.5653640960896,0,54.0,0,0,0,0,0,0,90
1,Domenica,Sera,PIOVENE ROCCHETTE,SP 349 Costo,Incrocio,Asciutto,Orizzontale,Sereno,11.43669949159398,45.75654866153227,0,122.0,12,0,0,0,0,0,50
7,Lunedì,Notte,COGOLLO DEL CENGIO,SP 350 Val d'Astico,Intersezione non segnalata,Asciutto,Verticale,Sereno,11.41033768398994,45.78958786174958,0,174.0,3,0,0,0,0,0,70
11,Lunedì,Pomeriggio,ROANA,SP 349 Costo,Intersezione segnalata,Innevato,Assente,Neve,11.48135843312054,45.88118654591223,0,78.0,0,0,1,0,0,0,50
8,Mercoledì,Sera,VICENZA,SP 046 Pasubio,Rettilineo,Bagnato,Verticale,Vento forte,11.508176379965112,45.54320162061644,0,62.0,0,0,0,0,0,0,90
8,Domenica,Mattino,ROANA,SP 349 Costo,Intersezione non segnalata,Sdrucciolevole,Assente,Pioggia,11.479753922067966,45.869505094109584,0,132.0,17,0,5,0,0,0,50
5,Giovedì,Pomeriggio,CALDOGNO,SP 349 Costo,Curva,Asciutto,Temporanea di cantiere,Sereno,11.490435606769072,45.61653144742426,0,143.0,0,0,0,0,0,3,70
6,Giovedì,Pomeriggio,COGOLLO DEL CENGIO,SP 349 Costo,Pendenza,Sdrucciolevole,Temporanea di cantiere,Altro,11.434275454640211,45.79424631360505,0,107.0,0,0,0,0,2,0,70
3,Domenica,Notte,PIOVENE ROCCHETTE,SP 349 Costo,Galleria illuminata,Asciutto,Verticale,Sereno,11.423048811875574,45.74600085352219,0,93.0,12,5,2,0,3,0,50
8,Martedì,Sera,ROANA,SP 349 Costo,Rettilineo,Bagnato,Verticale,Sereno,11.441179452753136,45.8426093163083,0,120.0,0,0,2,0,0,0,50
3,Sabato,Pomeriggio,VICENZA,SP 046 Pasubio,Intersezione segnalata,Bagnato,Assente,Sereno,11.495503913749795,45.57245777824737,0,53.0,0,0,0,0,0,0,90
6,Venerdì,Mattino,CALDOGNO,SP 349 Costo,Galleria illuminata,Asciutto,Orizzontale,Sereno,11.491427052083091,45.62161551064205,0,143.0,0,0,0,0,0,3,70
12,Mercoledì,Sera,COGOLLO DEL CENGIO,SP 349 Costo,Rettilineo,Bagnato,Verticale,Sereno,11.44502462562204,45.78250767157025,0,112.0,0,0,0,0,2,0,70
10,Giovedì,Pomeriggio,SANTORSO,SP 349 Costo,Pendenza,Asciutto,Orizzontale,Sereno,11.375665883346922,45.72946789415928,0,73.0,6,4,0,0,0,0,70
5,Sabato,Mattino,COGOLLO DEL CENGIO,SP 349 Costo,Intersezione con semaforo o vigile,Bagnato,Assente,Sereno,11.440585020391516,45.78481510644505,0,111.0,0,0,0,0,2,0,70
12,Giovedì,Sera,LASTEBASSE,SP 350 Val d'Astico,Galleria illuminata,Bagnato,Temporanea di cantiere,Pioggia,11.302105595339524,45.90930711235048,0,155.0,0,0,0,0,0,0,50
1,Mercoledì,Sera,VALDASTICO,SP 350 Val d'Astico,Intersezione non segnalata,Bagnato,Assente,Pioggia,11.370131214146124,45.83979960446269,0,165.0,2,0,0,0,0,0,50
12,Martedì,Notte,ZANE',SP 349 Costo,Rotatoria,Bagnato,Assente,Sereno,11.44158896532299,45.73626365516824,0,125.0,2,1,0,0,0,11,50
5,Sabato,Notte,VALLI DEL PASUBIO,SP 046 Pasubio,Intersezione non segnalata,Bagnato,Verticale,Vento forte,11.257197244397917,45.74334916547265,0,11.0,8,0,1,0,0,0,50
10,Lunedì,Sera,VICENZA,SP 046 Pasubio,Intersezione non segnalata,Asciutto,Assente,Sereno,11.504296231922511,45.58437065325288,0,42.0,7,0,1,0,0,20,50
12,Venerdì,Notte,COGOLLO DEL CENGIO,SP 350 Val d'Astico,Galleria illuminata,Asciutto,Verticale,Altro,11.420825573682396,45.785126378832906,0,175.0,6,1,6,0,0,0,50
8,Giovedì,Pomeriggio,THIENE,SP 349 var Costo Variante,Galleria illuminata,Asciutto,Assente,Sereno,11.45940464810378,45.69827681691709,0,149.0,2,0,0,0,0,0,50
8,Domenica,Sera,ROANA,SP 349 Costo,Intersezione segnalata,Sdrucciolevole,Assente,Neve,11.436315946935888,45.94491685149763,0,87.0,0,0,0,0,0,0,50
9,Martedì,Sera,VALLI DEL PASUBIO,SP 046 Pasubio,Incrocio,Bagnato,Temporanea di cantiere,Altro,11.26965314962606,45.735463205342576,0,12.0,2,0,0,0,0,0,50
3,Domenica,Mattino,PIOVENE ROCCHETTE,SP 349 Costo,Intersezione non segnalata,Sdrucciolevole,Assente,Neve,11.42903167754326,45.75206469748587,0,96.0,9,0,3,0,0,0,50
3,Sabato,Mattino,VILLAVERLA,SP 349 Costo,Incrocio,Bagnato,Orizzontale,Nebbia,11.492110030452915,45.64355833636952,0,139.0,11,0,4,0,2,0,50
5,Mercoledì,Mattino,VALLI DEL PASUBIO,SP 046 Pasubio,Curva,Asciutto,Orizzontale,Sereno,11.250802667489143,45.74373468619119,0,10.0,0,0,0,0,0,0,50
6,Domenica,Sera,ROANA,SP 349 Costo,Rotatoria,Sdrucciolevole,Temporanea di cantiere,Pioggia,11.440704996980282,45.84260218427493,0,120.0,0,0,2,0,0,0,50
9,Martedì,Mattino,VICENZA,SP 046 Pasubio,Intersezione segnalata,Asciutto,Orizzontale,Sereno,11.494279497465724,45.566017176712315,0,54.0,0,0,0,0,0,0,90
4,Mercoledì,Mattino,VALLI DEL PASUBIO,SP 046 Pasubio,Intersezione segnalata,Bagnato,Assente,Sereno,11.227566138972298,45.75131266391385,0,8.0,0,0,0,0,0,0,70
7,Venerdì,Notte,COGOLLO DEL CENGIO,SP 350 Val d'Astico,Rotatoria,Sdrucciolevole,Assente,Altro,11.386115511774118,45.79770328582383,0,172.0,0,0,1,0,0,0,90
1,Giovedì,Sera,COGOLLO DEL CENGIO,SP 349 Costo,Intersezione segnalata,Asciutto,Assente,Sereno,11.432959206841652,45.81616336380576,0,101.0,0,0,0,0,0,0,45
1,Mercoledì,Sera,VILLAVERLA,SP 349 Costo,Pendenza,Asciutto,Assente,Sereno,11.491450222420212,45.63576375546747,0,141.0,3,0,2,0,0,0,50
11,Sabato,Notte,COSTABISSARA,SP 046 Pasubio,Intersezione non segnalata,Bagnato,Assente,Sereno,11.49943818444625,45.59000636338763,0,42.0,7,0,1,0,0,20,50
4,Martedì,Mattino,ROANA,SP 349 Costo,Curva,Asciutto,Orizzontale,Sereno,11.465042298197636,45.90081127423034,0,81.0,0,0,0,0,0,0,50
7,Martedì,Mattino,SANTORSO,SP 349 Costo,Galleria illuminata,Bagnato,Temporanea di cantiere,Nebbia,11.3834656257317,45.73148287949688,0,74.0,6,1,0,0,0,0,50
9,Martedì,Notte,COGOLLO DEL CENGIO,SP 349 Costo,Dosso,Bagnato,Orizzontale,Vento forte,11.427489019198216,45.79563726380823,0,108.0,0,0,0,0,2,0,70
4,Mercoledì,Pomeriggio,SCHIO,SP 046 var Torrebelvicino,Intersezione segnalata,Asciutto,Orizzontale,Sereno,11.332609629419766,45.71341826948282,0,71.0,0,0,0,0,0,0,70
9,Martedì,Mattino,TORREBELVICINO,SP 046 Pasubio,Galleria illuminata,Bagnato,Temporanea di cantiere,Pioggia,11.299360564863688,45.71904826969886,0,15.0,0,0,0,0,0,0,50
9,Mercoledì,Mattino,VICENZA,SP 046 Pasubio,Incrocio,Asciutto,Temporanea di cantiere,Sereno,11.498422274619571,45.555817477024895,0,46.0,0,0,0,0,0,0,90
5,Mercoledì,Sera,COGOLLO DEL CENGIO,SP 350 Val d'Astico,Galleria illuminata,Bagnato,Temporanea di cantiere,Pioggia,11.377578461731208,45.8014511271029,0,171.0,1,0,3,0,0,0,50
6,Lunedì,Pomeriggio,VALDASTICO,SP 350 Val d'Astico,Intersezione con semaforo o vigile,Bagnato,Orizzontale,Pioggia,11.359351102112154,45.8777263849034,0,161.0,0,0,0,0,0,0,50
4,Domenica,Mattino,COGOLLO DEL CENGIO,SP 350 Val d'Astico,Dosso,Sdrucciolevole,Orizzontale,Altro,11.423027685880454,45.784333284373695,0,175.0,6,1,6,0,0,0,50
10,Sabato,Sera,ROANA,SP 349 Costo,Intersezione con semaforo o vigile,Asciutto,Verticale,Sereno,11.472187546706396,45.88588764827417,0,79.0,0,0,0,0,0,0,50
12,Venerdì,Notte,ASIAGO,SP 349 Costo,Intersezione non segnalata,Bagnato,Verticale,Sereno,11.490261760523437,45.878704492897285,0,77.0,0,0,0,0,0,0,50
12,Mercoledì,Sera,ASIAGO,SP 349 Costo,Dosso,Asciutto,Assente,Sereno,11.389012569165985,45.95157571496794,0,92.0,0,0,0,0,0,0,50
10,Giovedì,Notte,COGOLLO DEL CENGIO,SP 350 Val d'Astico,Rettilineo,Bagnato,Verticale,Sereno,11.425126583302106,45.78356626735443,0,175.0,6,1,6,0,0,0,50
5,Venerdì,Notte,COSTABISSARA,SP 046 Pasubio,Intersezione con semaforo o vigile,Bagnato,Verticale,Sereno,11.4938431410015,45.60280864481338,0,37.0,11,0,0,0,0,12,50
3,Sabato,Notte,PIOVENE ROCCHETTE,SP 349 Costo,Pendenza,Bagnato,Orizzontale,Sereno,11.434928807160576,45.74513929125689,0,97.0,7,0,0,0,0,0,50
11,Lunedì,Notte,PIOVENE ROCCHETTE,SP 349 Costo,Rotatoria,Sdrucciolevole,Temporanea di cantiere,Altro,11.43628840483247,45.75632354917457,0,122.0,12,0,0,0,0,0,50
4,Giovedì,Notte,LASTEBASSE,SP 350 Val d'Astico,Incrocio,Asciutto,Assente,Sereno,11.264694987939237,45.91702352685763,0,151.0,0,0,0,0,0,0,50
5,Sabato,Pomeriggio,MALO,SP 046 Pasubio,Incrocio,Bagnato,Assente,Sereno,11.415336083281153,45.65742230316317,0,22.0,4,1,2,0,0,20,50
2,Lunedì,Sera,VICENZA,SP 046 Pasubio,Rettilineo,Asciutto,Temporanea di cantiere,Nebbia,11.504243522881303,45.54740288778898,0,45.0,0,0,0,0,0,0,70
1,Lunedì,Mattino,VICENZA,SP 046 rac Pasubio Raccordo del Sole,Incrocio,Asciutto,Assente,Sereno,11.50781293530702,45.53755849870047,0,64.0,0,0,0,0,0,6,90
5,Martedì,Pomeriggio,VICENZA,SP 046 Pasubio,Intersezione non segnalata,Asciutto,Assente,Sereno,11.50690696048925,45.5445754156404,0,50.0,0,0,0,0,0,0,90
7,Domenica,Mattino,COGOLLO DEL CENGIO,SP 349 Costo,Rotatoria,Bagnato,Orizzontale,Sereno,11.430607254506231,45.81543630317392,0,102.0,0,0,0,0,2,0,70
1,Martedì,Pomeriggio,ISOLA VICENTINA,SP 046 Pasubio,Intersezione segnalata,Asciutto,Orizzontale,Sereno,11.47204972444626,45.609607250606395,0,31.0,0,0,0,0,0,0,60
11,Martedì,Mattino,COSTABISSARA,SP 046 Pasubio,Rettilineo,Asciutto,Assente,Sereno,11.497474288500392,45.59230631578982,0,41.0,4,0,0,0,0,31,50
2,Sabato,Notte,TORREBELVICINO,SP 046 Pasubio,Intersezione segnalata,Bagnato,Verticale,Pioggia,11.284213216610627,45.72215904197526,0,14.0,0,0,0,0,0,0,30
12,Mercoledì,Notte,MALO,SP 046 Pasubio,Intersezione segnalata,Asciutto,Temporanea di cantiere,Sereno,11.403464063570024,45.67585124390583,0,19.0,5,0,0,0,0,3,50
4,Venerdì,Mattino,VALLI DEL PASUBIO,SP 046 Pasubio,Intersezione con semaforo o vigile,Bagnato,Verticale,Sereno,11.246898330839262,45.74398256806019,0,10.0,0,0,0,0,0,0,50
5,Giovedì,Notte,VICENZA,SP 046 Pasubio,Dosso,Bagnato,Verticale,Sereno,11.506411674630948,45.54492999542705,0,57.0,0,0,0,0,0,0,90
2,Sabato,Notte,VALLI DEL PASUBIO,SP 046 Pasubio,Dosso,Asciutto,Temporanea di cantiere,Sereno,11.206126466562482,45.75954697026726,0,5.0,0,0,0,0,0,0,50
10,Venerdì,Mattino,MALO,SP 046 Pasubio,Pendenza,Asciutto,Orizzontale,Sereno,11.408638248755045,45.664149248600374,0,21.0,8,0,0,0,0,37,50
9,Domenica,Pomeriggio,ZANE',SP 349 Costo,Intersezione segnalata,Asciutto,Verticale,Altro,11.444749457676528,45.73229902480107,0,125.0,2,1,0,0,0,11,50
1,Martedì,Notte,LASTEBASSE,SP 350 Val d'Astico,Incrocio,Asciutto,Temporanea di cantiere,Sereno,11.264402392169796,45.917170214286905,0,151.0,0,0,0,0,0,0,50
2,Lunedì,Notte,SANTORSO,SP 349 Costo,Intersezione non segnalata,Bagnato,Orizzontale,Sereno,11.38534597404844,45.73196749493118,0,74.0,6,1,0,0,0,0,50
8,Giovedì,Pomeriggio,VALDASTICO,SP 350 Val d'Astico,Intersezione segnalata,Bagnato,Orizzontale,Sereno,11.35950676902092,45.876752104433635,0,161.0,0,0,0,0,0,0,50
11,Venerdì,Notte,CALDOGNO,SP 349 Costo,Dosso,Sdrucciolevole,Assente,Pioggia,11.491367898911856,45.6241849696806,0,142.0,0,0,0,0,0,0,90
2,Domenica,Pomeriggio,ARSIERO,SP 350 Val d'Astico,Galleria illuminata,Bagnato,Verticale,Pioggia,11.3613334100963,45.80433170909226,0,170.0,0,0,5,0,0,0,50
3,Venerdì,Sera,ASIAGO,SP 349 Costo,Intersezione non segnalata,Asciutto,Verticale,Sereno,11.497270001385768,45.87798045609074,0,76.0,5,0,4,0,0,0,50
7,Lunedì,Pomeriggio,VALDASTICO,SP 350 Val d'Astico,Intersezione segnalata,Sdrucciolevole,Temporanea di cantiere,Pioggia,11.360963315675892,45.8736201466474,0,161.0,0,0,0,0,0,0,50
2,Domenica,Sera,ASIAGO,SP 349 Costo,Dosso,Asciutto,Assente,Sereno,11.434634501567327,45.947277908175536,0,87.0,0,0,0,0,0,0,50
1,Giovedì,Notte,ROANA,SP 349 Costo,Galleria illuminata,Asciutto,Assente,Sereno,11.472106534279892,45.88635998488446,0,79.0,0,0,0,0,0,0,50
6,Venerdì,Sera,ISOLA VICENTINA,SP 046 Pasubio,Rettilineo,Bagnato,Assente,Pioggia,11.4521239814998,45.62392986777495,0,28.0,4,0,0,0,0,5,50
9,Mercoledì,Sera,PIOVENE ROCCHETTE,SP 349 Costo,Dosso,Bagnato,Assente,Pioggia,11.429005302777671,45.751342679482974,0,93.0,12,5,2,0,3,0,50
5,Domenica,Pomeriggio,COGOLLO DEL CENGIO,SP 349 Costo,Incrocio,Bagnato,Orizzontale,Pioggia,11.4330227568037,45.79678151574282,0,106.0,0,0,0,0,0,0,70
4,Sabato,Notte,MALO,SP 046 Pasubio,Curva,Asciutto,Orizzontale,Sereno,11.427122271997892,45.6440097333255,0,24.0,8,1,0,0,0,13,50
6,Martedì,Notte,COGOLLO DEL CENGIO,SP 349 Costo,Rettilineo,Sdrucciolevole,Verticale,Pioggia,11.424954442781624,45.80855535774613,0,103.0,0,0,0,0,0,0,70
7,Giovedì,Notte,VILLAVERLA,SP 349 Costo,Dosso,Bagnato,Orizzontale,Pioggia,11.49137959364748,45.66236869826777,0,138.0,0,0,0,0,0,193,90
2,Lunedì,Pomeriggio,COGOLLO DEL CENGIO,SP 349 Costo,Curva,Asciutto,Verticale,Sereno,11.44171597308178,45.78231070274795,0,113.0,0,0,0,0,0,0,70
2,Venerdì,Notte,VALDASTICO,SP 350 Val d'Astico,Dosso,Asciutto,Orizzontale,Sereno,11.337987999477203,45.8948648652427,0,158.0,0,0,0,0,0,0,50
3,Sabato,Pomeriggio,CALDOGNO,SP 349 Costo,Intersezione segnalata,Asciutto,Temporanea di cantiere,Sereno,11.491681807186138,45.631914276497,0,142.0,0,0,0,0,0,0,90
12,Lunedì,Mattino,VALLI DEL PASUBIO,SP 046 Pasubio,Rettilineo,Asciutto,Temporanea di cantiere,Sereno,11.222614644111584,45.75400695797514,0,7.0,1,0,0,0,0,0,45
9,Giovedì,Mattino,SANTORSO,SP 349 Costo,Rotatoria,Asciutto,Verticale,Nebbia,11.40034992127267,45.735805199139115,0,75.0,4,0,0,0,0,0,70
2,Mercoledì,Pomeriggio,COGOLLO DEL CENGIO,SP 349 Costo,Dosso,Asciutto,Verticale,Sereno,11.438522126455576,45.78703455320459,0,111.0,0,0,0,0,2,0,70
4,Martedì,Sera,COSTABISSARA,SP 046 Pasubio,Dosso,Bagnato,Verticale,Pioggia,11.499002970440513,45.59052436521134,0,42.0,7,0,1,0,0,20,50
5,Giovedì,Sera,LASTEBASSE,SP 350 Val d'Astico,Incrocio,Bagnato,Verticale,Pioggia,11.313344232450213,45.905514894910326,0,156.0,1,0,0,0,0,0,50
11,Lunedì,Pomeriggio,COGOLLO DEL CENGIO,SP 349 Costo,Rotatoria,Bagnato,Assente,Pioggia,11.441808844240072,45.78348165843443,0,112.0,0,0,0,0,2,0,70
12,Sabato,Sera,THIENE,SP 349 var Costo Variante,Incrocio,Sdrucciolevole,Orizzontale,Pioggia,11.45633526552899,45.70140047544388,0,148.0,0,0,0,0,0,0,50
3,Venerdì,Mattino,ROANA,SP 349 Costo,Intersezione con semaforo o vigile,Asciutto,Assente,Sereno,11.436381989672954,45.82808349841077,0,100.0,0,0,0,0,0,0,70
1,Venerdì,Pomeriggio,ZANE',SP 349 var Costo Variante,Intersezione segnalata,Asciutto,Orizzontale,Sereno,11.444225150692764,45.70937768873163,0,147.0,0,0,0,0,0,0,90
4,Martedì,Sera,LASTEBASSE,SP 350 Val d'Astico,Rettilineo,Sdrucciolevole,Temporanea di cantiere,Neve,11.321961171270445,45.902489188864095,0,157.0,0,0,0,0,0,0,50
7,Lunedì,Pomeriggio,ARSIERO,SP 350 Val d'Astico,Galleria illuminata,Sdrucciolevole,Orizzontale,Altro,11.373621782118072,45.803186667154584,0,171.0,1,0,3,0,0,0,50
10,Sabato,Pomeriggio,COGOLLO DEL CENGIO,SP 350 Val d'Astico,Rettilineo,Bagnato,Assente,Sereno,11.426618085611844,45.773019577595065,0,177.0,3,0,3,0,0,0,50
5,Sabato,Sera,MALO,SP 046 Pasubio,Rettilineo,Sdrucciolevole,Verticale,Altro,11.419042866070116,45.6527582028473,0,22.0,4,1,2,0,0,20,50
4,Giovedì,Mattino,LASTEBASSE,SP 350 Val d'Astico,Intersezione con semaforo o vigile,Bagnato,Orizzontale,Altro,11.303230607728674,45.90876769841697,0,155.0,0,0,0,0,0,0,50
3,Lunedì,Pomeriggio,ARSIERO,SP 350 Val d'Astico,Intersezione segnalata,Asciutto,Verticale,Sereno,11.364136299232133,45.81940377247433,0,168.0,0,0,0,0,0,0,50
1,Lunedì,Pomeriggio,VALDASTICO,SP 350 Val d'Astico,Rettilineo,Bagnato,Temporanea di cantiere,Pioggia,11.361686210251912,45.857749608399274,0,163.0,2,0,1,0,0,0,50
1,Giovedì,Notte,TORREBELVICINO,SP 046 Pasubio,Dosso,Sdrucciolevole,Temporanea di cantiere,Pioggia,11.275431636125502,45.73163831269249,0,13.0,1,0,0,0,0,0,30
6,Martedì,Sera,ROANA,SP 349 Costo,Intersezione con semaforo o vigile,Asciutto,Verticale,Sereno,11.463678805371677,45.90173192743065,0,81.0,0,0,0,0,0,0,50
8,Giovedì,Sera,ROANA,SP 349 Costo,Intersezione non segnalata,Asciutto,Orizzontale,Sereno,11.441220741838608,45.84267362243613,0,120.0,0,0,2,0,0,0,50
1,Lunedì,Sera,VALLI DEL PASUBIO,SP 046 Pasubio,Rotatoria,Bagnato,Assente,Sereno,11.201863782378556,45.76034082424053,0,5.0,0,0,0,0,0,0,50
11,Martedì,Mattino,ROANA,SP 349 Costo,Curva,Asciutto,Temporanea di cantiere,Sereno,11.46719878959446,45.89753753576016,0,81.0,0,0,0,0,0,0,50
12,Domenica,Pomeriggio,LASTEBASSE,SP 350 Val d'Astico,Intersezione con semaforo o vigile,Asciutto,Orizzontale,Nebbia,11.288892264332292,45.912902924188344,0,153.0,0,0,0,0,0,0,50
8,Martedì,Sera,TORREBELVICINO,SP 046 var Torrebelvicino,Pendenza,Bagnato,Temporanea di cantiere,Pioggia,11.309887956586458,45.7150652556939,0,69.0,2,2,1,0,0,0,50
7,Sabato,Notte,ZANE',SP 349 Costo,Rotatoria,Bagnato,Orizzontale,Pioggia,11.450523126825196,45.72375469313357,0,126.0,4,6,0,1,0,0,50
7,Sabato,Sera,ROANA,SP 349 Costo,Intersezione non segnalata,Bagnato,Verticale,Sereno,11.48499857747924,45.880165229155274,0,78.0,0,0,1,0,0,0,50
5,Lunedì,Notte,LASTEBASSE,SP 350 Val d'Astico,Intersezione segnalata,Asciutto,Temporanea di cantiere,Sereno,11.312083458450044,45.90727560535544,0,155.0,0,0,0,0,0,0,50
3,Martedì,Pomeriggio,ROANA,SP 349 Costo,Intersezione con semaforo o vigile,Asciutto,Orizzontale,Sereno,11.487101513935755,45.88018256881235,0,78.0,0,0,1,0,0,0,50
5,Venerdì,Pomeriggio,ASIAGO,SP 349 Costo,Incrocio,Asciutto,Temporanea di cantiere,Sereno,11.493289514595377,45.88013883599799,0,77.0,0,0,0,0,0,0,50
9,Lunedì,Pomeriggio,COGOLLO DEL CENGIO,SP 350 Val d'Astico,Curva,Asciutto,Verticale,Sereno,11.428237433304648,45.7823623405059,0,176.0,0,0,0,0,0,0,20
8,Domenica,Sera,VICENZA,SP 046 Pasubio,Galleria illuminata,Asciutto,Orizzontale,Sereno,11.505621534291414,45.5785870715061,0,49.0,0,0,0,0,0,0,90
9,Martedì,Mattino,ASIAGO,SP 349 Costo,Curva,Asciutto,Verticale,Sereno,11.498173103384344,45.87722578111063,0,76.0,5,0,4,0,0,0,50
8,Mercoledì,Mattino,ASIAGO,SP 349 Costo,Pendenza,Asciutto,Assente,Sereno,11.423524197987495,45.95008126814121,0,88.0,0,0,0,0,0,0,50
1,Mercoledì,Pomeriggio,COGOLLO DEL CENGIO,SP 350 Val d'Astico,Intersezione segnalata,Bagnato,Assente,Sereno,11.388467848881048,45.79713673084584,0,172.0,0,0,1,0,0,0,90
8,Mercoledì,Notte,PIOVENE ROCCHETTE,SP 350 Val d'Astico,Incrocio,Asciutto,Verticale,Sereno,11.438314687273412,45.75833315228694,0,179.0,10,0,4,0,1,0,50
11,Venerdì,Pomeriggio,VALLI DEL PASUBIO,SP 046 Pasubio,Curva,Bagnato,Temporanea di cantiere,Vento forte,11.209098206010514,45.75881938803025,0,6.0,0,0,0,0,0,0,50
8,Martedì,Mattino,ROANA,SP 349 Costo,Intersezione con semaforo o vigile,Asciutto,Assente,Sereno,11.46870862319962,45.894944634239266,0,80.0,0,0,0,0,0,0,50
7,Giovedì,Sera,ROANA,SP 349 Costo,Dosso,Asciutto,Temporanea di cantiere,Altro,11.455400734780072,45.916446216666195,0,83.0,0,0,0,0,0,0,50
3,Venerdì,Sera,COSTABISSARA,SP 046 Pasubio,Intersezione con semaforo o vigile,Bagnato,Orizzontale,Pioggia,11.49678883866896,45.573534716949496,0,48.0,0,0,0,0,0,0,90
10,Lunedì,Notte,ASIAGO,SP 349 Costo,Dosso,Bagnato,Orizzontale,Sereno,11.429622959429334,45.94953418639672,0,88.0,0,0,0,0,0,0,50
6,Sabato,Notte,ROANA,SP 349 Costo,Intersezione segnalata,Bagnato,Orizzontale,Altro,11.453435657375543,45.918832567744275,0,83.0,0,0,0,0,0,0,50
4,Mercoledì,Notte,VICENZA,SP 046 Pasubio,Intersezione segnalata,Bagnato,Orizzontale,Vento forte,11.494389312155596,45.56518770332073,0,54.0,0,0,0,0,0,0,90
6,Domenica,Pomeriggio,ASIAGO,SP 349 Costo,Dosso,Sdrucciolevole,Verticale,Pioggia,11.429955294498614,45.949473226272126,0,88.0,0,0,0,0,0,0,50
2,Domenica,Notte,ISOLA VICENTINA,SP 046 Pasubio,Galleria illuminata,Asciutto,Orizzontale,Sereno,11.46982276965728,45.61124636383214,0,30.0,2,4,0,0,0,1,50
12,Venerdì,Sera,COSTABISSARA,SP 046 Pasubio,Pendenza,Asciutto,Orizzontale,Sereno,11.501178137975966,45.58798654838932,0,42.0,7,0,1,0,0,20,50
9,Sabato,Notte,VALLI DEL PASUBIO,SP 046 Pasubio,Incrocio,Asciutto,Verticale,Sereno,11.2554898915721,45.74361990318814,0,11.0,8,0,1,0,0,0,50
4,Giovedì,Pomeriggio,VALLI DEL PASUBIO,SP 046 Pasubio,Intersezione non segnalata,Asciutto,Temporanea di cantiere,Nebbia,11.21595703558144,45.754450937515415,0,7.0,1,0,0,0,0,0,45
10,Domenica,Pomeriggio,ASIAGO,SP 349 Costo,Intersezione non segnalata,Asciutto,Assente,Sereno,11.494184113009153,45.86818278414893,0,134.0,0,0,0,0,0,0,70
1,Mercoledì,Mattino,SANTORSO,SP 349 Costo,Pendenza,Asciutto,Temporanea di cantiere,Sereno,11.388283708865435,45.73271390421463,0,74.0,6,1,0,0,0,0,50
5,Lunedì,Notte,COGOLLO DEL CENGIO,SP 350 Val d'Astico,Pendenza,Asciutto,Temporanea di cantiere,Sereno,11.398341270371755,45.79261951316992,0,173.0,0,0,1,0,0,0,90
8,Domenica,Mattino,TORREBELVICINO,SP 046 Pasubio,Galleria illuminata,Bagnato,Temporanea di cantiere,Sereno,11.297610219543982,45.718932002751465,0,15.0,0,0,0,0,0,0,50
1,Sabato,Sera,MARANO VICENTINO,SP 349 var Costo Variante,Incrocio,Asciutto,Assente,Sereno,11.438464191933509,45.712286238353336,0,146.0,0,0,0,1,0,0,40
9,Mercoledì,Sera,MALO,SP 046 Pasubio,Dosso,Asciutto,Orizzontale,Sereno,11.433739600195675,45.63875683739294,0,24.0,8,1,0,0,0,13,50
10,Venerdì,Sera,VICENZA,SP 046 Pasubio,Galleria illuminata,Bagnato,Temporanea di cantiere,Vento forte,11.499532272818255,45.55408284120942,0,55.0,0,0,0,0,0,0,50
8,Lunedì,Sera,ISOLA VICENTINA,SP 046 Pasubio,Incrocio,Asciutto,Temporanea di cantiere,Sereno,11.445863453888352,45.627578746548295,0,28.0,4,0,0,0,0,5,50
3,Mercoledì,Sera,VALDASTICO,SP 350 Val d'Astico,Intersezione non segnalata,Asciutto,Temporanea di cantiere,Sereno,11.355823660043514,45.88299520274733,0,160.0,1,0,1,0,0,0,50
9,Sabato,Notte,ROANA,SP 349 Costo,Galleria illuminata,Asciutto,Verticale,Sereno,11.435591177903667,45.831012308497,0,100.0,0,0,0,0,0,0,70
5,Venerdì,Notte,VALDASTICO,SP 350 Val d'Astico,Curva,Asciutto,Temporanea di cantiere,Sereno,11.363269042996745,45.853316396618645,0,164.0,0,0,0,0,0,0,50
9,Giovedì,Pomeriggio,ROANA,SP 349 Costo,Intersezione non segnalata,Bagnato,Orizzontale,Pioggia,11.479548703423324,45.8696220640539,0,132.0,17,0,5,0,0,0,50
8,Lunedì,Sera,VALDASTICO,SP 350 Val d'Astico,Rettilineo,Asciutto,Temporanea di cantiere,Sereno,11.362057921183926,45.872433930288366,0,162.0,1,0,1,0,0,0,50
2,Domenica,Pomeriggio,TORREBELVICINO,SP 046 var Torrebelvicino,Dosso,Bagnato,Orizzontale,Altro,11.327944315259224,45.71362270613269,0,71.0,0,0,0,0,0,0,70
1,Giovedì,Mattino,ROANA,SP 349 Costo,Rettilineo,Innevato,Temporanea di cantiere,Neve,11.440900278441838,45.93695507565164,0,86.0,0,0,0,0,0,0,50
1,Domenica,Sera,COGOLLO DEL CENGIO,SP 350 Val d'Astico,Curva,Asciutto,Orizzontale,Nebbia,11.42827018213792,45.77644985713922,0,176.0,0,0,0,0,0,0,20
1,Mercoledì,Notte,VICENZA,SP 046 Pasubio,Incrocio,Asciutto,Temporanea di cantiere,Sereno,11.508298878950589,45.542151118295045,0,62.0,0,0,0,0,0,0,90
12,Venerdì,Mattino,TORREBELVICINO,SP 046 var Torrebelvicino,Intersezione non segnalata,Asciutto,Verticale,Sereno,11.312013405431792,45.71447301945563,0,69.0,2,2,1,0,0,0,50
11,Lunedì,Sera,COGOLLO DEL CENGIO,SP 349 Costo,Dosso,Asciutto,Assente,Nebbia,11.43380519890166,45.7942628278325,0,108.0,0,0,0,0,2,0,70
3,Martedì,Notte,COGOLLO DEL CENGIO,SP 349 Costo,Incrocio,Asciutto,Orizzontale,Sereno,11.43362182709232,45.79609977336872,0,106.0,0,0,0,0,0,0,70
4,Lunedì,Notte,ROANA,SP 349 Costo,Curva,Asciutto,Verticale,Sereno,11.438659923377337,45.82249504814644,0,101.0,0,0,0,0,0,0,45
9,Martedì,Notte,LASTEBASSE,SP 350 Val d'Astico,Intersezione con semaforo o vigile,Asciutto,Orizzontale,Sereno,11.268592804131233,45.916200598749406,0,151.0,0,0,0,0,0,0,50
8,Mercoledì,Sera,VICENZA,SP 046 Pasubio,Rettilineo,Bagnato,Temporanea di cantiere,Pioggia,11.508063425704588,45.541395338586845,0,60.0,0,0,0,0,0,0,70
7,Martedì,Notte,VICENZA,SP 046 Pasubio,Galleria illuminata,Sdrucciolevole,Temporanea di cantiere,Pioggia,11.506849873082656,45.544015226546975,0,57.0,0,0,0,0,0,0,90
12,Martedì,Mattino,ROANA,SP 349 Costo,Pendenza,Bagnato,Verticale,Sereno,11.440833403441967,45.93702461226874,0,86.0,0,0,0,0,0,0,50
8,Sabato,Notte,LASTEBASSE,SP 350 Val d'Astico,Incrocio,Asciutto,Assente,Sereno,11.299673616780892,45.910554449693066,0,154.0,0,0,0,0,0,0,50
9,Domenica,Mattino,VILLAVERLA,SP 349 Costo,Incrocio,Asciutto,Orizzontale,Sereno,11.491638721218791,45.63730338529741,0,141.0,3,0,2,0,0,0,50
7,Martedì,Notte,VICENZA,SP 046 Pasubio,Dosso,Asciutto,Orizzontale,Nebbia,11.494082758231936,45.56924901529841,0,47.0,0,0,0,0,0,0,90
7,Martedì,Pomeriggio,COSTABISSARA,SP 046 Pasubio,Rotatoria,Asciutto,Temporanea di cantiere,Sereno,11.494392424003072,45.60149927001479,0,39.0,12,0,0,0,0,20,50
4,Giovedì,Mattino,ROANA,SP 349 Costo,Intersezione con semaforo o vigile,Asciutto,Verticale,Sereno,11.441413477887751,45.93600502257215,0,86.0,0,0,0,0,0,0,50
7,Domenica,Notte,ZANE',SP 349 Costo,Dosso,Bagnato,Assente,Pioggia,11.45927135429358,45.715599210837624,0,130.0,10,7,4,0,0,0,50
12,Venerdì,Sera,COGOLLO DEL CENGIO,SP 349 Costo,Incrocio,Asciutto,Assente,Sereno,11.422455921653746,45.80275262809001,0,103.0,0,0,0,0,0,0,70
5,Giovedì,Pomeriggio,ASIAGO,SP 349 Costo,Intersezione con semaforo o vigile,Innevato,Verticale,Neve,11.397939772068304,45.94643082080512,0,91.0,0,0,0,0,0,0,50
2,Lunedì,Pomeriggio,VICENZA,SP 046 Pasubio,Curva,Asciutto,Temporanea di cantiere,Sereno,11.497837532810774,45.55658737629112,0,55.0,0,0,0,0,0,0,50
8,Lunedì,Pomeriggio,VICENZA,SP 046 Pasubio,Galleria illuminata,Asciutto,Temporanea di cantiere,Altro,11.494294249358711,45.56590575108564,0,54.0,0,0,0,0,0,0,90
10,Mercoledì,Mattino,VICENZA,SP 046 rac Pasubio Raccordo del Sole,Rotatoria,Asciutto,Assente,Sereno,11.508530216531382,45.53305949554012,0,65.0,0,0,0,0,0,11,50
12,Mercoledì,Mattino,SANTORSO,SP 349 Costo,Dosso,Asciutto,Temporanea di cantiere,Sereno,11.412047366041934,45.73976152367924,0,94.0,4,0,0,0,1,0,50
7,Martedì,Mattino,COGOLLO DEL CENGIO,SP 349 Costo,Incrocio,Asciutto,Orizzontale,Altro,11.426905905058335,45.79449011842536,0,109.0,0,0,0,0,0,0,70
10,Venerdì,Mattino,ROANA,SP 349 Costo,Curva,Asciutto,Temporanea di cantiere,Sereno,11.43292119271454,45.83578241310608,0,99.0,6,0,3,0,0,2,50
4,Mercoledì,Pomeriggio,SCHIO,SP 349 var Costo Variante,Galleria illuminata,Asciutto,Assente,Nebbia,11.425321826808013,45.7198950501528,0,145.0,0,0,0,0,0,0,40
6,Domenica,Notte,ZANE',SP 349 var Costo Variante,Rotatoria,Bagnato,Orizzontale,Sereno,11.447052069768674,45.70793190113316,0,147.0,0,0,0,0,0,0,90
6,Mercoledì,Pomeriggio,ROANA,SP 349 Costo,Incrocio,Asciutto,Temporanea di cantiere,Sereno,11.472821440939422,45.88478007904561,0,79.0,0,0,0,0,0,0,50
4,Sabato,Pomeriggio,VALDASTICO,SP 350 Val d'Astico,Pendenza,Asciutto,Temporanea di cantiere,Sereno,11.341569053528175,45.89473798443333,0,158.0,0,0,0,0,0,0,50
9,Giovedì,Pomeriggio,ROANA,SP 349 Costo,Rettilineo,Asciutto,Verticale,Sereno,11.443511145659242,45.84548436846748,0,120.0,0,0,2,0,0,0,50
11,Domenica,Sera,VALDASTICO,SP 350 Val d'Astico,Pendenza,Bagnato,Verticale,Nebbia,11.355199190995158,45.88551512094952,0,160.0,1,0,1,0,0,0,50
2,Mercoledì,Notte,ROANA,SP 349 Costo,Intersezione con semaforo o vigile,Asciutto,Assente,Sereno,11.43214172822936,45.83756668279882,0,99.0,6,0,3,0,0,2,50
11,Lunedì,Sera,COSTABISSARA,SP 046 Pasubio,Intersezione segnalata,Asciutto,Verticale,Sereno,11.48736042423612,45.6062206655192,0,34.0,7,0,0,0,0,32,70
12,Venerdì,Pomeriggio,THIENE,SP 349 Costo,Pendenza,Bagnato,Orizzontale,Sereno,11.491045638535844,45.66403951368611,0,138.0,0,0,0,0,0,193,90
4,Domenica,Notte,ASIAGO,SP 349 Costo,Rotatoria,Bagnato,Verticale,Altro,11.48988110401192,45.878579531764714,0,77.0,0,0,0,0,0,0,50
9,Domenica,Pomeriggio,TORREBELVICINO,SP 046 var Torrebelvicino,Incrocio,Bagnato,Assente,Sereno,11.307833673589588,45.716657812800705,0,69.0,2,2,1,0,0,0,50
9,Lunedì,Sera,ARSIERO,SP 350 Val d'Astico,Pendenza,Bagnato,Verticale,Sereno,11.368841653393764,45.83043577158194,0,166.0,1,0,0,0,0,0,50
10,Venerdì,Notte,ZANE',SP 349 var Costo Variante,Intersezione con semaforo o vigile,Bagnato,Assente,Sereno,11.434893355545228,45.71407104518099,0,146.0,0,0,0,1,0,0,40
10,Domenica,Sera,VALLI DEL PASUBIO,SP 046 Pasubio,Intersezione non segnalata,Asciutto,Verticale,Sereno,11.225597570587905,45.75266121086715,0,8.0,0,0,0,0,0,0,70
12,Giovedì,Notte,COGOLLO DEL CENGIO,SP 349 Costo,Intersezione non segnalata,Asciutto,Verticale,Sereno,11.44230296504652,45.78161440781918,0,113.0,0,0,0,0,0,0,70
6,Venerdì,Notte,ISOLA VICENTINA,SP 046 Pasubio,Intersezione segnalata,Sdrucciolevole,Orizzontale,Pioggia,11.46279038872316,45.61822526883672,0,29.0,1,0,0,0,0,2,90
1,Sabato,Sera,VALDASTICO,SP 350 Val d'Astico,Rettilineo,Sdrucciolevole,Orizzontale,Pioggia,11.362103324733663,45.85623467551935,0,163.0,2,0,1,0,0,0,50
3,Venerdì,Pomeriggio,CALTRANO,SP 349 Costo,Intersezione non segnalata,Asciutto,Temporanea di cantiere,Nebbia,11.44948186923716,45.77554415727592,0,114.0,0,0,2,0,0,0,70
11,Mercoledì,Notte,VALLI DEL PASUBIO,SP 046 Pasubio,Pendenza,Asciutto,Temporanea di cantiere,Sereno,11.186134020760912,45.75625505857653,0,1.0,0,0,0,0,0,0,50
11,Lunedì,Mattino,TORREBELVICINO,SP 046 Pasubio,Intersezione segnalata,Sdrucciolevole,Assente,Pioggia,11.289563380158464,45.72000502350889,0,15.0,0,0,0,0,0,0,50
1,Giovedì,Mattino,LASTEBASSE,SP 350 Val d'Astico,Intersezione con semaforo o vigile,Asciutto,Assente,Vento forte,11.270006124081176,45.9161442169476,0,152.0,2,0,2,0,0,0,50
5,Mercoledì,Sera,VALLI DEL PASUBIO,SP 046 Pasubio,Incrocio,Bagnato,Verticale,Vento forte,11.228708506255948,45.75079926820096,0,8.0,0,0,0,0,0,0,70
3,Giovedì,Notte,VILLAVERLA,SP 349 Costo,Intersezione con semaforo o vigile,Asciutto,Verticale,Altro,11.491255561441296,45.66279258173792,0,138.0,0,0,0,0,0,193,90
8,Venerdì,Mattino,VALDASTICO,SP 350 Val d'Astico,Rotatoria,Sdrucciolevole,Verticale,Altro,11.364558151965571,45.85099079511926,0,164.0,0,0,0,0,0,0,50
7,Giovedì,Pomeriggio,ROANA,SP 349 Costo,Intersezione segnalata,Asciutto,Verticale,Nebbia,11.469982679830157,45.89327137352544,0,80.0,0,0,0,0,0,0,50
6,Domenica,Mattino,ROANA,SP 349 Costo,Dosso,Asciutto,Verticale,Nebbia,11.436097719928618,45.942940629456466,0,87.0,0,0,0,0,0,0,50
6,Giovedì,Mattino,VALLI DEL PASUBIO,SP 046 Pasubio,Dosso,Sdrucciolevole,Assente,Pioggia,11.237667306615986,45.74578540025263,0,9.0,0,0,0,0,0,0,40
8,Mercoledì,Notte,PIOVENE ROCCHETTE,SP 349 Costo,Rettilineo,Asciutto,Temporanea di cantiere,Altro,11.431923651713708,45.748601605610645,0,97.0,7,0,0,0,0,0,50
9,Martedì,Pomeriggio,VILLAVERLA,SP 349 Costo,Curva,Asciutto,Assente,Sereno,11.493680555097518,45.656484941360475,0,140.0,16,0,2,0,0,0,50
1,Venerdì,Pomeriggio,VALLI DEL PASUBIO,SP 046 Pasubio,Intersezione non segnalata,Sdrucciolevole,Assente,Pioggia,11.250860538006467,45.743716040192155,0,10.0,0,0,0,0,0,0,50
2,Domenica,Mattino,ISOLA VICENTINA,SP 046 Pasubio,Galleria illuminata,Sdrucciolevole,Assente,Pioggia,11.458694344492994,45.62107970763083,0,29.0,1,0,0,0,0,2,90
5,Giovedì,Mattino,VICENZA,SP 046 rac Pasubio Raccordo del Sole,Intersezione non segnalata,Bagnato,Orizzontale,Pioggia,11.508172897554674,45.54048465441247,0,64.0,0,0,0,0,0,6,90
6,Mercoledì,Pomeriggio,MARANO VICENTINO,SP 349 var Costo Variante,Pendenza,Asciutto,Temporanea di cantiere,Nebbia,11.438562739666192,45.712236980562466,0,146.0,0,0,0,1,0,0,40
12,Lunedì,Mattino,MALO,SP 046 Pasubio,Rettilineo,Asciutto,Assente,Sereno,11.426787550578252,45.64472151443069,0,24.0,8,1,0,0,0,13,50
11,Giovedì,Notte,COSTABISSARA,SP 046 Pasubio,Incrocio,Asciutto,Assente,Sereno,11.494168824049396,45.60208340137259,0,39.0,12,0,0,0,0,20,50
8,Mercoledì,Notte,VALDASTICO,SP 350 Val d'Astico,Curva,Asciutto,Orizzontale,Sereno,11.363583167963752,45.85271029105104,0,164.0,0,0,0,0,0,0,50
1,Martedì,Sera,LASTEBASSE,SP 350 Val d'Astico,Rotatoria,Bagnato,Assente,Pioggia,11.30290465148053,45.90892398807885,0,155.0,0,0,0,0,0,0,50
2,Sabato,Notte,VALDASTICO,SP 350 Val d'Astico,Galleria illuminata,Bagnato,Verticale,Pioggia,11.35327954567868,45.8875281963501,0,160.0,1,0,1,0,0,0,50
6,Martedì,Notte,VICENZA,SP 046 Pasubio,Galleria illuminata,Innevato,Assente,Neve,11.498203343104022,45.55612828171519,0,46.0,0,0,0,0,0,0,90
8,Venerdì,Notte,ROANA,SP 349 Costo,Galleria illuminata,Bagnato,Orizzontale,Nebbia,11.466765520527323,45.897654295534714,0,81.0,0,0,0,0,0,0,50
8,Sabato,Pomeriggio,CALTRANO,SP 349 Costo,Intersezione con semaforo o vigile,Asciutto,Orizzontale,Sereno,11.449774936514212,45.775311485301486,0,114.0,0,0,2,0,0,0,70
2,Martedì,Pomeriggio,ASIAGO,SP 349 Costo,Dosso,Bagnato,Assente,Sereno,11.397924041453182,45.946454274988035,0,91.0,0,0,0,0,0,0,50
11,Mercoledì,Pomeriggio,CHIUPPANO,SP 349 Costo,Galleria illuminata,Bagnato,Verticale,Pioggia,11.449480660805389,45.76363310673292,0,124.0,1,0,2,0,0,0,50
6,Lunedì,Mattino,SCHIO,SP 046 var Torrebelvicino,Galleria illuminata,Bagnato,Assente,Vento forte,11.33292542746906,45.713843471777544,0,71.0,0,0,0,0,0,0,70
8,Lunedì,Mattino,TORREBELVICINO,SP 046 Pasubio,Rotatoria,Bagnato,Orizzontale,Pioggia,11.280362097869906,45.72513882588199,0,14.0,0,0,0,0,0,0,30
1,Mercoledì,Mattino,PIOVENE ROCCHETTE,SP 349 Costo,Rettilineo,Bagnato,Temporanea di cantiere,Vento forte,11.436324419656188,45.75634267222565,0,122.0,12,0,0,0,0,0,50
10,Giovedì,Sera,COGOLLO DEL CENGIO,SP 350 Val d'Astico,Intersezione con semaforo o vigile,Sdrucciolevole,Orizzontale,Altro,11.39146190453309,45.79538476031486,0,172.0,0,0,1,0,0,0,90
7,Lunedì,Notte,VALLI DEL PASUBIO,SP 046 Pasubio,Galleria illuminata,Asciutto,Orizzontale,Sereno,11.19397976645304,45.761694832549345,0,3.0,0,0,0,0,0,0,50
3,Domenica,Sera,ASIAGO,SP 349 Costo,Intersezione non segnalata,Sdrucciolevole,Assente,Pioggia,11.435274699790018,45.94665753132587,0,87.0,0,0,0,0,0,0,50
4,Giovedì,Notte,VALDASTICO,SP 350 Val d'Astico,Intersezione non segnalata,Asciutto,Orizzontale,Sereno,11.370383325141317,45.83939782644158,0,165.0,2,0,0,0,0,0,50
5,Lunedì,Mattino,LASTEBASSE,SP 350 Val d'Astico,Curva,Bagnato,Assente,Sereno,11.282919894222024,45.91354473583374,0,153.0,0,0,0,0,0,0,50
1,Mercoledì,Mattino,SANTORSO,SP 349 Costo,Rotatoria,Bagnato,Orizzontale,Sereno,11.378816386487136,45.73028832982774,0,73.0,6,4,0,0,0,0,70
10,Giovedì,Pomeriggio,VALDASTICO,SP 350 Val d'Astico,Rotatoria,Asciutto,Orizzontale,Sereno,11.35877924929727,45.87909286174871,0,161.0,0,0,0,0,0,0,50
11,Sabato,Sera,SCHIO,SP 046 Pasubio,Intersezione con semaforo o vigile,Bagnato,Assente,Pioggia,11.38735326607492,45.69478229909243,0,16.0,0,0,0,0,0,0,50
5,Mercoledì,Mattino,ROANA,SP 349 Costo,Galleria illuminata,Asciutto,Verticale,Sereno,11.477243830951316,45.88370593358251,0,79.0,0,0,0,0,0,0,50
7,Sabato,Sera,VALDASTICO,SP 350 Val d'Astico,Galleria illuminata,Asciutto,Assente,Sereno,11.36820071843588,45.84175167537539,0,165.0,2,0,0,0,0,0,50
6,Sabato,Sera,COGOLLO DEL CENGIO,SP 349 Costo,Rettilineo,Asciutto,Assente,Sereno,11.443958801516844,45.7829166433443,0,112.0,0,0,0,0,2,0,70
6,Giovedì,Notte,VALLI DEL PASUBIO,SP 046 Pasubio,Pendenza,Asciutto,Assente,Sereno,11.26805777065384,45.736454187756905,0,12.0,2,0,0,0,0,0,50
8,Sabato,Pomeriggio,TORREBELVICINO,SP 046 var Torrebelvicino,Galleria illuminata,Bagnato,Verticale,Vento forte,11.31511966330377,45.71363261390961,0,70.0,1,2,0,0,0,0,38
6,Sabato,Pomeriggio,ROANA,SP 349 Costo,Intersezione segnalata,Asciutto,Orizzontale,Sereno,11.47294889975983,45.884720209528965,0,79.0,0,0,0,0,0,0,50
10,Lunedì,Notte,ROANA,SP 349 Costo,Curva,Bagnato,Orizzontale,Sereno,11.479885139797394,45.8695113576624,0,135.0,2,0,1,0,0,0,50
1,Martedì,Notte,ISOLA VICENTINA,SP 046 Pasubio,Rettilineo,Bagnato,Verticale,Altro,11.460675698496438,45.61992869691987,0,29.0,1,0,0,0,0,2,90
3,Lunedì,Notte,ZANE',SP 349 Costo,Pendenza,Innevato,Assente,Neve,11.452619828219756,45.72035517137988,0,127.0,12,10,2,1,0,0,50
11,Martedì,Sera,VICENZA,SP 046 Pasubio,Intersezione con semaforo o vigile,Sdrucciolevole,Assente,Pioggia,11.4948533443666,45.5624561315441,0,47.0,0,0,0,0,0,0,90
11,Lunedì,Notte,COSTABISSARA,SP 046 Pasubio,Pendenza,Asciutto,Assente,Nebbia,11.493970512937516,45.60253914784187,0,37.0,11,0,0,0,0,12,50
10,Mercoledì,Notte,VICENZA,SP 046 Pasubio,Dosso,Asciutto,Temporanea di cantiere,Sereno,11.50165519813214,45.55112712489355,0,45.0,0,0,0,0,0,0,70
5,Lunedì,Sera,VALLI DEL PASUBIO,SP 046 Pasubio,Pendenza,Bagnato,Verticale,Nebbia,11.218208571723553,45.75510083242063,0,7.0,1,0,0,0,0,0,45
6,Lunedì,Notte,VICENZA,SP 046 Pasubio,Intersezione segnalata,Asciutto,Temporanea di cantiere,Sereno,11.502520102131491,45.54982799629006,0,45.0,0,0,0,0,0,0,70
1,Domenica,Notte,VICENZA,SP 046 Pasubio,Intersezione non segnalata,Asciutto,Verticale,Sereno,11.506567296160036,45.54499878315514,0,50.0,0,0,0,0,0,0,90
4,Sabato,Notte,VALLI DEL PASUBIO,SP 046 Pasubio,Curva,Asciutto,Verticale,Sereno,11.257755082906602,45.7432062125133,0,11.0,8,0,1,0,0,0,50
9,Sabato,Sera,SANTORSO,SP 349 Costo,Intersezione segnalata,Asciutto,Orizzontale,Nebbia,11.387632930418668,45.7325496085151,0,74.0,6,1,0,0,0,0,50
5,Sabato,Mattino,VICENZA,SP 046 Pasubio,Intersezione segnalata,Bagnato,Assente,Sereno,11.505259347284124,45.57839222612512,0,49.0,0,0,0,0,0,0,90
6,Giovedì,Mattino,VICENZA,SP 046 rac Pasubio Raccordo del Sole,Pendenza,Bagnato,Assente,Sereno,11.507821544193176,45.535399657000816,0,65.0,0,0,0,0,0,11,50
2,Martedì,Sera,VICENZA,SP 046 Pasubio,Curva,Asciutto,Verticale,Sereno,11.5088936990788,45.58116200648912,0,44.0,0,0,0,0,0,6,40
6,Mercoledì,Notte,MARANO VICENTINO,SP 349 var Costo Variante,Curva,Bagnato,Temporanea di cantiere,Pioggia,11.429374164999697,45.71706374980223,0,146.0,0,0,0,1,0,0,40
9,Martedì,Sera,VALLI DEL PASUBIO,SP 046 Pasubio,Dosso,Bagnato,Verticale,Sereno,11.228180946377163,45.75101409054045,0,8.0,0,0,0,0,0,0,70
7,Lunedì,Mattino,THIENE,SP 349 Costo,Rotatoria,Asciutto,Temporanea di cantiere,Sereno,11.48862221369291,45.67161906566497,0,137.0,9,0,3,0,2,0,130
7,Venerdì,Sera,ARSIERO,SP 350 Val d'Astico,Rotatoria,Asciutto,Verticale,Sereno,11.367869879089826,45.82521235294536,0,167.0,1,0,0,0,0,0,50
11,Lunedì,Sera,COGOLLO DEL CENGIO,SP 350 Val d'Astico,Intersezione segnalata,Bagnato,Verticale,Nebbia,11.381616014300512,45.7994304805321,0,171.0,1,0,3,0,0,0,50
3,Martedì,Sera,ROANA,SP 349 Costo,Intersezione con semaforo o vigile,Asciutto,Verticale,Sereno,11.47857176420878,45.868748940529215,0,132.0,17,0,5,0,0,0,50
4,Lunedì,Notte,ZANE',SP 349 var Costo Variante,Pendenza,Bagnato,Verticale,Altro,11.448223246071606,45.70733091721376,0,147.0,0,0,0,0,0,0,90
8,Lunedì,Notte,ISOLA VICENTINA,SP 046 Pasubio,Curva,Asciutto,Assente,Sereno,11.440380878313276,45.63183270972949,0,26.0,13,0,1,0,0,24,50
6,Domenica,Sera,VALDASTICO,SP 350 Val d'Astico,Pendenza,Asciutto,Temporanea di cantiere,Sereno,11.361732455338393,45.85709427809473,0,163.0,2,0,1,0,0,0,50
12,Giovedì,Notte,VALLI DEL PASUBIO,SP 046 Pasubio,Curva,Asciutto,Verticale,Sereno,11.216332687058138,45.75441263894872,0,7.0,1,0,0,0,0,0,45
1,Mercoledì,Mattino,LASTEBASSE,SP 350 Val d'Astico,Rotatoria,Asciutto,Orizzontale,Sereno,11.32862774048196,45.899556264821555,0,157.0,0,0,0,0,0,0,50
2,Giovedì,Sera,THIENE,SP 349 Costo,Rotatoria,Asciutto,Verticale,Sereno,11.487688598636185,45.67454175240683,0,137.0,9,0,3,0,2,0,130
5,Giovedì,Pomeriggio,ASIAGO,SP 349 Costo,Pendenza,Asciutto,Orizzontale,Sereno,11.419664273750955,45.951846151623954,0,89.0,0,0,0,0,0,0,50
6,Mercoledì,Sera,ASIAGO,SP 349 Costo,Intersezione con semaforo o vigile,Asciutto,Assente,Vento forte,11.39878517660166,45.945518999004456,0,91.0,0,0,0,0,0,0,50
11,Domenica,Pomeriggio,COGOLLO DEL CENGIO,SP 349 Costo,Rotatoria,Asciutto,Temporanea di cantiere,Sereno,11.433208686412431,45.79446267523615,0,108.0,0,0,0,0,2,0,70
6,Sabato,Sera,VICENZA,SP 046 Pasubio,Intersezione con semaforo o vigile,Asciutto,Assente,Sereno,11.495521733373373,45.5602544335264,0,54.0,0,0,0,0,0,0,90
6,Sabato,Mattino,ARSIERO,SP 350 Val d'Astico,Intersezione non segnalata,Asciutto,Orizzontale,Sereno,11.372375778498336,45.80343337734486,0,171.0,1,0,3,0,0,0,50
3,Venerdì,Notte,CHIUPPANO,SP 349 Costo,Rotatoria,Bagnato,Verticale,Sereno,11.45680391671072,45.77000267080158,0,128.0,3,0,2,0,0,0,50
6,Domenica,Sera,ISOLA VICENTINA,SP 046 Pasubio,Pendenza,Bagnato,Assente,Sereno,11.45656052925343,45.62207047096419,0,29.0,1,0,0,0,0,2,90
7,Domenica,Pomeriggio,VICENZA,SP 046 Pasubio,Incrocio,Asciutto,Assente,Sereno,11.504586966231296,45.58403952135882,0,42.0,7,0,1,0,0,20,50
8,Venerdì,Mattino,ASIAGO,SP 349 Costo,Intersezione con semaforo o vigile,Asciutto,Verticale,Sereno,11.493744512675644,45.87964638386405,0,77.0,0,0,0,0,0,0,50
8,Giovedì,Notte,VICENZA,SP 046 Pasubio,Dosso,Asciutto,Verticale,Sereno,11.50842954278527,45.58150319274441,0,44.0,0,0,0,0,0,6,40
6,Sabato,Notte,LASTEBASSE,SP 350 Val d'Astico,Intersezione con semaforo o vigile,Asciutto,Orizzontale,Altro,11.313238068911224,45.905856969897485,0,156.0,1,0,0,0,0,0,50
2,Mercoledì,Sera,VILLAVERLA,SP 349 Costo,Intersezione segnalata,Asciutto,Verticale,Altro,11.492572932325986,45.64376017006403,0,139.0,11,0,4,0,2,0,50
2,Mercoledì,Notte,ROANA,SP 349 Costo,Incrocio,Asciutto,Temporanea di cantiere,Sereno,11.456542109858844,45.85195981770542,0,118.0,0,0,0,0,0,0,50
8,Sabato,Notte,THIENE,SP 349 Costo,Intersezione con semaforo o vigile,Asciutto,Verticale,Vento forte,11.486687906250117,45.677756278141395,0,136.0,3,0,0,0,1,0,70
11,Mercoledì,Sera,ROANA,SP 349 Costo,Dosso,Bagnato,Assente,Sereno,11.433533358033488,45.84053402810969,0,99.0,6,0,3,0,0,2,50
11,Sabato,Mattino,VALDASTICO,SP 350 Val d'Astico,Galleria illuminata,Asciutto,Temporanea di cantiere,Sereno,11.361441446508392,45.8609914014849,0,163.0,2,0,1,0,0,0,50
4,Mercoledì,Mattino,VICENZA,SP 046 Pasubio,Intersezione segnalata,Asciutto,Temporanea di cantiere,Nebbia,11.4956120178147,45.5600741382503,0,54.0,0,0,0,0,0,0,90
1,Martedì,Mattino,ROANA,SP 349 Costo,Incrocio,Bagnato,Assente,Sereno,11.437950867381296,45.823940317716016,0,100.0,0,0,0,0,0,0,70
8,Sabato,Sera,ARSIERO,SP 350 Val d'Astico,Intersezione con semaforo o vigile,Asciutto,Temporanea di cantiere,Sereno,11.363500020539226,45.8034430296924,0,170.0,0,0,5,0,0,0,50
1,Giovedì,Sera,VICENZA,SP 046 Pasubio,Dosso,Asciutto,Assente,Nebbia,11.50696368109334,45.54528970959489,0,51.0,0,0,0,0,0,0,90
8,Martedì,Notte,ISOLA VICENTINA,SP 046 Pasubio,Intersezione non segnalata,Bagnato,Verticale,Pioggia,11.441122034366604,45.63026666606717,0,26.0,13,0,1,0,0,24,50
5,Martedì,Notte,VALLI DEL PASUBIO,SP 046 Pasubio,Rotatoria,Asciutto,Temporanea di cantiere,Sereno,11.196414251427427,45.76319605983452,0,4.0,0,0,0,0,0,0,50
11,Martedì,Sera,COGOLLO DEL CENGIO,SP 350 Val d'Astico,Curva,Asciutto,Assente,Sereno,11.38661718389704,45.797591694015914,0,172.0,0,0,1,0,0,0,90
8,Lunedì,Sera,COGOLLO DEL CENGIO,SP 349 Costo,Dosso,Asciutto,Temporanea di cantiere,Sereno,11.438893527906364,45.78670701862762,0,111.0,0,0,0,0,2,0,70
9,Mercoledì,Notte,VALLI DEL PASUBIO,SP 046 Pasubio,Pendenza,Bagnato,Assente,Altro,11.193162891649456,45.76108508525026,0,2.0,1,0,0,0,0,0,50
5,Lunedì,Notte,ASIAGO,SP 349 Costo,Pendenza,Asciutto,Verticale,Sereno,11.491855657235329,45.88105550000888,0,77.0,0,0,0,0,0,0,50
11,Mercoledì,Sera,PIOVENE ROCCHETTE,SP 350 Val d'Astico,Intersezione con semaforo o vigile,Bagnato,Assente,Sereno,11.430739433928643,45.76705902349581,0,178.0,16,10,8,0,0,0,50
7,Domenica,Mattino,COGOLLO DEL CENGIO,SP 349 Costo,Curva,Asciutto,Temporanea di cantiere,Sereno,11.43106635523133,45.797367815277056,0,106.0,0,0,0,0,0,0,70
8,Giovedì,Notte,COGOLLO DEL CENGIO,SP 349 Costo,Intersezione non segnalata,Asciutto,Assente,Altro,11.426234847334026,45.796120963218655,0,108.0,0,0,0,0,2,0,70
5,Lunedì,Sera,THIENE,SP 349 Costo,Dosso,Bagnato,Assente,Nebbia,11.484868869700236,45.68357292490066,0,136.0,3,0,0,0,1,0,70
6,Domenica,Notte,ROANA,SP 349 Costo,Intersezione non segnalata,Bagnato,Verticale,Sereno,11.469468738218794,45.89410036123117,0,80.0,0,0,0,0,0,0,50
11,Martedì,Notte,THIENE,SP 349 Costo,Pendenza,Asciutto,Orizzontale,Altro,11.488355393132366,45.67243001933869,0,137.0,9,0,3,0,2,0,130
5,Venerdì,Sera,ASIAGO,SP 349 Costo,Intersezione con semaforo o vigile,Asciutto,Assente,Sereno,11.403217690388148,45.94426202470002,0,90.0,0,0,0,0,0,0,50
1,Mercoledì,Notte,VICENZA,SP 046 Pasubio,Dosso,Asciutto,Temporanea di cantiere,Vento forte,11.494742855619718,45.56274287209509,0,54.0,0,0,0,0,0,0,90
5,Venerdì,Notte,COGOLLO DEL CENGIO,SP 350 Val d'Astico,Rotatoria,Asciutto,Assente,Sereno,11.39816344041006,45.7926444584182,0,173.0,0,0,1,0,0,0,90
5,Martedì,Pomeriggio,MALO,SP 046 Pasubio,Incrocio,Asciutto,Temporanea di cantiere,Sereno,11.401178439182075,45.680759322211074,0,18.0,1,0,0,0,0,5,90
6,Martedì,Notte,CALDOGNO,SP 349 Costo,Dosso,Bagnato,Verticale,Sereno,11.491504043790313,45.628497065886904,0,142.0,0,0,0,0,0,0,90
1,Venerdì,Sera,ROANA,SP 349 Costo,Intersezione con semaforo o vigile,Bagnato,Temporanea di cantiere,Altro,11.468381219379758,45.89601234928215,0,80.0,0,0,0,0,0,0,50
2,Lunedì,Pomeriggio,MALO,SP 046 Pasubio,Curva,Sdrucciolevole,Assente,Altro,11.41671105446384,45.65601033930607,0,22.0,4,1,2,0,0,20,50
4,Mercoledì,Pomeriggio,MALO,SP 046 Pasubio,Curva,Asciutto,Assente,Sereno,11.43594688251832,45.63703588226516,0,26.0,13,0,1,0,0,24,50
6,Martedì,Pomeriggio,ARSIERO,SP 350 Val d'Astico,Intersezione segnalata,Asciutto,Assente,Sereno,11.3594573019552,45.80677412409499,0,169.0,10,2,8,0,0,0,50
1,Sabato,Mattino,VALLI DEL PASUBIO,SP 046 Pasubio,Dosso,Asciutto,Temporanea di cantiere,Sereno,11.217664843881836,45.755137392062665,0,7.0,1,0,0,0,0,0,45
5,Lunedì,Pomeriggio,COGOLLO DEL CENGIO,SP 349 Costo,Pendenza,Asciutto,Temporanea di cantiere,Sereno,11.427197072160146,45.812181802137445,0,102.0,0,0,0,0,2,0,70
4,Mercoledì,Notte,MALO,SP 046 Pasubio,Pendenza,Asciutto,Temporanea di cantiere,Sereno,11.422310659351735,45.64942743173538,0,23.0,2,0,0,0,0,98,45
1,Lunedì,Mattino,ROANA,SP 349 Costo,Galleria illuminata,Asciutto,Orizzontale,Sereno,11.443334846195208,45.93328867789998,0,85.0,0,0,0,0,0,0,50
4,Martedì,Notte,ROANA,SP 349 Costo,Intersezione segnalata,Sdrucciolevole,Assente,Pioggia,11.476415692040144,45.86670897241486,0,132.0,17,0,5,0,0,0,50
4,Mercoledì,Sera,ROANA,SP 349 Costo,Pendenza,Bagnato,Verticale,Pioggia,11.446806551386288,45.92962920304315,0,85.0,0,0,0,0,0,0,50
2,Giovedì,Pomeriggio,COGOLLO DEL CENGIO,SP 349 Costo,Pendenza,Asciutto,Temporanea di cantiere,Altro,11.429450009767708,45.81499322804416,0,102.0,0,0,0,0,2,0,70
10,Mercoledì,Pomeriggio,VALLI DEL PASUBIO,SP 046 Pasubio,Intersezione non segnalata,Bagnato,Temporanea di cantiere,Sereno,11.257657448373031,45.74323101193598,0,11.0,8,0,1,0,0,0,50
1,Mercoledì,Pomeriggio,VALDASTICO,SP 350 Val d'Astico,Intersezione non segnalata,Asciutto,Assente,Sereno,11.361231349734869,45.862727252335816,0,163.0,2,0,1,0,0,0,50
7,Sabato,Notte,CALTRANO,SP 349 Costo,Intersezione non segnalata,Asciutto,Orizzontale,Sereno,11.452561603336164,45.7718576653211,0,128.0,3,0,2,0,0,0,50
8,Martedì,Pomeriggio,LASTEBASSE,SP 350 Val d'Astico,Galleria illuminata,Asciutto,Orizzontale,Sereno,11.320126612467224,45.90307943913466,0,156.0,1,0,0,0,0,0,50
10,Sabato,Sera,MALO,SP 046 Pasubio,Galleria illuminata,Sdrucciolevole,Temporanea di cantiere,Pioggia,11.400742218997454,45.68167939224003,0,17.0,0,0,0,0,0,0,90
7,Venerdì,Mattino,VALLI DEL PASUBIO,SP 046 Pasubio,Dosso,Bagnato,Verticale,Nebbia,11.243013722599413,45.74373496289955,0,10.0,0,0,0,0,0,0,50
7,Venerdì,Notte,COGOLLO DEL CENGIO,SP 349 Costo,Dosso,Asciutto,Verticale,Sereno,11.424919534040288,45.80087027701097,0,104.0,0,0,0,0,0,0,70
10,Mercoledì,Notte,ASIAGO,SP 349 Costo,Intersezione segnalata,Asciutto,Temporanea di cantiere,Sereno,11.408341246155786,45.9459473897186,0,90.0,0,0,0,0,0,0,50
10,Mercoledì,Sera,ROANA,SP 349 Costo,Dosso,Asciutto,Temporanea di cantiere,Sereno,11.447029687936784,45.84845413454966,0,119.0,0,0,0,0,0,0,50
6,Lunedì,Pomeriggio,ROANA,SP 349 Costo,Galleria illuminata,Bagnato,Orizzontale,Pioggia,11.458599722352025,45.908564537040526,0,82.0,0,0,1,0,0,0,50
2,Sabato,Mattino,PIOVENE ROCCHETTE,SP 350 Val d'Astico,Rettilineo,Asciutto,Orizzontale,Sereno,11.43824265533982,45.75766976296647,0,179.0,10,0,4,0,1,0,50
8,Sabato,Notte,VALLI DEL PASUBIO,SP 046 Pasubio,Pendenza,Asciutto,Verticale,Sereno,11.196964863924803,45.761596159600856,0,4.0,0,0,0,0,0,0,50
12,Martedì,Mattino,ROANA,SP 349 Costo,Rotatoria,Bagnato,Temporanea di cantiere,Nebbia,11.469148299610536,45.89425352300199,0,80.0,0,0,0,0,0,0,50
2,Giovedì,Notte,COGOLLO DEL CENGIO,SP 349 Costo,Pendenza,Bagnato,Orizzontale,Altro,11.43064390026134,45.79781008339903,0,105.0,0,0,0,0,0,0,70
1,Martedì,Notte,ASIAGO,SP 349 Costo,Intersezione con semaforo o vigile,Bagnato,Temporanea di cantiere,Sereno,11.499374858165044,45.87079059765917,0,133.0,4,0,6,0,1,0,50
11,Venerdì,Pomeriggio,SCHIO,SP 046 Pasubio,Incrocio,Asciutto,Orizzontale,Sereno,11.392087947925727,45.69102945882635,0,16.0,0,0,0,0,0,0,50
8,Lunedì,Mattino,SANTORSO,SP 349 Costo,Pendenza,Sdrucciolevole,Assente,Pioggia,11.386618857336742,45.73229406441901,0,74.0,6,1,0,0,0,0,50
3,Lunedì,Sera,VICENZA,SP 046 Pasubio,Dosso,Bagnato,Verticale,Pioggia,11.494103838207495,45.567343956928305,0,53.0,0,0,0,0,0,0,90
10,Mercoledì,Sera,VALLI DEL PASUBIO,SP 046 Pasubio,Dosso,Asciutto,Orizzontale,Sereno,11.229158704455209,45.750634895117784,0,8.0,0,0,0,0,0,0,70
5,Mercoledì,Sera,COGOLLO DEL CENGIO,SP 350 Val d'Astico,Curva,Bagnato,Orizzontale,Sereno,11.429273082343547,45.77929807641653,0,176.0,0,0,0,0,0,0,20
4,Sabato,Sera,SANTORSO,SP 349 Costo,Rotatoria,Bagnato,Assente,Pioggia,11.398390209121697,45.73529243194918,0,75.0,4,0,0,0,0,0,70
4,Giovedì,Notte,COGOLLO DEL CENGIO,SP 349 Costo,Rotatoria,Asciutto,Verticale,Sereno,11.43513614265915,45.79576843874266,0,106.0,0,0,0,0,0,0,70
8,Lunedì,Sera,PIOVENE ROCCHETTE,SP 349 Costo,Intersezione con semaforo o vigile,Bagnato,Temporanea di cantiere,Sereno,11.423338000341278,45.74626947054618,0,93.0,12,5,2,0,3,0,50
2,Martedì,Pomeriggio,LASTEBASSE,SP 350 Val d'Astico,Rotatoria,Asciutto,Orizzontale,Sereno,11.328877501327357,45.89940894364294,0,157.0,0,0,0,0,0,0,50
5,Martedì,Notte,VICENZA,SP 046 Pasubio,Rotatoria,Bagnato,Temporanea di cantiere,Sereno,11.498926678158712,45.57484410280773,0,48.0,0,0,0,0,0,0,90
4,Mercoledì,Notte,VICENZA,SP 046 Pasubio,Intersezione segnalata,Bagnato,Orizzontale,Altro,11.495380485229006,45.56071335276995,0,46.0,0,0,0,0,0,0,90
1,Martedì,Sera,VALLI DEL PASUBIO,SP 046 Pasubio,Intersezione segnalata,Bagnato,Orizzontale,Sereno,11.237926380398733,45.74549554828646,0,9.0,0,0,0,0,0,0,40
10,Mercoledì,Pomeriggio,ASIAGO,SP 349 Costo,Galleria illuminata,Asciutto,Orizzontale,Sereno,11.40448736396813,45.94474800879129,0,90.0,0,0,0,0,0,0,50
1,Venerdì,Mattino,SCHIO,SP 349 var Costo Variante,Dosso,Bagnato,Assente,Altro,11.425044717667136,45.7202026908399,0,145.0,0,0,0,0,0,0,40
12,Mercoledì,Pomeriggio,MALO,SP 046 Pasubio,Curva,Asciutto,Verticale,Sereno,11.426786897517603,45.64557370317989,0,25.0,0,0,0,0,0,105,40
2,Domenica,Notte,COGOLLO DEL CENGIO,SP 349 Costo,Dosso,Asciutto,Verticale,Sereno,11.430350981904065,45.81536390419842,0,102.0,0,0,0,0,2,0,70
5,Lunedì,Sera,VICENZA,SP 046 Pasubio,Incrocio,Asciutto,Verticale,Sereno,11.506910358874173,45.54535091419232,0,51.0,0,0,0,0,0,0,90
2,Lunedì,Pomeriggio,VALLI DEL PASUBIO,SP 046 Pasubio,Curva,Sdrucciolevole,Orizzontale,Pioggia,11.22293901571327,45.75388369705828,0,8.0,0,0,0,0,0,0,70
5,Martedì,Mattino,ROANA,SP 349 Costo,Rotatoria,Bagnato,Verticale,Pioggia,11.458790237381038,45.90765335838458,0,82.0,0,0,1,0,0,0,50
8,Martedì,Sera,VILLAVERLA,SP 349 Costo,Incrocio,Asciutto,Orizzontale,Nebbia,11.491329409449014,45.66234117634677,0,138.0,0,0,0,0,0,193,90
2,Mercoledì,Notte,COGOLLO DEL CENGIO,SP 349 Costo,Intersezione con semaforo o vigile,Asciutto,Verticale,Sereno,11.422303552760146,45.80171832579869,0,103.0,0,0,0,0,0,0,70
7,Martedì,Sera,ASIAGO,SP 349 Costo,Rotatoria,Asciutto,Assente,Sereno,11.41488998937883,45.950908888769696,0,89.0,0,0,0,0,0,0,50
10,Giovedì,Sera,VICENZA,SP 046 Pasubio,Pendenza,Bagnato,Orizzontale,Sereno,11.494593708380997,45.56419707047328,0,47.0,0,0,0,0,0,0,90
6,Venerdì,Pomeriggio,ROANA,SP 349 Costo,Curva,Bagnato,Temporanea di cantiere,Altro,11.4363165495519,45.94429547575516,0,87.0,0,0,0,0,0,0,50
2,Mercoledì,Notte,MALO,SP 046 Pasubio,Pendenza,Asciutto,Verticale,Sereno,11.413922757468391,45.65883436267547,0,21.0,8,0,0,0,0,37,50
9,Sabato,Mattino,VALLI DEL PASUBIO,SP 046 Pasubio,Intersezione non segnalata,Bagnato,Orizzontale,Pioggia,11.215748257643565,45.75480680769727,0,7.0,1,0,0,0,0,0,45
3,Giovedì,Sera,VICENZA,SP 046 Pasubio,Galleria illuminata,Bagnato,Orizzontale,Pioggia,11.500446912353247,45.55276039791476,0,55.0,0,0,0,0,0,0,50
1,Mercoledì,Pomeriggio,ROANA,SP 349 Costo,Intersezione non segnalata,Asciutto,Verticale,Sereno,11.43796584073229,45.82085121537036,0,101.0,0,0,0,0,0,0,45
6,Lunedì,Notte,ROANA,SP 349 Costo,Curva,Asciutto,Orizzontale,Sereno,11.469845311051309,45.89375131545189,0,80.0,0,0,0,0,0,0,50
4,Giovedì,Sera,TORREBELVICINO,SP 046 Pasubio,Galleria illuminata,Asciutto,Temporanea di cantiere,Sereno,11.281321665028797,45.723691015432834,0,14.0,0,0,0,0,0,0,30
1,Lunedì,Pomeriggio,ASIAGO,SP 349 Costo,Intersezione con semaforo o vigile,Asciutto,Orizzontale,Sereno,11.494303578743024,45.86821186065023,0,134.0,0,0,0,0,0,0,70
10,Venerdì,Sera,VICENZA,SP 046 Pasubio,Intersezione segnalata,Bagnato,Assente,Altro,11.497731463447993,45.55674516073389,0,55.0,0,0,0,0,0,0,50
8,Mercoledì,Mattino,ROANA,SP 349 Costo,Rotatoria,Asciutto,Orizzontale,Sereno,11.472231198055924,45.88563313954787,0,79.0,0,0,0,0,0,0,50
11,Domenica,Notte,VICENZA,SP 046 Pasubio,Rettilineo,Bagnato,Temporanea di cantiere,Altro,11.506344552292848,45.54512351369868,0,58.0,0,0,0,0,0,0,90
6,Venerdì,Mattino,COGOLLO DEL CENGIO,SP 349 Costo,Galleria illuminata,Bagnato,Assente,Sereno,11.428242837924136,45.79312575715811,0,110.0,0,0,0,0,0,0,70
6,Sabato,Notte,ROANA,SP 349 Costo,Pendenza,Asciutto,Assente,Sereno,11.468585460374536,45.89510256878394,0,80.0,0,0,0,0,0,0,50
11,Domenica,Notte,VILLAVERLA,SP 349 Costo,Intersezione con semaforo o vigile,Asciutto,Verticale,Altro,11.492684262122811,45.64244986486013,0,141.0,3,0,2,0,0,0,50
1,Lunedì,Mattino,ROANA,SP 349 Costo,Pendenza,Bagnato,Assente,Vento forte,11.438486993433685,45.939080278832975,0,86.0,0,0,0,0,0,0,50
5,Lunedì,Notte,COGOLLO DEL CENGIO,SP 349 Costo,Rettilineo,Bagnato,Assente,Sereno,11.436161388909632,45.78838580917633,0,111.0,0,0,0,0,2,0,70
10,Sabato,Notte,CALDOGNO,SP 349 Costo,Intersezione con semaforo o vigile,Bagnato,Temporanea di cantiere,Pioggia,11.491651253893904,45.63212024321636,0,142.0,0,0,0,0,0,0,90
4,Martedì,Sera,ROANA,SP 349 Costo,Galleria illuminata,Bagnato,Temporanea di cantiere,Vento forte,11.448351629133532,45.846411873607494,0,119.0,0,0,0,0,0,0,50
11,Sabato,Notte,ROANA,SP 349 Costo,Dosso,Asciutto,Assente,Nebbia,11.482648881948476,45.88072559561063,0,78.0,0,0,1,0,0,0,50
4,Venerdì,Notte,VICENZA,SP 046 Pasubio,Pendenza,Sdrucciolevole,Assente,Pioggia,11.498976876709444,45.5548888783431,0,55.0,0,0,0,0,0,0,50
5,Martedì,Sera,ISOLA VICENTINA,SP 046 Pasubio,Curva,Asciutto,Verticale,Sereno,11.466968581622288,45.61422410097964,0,30.0,2,4,0,0,0,1,50
11,Sabato,Pomeriggio,COGOLLO DEL CENGIO,SP 349 Costo,Rotatoria,Bagnato,Temporanea di cantiere,Sereno,11.425995686628768,45.79622001911073,0,108.0,0,0,0,0,2,0,70
12,Mercoledì,Notte,ROANA,SP 349 Costo,Dosso,Asciutto,Assente,Sereno,11.440949129353957,45.84345843948308,0,120.0,0,0,2,0,0,0,50
1,Martedì,Notte,ISOLA VICENTINA,SP 046 Pasubio,Pendenza,Asciutto,Assente,Sereno,11.47379110686991,45.60945043709369,0,33.0,0,0,0,0,0,14,60
4,Lunedì,Sera,ARSIERO,SP 350 Val d'Astico,Rotatoria,Asciutto,Assente,Sereno,11.363095017243095,45.81575775001377,0,168.0,0,0,0,0,0,0,50
8,Giovedì,Sera,ISOLA VICENTINA,SP 046 Pasubio,Pendenza,Asciutto,Verticale,Sereno,11.471215558131686,45.61002660632793,0,32.0,0,0,0,0,0,0,60
8,Domenica,Mattino,ARSIERO,SP 350 Val d'Astico,Intersezione segnalata,Asciutto,Verticale,Sereno,11.368694351859476,45.830044578771314,0,167.0,1,0,0,0,0,0,50
11,Domenica,Pomeriggio,COGOLLO DEL CENGIO,SP 349 Costo,Pendenza,Bagnato,Temporanea di cantiere,Sereno,11.438222242673875,45.78722231489595,0,111.0,0,0,0,0,2,0,70
12,Martedì,Pomeriggio,CHIUPPANO,SP 349 Costo,Rotatoria,Asciutto,Temporanea di cantiere,Sereno,11.449668836521171,45.76373640883017,0,124.0,1,0,2,0,0,0,50
9,Lunedì,Sera,PIOVENE ROCCHETTE,SP 349 Costo,Intersezione con semaforo o vigile,Asciutto,Assente,Sereno,11.429598369445824,45.75174759950751,0,115.0,4,0,1,0,0,0,50
8,Giovedì,Sera,ARSIERO,SP 350 Val d'Astico,Intersezione segnalata,Bagnato,Verticale,Vento forte,11.363403968811069,45.80347914192244,0,170.0,0,0,5,0,0,0,50
4,Lunedì,Pomeriggio,ASIAGO,SP 349 Costo,Curva,Sdrucciolevole,Temporanea di cantiere,Pioggia,11.4347113154496,45.947478490158645,0,87.0,0,0,0,0,0,0,50
10,Mercoledì,Notte,PIOVENE ROCCHETTE,SP 349 Costo,Rettilineo,Asciutto,Temporanea di cantiere,Sereno,11.442683466583386,45.75987958102728,0,123.0,10,0,4,0,2,10,50
8,Venerdì,Sera,THIENE,SP 349 Costo,Intersezione non segnalata,Asciutto,Verticale,Sereno,11.490104409598548,45.66697214159769,0,137.0,9,0,3,0,2,0,130
1,Giovedì,Pomeriggio,MARANO VICENTINO,SP 349 var Costo Variante,Incrocio,Bagnato,Assente,Sereno,11.429439822586222,45.71702707471879,0,146.0,0,0,0,1,0,0,40
10,Martedì,Notte,VICENZA,SP 046 Pasubio,Dosso,Bagnato,Orizzontale,Pioggia,11.505833227695351,45.582620040373655,0,43.0,0,0,0,0,0,7,40
5,Giovedì,Notte,VILLAVERLA,SP 349 Costo,Pendenza,Bagnato,Assente,Pioggia,11.493398931817756,45.64781012586043,0,139.0,11,0,4,0,2,0,50
6,Mercoledì,Mattino,COGOLLO DEL CENGIO,SP 349 Costo,Curva,Bagnato,Orizzontale,Pioggia,11.427959431337376,45.81316628323837,0,102.0,0,0,0,0,2,0,70
6,Venerdì,Mattino,TORREBELVICINO,SP 046 Pasubio,Dosso,Bagnato,Orizzontale,Pioggia,11.279980311020008,45.72637222807855,0,13.0,1,0,0,0,0,0,30
10,Venerdì,Pomeriggio,ROANA,SP 349 Costo,Rotatoria,Asciutto,Orizzontale,Sereno,11.470022495375243,45.88920644002182,0,80.0,0,0,0,0,0,0,50
4,Lunedì,Mattino,MALO,SP 046 Pasubio,Galleria illuminata,Asciutto,Temporanea di cantiere,Sereno,11.404818169495202,45.67278778164016,0,19.0,5,0,0,0,0,3,50
5,Mercoledì,Sera,TORREBELVICINO,SP 046 var Torrebelvicino,Rettilineo,Bagnato,Orizzontale,Sereno,11.325092292314944,45.7137568327481,0,71.0,0,0,0,0,0,0,70
1,Sabato,Pomeriggio,LASTEBASSE,SP 350 Val d'Astico,Intersezione segnalata,Asciutto,Assente,Sereno,11.322886198960818,45.902151253992535,0,157.0,0,0,0,0,0,0,50
5,Domenica,Pomeriggio,MALO,SP 046 Pasubio,Dosso,Bagnato,Assente,Sereno,11.408376799091135,45.664414272900615,0,21.0,8,0,0,0,0,37,50
2,Mercoledì,Sera,PIOVENE ROCCHETTE,SP 349 Costo,Rettilineo,Bagnato,Temporanea di cantiere,Pioggia,11.435137584517191,45.74486559904569,0,97.0,7,0,0,0,0,0,50
7,Lunedì,Pomeriggio,VICENZA,SP 046 Pasubio,Intersezione non segnalata,Asciutto,Temporanea di cantiere,Sereno,11.49437887312049,45.565266554333846,0,54.0,0,0,0,0,0,0,90
11,Giovedì,Sera,VALDASTICO,SP 350 Val d'Astico,Dosso,Bagnato,Verticale,Pioggia,11.344685596999868,45.89381009834153,0,159.0,0,0,0,0,0,0,50
6,Mercoledì,Notte,LASTEBASSE,SP 350 Val d'Astico,Rettilineo,Asciutto,Verticale,Sereno,11.28066722858497,45.914311070773834,0,153.0,0,0,0,0,0,0,50
11,Martedì,Sera,VALDASTICO,SP 350 Val d'Astico,Rettilineo,Asciutto,Assente,Sereno,11.361328743779174,45.86676796744496,0,162.0,1,0,1,0,0,0,50
12,Martedì,Mattino,VICENZA,SP 046 Pasubio,Intersezione con semaforo o vigile,Sdrucciolevole,Temporanea di cantiere,Pioggia,11.50730192845916,45.5429193104175,0,60.0,0,0,0,0,0,0,70
1,Lunedì,Mattino,ROANA,SP 349 Costo,Dosso,Bagnato,Assente,Sereno,11.432179399798148,45.8383158052484,0,99.0,6,0,3,0,0,2,50
7,Sabato,Sera,ISOLA VICENTINA,SP 046 Pasubio,Rotatoria,Asciutto,Assente,Sereno,11.43898643618201,45.6334868745215,0,26.0,13,0,1,0,0,24,50
7,Lunedì,Mattino,ROANA,SP 349 Costo,Curva,Asciutto,Verticale,Sereno,11.438947538626095,45.938729819686294,0,86.0,0,0,0,0,0,0,50
5,Sabato,Notte,ASIAGO,SP 349 Costo,Rotatoria,Bagnato,Orizzontale,Pioggia,11.494086046371152,45.8792766026412,0,77.0,0,0,0,0,0,0,50
5,Sabato,Sera,COGOLLO DEL CENGIO,SP 350 Val d'Astico,Intersezione segnalata,Bagnato,Assente,Altro,11.427721090071731,45.78259822098451,0,176.0,0,0,0,0,0,0,20
1,Martedì,Sera,VALLI DEL PASUBIO,SP 046 Pasubio,Rettilineo,Bagnato,Temporanea di cantiere,Altro,11.239303958209106,45.74467790201612,0,9.0,0,0,0,0,0,0,40
7,Sabato,Pomeriggio,VICENZA,SP 046 Pasubio,Rettilineo,Asciutto,Orizzontale,Nebbia,11.501689689964472,45.55091746562685,0,55.0,0,0,0,0,0,0,50
3,Giovedì,Sera,COGOLLO DEL CENGIO,SP 349 Costo,Dosso,Asciutto,Verticale,Sereno,11.431362879526183,45.79716313537607,0,106.0,0,0,0,0,0,0,70
5,Martedì,Sera,VALLI DEL PASUBIO,SP 046 Pasubio,Galleria illuminata,Sdrucciolevole,Temporanea di cantiere,Pioggia,11.197567081786769,45.76294742441119,0,4.0,0,0,0,0,0,0,50
7,Sabato,Pomeriggio,MALO,SP 046 Pasubio,Incrocio,Asciutto,Verticale,Sereno,11.402165392297418,45.67865024712415,0,18.0,1,0,0,0,0,5,90
9,Lunedì,Mattino,SCHIO,SP 046 var Torrebelvicino,Incrocio,Bagnato,Orizzontale,Vento forte,11.333025833405207,45.71398772337424,0,71.0,0,0,0,0,0,0,70
4,Martedì,Pomeriggio,COGOLLO DEL CENGIO,SP 349 Costo,Curva,Asciutto,Verticale,Sereno,11.44070772932611,45.783135228709305,0,113.0,0,0,0,0,0,0,70
5,Venerdì,Sera,VALLI DEL PASUBIO,SP 046 Pasubio,Dosso,Bagnato,Verticale,Sereno,11.197004921935488,45.76173627224059,0,4.0,0,0,0,0,0,0,50
1,Domenica,Notte,COGOLLO DEL CENGIO,SP 349 Costo,Rotatoria,Bagnato,Verticale,Sereno,11.422737115056073,45.803544224698385,0,103.0,0,0,0,0,0,0,70
5,Lunedì,Notte,ISOLA VICENTINA,SP 046 Pasubio,Rotatoria,Bagnato,Orizzontale,Nebbia,11.476516296724617,45.609201343749305,0,33.0,0,0,0,0,0,14,60
7,Giovedì,Pomeriggio,ROANA,SP 349 Costo,Rettilineo,Asciutto,Verticale,Vento forte,11.457265892269982,45.85722214257467,0,117.0,0,0,0,0,0,0,50
8,Martedì,Pomeriggio,ROANA,SP 349 Costo,Curva,Asciutto,Temporanea di cantiere,Sereno,11.456629708875392,45.856253580680814,0,117.0,0,0,0,0,0,0,50
4,Giovedì,Pomeriggio,COGOLLO DEL CENGIO,SP 349 Costo,Galleria illuminata,Bagnato,Assente,Sereno,11.425840547726784,45.796059984907934,0,108.0,0,0,0,0,2,0,70
1,Martedì,Notte,COGOLLO DEL CENGIO,SP 349 Costo,Rotatoria,Asciutto,Verticale,Nebbia,11.43503989132523,45.817327869805375,0,101.0,0,0,0,0,0,0,45
7,Mercoledì,Pomeriggio,TORREBELVICINO,SP 046 Pasubio,Intersezione non segnalata,Sdrucciolevole,Assente,Neve,11.287692252993429,45.72110704059713,0,14.0,0,0,0,0,0,0,30
8,Mercoledì,Pomeriggio,VALLI DEL PASUBIO,SP 046 Pasubio,Dosso,Bagnato,Temporanea di cantiere,Nebbia,11.19204365705841,45.75870926908344,0,2.0,1,0,0,0,0,0,50
2,Domenica,Pomeriggio,COSTABISSARA,SP 046 Pasubio,Intersezione non segnalata,Asciutto,Assente,Sereno,11.493222903948546,45.60345436835282,0,37.0,11,0,0,0,0,12,50
7,Domenica,Mattino,COGOLLO DEL CENGIO,SP 350 Val d'Astico,Rotatoria,Bagnato,Verticale,Pioggia,11.422358867215966,45.78457224380272,0,175.0,6,1,6,0,0,0,50
2,Giovedì,Sera,VICENZA,SP 046 Pasubio,Rotatoria,Asciutto,Temporanea di cantiere,Vento forte,11.50651472077802,45.54469936234163,0,57.0,0,0,0,0,0,0,90
6,Giovedì,Mattino,VICENZA,SP 046 Pasubio,Rotatoria,Bagnato,Verticale,Sereno,11.498508818063732,45.555586738387746,0,55.0,0,0,0,0,0,0,50
8,Mercoledì,Notte,ROANA,SP 349 Costo,Incrocio,Asciutto,Temporanea di cantiere,Sereno,11.442661611013092,45.93485159246429,0,86.0,0,0,0,0,0,0,50
9,Martedì,Sera,ROANA,SP 349 Costo,Curva,Asciutto,Temporanea di cantiere,Sereno,11.471985613808206,45.88674663125053,0,79.0,0,0,0,0,0,0,50
9,Domenica,Notte,ROANA,SP 349 Costo,Intersezione con semaforo o vigile,Asciutto,Verticale,Sereno,11.437113974958896,45.81997281661888,0,101.0,0,0,0,0,0,0,45
10,Sabato,Notte,SANTORSO,SP 349 Costo,Curva,Bagnato,Orizzontale,Nebbia,11.386250424033946,45.73219939978145,0,74.0,6,1,0,0,0,0,50
3,Giovedì,Notte,SANTORSO,SP 349 Costo,Intersezione con semaforo o vigile,Bagnato,Temporanea di cantiere,Sereno,11.381797182362304,45.73105452195036,0,74.0,6,1,0,0,0,0,50
11,Giovedì,Mattino,THIENE,SP 349 Costo,Curva,Bagnato,Orizzontale,Sereno,11.489176057397552,45.669895834874296,0,137.0,9,0,3,0,2,0,130
5,Lunedì,Notte,VILLAVERLA,SP 349 Costo,Pendenza,Bagnato,Assente,Sereno,11.493381128797704,45.64763200733509,0,139.0,11,0,4,0,2,0,50
5,Sabato,Pomeriggio,ROANA,SP 349 Costo,Curva,Bagnato,Verticale,Vento forte,11.489198930549517,45.869637350966336,0,134.0,0,0,0,0,0,0,70
10,Lunedì,Pomeriggio,SANTORSO,SP 349 Costo,Galleria illuminata,Sdrucciolevole,Orizzontale,Neve,11.397427504504424,45.735042210930914,0,75.0,4,0,0,0,0,0,70
4,Giovedì,Pomeriggio,PIOVENE ROCCHETTE,SP 349 Costo,Curva,Asciutto,Assente,Sereno,11.43124862475505,45.7492025872504,0,97.0,7,0,0,0,0,0,50
9,Sabato,Notte,VICENZA,SP 046 Pasubio,Incrocio,Asciutto,Verticale,Sereno,11.503211409105878,45.54863025582673,0,56.0,0,0,0,0,0,0,70
8,Domenica,Sera,VALLI DEL PASUBIO,SP 046 Pasubio,Intersezione non segnalata,Sdrucciolevole,Temporanea di cantiere,Neve,11.270355344143011,45.73500726291518,0,12.0,2,0,0,0,0,0,50
7,Lunedì,Sera,VICENZA,SP 046 Pasubio,Galleria illuminata,Bagnato,Orizzontale,Pioggia,11.508162513029031,45.54062010266143,0,60.0,0,0,0,0,0,0,70
2,Mercoledì,Notte,SANTORSO,SP 349 Costo,Intersezione non segnalata,Asciutto,Verticale,Sereno,11.39495377185284,45.73445212865091,0,75.0,4,0,0,0,0,0,70
8,Mercoledì,Pomeriggio,VALLI DEL PASUBIO,SP 046 Pasubio,Intersezione con semaforo o vigile,Asciutto,Temporanea di cantiere,Altro,11.21645971846752,45.754415868671416,0,7.0,1,0,0,0,0,0,45
3,Sabato,Mattino,VALDASTICO,SP 350 Val d'Astico,Intersezione non segnalata,Asciutto,Orizzontale,Sereno,11.344485859554348,45.89390573491208,0,159.0,0,0,0,0,0,0,50
7,Domenica,Pomeriggio,VALLI DEL PASUBIO,SP 046 Pasubio,Pendenza,Sdrucciolevole,Orizzontale,Pioggia,11.233893693570405,45.749751496752246,0,9.0,0,0,0,0,0,0,40
7,Giovedì,Notte,SANTORSO,SP 349 Costo,Incrocio,Bagnato,Verticale,Sereno,11.376183950062826,45.729601046638805,0,73.0,6,4,0,0,0,0,70
10,Martedì,Mattino,SANTORSO,SP 349 Costo,Dosso,Sdrucciolevole,Verticale,Pioggia,11.412556437655375,45.740025575378795,0,94.0,4,0,0,0,1,0,50
12,Mercoledì,Mattino,VALDASTICO,SP 350 Val d'Astico,Rotatoria,Asciutto,Temporanea di cantiere,Sereno,11.333475050842017,45.896969684136344,0,158.0,0,0,0,0,0,0,50
3,Mercoledì,Notte,CALDOGNO,SP 349 Costo,Rettilineo,Asciutto,Assente,Sereno,11.491677065640474,45.63197992145956,0,142.0,0,0,0,0,0,0,90
2,Domenica,Sera,VALLI DEL PASUBIO,SP 046 Pasubio,Rotatoria,Bagnato,Assente,Sereno,11.229188062912865,45.75062417587757,0,8.0,0,0,0,0,0,0,70
7,Lunedì,Pomeriggio,COGOLLO DEL CENGIO,SP 349 Costo,Dosso,Sdrucciolevole,Orizzontale,Altro,11.435398944698967,45.79597948985587,0,106.0,0,0,0,0,0,0,70
12,Venerdì,Sera,ROANA,SP 349 Costo,Incrocio,Bagnato,Temporanea di cantiere,Sereno,11.475699932322296,45.866027735499,0,132.0,17,0,5,0,0,0,50
2,Martedì,Mattino,VALLI DEL PASUBIO,SP 046 Pasubio,Intersezione segnalata,Bagnato,Verticale,Pioggia,11.21843049847176,45.75505411159078,0,7.0,1,0,0,0,0,0,45
6,Mercoledì,Sera,ASIAGO,SP 349 Costo,Rotatoria,Asciutto,Verticale,Sereno,11.39762942008442,45.94689032985627,0,91.0,0,0,0,0,0,0,50
5,Mercoledì,Mattino,COGOLLO DEL CENGIO,SP 349 Costo,Pendenza,Ghiacciato,Orizzontale,Neve,11.44353150088562,45.783162574748985,0,112.0,0,0,0,0,2,0,70
4,Venerdì,Mattino,ROANA,SP 349 Costo,Rettilineo,Asciutto,Assente,Sereno,11.441009171383634,45.842553106334144,0,120.0,0,0,2,0,0,0,50
8,Mercoledì,Pomeriggio,ASIAGO,SP 349 Costo,Pendenza,Bagnato,Orizzontale,Sereno,11.49011133980892,45.869449395167784,0,134.0,0,0,0,0,0,0,70
4,Martedì,Sera,CALDOGNO,SP 349 Costo,Intersezione non segnalata,Sdrucciolevole,Assente,Altro,11.490399038810132,45.61428466527187,0,143.0,0,0,0,0,0,3,70
6,Lunedì,Mattino,COGOLLO DEL CENGIO,SP 349 Costo,Intersezione non segnalata,Bagnato,Verticale,Sereno,11.43016075239942,45.795055192040984,0,108.0,0,0,0,0,2,0,70
11,Sabato,Mattino,VILLAVERLA,SP 349 Costo,Rettilineo,Asciutto,Assente,Sereno,11.494474422969231,45.65151945849989,0,139.0,11,0,4,0,2,0,50
5,Martedì,Pomeriggio,ASIAGO,SP 349 Costo,Rotatoria,Bagnato,Verticale,Vento forte,11.498160721329397,45.87001683559462,0,133.0,4,0,6,0,1,0,50
1,Lunedì,Sera,COGOLLO DEL CENGIO,SP 349 Costo,Intersezione segnalata,Bagnato,Temporanea di cantiere,Sereno,11.433504653948471,45.794363267293406,0,108.0,0,0,0,0,2,0,70
11,Lunedì,Notte,ASIAGO,SP 349 Costo,Pendenza,Bagnato,Assente,Sereno,11.501711463006576,45.875604881124445,0,76.0,5,0,4,0,0,0,50
10,Domenica,Sera,COGOLLO DEL CENGIO,SP 349 Costo,Dosso,Bagnato,Temporanea di cantiere,Nebbia,11.445069630747485,45.78223865658529,0,112.0,0,0,0,0,2,0,70
10,Lunedì,Mattino,ASIAGO,SP 349 Costo,Rettilineo,Sdrucciolevole,Assente,Altro,11.49819197643871,45.87720963858638,0,76.0,5,0,4,0,0,0,50
7,Lunedì,Pomeriggio,MALO,SP 046 Pasubio,Intersezione non segnalata,Bagnato,Assente,Pioggia,11.43735865895437,45.63541231956598,0,26.0,13,0,1,0,0,24,50
2,Sabato,Pomeriggio,PIOVENE ROCCHETTE,SP 349 Costo,Curva,Bagnato,Orizzontale,Pioggia,11.433834447656984,45.754977302551445,0,122.0,12,0,0,0,0,0,50
12,Venerdì,Pomeriggio,MARANO VICENTINO,SP 349 var Costo Variante,Intersezione con semaforo o vigile,Asciutto,Assente,Sereno,11.42777791833443,45.71800639978418,0,145.0,0,0,0,0,0,0,40
9,Martedì,Mattino,ROANA,SP 349 Costo,Intersezione non segnalata,Asciutto,Temporanea di cantiere,Sereno,11.472885151698206,45.863718847557266,0,132.0,17,0,5,0,0,0,50
6,Martedì,Pomeriggio,ZANE',SP 349 Costo,Pendenza,Bagnato,Temporanea di cantiere,Sereno,11.443600333169629,45.73390252421501,0,125.0,2,1,0,0,0,11,50
11,Giovedì,Pomeriggio,COGOLLO DEL CENGIO,SP 349 Costo,Curva,Bagnato,Assente,Sereno,11.439230834328916,45.78445847351383,0,112.0,0,0,0,0,2,0,70
10,Sabato,Pomeriggio,VICENZA,SP 046 Pasubio,Dosso,Asciutto,Assente,Sereno,11.494421071642387,45.56548639974666,0,47.0,0,0,0,0,0,0,90
3,Domenica,Mattino,COSTABISSARA,SP 046 Pasubio,Intersezione segnalata,Bagnato,Orizzontale,Sereno,11.49644689621058,45.57333296074521,0,53.0,0,0,0,0,0,0,90
8,Domenica,Notte,THIENE,SP 349 Costo,Galleria illuminata,Asciutto,Orizzontale,Sereno,11.486983847935358,45.67680132910346,0,136.0,3,0,0,0,1,0,70
1,Mercoledì,Sera,ROANA,SP 349 Costo,Pendenza,Asciutto,Assente,Sereno,11.469543893141829,45.88946934320094,0,80.0,0,0,0,0,0,0,50
5,Lunedì,Pomeriggio,ISOLA VICENTINA,SP 046 Pasubio,Dosso,Bagnato,Verticale,Sereno,11.470784130945496,45.61031275433792,0,32.0,0,0,0,0,0,0,60
2,Sabato,Sera,ZANE',SP 349 Costo,Intersezione segnalata,Asciutto,Verticale,Sereno,11.44423580467007,45.7330661814694,0,125.0,2,1,0,0,0,11,50
2,Sabato,Sera,LASTEBASSE,SP 350 Val d'Astico,Pendenza,Asciutto,Temporanea di cantiere,Sereno,11.274526172040083,45.91542446330921,0,152.0,2,0,2,0,0,0,50
9,Domenica,Notte,ROANA,SP 349 Costo,Pendenza,Asciutto,Orizzontale,Sereno,11.43816470524964,45.821072002065165,0,101.0,0,0,0,0,0,0,45
7,Lunedì,Mattino,VICENZA,SP 046 Pasubio,Rettilineo,Bagnato,Assente,Nebbia,11.509626403315885,45.579766756125494,0,61.0,0,0,0,0,0,6,40
5,Sabato,Sera,SAN VITO DI LEGUZZANO,SP 046 Pasubio,Intersezione segnalata,Bagnato,Orizzontale,Vento forte,11.397595916665148,45.68666575942232,0,17.0,0,0,0,0,0,0,90
3,Mercoledì,Notte,MARANO VICENTINO,SP 349 var Costo Variante,Rotatoria,Bagnato,Verticale,Nebbia,11.437455225019615,45.71279054747675,0,146.0,0,0,0,1,0,0,40
10,Venerdì,Notte,ARSIERO,SP 350 Val d'Astico,Rotatoria,Sdrucciolevole,Assente,Pioggia,11.366978061187174,45.82388631101314,0,167.0,1,0,0,0,0,0,50
8,Mercoledì,Sera,VALLI DEL PASUBIO,SP 046 Pasubio,Galleria illuminata,Bagnato,Verticale,Altro,11.1929703186528,45.76042881907626,0,2.0,1,0,0,0,0,0,50
8,Giovedì,Notte,COGOLLO DEL CENGIO,SP 350 Val d'Astico,Rotatoria,Asciutto,Orizzontale,Sereno,11.411201177391552,45.78909158694718,0,174.0,3,0,0,0,0,0,70
3,Domenica,Sera,ZANE',SP 349 Costo,Rettilineo,Sdrucciolevole,Orizzontale,Pioggia,11.44488552388547,45.732088019815656,0,125.0,2,1,0,0,0,11,50
2,Venerdì,Mattino,VALLI DEL PASUBIO,SP 046 Pasubio,Intersezione con semaforo o vigile,Asciutto,Verticale,Sereno,11.23650579452409,45.74835247954952,0,9.0,0,0,0,0,0,0,40
2,Sabato,Mattino,ROANA,SP 349 Costo,Galleria illuminata,Asciutto,Verticale,Sereno,11.447827453740334,45.929489971464456,0,85.0,0,0,0,0,0,0,50
1,Domenica,Notte,COGOLLO DEL CENGIO,SP 349 Costo,Dosso,Asciutto,Verticale,Sereno,11.431472883282929,45.79487539206446,0,108.0,0,0,0,0,2,0,70
12,Domenica,Mattino,LASTEBASSE,SP 350 Val d'Astico,Dosso,Bagnato,Orizzontale,Sereno,11.29531124341251,45.91221616062167,0,154.0,0,0,0,0,0,0,50
5,Venerdì,Sera,MALO,SP 046 Pasubio,Curva,Bagnato,Temporanea di cantiere,Nebbia,11.403790697844554,45.675129568989234,0,19.0,5,0,0,0,0,3,50
8,Sabato,Sera,VICENZA,SP 046 Pasubio,Incrocio,Bagnato,Orizzontale,Sereno,11.495623513208375,45.57257277671947,0,53.0,0,0,0,0,0,0,90
12,Domenica,Mattino,VILLAVERLA,SP 349 Costo,Intersezione segnalata,Bagnato,Assente,Pioggia,11.493574705611197,45.64917997990427,0,139.0,11,0,4,0,2,0,50
12,Domenica,Notte,ISOLA VICENTINA,SP 046 Pasubio,Dosso,Asciutto,Orizzontale,Vento forte,11.450132814672596,45.624574406584394,0,28.0,4,0,0,0,0,5,50
4,Giovedì,Pomeriggio,COGOLLO DEL CENGIO,SP 349 Costo,Rotatoria,Asciutto,Assente,Sereno,11.442016489317377,45.781855310958946,0,113.0,0,0,0,0,0,0,70
6,Giovedì,Pomeriggio,LASTEBASSE,SP 350 Val d'Astico,Intersezione con semaforo o vigile,Asciutto,Assente,Sereno,11.270299576894578,45.91614615607257,0,152.0,2,0,2,0,0,0,50
6,Martedì,Pomeriggio,ARSIERO,SP 350 Val d'Astico,Intersezione segnalata,Asciutto,Temporanea di cantiere,Sereno,11.360872346357226,45.80938336079494,0,169.0,10,2,8,0,0,0,50
1,Giovedì,Mattino,ROANA,SP 349 Costo,Intersezione non segnalata,Asciutto,Temporanea di cantiere,Sereno,11.461253298573812,45.90366746011705,0,82.0,0,0,1,0,0,0,50
10,Domenica,Sera,MALO,SP 046 Pasubio,Rotatoria,Sdrucciolevole,Orizzontale,Altro,11.432123306317456,45.6397896838135,0,24.0,8,1,0,0,0,13,50
7,Martedì,Notte,SCHIO,SP 046 Pasubio,Intersezione non segnalata,Bagnato,Temporanea di cantiere,Pioggia,11.390328850107874,45.69241236995842,0,16.0,0,0,0,0,0,0,50
5,Giovedì,Pomeriggio,VICENZA,SP 046 Pasubio,Rotatoria,Sdrucciolevole,Verticale,Pioggia,11.508348616363469,45.54166878858714,0,62.0,0,0,0,0,0,0,90
7,Mercoledì,Notte,ROANA,SP 349 Costo,Curva,Bagnato,Verticale,Sereno,11.4631314470206,45.902053317263665,0,81.0,0,0,0,0,0,0,50
9,Venerdì,Mattino,CALDOGNO,SP 349 Costo,Pendenza,Bagnato,Temporanea di cantiere,Pioggia,11.49100315303208,45.61923706638527,0,143.0,0,0,0,0,0,3,70
1,Giovedì,Pomeriggio,ROANA,SP 349 Costo,Rotatoria,Bagnato,Assente,Pioggia,11.452036800775812,45.92381190668674,0,84.0,0,0,0,0,0,0,50
8,Martedì,Sera,VICENZA,SP 046 Pasubio,Intersezione con semaforo o vigile,Asciutto,Temporanea di cantiere,Sereno,11.51009532805554,45.57990874067398,0,61.0,0,0,0,0,0,6,40
11,Mercoledì,Pomeriggio,VALLI DEL PASUBIO,SP 046 Pasubio,Curva,Bagnato,Assente,Sereno,11.19694542800673,45.76180789234864,0,4.0,0,0,0,0,0,0,50
9,Martedì,Mattino,MALO,SP 046 Pasubio,Dosso,Bagnato,Assente,Sereno,11.400037518792166,45.683216389520915,0,17.0,0,0,0,0,0,0,90
8,Giovedì,Notte,COSTABISSARA,SP 046 Pasubio,Intersezione segnalata,Bagnato,Orizzontale,Sereno,11.496555007406746,45.57341622816345,0,53.0,0,0,0,0,0,0,90
2,Domenica,Notte,VICENZA,SP 046 Pasubio,Curva,Asciutto,Orizzontale,Vento forte,11.49821142454424,45.55603013267135,0,55.0,0,0,0,0,0,0,50
9,Venerdì,Notte,COGOLLO DEL CENGIO,SP 349 Costo,Intersezione non segnalata,Sdrucciolevole,Assente,Pioggia,11.428344404267154,45.793067291513225,0,110.0,0,0,0,0,0,0,70
10,Venerdì,Notte,PIOVENE ROCCHETTE,SP 349 Costo,Curva,Bagnato,Assente,Sereno,11.44171356886744,45.75928209491032,0,123.0,10,0,4,0,2,10,50
6,Sabato,Mattino,ROANA,SP 349 Costo,Intersezione segnalata,Bagnato,Verticale,Altro,11.44345472413717,45.93282974680962,0,85.0,0,0,0,0,0,0,50
7,Domenica,Notte,ROANA,SP 349 Costo,Intersezione con semaforo o vigile,Asciutto,Temporanea di cantiere,Sereno,11.477316543180375,45.86756628670055,0,132.0,17,0,5,0,0,0,50
8,Domenica,Notte,ISOLA VICENTINA,SP 046 Pasubio,Curva,Asciutto,Temporanea di cantiere,Sereno,11.473746059590828,45.609454340847535,0,33.0,0,0,0,0,0,14,60
4,Giovedì,Sera,COGOLLO DEL CENGIO,SP 349 Costo,Incrocio,Sdrucciolevole,Verticale,Altro,11.436221826676745,45.7968428612999,0,105.0,0,0,0,0,0,0,70
10,Sabato,Sera,COGOLLO DEL CENGIO,SP 350 Val d'Astico,Curva,Bagnato,Orizzontale,Pioggia,11.401018289137166,45.7920961696353,0,173.0,0,0,1,0,0,0,90
12,Lunedì,Notte,VALLI DEL PASUBIO,SP 046 Pasubio,Dosso,Asciutto,Temporanea di cantiere,Sereno,11.214455993315688,45.75547868530841,0,7.0,1,0,0,0,0,0,45
4,Lunedì,Pomeriggio,TORREBELVICINO,SP 046 Pasubio,Pendenza,Asciutto,Orizzontale,Altro,11.290239466399,45.719472742671705,0,15.0,0,0,0,0,0,0,50
5,Martedì,Sera,VALDASTICO,SP 350 Val d'Astico,Intersezione non segnalata,Bagnato,Assente,Nebbia,11.355705608243186,45.884527029911766,0,160.0,1,0,1,0,0,0,50
2,Lunedì,Mattino,COGOLLO DEL CENGIO,SP 350 Val d'Astico,Intersezione con semaforo o vigile,Asciutto,Assente,Sereno,11.392941389168149,45.79349617744178,0,173.0,0,0,1,0,0,0,90
4,Martedì,Pomeriggio,VALLI DEL PASUBIO,SP 046 Pasubio,Dosso,Asciutto,Verticale,Sereno,11.208362825345588,45.75903052117711,0,6.0,0,0,0,0,0,0,50
1,Lunedì,Mattino,VICENZA,SP 046 Pasubio,Incrocio,Innevato,Orizzontale,Neve,11.499007947910938,45.5548425515448,0,55.0,0,0,0,0,0,0,50
3,Lunedì,Notte,PIOVENE ROCCHETTE,SP 350 Val d'Astico,Intersezione segnalata,Asciutto,Verticale,Vento forte,11.438340938924744,45.75882802464488,0,179.0,10,0,4,0,1,0,50
8,Mercoledì,Mattino,CALDOGNO,SP 349 Costo,Intersezione con semaforo o vigile,Bagnato,Verticale,Sereno,11.49043503330349,45.61648021798359,0,143.0,0,0,0,0,0,3,70
5,Martedì,Notte,MALO,SP 046 Pasubio,Galleria illuminata,Bagnato,Assente,Sereno,11.422221499126971,45.649516880538734,0,23.0,2,0,0,0,0,98,45
12,Giovedì,Notte,COGOLLO DEL CENGIO,SP 349 Costo,Intersezione con semaforo o vigile,Sdrucciolevole,Orizzontale,Pioggia,11.42748548701906,45.795189559076206,0,108.0,0,0,0,0,2,0,70
11,Sabato,Notte,ASIAGO,SP 349 Costo,Curva,Asciutto,Assente,Sereno,11.407967962389172,45.94579934793379,0,90.0,0,0,0,0,0,0,50
9,Lunedì,Mattino,COGOLLO DEL CENGIO,SP 349 Costo,Rettilineo,Asciutto,Verticale,Sereno,11.432351552266152,45.79543364295016,0,107.0,0,0,0,0,2,0,70
9,Venerdì,Notte,VALLI DEL PASUBIO,SP 046 Pasubio,Galleria illuminata,Asciutto,Temporanea di cantiere,Sereno,11.205152470423023,45.75881782185334,0,5.0,0,0,0,0,0,0,50
7,Sabato,Sera,CALTRANO,SP 349 Costo,Dosso,Asciutto,Orizzontale,Nebbia,11.44962753158611,45.774712645128766,0,128.0,3,0,2,0,0,0,50
12,Mercoledì,Notte,COGOLLO DEL CENGIO,SP 349 Costo,Rotatoria,Asciutto,Assente,Sereno,11.42911917015484,45.79519706506721,0,108.0,0,0,0,0,2,0,70
2,Sabato,Notte,ROANA,SP 349 Costo,Intersezione con semaforo o vigile,Asciutto,Temporanea di cantiere,Sereno,11.442851869461954,45.843901002809865,0,120.0,0,0,2,0,0,0,50
9,Lunedì,Pomeriggio,ISOLA VICENTINA,SP 046 Pasubio,Rettilineo,Bagnato,Temporanea di cantiere,Altro,11.483538070182178,45.60755323134432,0,33.0,0,0,0,0,0,14,60
2,Giovedì,Notte,ROANA,SP 349 Costo,Rettilineo,Sdrucciolevole,Assente,Pioggia,11.437545010725469,45.82040311654511,0,101.0,0,0,0,0,0,0,45
5,Giovedì,Mattino,VALDASTICO,SP 350 Val d'Astico,Dosso,Asciutto,Assente,Sereno,11.35558033329812,45.88508291031376,0,160.0,1,0,1,0,0,0,50
4,Lunedì,Sera,ROANA,SP 349 Costo,Galleria illuminata,Bagnato,Orizzontale,Sereno,11.453301633478938,45.849154050633885,0,118.0,0,0,0,0,0,0,50
8,Mercoledì,Mattino,ROANA,SP 349 Costo,Galleria illuminata,Asciutto,Temporanea di cantiere,Nebbia,11.433883814831988,45.84094845950479,0,121.0,4,0,2,0,0,0,50
10,Martedì,Mattino,ROANA,SP 349 Costo,Intersezione non segnalata,Asciutto,Verticale,Sereno,11.479360294855322,45.882122958922054,0,78.0,0,0,1,0,0,0,50
1,Sabato,Notte,SANTORSO,SP 349 Costo,Intersezione segnalata,Asciutto,Orizzontale,Sereno,11.391574603301764,45.733565424622,0,74.0,6,1,0,0,0,0,50
8,Giovedì,Mattino,ROANA,SP 349 Costo,Rettilineo,Asciutto,Assente,Sereno,11.444783642897374,45.846266238784175,0,120.0,0,0,2,0,0,0,50
3,Sabato,Pomeriggio,LASTEBASSE,SP 350 Val d'Astico,Incrocio,Asciutto,Verticale,Sereno,11.27667371847503,45.915025491919195,0,152.0,2,0,2,0,0,0,50
1,Giovedì,Sera,COSTABISSARA,SP 046 Pasubio,Galleria illuminata,Sdrucciolevole,Orizzontale,Pioggia,11.499774300436098,45.57538259495887,0,52.0,0,0,0,0,0,0,70
6,Giovedì,Pomeriggio,ASIAGO,SP 349 Costo,Galleria illuminata,Asciutto,Temporanea di cantiere,Sereno,11.39671071860515,45.94771465324549,0,91.0,0,0,0,0,0,0,50
7,Giovedì,Sera,VICENZA,SP 046 rac Pasubio Raccordo del Sole,Rotatoria,Asciutto,Assente,Sereno,11.50871293098633,45.53865981813538,0,66.0,0,0,0,0,0,2,90
3,Lunedì,Pomeriggio,SANTORSO,SP 349 Costo,Rettilineo,Asciutto,Assente,Sereno,11.411511405468111,45.73948351963538,0,94.0,4,0,0,0,1,0,50
5,Giovedì,Mattino,VALLI DEL PASUBIO,SP 046 Pasubio,Galleria illuminata,Asciutto,Assente,Sereno,11.185392293457,45.75740969635265,0,1.0,0,0,0,0,0,0,50
12,Sabato,Sera,ASIAGO,SP 349 Costo,Intersezione non segnalata,Asciutto,Verticale,Sereno,11.493346654364546,45.86811544202856,0,134.0,0,0,0,0,0,0,70
5,Venerdì,Sera,ARSIERO,SP 350 Val d'Astico,Incrocio,Asciutto,Assente,Vento forte,11.36098819127541,45.80959266385558,0,169.0,10,2,8,0,0,0,50
12,Venerdì,Pomeriggio,VICENZA,SP 046 Pasubio,Intersezione non segnalata,Asciutto,Verticale,Sereno,11.50722048563085,45.54455508687258,0,51.0,0,0,0,0,0,0,90
11,Domenica,Sera,ROANA,SP 349 Costo,Dosso,Bagnato,Verticale,Sereno,11.456735491101083,45.913451871931926,0,83.0,0,0,0,0,0,0,50
5,Martedì,Mattino,VALLI DEL PASUBIO,SP 046 Pasubio,Intersezione non segnalata,Asciutto,Temporanea di cantiere,Sereno,11.236883706962535,45.74773206842546,0,9.0,0,0,0,0,0,0,40
7,Venerdì,Notte,ZANE',SP 349 var Costo Variante,Dosso,Bagnato,Verticale,Pioggia,11.443265075373294,45.7098686731584,0,147.0,0,0,0,0,0,0,90
9,Sabato,Pomeriggio,MALO,SP 046 Pasubio,Rettilineo,Asciutto,Verticale,Sereno,11.406844561253523,45.665823228098624,0,21.0,8,0,0,0,0,37,50
6,Domenica,Mattino,VALDASTICO,SP 350 Val d'Astico,Dosso,Sdrucciolevole,Temporanea di cantiere,Altro,11.364708627385312,45.850758372693576,0,164.0,0,0,0,0,0,0,50
5,Venerdì,Pomeriggio,ROANA,SP 349 Costo,Intersezione con semaforo o vigile,Bagnato,Verticale,Pioggia,11.47229057780576,45.88528692323483,0,79.0,0,0,0,0,0,0,50
4,Martedì,Sera,COGOLLO DEL CENGIO,SP 350 Val d'Astico,Incrocio,Asciutto,Temporanea di cantiere,Sereno,11.426589676815484,45.77296069118121,0,177.0,3,0,3,0,0,0,50
2,Domenica,Notte,CALDOGNO,SP 349 Costo,Intersezione non segnalata,Bagnato,Assente,Pioggia,11.492913273115356,45.6051042886769,0,144.0,1,0,0,0,0,0,70
1,Martedì,Sera,VALDASTICO,SP 350 Val d'Astico,Pendenza,Bagnato,Assente,Sereno,11.356045317135834,45.88237262379293,0,160.0,1,0,1,0,0,0,50
5,Mercoledì,Mattino,LASTEBASSE,SP 350 Val d'Astico,Curva,Sdrucciolevole,Orizzontale,Altro,11.327651757223313,45.90012506115246,0,157.0,0,0,0,0,0,0,50
10,Mercoledì,Notte,VALDASTICO,SP 350 Val d'Astico,Incrocio,Bagnato,Orizzontale,Altro,11.339492970711904,45.89487373949259,0,158.0,0,0,0,0,0,0,50
3,Sabato,Mattino,THIENE,SP 349 Costo,Intersezione segnalata,Bagnato,Orizzontale,Sereno,11.488150670770509,45.673068196699106,0,137.0,9,0,3,0,2,0,130
3,Sabato,Sera,CALDOGNO,SP 349 Costo,Incrocio,Bagnato,Assente,Pioggia,11.491741706737038,45.60780463161576,0,144.0,1,0,0,0,0,0,70
4,Lunedì,Notte,VALLI DEL PASUBIO,SP 046 Pasubio,Rotatoria,Bagnato,Temporanea di cantiere,Sereno,11.228087627316594,45.75105575930187,0,8.0,0,0,0,0,0,0,70
8,Domenica,Sera,SCHIO,SP 349 var Costo Variante,Curva,Bagnato,Orizzontale,Sereno,11.423350845740572,45.7224467187591,0,145.0,0,0,0,0,0,0,40
3,Sabato,Pomeriggio,COSTABISSARA,SP 046 Pasubio,Rettilineo,Bagnato,Verticale,Nebbia,11.498358203473757,45.5913417015747,0,42.0,7,0,1,0,0,20,50
3,Giovedì,Notte,VILLAVERLA,SP 349 Costo,Dosso,Bagnato,Verticale,Altro,11.491451535161234,45.63596193167583,0,141.0,3,0,2,0,0,0,50
2,Mercoledì,Notte,COGOLLO DEL CENGIO,SP 350 Val d'Astico,Dosso,Asciutto,Temporanea di cantiere,Sereno,11.418689907352714,45.7858994613751,0,175.0,6,1,6,0,0,0,50
4,Lunedì,Notte,ASIAGO,SP 349 Costo,Dosso,Bagnato,Verticale,Pioggia,11.490313432315428,45.86934975054088,0,134.0,0,0,0,0,0,0,70
3,Giovedì,Sera,COSTABISSARA,SP 046 Pasubio,Pendenza,Sdrucciolevole,Orizzontale,Pioggia,11.486110181629307,45.60664368805046,0,34.0,7,0,0,0,0,32,70
10,Lunedì,Pomeriggio,COGOLLO DEL CENGIO,SP 349 Costo,Galleria illuminata,Asciutto,Verticale,Sereno,11.422314299520972,45.80240925107826,0,103.0,0,0,0,0,0,0,70
11,Lunedì,Pomeriggio,PIOVENE ROCCHETTE,SP 350 Val d'Astico,Dosso,Bagnato,Verticale,Pioggia,11.425529562446368,45.77006741623732,0,177.0,3,0,3,0,0,0,50
5,Domenica,Notte,COSTABISSARA,SP 046 Pasubio,Incrocio,Bagnato,Assente,Pioggia,11.494479636569652,45.60127138649117,0,39.0,12,0,0,0,0,20,50
2,Venerdì,Mattino,TORREBELVICINO,SP 046 Pasubio,Curva,Bagnato,Temporanea di cantiere,Nebbia,11.278459818294865,45.72918837713613,0,13.0,1,0,0,0,0,0,30
2,Giovedì,Notte,VILLAVERLA,SP 349 Costo,Curva,Sdrucciolevole,Orizzontale,Altro,11.49235724145603,45.65981226695431,0,140.0,16,0,2,0,0,0,50
4,Domenica,Mattino,SANTORSO,SP 349 Costo,Pendenza,Bagnato,Orizzontale,Sereno,11.386709949519446,45.732318603854935,0,74.0,6,1,0,0,0,0,50
6,Venerdì,Mattino,COSTABISSARA,SP 046 Pasubio,Curva,Asciutto,Orizzontale,Sereno,11.493001688757666,45.603502437704655,0,35.0,14,0,0,0,0,7,50
7,Martedì,Sera,COGOLLO DEL CENGIO,SP 349 Costo,Dosso,Bagnato,Verticale,Sereno,11.424679310014508,45.80805291796055,0,103.0,0,0,0,0,0,0,70
4,Giovedì,Pomeriggio,VICENZA,SP 046 Pasubio,Rotatoria,Asciutto,Verticale,Sereno,11.498033508778573,45.55636938332846,0,46.0,0,0,0,0,0,0,90
5,Sabato,Pomeriggio,LASTEBASSE,SP 350 Val d'Astico,Rettilineo,Asciutto,Orizzontale,Sereno,11.304525574300882,45.90804508448258,0,155.0,0,0,0,0,0,0,50
4,Lunedì,Notte,VALDASTICO,SP 350 Val d'Astico,Pendenza,Bagnato,Orizzontale,Vento forte,11.367332072474474,45.842841462459525,0,165.0,2,0,0,0,0,0,50
7,Martedì,Notte,COGOLLO DEL CENGIO,SP 349 Costo,Dosso,Asciutto,Temporanea di cantiere,Sereno,11.430233829890325,45.81533080759906,0,102.0,0,0,0,0,2,0,70
9,Domenica,Mattino,ROANA,SP 349 Costo,Incrocio,Bagnato,Temporanea di cantiere,Pioggia,11.43340778633056,45.83396278009036,0,99.0,6,0,3,0,0,2,50
1,Mercoledì,Mattino,VALLI DEL PASUBIO,SP 046 Pasubio,Rettilineo,Asciutto,Orizzontale,Sereno,11.17900849268636,45.75766996028783,0,1.0,0,0,0,0,0,0,50
6,Lunedì,Mattino,VALDASTICO,SP 350 Val d'Astico,Pendenza,Asciutto,Orizzontale,Sereno,11.359474266386194,45.87703877990644,0,161.0,0,0,0,0,0,0,50
8,Domenica,Sera,VALLI DEL PASUBIO,SP 046 Pasubio,Intersezione segnalata,Sdrucciolevole,Verticale,Neve,11.240595808996538,45.74428594366447,0,9.0,0,0,0,0,0,0,40
9,Domenica,Sera,VALLI DEL PASUBIO,SP 046 Pasubio,Rettilineo,Bagnato,Orizzontale,Pioggia,11.221217931591262,45.7546058975793,0,7.0,1,0,0,0,0,0,45
7,Sabato,Pomeriggio,VALDASTICO,SP 350 Val d'Astico,Dosso,Bagnato,Orizzontale,Sereno,11.356306930933524,45.881903233440234,0,160.0,1,0,1,0,0,0,50
7,Lunedì,Sera,VICENZA,SP 046 Pasubio,Rettilineo,Sdrucciolevole,Orizzontale,Altro,11.51009218437196,45.580479480070586,0,61.0,0,0,0,0,0,6,40
9,Martedì,Mattino,PIOVENE ROCCHETTE,SP 350 Val d'Astico,Incrocio,Asciutto,Orizzontale,Sereno,11.428045687948565,45.76850821891711,0,177.0,3,0,3,0,0,0,50
5,Mercoledì,Notte,ASIAGO,SP 349 Costo,Intersezione non segnalata,Asciutto,Temporanea di cantiere,Sereno,11.488473736979554,45.880470362590025,0,78.0,0,0,1,0,0,0,50
7,Sabato,Mattino,ROANA,SP 349 Costo,Rettilineo,Asciutto,Temporanea di cantiere,Sereno,11.457583938173462,45.91122786296135,0,82.0,0,0,1,0,0,0,50
4,Lunedì,Pomeriggio,ROANA,SP 349 Costo,Galleria illuminata,Bagnato,Assente,Pioggia,11.436236425878493,45.94150260960086,0,86.0,0,0,0,0,0,0,50
6,Mercoledì,Pomeriggio,COGOLLO DEL CENGIO,SP 349 Costo,Dosso,Asciutto,Verticale,Sereno,11.430190815521534,45.79174289737081,0,110.0,0,0,0,0,0,0,70
2,Martedì,Mattino,ROANA,SP 349 Costo,Intersezione segnalata,Ghiacciato,Orizzontale,Neve,11.460140995780206,45.90469983997896,0,82.0,0,0,1,0,0,0,50
5,Venerdì,Notte,ROANA,SP 349 Costo,Incrocio,Asciutto,Assente,Sereno,11.487057605476457,45.868650800408766,0,134.0,0,0,0,0,0,0,70
2,Giovedì,Notte,LASTEBASSE,SP 350 Val d'Astico,Curva,Asciutto,Temporanea di cantiere,Sereno,11.31332033728861,45.90558384269192,0,156.0,1,0,0,0,0,0,50
3,Giovedì,Notte,VILLAVERLA,SP 349 Costo,Rotatoria,Bagnato,Assente,Vento forte,11.493644119295912,45.64972878208603,0,139.0,11,0,4,0,2,0,50
6,Giovedì,Sera,VICENZA,SP 046 Pasubio,Intersezione non segnalata,Bagnato,Verticale,Sereno,11.508185392921146,45.540881435581476,0,60.0,0,0,0,0,0,0,70
7,Domenica,Sera,VALLI DEL PASUBIO,SP 046 Pasubio,Incrocio,Asciutto,Verticale,Sereno,11.247418492808375,45.74410232046167,0,10.0,0,0,0,0,0,0,50
12,Venerdì,Sera,ROANA,SP 349 Costo,Rotatoria,Asciutto,Temporanea di cantiere,Sereno,11.442026527512017,45.843835582914224,0,120.0,0,0,2,0,0,0,50
1,Martedì,Notte,ISOLA VICENTINA,SP 046 Pasubio,Dosso,Asciutto,Verticale,Sereno,11.447342485925365,45.62641478490772,0,28.0,4,0,0,0,0,5,50
11,Sabato,Mattino,PIOVENE ROCCHETTE,SP 349 Costo,Rettilineo,Bagnato,Orizzontale,Sereno,11.437552234954596,45.75699624881072,0,122.0,12,0,0,0,0,0,50
4,Martedì,Notte,ROANA,SP 349 Costo,Intersezione non segnalata,Asciutto,Orizzontale,Sereno,11.43289078009736,45.83592923552555,0,99.0,6,0,3,0,0,2,50
9,Martedì,Mattino,ISOLA VICENTINA,SP 046 Pasubio,Pendenza,Asciutto,Temporanea di cantiere,Sereno,11.451807938032209,45.624011819759616,0,28.0,4,0,0,0,0,5,50
9,Sabato,Sera,SCHIO,SP 349 Costo,Rettilineo,Asciutto,Orizzontale,Sereno,11.369259254595692,45.727007386005816,0,73.0,6,4,0,0,0,0,70
12,Domenica,Mattino,ROANA,SP 349 Costo,Incrocio,Asciutto,Verticale,Sereno,11.452169010382187,45.923599853330806,0,84.0,0,0,0,0,0,0,50
2,Lunedì,Sera,VICENZA,SP 046 Pasubio,Galleria illuminata,Bagnato,Orizzontale,Sereno,11.506318431617332,45.58185211996336,0,43.0,0,0,0,0,0,7,40
12,Giovedì,Mattino,VALLI DEL PASUBIO,SP 046 Pasubio,Intersezione non segnalata,Asciutto,Orizzontale,Sereno,11.253458962908509,45.74336271650799,0,10.0,0,0,0,0,0,0,50
1,Lunedì,Sera,VALLI DEL PASUBIO,SP 046 Pasubio,Intersezione con semaforo o vigile,Bagnato,Temporanea di cantiere,Pioggia,11.213408391258437,45.75526922598922,0,6.0,0,0,0,0,0,0,50
11,Sabato,Mattino,ROANA,SP 349 Costo,Pendenza,Bagnato,Assente,Pioggia,11.4722777458187,45.862652485410926,0,132.0,17,0,5,0,0,0,50
8,Sabato,Mattino,VALLI DEL PASUBIO,SP 046 Pasubio,Intersezione segnalata,Asciutto,Temporanea di cantiere,Sereno,11.256467589652928,45.743538517831155,0,11.0,8,0,1,0,0,0,50
6,Sabato,Notte,ROANA,SP 349 Costo,Incrocio,Asciutto,Verticale,Sereno,11.432950258537016,45.835104664857546,0,99.0,6,0,3,0,0,2,50
5,Domenica,Sera,COSTABISSARA,SP 046 Pasubio,Intersezione segnalata,Asciutto,Verticale,Sereno,11.497705154393888,45.57412962999159,0,48.0,0,0,0,0,0,0,90
